Time (s),Bx (µT),Bz (µT),ωy (rad/s),Voltage (mV)
0.009999999776482582,31.67291259765625,-4.467852592468262,-1.7596441507339478,0.021977625787258148
0.019999999552965164,29.423322677612305,-12.204087257385254,-1.791637897491455,0.01936238445341587
0.029999999329447746,29.617433547973633,-11.536551475524902,-1.7650277614593506,0.021976830437779427
0.03999999910593033,30.793642044067383,-7.491621971130371,-1.7880487442016602,0.019342198967933655
0.05000000074505806,25.737545013427734,-17.716129302978516,-8.983622550964355,-0.012563638389110565
0.05999999865889549,-9.269824981689453,-29.80491065979004,-14.41360092163086,-0.018842119723558426
0.07000000029802322,-20.625669479370117,-29.057161331176758,-18.156564712524414,-0.023029601201415062
0.07999999821186066,-26.098365783691406,-25.131864547729492,-21.330291748046875,-0.027739256620407104
0.09000000357627869,-30.469911575317383,-20.035810470581055,-23.121583938598633,-0.03192188963294029
0.10000000149011612,-33.99359130859375,-13.676603317260742,-23.48496437072754,-0.03296941891312599
0.10999999940395355,-35.88021469116211,-7.798572540283203,-23.35138702392578,-0.03453514352440834
0.11999999731779099,-35.976898193359375,-0.5249563455581665,-23.25760269165039,-0.0334865041077137
0.12999999523162842,-34.89575958251953,6.905762195587158,-23.153818130493164,-0.03139200806617737
0.14000000059604645,-32.91616439819336,13.570090293884277,-23.038915634155273,-0.028775179758667946
0.15000000596046448,-30.171894073486328,19.116275787353516,-22.92329978942871,-0.026153583079576492
0.1599999964237213,-26.503456115722656,24.21796226501465,-22.805309295654297,-0.021442020311951637
0.17000000178813934,-21.01449966430664,28.35646629333496,-22.669225692749023,-0.016208361834287643
0.18000000715255737,-15.152756690979004,31.64872169494629,-22.539365768432617,-0.010968983173370361
0.1899999976158142,-8.343243598937988,34.14607620239258,-22.392959594726562,-0.003644882468506694
0.20000000298023224,-0.5255518555641174,35.35014724731445,-22.229843139648438,0.0026355059817433357
0.20999999344348907,7.71877384185791,34.32439422607422,-22.06903648376465,0.008910886943340302
0.2199999988079071,14.846022605895996,32.438987731933594,-21.91043472290039,0.013612436130642891
0.23000000417232513,21.137245178222656,26.041961669921875,-21.73961067199707,0.015705900266766548
0.23999999463558197,26.27025032043457,18.813188552856445,-21.572988510131836,0.017791731283068657
0.25,30.01378631591797,11.09253978729248,-21.400285720825195,0.017793718725442886
0.25999999046325684,32.11869812011719,1.908892273902893,-21.232280731201172,0.018306754529476166
0.27000001072883606,31.385007858276367,-7.074512958526611,-21.058218002319336,0.01621328853070736
0.2800000011920929,29.112224578857422,-13.758749961853027,-20.880678176879883,0.014119827188551426
0.28999999165534973,25.47361946105957,-20.08040428161621,-20.695667266845703,0.012021753937005997
0.30000001192092896,20.677165985107422,-25.785873413085938,-20.495624542236328,0.008879175409674644
0.3100000023841858,15.10498046875,-30.101821899414062,-20.288677215576172,0.005215615499764681
0.3199999928474426,9.44510555267334,-32.0981330871582,-20.077930450439453,0.0015520555898547173
0.33000001311302185,2.7130892276763916,-33.68191146850586,-19.85806655883789,-0.002119372831657529
0.3400000035762787,-4.099722385406494,-33.45804214477539,-19.6363468170166,-0.007350327912718058
0.3499999940395355,-10.427258491516113,-32.665279388427734,-19.412944793701172,-0.012063400819897652
0.36000001430511475,-15.999484062194824,-31.525253295898438,-19.185781478881836,-0.017282750457525253
0.3700000047683716,-20.925670623779297,-28.419879913330078,-18.952938079833984,-0.01990251988172531
0.3799999952316284,-26.060659408569336,-24.87262535095215,-18.71521759033203,-0.023036673665046692
0.38999998569488525,-29.997520446777344,-20.731586456298828,-18.489105224609375,-0.02512393891811371
0.4000000059604645,-32.78470230102539,-15.936766624450684,-18.260740280151367,-0.026173850521445274
0.4099999964237213,-34.91194152832031,-10.822549819946289,-18.025516510009766,-0.02773742936551571
0.41999998688697815,-37.00868225097656,-5.901280403137207,-17.794490814208984,-0.02825411967933178
0.4300000071525574,-37.53274917602539,-0.35596832633018494,-17.5648193359375,-0.027734169736504555
0.4399999976158142,-37.101322174072266,4.637867450714111,-17.31708526611328,-0.027716683223843575
0.44999998807907104,-36.160484313964844,9.055601119995117,-17.062732696533203,-0.025110585615038872
0.46000000834465027,-34.78001022338867,13.96168041229248,-16.805068969726562,-0.02405288629233837
0.4699999988079071,-32.75605010986328,19.984407424926758,-16.53868865966797,-0.021443530917167664
0.47999998927116394,-29.087614059448242,23.977031707763672,-16.275489807128906,-0.01985817216336727
0.49000000953674316,-25.325382232666016,27.870407104492188,-16.005155563354492,-0.016202401369810104
0.5,-21.55213165283203,31.311992645263672,-15.72435474395752,-0.013589546084403992
0.5099999904632568,-17.420040130615234,34.290958404541016,-15.445022583007812,-0.011487976647913456
0.5199999809265137,-12.767520904541016,36.4781608581543,-15.172595977783203,-0.00834778230637312
0.5299999713897705,-7.946146488189697,36.699974060058594,-14.901371002197266,-0.0052118003368377686
0.5400000214576721,-2.1174960136413574,37.66787338256836,-14.621744155883789,-0.0025992635637521744
0.550000011920929,2.7606544494628906,37.05220413208008,-14.341562271118164,-0.0005058009410277009
0.5600000023841858,7.837255001068115,36.435020446777344,-14.061328887939453,0.0015876619145274162
0.5699999928474426,13.060047149658203,35.71237564086914,-13.787001609802246,0.003676594467833638
0.5799999833106995,17.034378051757812,32.90958786010742,-13.501457214355469,0.005246691405773163
0.5899999737739563,20.702816009521484,29.02786636352539,-13.214539527893066,0.006798031739890575
0.6000000238418579,24.53763198852539,24.265880584716797,-12.91627025604248,0.006288972217589617
0.6100000143051147,27.358732223510742,20.082843780517578,-12.625934600830078,0.00733085535466671
0.6200000047683716,29.315919876098633,15.990222930908203,-12.327250480651855,0.007849293760955334
0.6299999952316284,31.11452293395996,10.881117820739746,-12.013683319091797,0.007849293760955334
0.6399999856948853,32.05783462524414,6.777586460113525,-11.704570770263672,0.007844206877052784
0.6499999761581421,33.00114822387695,2.769418239593506,-11.384580612182617,0.007326007355004549
0.6600000262260437,33.1566276550293,-1.5010849237442017,-11.063151359558105,0.007320761680603027
0.6700000166893005,32.43036651611328,-6.068065166473389,-10.742745399475098,0.006792070809751749
0.6800000071525574,31.11794090270996,-10.607137680053711,-10.42233943939209,0.005750744137912989
0.6899999976158142,30.069814682006836,-13.934325218200684,-10.10129451751709,0.005221894476562738
0.699999988079071,28.43935775756836,-18.493885040283203,-9.783757209777832,0.004175162874162197
0.7099999785423279,26.47201919555664,-21.923065185546875,-9.465197563171387,0.0031397175043821335
0.7200000286102295,24.231422424316406,-24.50115203857422,-9.141036033630371,0.003116827690973878
0.7300000190734863,21.726154327392578,-26.64421844482422,-8.818300247192383,0.0010523744858801365
0.7400000095367432,18.896217346191406,-28.52962303161621,-8.496220588684082,0.001552214496769011
0.75,16.898183822631836,-30.415027618408203,-8.173145294189453,-0.00001788265581126325
0.7599999904632568,14.747711181640625,-32.13215255737305,-7.842523574829102,-0.0015698587521910667
0.7699999809265137,12.381505966186523,-32.74728012084961,-7.517333984375,-0.0015882182633504272
0.7799999713897705,9.835429191589355,-32.641048431396484,-7.182377815246582,-0.0031459168531000614
0.7900000214576721,7.245654582977295,-33.071746826171875,-6.839834213256836,-0.0036692824214696884
0.800000011920929,5.149405002593994,-33.29356002807617,-6.497291564941406,-0.0041862898506224155
0.8100000023841858,2.966705083847046,-33.7898063659668,-6.15474796295166,-0.0041991653852164745
0.8199999928474426,0.7036626935005188,-34.082000732421875,-5.804779529571533,-0.005232862196862698
0.8299999833106995,-1.4146610498428345,-34.034141540527344,-5.452083110809326,-0.005232862196862698
0.8399999737739563,-3.118232250213623,-33.78421401977539,-5.103738784790039,-0.00524621456861496
0.8500000238418579,-4.271169662475586,-34.11693572998047,-4.756535530090332,-0.006272679660469294
0.8600000143051147,-5.797637462615967,-33.46153259277344,-4.409331798553467,-0.005762983579188585
0.8700000047683716,-7.3698248863220215,-33.48729705810547,-4.057620048522949,-0.0062863496132195
0.8799999952316284,-8.630912780761719,-33.648765563964844,-3.705493927001953,-0.006788732949644327
0.8899999856948853,-9.509358406066895,-33.57489013671875,-3.3591880798339844,-0.005763222463428974
0.8999999761581421,-10.557482719421387,-34.129425048828125,-3.0194733142852783,-0.006286588031798601
0.9100000262260437,-11.304662704467773,-32.985591888427734,-2.6822516918182373,-0.006809953600168228
0.9200000166893005,-12.265886306762695,-32.72867965698242,-2.344810724258423,-0.0073113832622766495
0.9300000071525574,-13.005759239196777,-32.89394760131836,-2.0073330402374268,-0.00628682691603899
0.9399999976158142,-13.478819847106934,-32.859535217285156,-1.6670125722885132,-0.006802720949053764
0.949999988079071,-14.105259895324707,-32.10380554199219,-1.322022795677185,-0.006810271646827459
0.9599999785423279,-14.629322052001953,-32.21471405029297,-0.9732664823532104,-0.007318377494812012
0.9700000286102295,-14.822273254394531,-31.537307739257812,-0.6277304291725159,-0.006802720949053764
0.9800000190734863,-15.160317420959473,-31.020244598388672,-0.2761131525039673,-0.006802720949053764
0.9900000095367432,-15.481352806091309,-30.870040893554688,0.08964470773935318,-0.006786984391510487
1,-15.348437309265137,-30.929515838623047,0.44383907318115234,-0.005772043950855732
1.0099999904632568,-14.929186820983887,-31.594953536987305,0.8047053813934326,-0.0067946938797831535
1.0199999809265137,-14.868778228759766,-31.406057357788086,1.1679905652999878,-0.006295648403465748
1.0299999713897705,-14.673057556152344,-31.280439376831055,1.5235999822616577,-0.007317821029573679
1.0399999618530273,-14.236310005187988,-31.323579788208008,1.8852051496505737,-0.006802720949053764
1.0499999523162842,-13.558534622192383,-31.34824562072754,2.246126890182495,-0.006794375833123922
1.059999942779541,-12.615221977233887,-30.904619216918945,2.5997262001037598,-0.006262585520744324
1.0700000524520874,-12.541693687438965,-31.585872650146484,2.9541287422180176,-0.005232862196862698
1.0800000429153442,-10.881720542907715,-32.28584671020508,3.309974431991577,-0.005232862196862698
1.090000033378601,-9.138872146606445,-32.4465217590332,3.6597812175750732,-0.005241525359451771
1.100000023841858,-8.102628707885742,-32.32248306274414,4.005764961242676,-0.005764891393482685
1.1100000143051147,-6.740066051483154,-33.32063674926758,4.351982116699219,-0.006270613055676222
1.1200000047683716,-5.170353412628174,-32.7844352722168,4.694267749786377,-0.005800656508654356
1.1299999952316284,-3.835481882095337,-32.815834045410156,5.030303478240967,-0.00836359802633524
1.1399999856948853,-2.1952853202819824,-33.50014114379883,5.362053394317627,-0.007849293760955334
1.149999976158142,-0.29434385895729065,-34.22617721557617,5.693191051483154,-0.007867573760449886
1.159999966621399,1.3997416496276855,-33.956153869628906,6.025799751281738,-0.008905085735023022
1.1699999570846558,3.391178846359253,-32.84708786010742,6.361352443695068,-0.009428450837731361
1.1799999475479126,5.898842811584473,-32.1932258605957,6.6966047286987305,-0.009951816871762276
1.190000057220459,8.149748802185059,-31.964433670043945,7.026331901550293,-0.010475181974470615
1.2000000476837158,10.17828369140625,-31.53263282775879,7.35489559173584,-0.011008086614310741
1.2100000381469727,12.2619047164917,-30.31266212463379,7.6801533699035645,-0.012045199982821941
1.2200000286102295,14.253342628479004,-29.092695236206055,8.013535499572754,-0.012558870017528534
1.2300000190734863,16.244779586791992,-27.479225158691406,8.341079711914062,-0.012578421272337437
1.2400000095367432,18.167715072631836,-26.54046058654785,8.670058250427246,-0.013635007664561272
1.25,20.274492263793945,-25.00753402709961,8.994662284851074,-0.015195170417428017
1.2599999904632568,22.646059036254883,-22.144670486450195,9.322150230407715,-0.01623188704252243
1.2699999809265137,24.84712028503418,-19.372013092041016,9.645306587219238,-0.016755253076553345
1.2799999713897705,26.74847412109375,-17.656469345092773,9.956528663635254,-0.01729896478354931
1.2899999618530273,28.635099411010742,-13.917596817016602,10.264213562011719,-0.0188383050262928
1.2999999523162842,30.317873001098633,-9.370440483093262,10.575766563415527,-0.018848637118935585
1.309999942779541,31.546812057495117,-4.907384395599365,10.887734413146973,-0.0193720031529665
1.3200000524520874,32.062782287597656,-0.69080650806427,11.197654724121094,-0.019895367324352264
1.3300000429153442,32.167598724365234,3.6345367431640625,11.50900936126709,-0.02041873335838318
1.340000033378601,31.366390228271484,9.615805625915527,11.820323944091797,-0.020910149440169334
1.350000023841858,30.318265914916992,14.578095436096191,12.122088432312012,-0.019863419234752655
1.3600000143051147,28.80218505859375,18.63185691833496,12.424545288085938,-0.018827496096491814
1.3700000047683716,26.197134017944336,23.223587036132812,12.730191230773926,-0.018271464854478836
1.3799999952316284,22.633508682250977,27.105304718017578,13.028361320495605,-0.016167033463716507
1.3899999856948853,18.801990509033203,30.325597763061523,13.324299812316895,-0.013572299852967262
1.399999976158142,14.988757133483887,33.91115188598633,13.624849319458008,-0.011991075240075588
1.409999966621399,10.65049934387207,36.426334381103516,13.919994354248047,-0.009875199757516384
1.4199999570846558,5.39398717880249,36.72542953491211,14.204479217529297,-0.006757576949894428
1.4299999475479126,0.04855022206902504,36.836334228515625,14.487602233886719,-0.004652748815715313
1.440000057220459,-4.719504356384277,36.84541702270508,14.761673927307129,-0.0020359205082058907
1.4500000476837158,-9.651347160339355,35.85829544067383,15.024712562561035,0.0005693837301805615
1.4600000381469727,-14.398604393005371,34.266395568847656,15.28296947479248,0.0026744503993541002
1.4700000286102295,-18.755088806152344,32.29872131347656,15.539740562438965,0.005267912056297064
1.4800000190734863,-22.947587966918945,29.6369686126709,15.790804862976074,0.006873297970741987
1.4900000095367432,-25.79897117614746,25.337810516357422,16.039596557617188,0.00997796468436718
1.5,-28.943679809570312,21.512073516845703,16.28902816772461,0.011548062786459923
1.5099999904632568,-31.81330680847168,18.1390438079834,16.533893585205078,0.013118159957230091
1.5199999809265137,-33.971771240234375,14.592912673950195,16.7763671875,0.01468825712800026
1.5299999713897705,-35.21367645263672,9.901310920715332,17.02023696899414,0.016197552904486656
1.5399999618530273,-36.156986236572266,4.577811241149902,17.255037307739258,0.015212018974125385
1.5499999523162842,-37.1859245300293,-0.38327381014823914,17.482769012451172,0.01670820079743862
1.559999942779541,-36.888633728027344,-5.651413917541504,17.704275131225586,0.015138104557991028
1.5700000524520874,-35.337398529052734,-11.429635047912598,17.932796478271484,0.013543051667511463
1.5800000429153442,-33.14342498779297,-17.459426879882812,18.150634765625,0.010901108384132385
1.590000033378601,-30.208677291870117,-22.117488861083984,18.36734390258789,0.007237547542899847
1.600000023841858,-26.34834861755371,-27.069368362426758,18.56464195251465,0.0035358380991965532
1.6100000143051147,-21.34415626525879,-29.970800399780273,18.778827667236328,-0.0016850230749696493
1.6200000047683716,-15.65824031829834,-32.16068649291992,18.988264083862305,-0.006382439285516739
1.6299999952316284,-9.693000793457031,-34.48759841918945,19.186298370361328,-0.010556410066783428
1.6399999856948853,-3.2994396686553955,-34.820316314697266,19.38114356994629,-0.014246039092540741
1.649999976158142,3.591574192047119,-34.416114807128906,19.576549530029297,-0.01893010176718235
1.659999966621399,10.134096145629883,-33.019901275634766,19.76766586303711,-0.022580469027161598
1.6699999570846558,16.123254776000977,-30.389572143554688,19.958539962768555,-0.025707390159368515
1.6799999475479126,21.39143180847168,-26.15065574645996,20.144962310791016,-0.02831086702644825
1.690000057220459,25.77745246887207,-19.82900047302246,20.333740234375,-0.03035060130059719
1.7000000476837158,29.131450653076172,-13.507345199584961,20.52320098876953,-0.030377624556422234
1.7100000381469727,31.174205780029297,-5.451337814331055,20.69988441467285,-0.03135640174150467
1.7200000286102295,31.701547622680664,3.210092306137085,20.872421264648438,-0.02977263368666172
1.7300000190734863,30.29191017150879,11.168243408203125,21.047122955322266,-0.027651671320199966
1.7400000095367432,26.61722755432129,17.62306022644043,21.207481384277344,-0.0244838185608387
1.75,21.6910400390625,26.828277587890625,21.362152099609375,-0.020282983779907227
1.7599999904632568,15.787116050720215,31.70705223083496,21.527599334716797,-0.015516740269958973
1.7699999809265137,8.741761207580566,35.537940979003906,21.669654846191406,-0.008727053180336952
1.7799999713897705,0.9706137776374817,37.7607421875,21.810632705688477,-0.0024608122184872627
1.7899999618530273,-6.855856895446777,37.42058181762695,21.95161247253418,0.003267757361754775
1.7999999523162842,-13.87829303741455,35.756988525390625,22.089197158813477,0.007978049106895924
1.809999942779541,-20.517459869384766,31.254512786865234,22.233097076416016,0.012688340619206429
1.8200000524520874,-26.121774673461914,26.712032318115234,22.362457275390625,0.01734076999127865
1.8300000429153442,-30.83568572998047,21.779748916625977,22.48756217956543,0.01995760016143322
1.840000033378601,-34.60243606567383,15.878775596618652,22.599855422973633,0.022530557587742805
1.850000023841858,-36.803497314453125,8.66987133026123,22.715608596801758,0.023547880351543427
1.8600000143051147,-37.77155303955078,3.526726722717285,22.829130172729492,0.023473965004086494
1.8700000047683716,-37.5406608581543,-4.971055507659912,22.9321346282959,0.020857136696577072
1.8799999952316284,-36.10462951660156,-12.740913391113281,23.03127670288086,0.018195483833551407
1.8899999856948853,-33.34609603881836,-18.60566520690918,23.125158309936523,0.013948471285402775
1.899999976158142,-29.09028434753418,-24.145822525024414,23.208953857421875,0.0076378812082111835
1.909999966621399,-23.535221099853516,-29.580228805541992,23.285926818847656,0.00035630198544822633
1.9199999570846558,-17.21324348449707,-32.03911590576172,23.364383697509766,-0.005446500610560179
1.9299999475479126,-9.864468574523926,-33.62079620361328,23.444759368896484,-0.012742942199110985
1.940000057220459,-1.8624461889266968,-34.44846725463867,23.507625579833984,-0.018977073952555656
1.9500000476837158,6.0664801597595215,-33.80352020263672,23.580568313598633,-0.023671867325901985
1.9600000381469727,12.879291534423828,-30.698143005371094,23.645814895629883,-0.027796480804681778
1.9700000286102295,19.23137664794922,-27.300262451171875,23.710346221923828,-0.02990560047328472
1.9800000190734863,24.640342712402344,-21.427427291870117,23.76494789123535,-0.032475221902132034
1.9900000095367432,28.8320369720459,-12.984150886535645,23.809223175048828,-0.033458683639764786
2,31.26446533203125,-2.8997256755828857,23.844532012939453,-0.03239605948328972
2.009999990463257,30.42596435546875,6.638210296630859,23.880544662475586,-0.030746085569262505
2.0199999809265137,27.2095947265625,15.2326021194458,23.901708602905273,-0.02655916102230549
2.0299999713897705,21.99039649963379,23.140817642211914,23.929698944091797,-0.02229156345129013
2.0399999618530273,15.665119171142578,29.679237365722656,23.950387954711914,-0.015471597202122211
2.049999952316284,8.41809368133545,33.970645904541016,23.964618682861328,-0.008111890405416489
2.059999942779541,-0.482582151889801,35.06449508666992,23.97368812561035,0.0001800982136046514
2.069999933242798,-8.65795612335205,34.84268569946289,23.97036361694336,0.005920669063925743
2.0799999237060547,-15.773303985595703,31.51474952697754,23.963632583618164,0.011154326610267162
2.0899999141693115,-21.958341598510742,27.300312042236328,23.955062866210938,0.016321539878845215
2.0999999046325684,-27.03140640258789,22.77541160583496,23.94208526611328,0.01946173422038555
2.109999895095825,-30.747743606567383,17.5886287689209,23.932634353637695,0.022568387910723686
2.119999885559082,-33.78730392456055,12.70875358581543,23.920757293701172,0.024577604606747627
2.130000114440918,-35.942138671875,5.113993167877197,23.89945411682129,0.024037308990955353
2.140000104904175,-36.7175178527832,-2.8467142581939697,23.88460350036621,0.022922543808817863
2.1500000953674316,-35.84779357910156,-10.009922981262207,23.8616943359375,0.019731085747480392
2.1600000858306885,-33.376224517822266,-16.094491958618164,23.834243774414062,0.014969292096793652
2.1700000762939453,-29.91741180419922,-22.74886703491211,23.80182647705078,0.008671657182276249
2.180000066757202,-24.932113647460938,-26.071815490722656,23.772705078125,0.0018852291395887733
2.190000057220459,-18.732269287109375,-30.417356491088867,23.74474334716797,-0.004447376821190119
2.200000047683716,-11.234355926513672,-33.687294006347656,23.71234130859375,-0.012210436165332794
2.2100000381469727,-2.9644992351531982,-34.517066955566406,23.68495750427246,-0.01742652803659439
2.2200000286102295,4.477187156677246,-34.29525375366211,23.647310256958008,-0.02206624299287796
2.2300000190734863,11.91887378692627,-32.2325439453125,23.610471725463867,-0.02473624423146248
2.240000009536743,17.958934783935547,-27.735864639282227,23.57090187072754,-0.028834152966737747
2.25,23.1936092376709,-21.39531898498535,23.52371597290039,-0.030368484556674957
2.259999990463257,27.36766815185547,-13.830629348754883,23.476572036743164,-0.03089185059070587
2.2699999809265137,29.479568481445312,-5.595264911651611,23.426393508911133,-0.03134305030107498
2.2799999713897705,29.584381103515625,3.2772343158721924,23.366647720336914,-0.029718589037656784
2.2899999618530273,26.721176147460938,12.777849197387695,23.30195426940918,-0.026541993021965027
2.299999952316284,22.071603775024414,20.958415985107422,23.231487274169922,-0.022300228476524353
2.309999942779541,16.334470748901367,27.183670043945312,23.154407501220703,-0.016524845734238625
2.319999933242798,9.840691566467285,31.489770889282227,23.07990074157715,-0.010226016864180565
2.3299999237060547,1.6653180122375488,33.81880187988281,23.004226684570312,-0.0034593003802001476
2.3399999141693115,-5.684459209442139,34.400638580322266,22.92930793762207,0.002297722501680255
2.3499999046325684,-12.714731216430664,33.8792724609375,22.84571075439453,0.007998713292181492
2.359999895095825,-19.24721908569336,30.88875389099121,22.770938873291016,0.012148125097155571
2.369999885559082,-25.00165557861328,25.689313888549805,22.7033634185791,0.015307155437767506
2.380000114440918,-29.718215942382812,23.693002700805664,22.613649368286133,0.0189328845590353
2.390000104904175,-33.349456787109375,17.833818435668945,22.52625846862793,0.021473731845617294
2.4000000953674316,-35.94853973388672,11.341429710388184,22.42348289489746,0.02199709787964821
2.4100000858306885,-37.20481491088867,4.529205799102783,22.323936462402344,0.022443845868110657
2.4200000762939453,-37.18714141845703,-2.431163787841797,22.22002410888672,0.02079681307077408
2.430000066757202,-36.4448127746582,-9.307350158691406,22.11333656311035,0.017152566462755203
2.440000057220459,-34.558189392089844,-16.183536529541016,21.99506950378418,0.01397358626127243
2.450000047683716,-31.292387008666992,-21.85789680480957,21.88221549987793,0.009708771482110023
2.4600000381469727,-26.547447204589844,-26.2221622467041,21.76366424560547,0.0034283832646906376
2.4700000286102295,-20.662256240844727,-29.566804885864258,21.64432716369629,-0.002793111838400364
2.4800000190734863,-14.191514015197754,-32.3931999206543,21.5223331451416,-0.00754282483831048
2.490000009536743,-6.749826908111572,-34.50041961669922,21.392541885375977,-0.013200896792113781
2.5,0.515738844871521,-33.6258659362793,21.26136589050293,-0.016380829736590385
2.509999990463257,7.557028770446777,-31.443918228149414,21.13045310974121,-0.020547807216644287
2.5199999809265137,13.92696475982666,-28.823564529418945,20.997724533081055,-0.024131251499056816
2.5299999713897705,19.31861114501953,-25.730140686035156,20.861392974853516,-0.02570134960114956
2.5399999618530273,24.349609375,-19.297576904296875,20.719945907592773,-0.027231071144342422
2.549999952316284,27.860719680786133,-13.56862735748291,20.570606231689453,-0.027754435315728188
2.559999942779541,29.94530487060547,-5.524465084075928,20.413864135742188,-0.028237110003829002
2.569999933242798,30.537670135498047,2.9010636806488037,20.261781692504883,-0.02765246480703354
2.5799999237060547,29.45244789123535,10.468809127807617,20.095169067382812,-0.02555900439620018
2.5899999141693115,26.203262329101562,18.564964294433594,19.927406311035156,-0.02340378612279892
2.5999999046325684,22.444446563720703,26.229713439941406,19.74983024597168,-0.019740227609872818
2.609999895095825,17.35445213317871,31.75131607055664,19.576702117919922,-0.015993690118193626
2.619999885559082,11.375506401062012,35.3428955078125,19.398475646972656,-0.010278314352035522
2.630000114440918,4.753819942474365,37.511268615722656,19.215435028076172,-0.005547120235860348
2.640000104904175,-2.4458768367767334,38.833187103271484,19.033872604370117,-0.0003973923739977181
2.6500000953674316,-8.839438438415527,37.169593811035156,18.848602294921875,0.00278492528013885
2.6600000858306885,-15.486164093017578,35.77388381958008,18.652408599853516,0.0069295684807002544
2.6700000762939453,-20.875965118408203,32.857967376708984,18.45018768310547,0.01004854217171669
2.680000066757202,-25.13629913330078,29.017000198364258,18.251020431518555,0.012644071131944656
2.690000057220459,-29.05330467224121,25.65496253967285,18.049962997436523,0.014694774523377419
2.700000047683716,-32.40730285644531,21.99505615234375,17.836931228637695,0.015762964263558388
2.7100000381469727,-34.756778717041016,15.919402122497559,17.616374969482422,0.017289983108639717
2.7200000286102295,-36.15563201904297,10.406425476074219,17.393524169921875,0.017770113423466682
2.7300000190734863,-36.80228042602539,5.281110763549805,17.159961700439453,0.017203353345394135
2.740000009536743,-36.94026184082031,0.12817899882793427,16.92089080810547,0.01567680947482586
2.75,-36.73063659667969,-4.197164535522461,16.679914474487305,0.015109730884432793
2.759999990463257,-35.44022750854492,-9.874059677124023,16.43152618408203,0.013451890088617802
2.7699999809265137,-33.56118392944336,-15.875401496887207,16.168506622314453,0.009920422919094563
2.7799999713897705,-31.267681121826172,-20.462018966674805,15.914511680603027,0.009308677166700363
2.7899999618530273,-28.553436279296875,-23.687320709228516,15.65823745727539,0.006647499278187752
2.799999952316284,-25.197572708129883,-28.002792358398438,15.39652156829834,0.003028447739779949
2.809999942779541,-21.319509506225586,-29.555479049682617,15.131321907043457,0.0003669520665425807
2.819999933242798,-16.9571533203125,-31.193574905395508,14.861857414245605,-0.0032293691765516996
2.8299999237060547,-12.337724685668945,-32.85717010498047,14.592443466186523,-0.005300339311361313
2.8399999141693115,-7.589386940002441,-34.319026947021484,14.314164161682129,-0.006915580481290817
2.8499999046325684,-2.7826240062713623,-35.17030334472656,14.032976150512695,-0.009487106464803219
2.859999895095825,1.829125165939331,-34.061241149902344,13.74370002746582,-0.011079934425652027
2.869999885559082,6.528522968292236,-33.694129943847656,13.451507568359375,-0.013150586746633053
2.880000114440918,10.929193496704102,-33.40546417236328,13.160810470581055,-0.014674903824925423
2.890000104904175,14.966859817504883,-31.925905227661133,12.864319801330566,-0.01524420827627182
2.9000000953674316,18.58348846435547,-28.65353775024414,12.567822456359863,-0.01679125614464283
2.9100000858306885,21.20380210876465,-26.435413360595703,12.281204223632812,-0.017768602818250656
2.9200000762939453,24.391597747802734,-22.315778732299805,11.990894317626953,-0.017291653901338577
2.930000066757202,26.939678192138672,-18.212995529174805,11.692281723022461,-0.01776844449341297
2.940000057220459,29.09510040283203,-13.785721778869629,11.3974027633667,-0.01726844534277916
2.950000047683716,30.873790740966797,-8.99655532836914,11.107439041137695,-0.01726844534277916
2.9600000381469727,31.397851943969727,-5.003931045532227,10.818668365478516,-0.0171978697180748
2.9700000286102295,31.617374420166016,0.06284470856189728,10.531892776489258,-0.01576940342783928
2.9800000190734863,31.67291259765625,5.001486778259277,10.23828411102295,-0.017197391018271446
2.990000009536743,31.147180557250977,8.824396133422852,9.954841613769531,-0.015698587521910667
3,30.042850494384766,11.38889217376709,9.677057266235352,-0.01560321357101202
3.009999990463257,28.788734436035156,13.485158920288086,9.382661819458008,-0.013581519015133381
3.0199999809265137,27.63579559326172,18.365034103393555,9.084614753723145,-0.013058153912425041
3.0299999713897705,25.39117431640625,22.445186614990234,8.780172348022461,-0.01251070573925972
3.0399999618530273,23.29221534729004,24.752771377563477,8.47128677368164,-0.011463973671197891
3.049999952316284,21.405296325683594,25.973052978515625,8.160608291625977,-0.010393002070486546
3.059999942779541,19.319612503051758,27.68315315246582,7.846738338470459,-0.008822904899716377
3.069999933242798,17.328174591064453,31.786685943603516,7.534164905548096,-0.0073504070751369
3.0799999237060547,15.700370788574219,33.00440979003906,7.21565580368042,-0.007775855716317892
3.0899999141693115,13.463802337646484,33.85105514526367,6.889280796051025,-0.006254876032471657
3.0999999046325684,11.221203804016113,34.827117919921875,6.5624189376831055,-0.005756148602813482
3.109999895095825,9.386720657348633,35.95469665527344,6.233078956604004,-0.005681995302438736
3.119999885559082,6.766408443450928,37.17466354370117,5.90191650390625,-0.004161492455750704
3.130000114440918,4.733140468597412,36.220523834228516,5.5640339851379395,-0.003687880467623472
3.140000104904175,2.888444185256958,36.12073516845703,5.226754665374756,-0.0041114212945103645
3.1500000953674316,1.0088305473327637,36.81565856933594,4.893064022064209,-0.002641466911882162
3.1600000858306885,-1.0314680337905884,37.17504119873047,4.5633392333984375,-0.0031146022956818342
3.1700000762939453,-3.232530117034912,35.06782150268555,4.217394828796387,-0.0026416259352117777
3.180000066757202,-4.909726142883301,36.84086608886719,3.8783469200134277,-0.0031649917364120483
3.190000057220459,-6.345816612243652,35.726318359375,3.532585620880127,-0.003586942795664072
3.200000047683716,-7.317546367645264,35.02975082397461,3.186547040939331,-0.0021185781806707382
3.2100000381469727,-8.134600639343262,35.207881927490234,2.8454842567443848,-0.0026419435162097216
3.2200000286102295,-9.337203979492188,34.86637496948242,2.5071380138397217,-0.003165309550240636
3.2300000190734863,-9.756454467773438,35.97543716430664,2.173611879348755,-0.003611660562455654
3.240000009536743,-10.437411308288574,34.49988555908203,1.8326504230499268,-0.0026679332368075848
3.25,-11.108333587646484,34.0975341796875,1.4907673597335815,-0.0036630036775022745
3.259999990463257,-11.622321128845215,34.60087966918945,1.152611494064331,-0.0036889135371893644
3.2699999809265137,-11.909106254577637,34.66176986694336,0.8215084671974182,-0.0041343108750879765
3.2799999713897705,-12.013919830322266,33.663612365722656,0.49359095096588135,-0.0031397175043821335
3.2899999618530273,-12.401236534118652,34.75796127319336,0.16186363995075226,-0.003165865782648325
3.299999952316284,-12.47199535369873,35.49883270263672,-0.1734001785516739,-0.0036630036775022745
3.309999942779541,-12.412410736083984,35.081016540527344,-0.5101178288459778,-0.0036630036775022745
3.319999933242798,-12.329378128051758,33.923702239990234,-0.8468354344367981,-0.0036630036775022745
3.3299999237060547,-11.910127639770508,34.36732864379883,-1.1827954053878784,-0.003689470002427697
3.3399999141693115,-11.086475372314453,34.49001693725586,-1.5169711112976074,-0.004239381290972233
3.3499999046325684,-10.401236534118652,33.87114715576172,-1.8561477661132812,-0.0051263608038425446
3.359999895095825,-9.772361755371094,34.087764739990234,-2.196561574935913,-0.0031397175043821335
3.369999885559082,-9.115796089172363,34.89122772216797,-2.540219783782959,-0.0031665016431361437
3.380000114440918,-8.362784385681152,34.293949127197266,-2.872277021408081,-0.0036630036775022745
3.390000104904175,-7.0002217292785645,35.84663772583008,-3.2209579944610596,-0.0036360605154186487
3.4000000953674316,-6.30616569519043,36.24984359741211,-3.5694453716278076,-0.0031397175043821335
3.4100000858306885,-5.191170692443848,36.17316436767578,-3.916829824447632,-0.0031397175043821335
3.4200000762939453,-3.8613462448120117,36.35435104370117,-4.260343074798584,-0.0031668993178755045
3.430000066757202,-2.9010069370269775,37.22358322143555,-4.60805082321167,-0.003635742701590061
3.440000057220459,-0.8047573566436768,36.890865325927734,-4.945601463317871,-0.0031397175043821335
3.450000047683716,0.4770304262638092,37.036930084228516,-5.2724995613098145,-0.003084877273067832
3.4600000381469727,2.0921483039855957,37.188880920410156,-5.597076416015625,-0.0020656452979892492
3.4700000286102295,4.228107929229736,37.38772964477539,-5.919076442718506,-0.0015147007070481777
3.4800000190734863,6.692349910736084,37.61197280883789,-6.235009670257568,-0.0004956276970915496
3.490000009536743,8.893411636352539,37.27925491333008,-6.551175594329834,0.000027737985874409787
3.5,11.191903114318848,35.60633087158203,-6.867187976837158,0.000578921171836555
3.509999990463257,13.570735931396484,34.14063262939453,-7.172515869140625,0.0016535496106371284
3.5199999809265137,15.884446144104004,32.60452651977539,-7.47422981262207,0.003167693968862295
3.5299999713897705,18.06148910522461,31.109588623046875,-7.773708343505859,0.003747171489521861
3.5399999618530273,20.157739639282227,30.555057525634766,-8.078522682189941,0.005289132706820965
3.549999952316284,22.984514236450195,26.24596405029297,-8.387514114379883,0.006251220125705004
3.559999942779541,24.935653686523438,22.258764266967773,-8.698711395263672,0.005812737159430981
3.569999933242798,26.723493576049805,19.901762008666992,-9.012127876281738,0.006859468761831522
3.5799999237060547,28.393463134765625,17.75734519958496,-9.327862739562988,0.007906200364232063
3.5899999141693115,29.565841674804688,12.98719310760498,-9.643607139587402,0.008867332711815834
3.5999999046325684,31.033218383789062,9.881818771362305,-9.960389137268066,0.008429803885519505
3.609999895095825,31.89282989501953,5.582118511199951,-10.264639854431152,0.0094191525131464
3.619999885559082,31.940629959106445,1.1009411811828613,-10.57461166381836,0.009390381164848804
3.630000114440918,31.559263229370117,-3.5357375144958496,-10.886862754821777,0.008924716152250767
3.640000104904175,31.191173553466797,-8.228461265563965,-11.186500549316406,0.009361292235553265
3.6500000953674316,30.45748519897461,-10.890212059020996,-11.483015060424805,0.008372579701244831
3.6600000858306885,28.973751068115234,-15.238475799560547,-11.77530288696289,0.008314401842653751
3.6700000762939453,26.985849380493164,-19.345746994018555,-12.060675621032715,0.0072968387976288795
3.680000066757202,24.291812896728516,-22.80067253112793,-12.341635704040527,0.006802720949053764
3.690000057220459,20.978506088256836,-25.598119735717773,-12.616745948791504,0.006802720949053764
3.700000047683716,17.834129333496094,-28.038057327270508,-12.886634826660156,0.006743906531482935
3.7100000381469727,14.689756393432617,-30.584537506103516,-13.157551765441895,0.005638202652335167
3.7200000286102295,10.706979751586914,-31.522388458251953,-13.43222427368164,0.0036038716789335012
3.7300000190734863,6.409668445587158,-32.51218795776367,-13.703020095825195,0.0025274946819990873
3.740000009536743,1.9486864805221558,-33.48303985595703,-13.96336841583252,0.0008979476988315582
3.75,-2.9803085327148438,-32.51757049560547,-14.234857559204102,-0.0018082942115142941
3.759999990463257,-8.011307716369629,-32.739383697509766,-14.517250061035156,-0.00590556813403964
3.7699999809265137,-13.125457763671875,-31.55343246459961,-14.781730651855469,-0.00852239690721035
3.7799999713897705,-17.85050392150879,-29.690282821655273,-15.045062065124512,-0.01119931135326624
3.7899999618530273,-22.081575393676758,-27.908864974975586,-15.294245719909668,-0.014802626334130764
3.799999952316284,-25.9791202545166,-26.55242919921875,-15.544466018676758,-0.01741945371031761
3.809999942779541,-30.066804885864258,-22.7816162109375,-15.785332679748535,-0.01997571997344494
3.819999933242798,-32.62307357788086,-18.152917861938477,-16.02057647705078,-0.02154581807553768
3.8299999237060547,-34.73210906982422,-13.24509334564209,-16.249725341796875,-0.023085474967956543
3.8399999141693115,-36.27096939086914,-8.428454399108887,-16.476144790649414,-0.024040646851062775
3.8499999046325684,-37.0594482421875,-3.8636560440063477,-16.694303512573242,-0.023547880351543427
3.859999895095825,-37.58351516723633,0.7944062352180481,-16.912750244140625,-0.02348652295768261
3.869999885559082,-37.234432220458984,7.608251094818115,-17.12936782836914,-0.022501308470964432
3.880000114440918,-36.01717758178711,13.060070991516113,-17.340251922607422,-0.022347120568156242
3.890000104904175,-34.06038284301758,17.727296829223633,-17.548328399658203,-0.01979212649166584
3.9000000953674316,-31.460847854614258,22.19951820373535,-17.753442764282227,-0.018160035833716393
3.9100000858306885,-28.21166229248047,26.41395378112793,-17.965999603271484,-0.015543206594884396
3.9200000762939453,-24.33878517150879,28.86852264404297,-18.18521499633789,-0.012895222753286362
3.930000066757202,-19.665937423706055,31.98125457763672,-18.385456085205078,-0.009692558087408543
3.940000057220459,-14.189667701721191,34.95920181274414,-18.580982208251953,-0.005505632143467665
3.950000047683716,-7.971048355102539,37.00698471069336,-18.781675338745117,-0.0012559187598526478
3.9600000381469727,-1.1825103759765625,37.51014709472656,-18.97289276123047,0.003914791624993086
3.9700000286102295,5.2110514640808105,37.17742919921875,-19.16863250732422,0.008133269846439362
3.9800000190734863,11.95025634765625,35.747493743896484,-19.334775924682617,0.012748664245009422
3.990000009536743,17.957836151123047,32.248722076416016,-19.50345230102539,0.015920570120215416
4,23.183259963989258,26.29026985168457,-19.6815242767334,0.019488757476210594
4.010000228881836,27.78361701965332,18.304168701171875,-19.837135314941406,0.021486608311533928
4.019999980926514,30.823179244995117,11.095261573791504,-19.992778778076172,0.022009972482919693
4.03000020980835,32.275901794433594,3.1949641704559326,-20.1591854095459,0.02237318828701973
4.039999961853027,32.156185150146484,-5.1546735763549805,-20.32852554321289,0.020311836153268814
4.050000190734863,30.118793487548828,-13.083648681640625,-20.48900604248047,0.01867736130952835
4.059999942779541,26.151355743408203,-20.07618522644043,-20.643966674804688,0.01606053300201893
4.070000171661377,20.91073226928711,-26.61965560913086,-20.798925399780273,0.01331431232392788
4.079999923706055,15.770383834838867,-30.828792572021484,-20.953365325927734,0.008604020811617374
4.090000152587891,9.421677589416504,-33.488487243652344,-21.102128982543945,0.003926236182451248
4.099999904632568,2.04417085647583,-34.7808952331543,-21.238754272460938,-0.00039103408926166594
4.110000133514404,-5.652918815612793,-34.71281814575195,-21.365915298461914,-0.006606091745197773
4.119999885559082,-12.570542335510254,-33.132240295410156,-21.488948822021484,-0.011872493661940098
4.130000114440918,-19.48816680908203,-30.35958480834961,-21.60368537902832,-0.01753104291856289
4.139999866485596,-24.83376121520996,-26.448795318603516,-21.705791473388672,-0.02168506570160389
4.150000095367432,-29.060728073120117,-21.987733840942383,-21.813068389892578,-0.025282658636569977
4.159999847412109,-32.35737991333008,-16.72169303894043,-21.921180725097656,-0.0278333593159914
4.170000076293945,-34.76094055175781,-10.217708587646484,-22.01788330078125,-0.02927088737487793
4.179999828338623,-36.01869201660156,-4.117865562438965,-22.10331153869629,-0.028747521340847015
4.190000057220459,-35.93137741088867,2.6461682319641113,-22.21181297302246,-0.02819085493683815
4.199999809265137,-35.095333099365234,8.69445514678955,-22.306434631347656,-0.027077360078692436
4.210000038146973,-33.16850662231445,14.153569221496582,-22.39188575744629,-0.02485005557537079
4.21999979019165,-29.861520767211914,19.494274139404297,-22.476654052734375,-0.020663129165768623
4.230000019073486,-25.669021606445312,24.928680419921875,-22.553524017333984,-0.01637534610927105
4.239999771118164,-20.413883209228516,31.07862663269043,-22.62692642211914,-0.010685721412301064
4.25,-14.419245719909668,33.39668655395508,-22.68921661376953,-0.00580653827637434
4.260000228881836,-7.367880821228027,34.859039306640625,-22.740814208984375,0.0015205820091068745
4.269999980926514,0.5050942897796631,36.403663635253906,-22.788606643676758,0.008745890110731125
4.28000020980835,8.051592826843262,34.407352447509766,-22.831649780273438,0.014400863088667393
4.289999961853027,15.908699035644531,31.53459358215332,-22.86786460876465,0.018519597128033638
4.300000190734863,21.872051239013672,24.969867706298828,-22.9008731842041,0.021591439843177795
4.309999942779541,26.67152976989746,16.85980987548828,-22.937246322631836,0.023547880351543427
4.320000171661377,30.034936904907227,8.112159729003906,-22.97878646850586,0.023513544350862503
4.329999923706055,30.952972412109375,-1.3958518505096436,-23.01310920715332,0.022852523252367973
4.340000152587891,29.590410232543945,-10.379257202148438,-23.039705276489258,0.020166706293821335
4.349999904632568,25.99188804626465,-18.907670974731445,-23.07288932800293,0.016503147780895233
4.360000133514404,21.10433006286621,-24.992738723754883,-23.097204208374023,0.012874240055680275
4.369999885559082,15.320555686950684,-29.07607078552246,-23.108856201171875,0.009595117531716824
4.380000114440918,8.775932312011719,-32.3010368347168,-23.11045265197754,0.004361460916697979
4.389999866485596,1.1246211528778076,-33.96463394165039,-23.116893768310547,-0.0009419787675142288
4.400000095367432,-6.712552070617676,-33.75988006591797,-23.118919372558594,-0.007222367450594902
4.409999847412109,-13.751957893371582,-31.867427825927734,-23.107044219970703,-0.013502756133675575
4.420000076293945,-20.091197967529297,-28.972936630249023,-23.08841896057129,-0.01960749737918377
4.429999828338623,-25.87030029296875,-25.28156852722168,-23.072650909423828,-0.02327105775475502
4.440000057220459,-30.796485900878906,-19.51444435119629,-23.057924270629883,-0.02682875283062458
4.449999809265137,-33.42581558227539,-13.641650199890137,-23.0468807220459,-0.02892221510410309
4.460000038146973,-35.11198425292969,-7.763619899749756,-23.0374813079834,-0.030767545104026794
4.46999979019165,-35.557926177978516,-1.6161682605743408,-23.026994705200195,-0.0291974488645792
4.480000019073486,-34.689964294433594,4.844385147094727,-23.021989822387695,-0.02755613811314106
4.489999771118164,-32.791439056396484,11.377359390258789,-23.018211364746094,-0.024796567857265472
4.5,-30.27593994140625,17.366296768188477,-23.007225036621094,-0.020229335874319077
4.510000228881836,-26.525550842285156,23.181007385253906,-22.999439239501953,-0.01743328385055065
4.519999980926514,-21.51216697692871,27.723737716674805,-22.98337745666504,-0.012199627235531807
4.53000020980835,-15.613935470581055,31.237409591674805,-22.96634292602539,-0.006857958622276783
4.539999961853027,-9.269509315490723,34.45851135253906,-22.93941879272461,0.000017962136553251185
4.550000190734863,-1.1989481449127197,35.34576416015625,-22.91028594970703,0.007759959902614355
4.559999942779541,6.871613502502441,34.438499450683594,-22.861379623413086,0.013931621797382832
4.570000171661377,14.42386531829834,31.367538452148438,-22.82293128967285,0.01856927014887333
4.579999923706055,21.131786346435547,25.78789710998535,-22.78780174255371,0.022087225690484047
4.590000152587891,26.652618408203125,17.990921020507812,-22.741357803344727,0.023620842024683952
4.599999904632568,30.21624183654785,10.005671501159668,-22.693588256835938,0.024557894095778465
4.610000133514404,31.663663864135742,0.697236180305481,-22.652263641357422,0.023924607783555984
4.619999885559082,31.128387451171875,-8.426231384277344,-22.599767684936523,0.021757708862423897
4.630000114440918,28.490047454833984,-16.90965461730957,-22.54267692565918,0.018654312938451767
4.639999866485596,23.887489318847656,-24.229570388793945,-22.478233337402344,0.015926849097013474
4.650000095367432,17.80836296081543,-29.553068161010742,-22.4047794342041,0.01166600827127695
4.659999847412109,11.626117706298828,-32.25770950317383,-22.32115936279297,0.006395314354449511
4.670000076293945,4.341031551361084,-33.58783721923828,-22.23529052734375,0.0007125244592316449
4.679999828338623,-3.5811984539031982,-33.55774688720703,-22.151294708251953,-0.004109354689717293
4.690000057220459,-11.281155586242676,-32.23031997680664,-22.057950973510742,-0.010315192863345146
4.699999809265137,-17.742826461791992,-29.80702781677246,-21.95716667175293,-0.015474139712750912
4.710000038146973,-23.50751304626465,-27.699811935424805,-21.85826301574707,-0.019698500633239746
4.71999979019165,-28.587509155273438,-22.96629524230957,-21.748573303222656,-0.02425873465836048
4.730000019073486,-32.41360855102539,-17.513456344604492,-21.647920608520508,-0.026800377294421196
4.739999771118164,-34.94012451171875,-11.425271034240723,-21.549705505371094,-0.0282574575394392
4.75,-36.37837600708008,-4.559183597564697,-21.437854766845703,-0.028295209631323814
4.760000228881836,-36.79762649536133,0.5425034165382385,-21.32600212097168,-0.028591584414243698
4.769999980926514,-36.291690826416016,6.5252685546875,-21.21068000793457,-0.02605057880282402
4.78000020980835,-34.71013259887695,12.481101989746094,-21.09095001220703,-0.02440449967980385
4.789999961853027,-32.178096771240234,18.543581008911133,-20.96784210205078,-0.021711530163884163
4.800000190734863,-28.766202926635742,24.501285552978516,-20.83559226989746,-0.018009820953011513
4.809999942779541,-24.15445327758789,28.826629638671875,-20.69796371459961,-0.013784666545689106
4.820000171661377,-18.74709701538086,33.678138732910156,-20.552528381347656,-0.009112684056162834
4.829999923706055,-12.622016906738281,35.860435485839844,-20.40141487121582,-0.004772204905748367
4.840000152587891,-5.773854732513428,36.96949768066406,-20.24298858642578,0.0015081834280863404
4.849999904632568,1.66718327999115,37.334571838378906,-20.07772445678711,0.007634384091943502
4.860000133514404,9.395027160644531,35.4342041015625,-19.91355323791504,0.01182131003588438
4.869999885559082,15.2645263671875,32.55064010620117,-19.75492286682129,0.015853410586714745
4.880000114440918,21.871246337890625,26.286714553833008,-19.595458984375,0.017946874722838402
4.889999866485596,27.30541229248047,20.293476104736328,-19.42951774597168,0.019884876906871796
4.900000095367432,30.87730598449707,14.395537376403809,-19.26128387451172,0.019884876906871796
4.909999847412109,32.69866943359375,6.512197017669678,-19.092050552368164,0.019845852628350258
4.920000076293945,32.59385681152344,-1.4730522632598877,-18.914953231811523,0.019244279712438583
4.929999828338623,31.867122650146484,-9.83434772491455,-18.738525390625,0.017635000869631767
4.940000057220459,29.354843139648438,-16.083415985107422,-18.563764572143555,0.01554153859615326
4.949999809265137,25.432064056396484,-21.343326568603516,-18.365827560424805,0.013448075391352177
4.960000038146973,20.86338233947754,-26.878353118896484,-18.171253204345703,0.011236348189413548
4.96999979019165,15.937196731567383,-30.427350997924805,-17.973237991333008,0.007651789579540491
4.980000019073486,11.106788635253906,-32.76018524169922,-17.772998809814453,0.004916219972074032
4.989999771118164,5.572327613830566,-33.46921920776367,-17.56338882446289,0.0008086138986982405
5,-0.5782034397125244,-33.41965866088867,-17.349620819091797,-0.002411058871075511
5.010000228881836,-6.919997215270996,-33.14306640625,-17.134340286254883,-0.006478528957813978
5.019999980926514,-12.684683799743652,-32.25581741333008,-16.91460609436035,-0.009095356799662113
5.03000020980835,-17.21683692932129,-29.62964630126953,-16.694786071777344,-0.011792141012847424
5.039999961853027,-22.036739349365234,-27.381847381591797,-16.4771728515625,-0.015255414880812168
5.050000190734863,-26.478986740112305,-24.876346588134766,-16.2572021484375,-0.016462692990899086
5.059999942779541,-30.051645278930664,-21.713741302490234,-16.034074783325195,-0.01944202184677124
5.070000171661377,-32.55747985839844,-17.765565872192383,-15.804034233093262,-0.020448457449674606
5.079999923706055,-34.86335372924805,-12.44206714630127,-15.564485549926758,-0.02093144878745079
5.090000152587891,-36.40266799926758,-7.5691962242126465,-15.324973106384277,-0.020971903577446938
5.099999904632568,-37.1581916809082,-3.5710229873657227,-15.086674690246582,-0.021333133801817894
5.110000133514404,-37.50886535644531,0.4421744644641876,-14.837663650512695,-0.019844263792037964
5.119999885559082,-37.72813415527344,5.63099479675293,-14.583592414855957,-0.0192395132035017
5.130000114440918,-36.36557388305664,11.509025573730469,-14.31879711151123,-0.017710186541080475
5.139999866485596,-35.00300598144531,15.43783187866211,-14.051796913146973,-0.016745159402489662
5.150000095367432,-32.896446228027344,18.954601287841797,-13.782788276672363,-0.01654050126671791
5.159999847412109,-30.380949020385742,22.438369750976562,-13.51830768585205,-0.013964684680104256
5.170000076293945,-27.790664672851562,25.76975440979004,-13.24814510345459,-0.011871221475303173
5.179999828338623,-24.855915069580078,28.098785400390625,-12.977838516235352,-0.009860098361968994
5.190000057220459,-22.020204544067383,30.53261375427246,-12.717658996582031,-0.00881336722522974
5.199999809265137,-18.668285369873047,32.893646240234375,-12.445693016052246,-0.007642649579793215
5.210000038146973,-15.355154037475586,34.42750930786133,-12.171615600585938,-0.005108637269586325
5.21999979019165,-12.084933280944824,35.364131927490234,-11.899468421936035,-0.0035385403316468
5.230000019073486,-8.10901165008545,37.10797882080078,-11.631056785583496,-0.0019684431608766317
5.239999771118164,-4.755011558532715,36.109825134277344,-11.352993965148926,-0.0004816395230591297
5.25,-1.1565085649490356,36.4052619934082,-11.066259384155273,0.0001669047778705135
5.260000228881836,2.911146879196167,36.7086181640625,-10.780794143676758,0.0021349505987018347
5.269999980926514,7.05278205871582,36.08843994140625,-10.4935302734375,0.002742086537182331
5.28000020980835,10.616406440734863,34.152061462402344,-10.206555366516113,0.0041862898506224155
5.289999961853027,14.180030822753906,32.93209457397461,-9.920610427856445,0.004228333942592144
5.300000190734863,16.594017028808594,31.057096481323242,-9.620011329650879,0.0048359474167227745
5.309999942779541,19.24282455444336,29.12846565246582,-9.318601608276367,0.006321637891232967
5.320000171661377,21.980106353759766,27.36842918395996,-9.014716148376465,0.006802720949053764
5.329999923706055,24.285627365112305,25.4342098236084,-8.711054801940918,0.006802720949053764
5.340000152587891,25.962627410888672,21.219772338867188,-8.402806282043457,0.006760279182344675
5.349999904632568,27.925724029541016,18.115354537963867,-8.100996971130371,0.006194393150508404
5.360000133514404,29.562681198120117,15.120885848999023,-7.796902179718018,0.00531806331127882
5.369999885559082,30.75149917602539,12.224668502807617,-7.501813888549805,0.006194075103849173
5.380000114440918,31.589998245239258,9.196452140808105,-7.20172119140625,0.005275622010231018
5.389999866485596,32.428497314453125,5.203827857971191,-6.898115634918213,0.005670470651239157
5.400000095367432,32.65320587158203,2.293666362762451,-6.591201305389404,0.0047095762565732
5.409999847412109,32.16237258911133,0.39834800362586975,-6.278341770172119,0.0046235802583396435
5.420000076293945,31.748836517333984,-1.3801831007003784,-5.963761329650879,0.0036630036775022745
5.429999828338623,31.557357788085938,-3.4376320838928223,-5.647671699523926,0.0036630036775022745
5.440000057220459,31.12485122680664,-5.674459457397461,-5.331453323364258,0.0035765310749411583
5.449999809265137,30.391164779663086,-8.336209297180176,-5.015707969665527,0.002573115285485983
5.460000038146973,29.996522903442383,-10.011377334594727,-4.696549415588379,0.002049749717116356
5.46999979019165,29.682085037231445,-11.261768341064453,-4.3717851638793945,0.001526384032331407
5.480000019073486,28.973613739013672,-12.598255157470703,-4.043053150177002,0.0010030182311311364
5.489999771118164,27.619752883911133,-14.288676261901855,-3.7125442028045654,0.0005232862313278019
5.5,27.200502395629883,-15.286831855773926,-3.3815319538116455,0.0005232862313278019
5.510000228881836,26.689558029174805,-16.090938568115234,-3.0484418869018555,0.0004357009311206639
5.519999980926514,25.963823318481445,-17.578603744506836,-2.720867872238159,-0.00047941412776708603
5.53000020980835,25.42460060119629,-18.96637535095215,-2.397860050201416,0
5.539999961853027,25.264936447143555,-19.515731811523438,-2.0727195739746094,-0.0000880621446412988
5.550000190734863,24.845685958862305,-19.515731811523438,-1.7465120553970337,-0.0010906830430030823
5.559999942779541,24.426437377929688,-20.350616455078125,-1.4226106405258179,-0.0015256687765941024
5.570000171661377,24.30381202697754,-21.630203247070312,-1.09982430934906,-0.001090841949917376
5.579999923706055,24.353498458862305,-21.44215965270996,-0.7791945934295654,-0.0016585566336289048
5.590000152587891,24.332229614257812,-20.326364517211914,-0.4607713520526886,-0.002572002587839961
5.599999904632568,23.917457580566406,-21.97337532043457,-0.13990695774555206,-0.0022266688756644726
5.610000133514404,24.12708282470703,-21.307937622070312,0.18166422843933105,-0.0035738288424909115
5.619999885559082,24.174530029296875,-21.32892608642578,0.5024296641349792,-0.0027504318859428167
5.630000114440918,24.11791229248047,-21.371007919311523,0.8243234753608704,-0.004231036175042391
5.639999866485596,23.98094940185547,-21.328136444091797,1.1504697799682617,-0.00479922816157341
5.650000095367432,23.832754135131836,-21.439043045043945,1.4765511751174927,-0.005801054183393717
5.659999847412109,24.46162986755371,-21.549949645996094,1.8021272420883179,-0.006279435008764267
5.670000076293945,24.826440811157227,-19.052968978881836,2.1275386810302734,-0.006279435008764267
5.679999828338623,25.140878677368164,-18.27762222290039,2.451143741607666,-0.006279435008764267
5.690000057220459,25.572559356689453,-18.612232208251953,2.7795634269714355,-0.006279435008764267
5.699999809265137,26.303714752197266,-18.143047332763672,3.112008810043335,-0.006234132684767246
5.710000038146973,27.666276931762695,-16.1467342376709,3.437154531478882,-0.005756148602813482
5.71999979019165,27.604530334472656,-14.954216957092285,3.767068386077881,-0.005983457434922457
5.730000019073486,27.88829231262207,-14.590971946716309,4.097710132598877,-0.008327038958668709
5.739999771118164,28.504383087158203,-13.90932559967041,4.426082611083984,-0.007849293760955334
5.75,29.38887596130371,-12.174266815185547,4.751127243041992,-0.007894993759691715
5.760000228881836,30.856252670288086,-9.734330177307129,5.056386947631836,-0.008326800540089607
5.769999980926514,30.99910545349121,-8.803731918334961,5.37600564956665,-0.007941012270748615
5.78000020980835,31.645832061767578,-6.52388858795166,5.683899402618408,-0.008941804990172386
5.789999961853027,32.272544860839844,-4.031355857849121,5.996209144592285,-0.009465170092880726
5.800000190734863,32.63484573364258,-1.7830989360809326,6.305948734283447,-0.009988535195589066
5.809999942779541,32.82443618774414,0.6095207929611206,6.612989902496338,-0.010558078996837139
5.820000171661377,32.5099983215332,4.602145671844482,6.918619155883789,-0.011466041207313538
5.829999923706055,32.279911041259766,7.880747318267822,7.220212459564209,-0.01108168251812458
5.840000152587891,32.07028579711914,9.972359657287598,7.517632484436035,-0.012035583145916462
5.849999904632568,31.541980743408203,12.277388572692871,7.816009044647217,-0.011989088729023933
5.860000133514404,30.410921096801758,16.31820297241211,8.113870620727539,-0.011512297205626965
5.869999885559082,29.467609405517578,18.869047164916992,8.411072731018066,-0.011512297205626965
5.880000114440918,27.7027645111084,21.5164794921875,8.714214324951172,-0.011512297205626965
5.889999866485596,25.68251609802246,24.1782283782959,9.016375541687012,-0.011371859349310398
5.900000095367432,23.205196380615234,26.48155403137207,9.30828857421875,-0.009895546361804008
5.909999847412109,20.20137596130371,28.577529907226562,9.603248596191406,-0.009372180327773094
5.920000076293945,17.37143898010254,32.2374382019043,9.887574195861816,-0.008754712529480457
5.929999828338623,14.443288803100586,34.6502571105957,10.159158706665039,-0.00723174586892128
5.940000057220459,11.213563919067383,35.73078536987305,10.432374000549316,-0.006185014732182026
5.949999809265137,7.563921928405762,36.75456237792969,10.717826843261719,-0.0050909933634102345
5.960000038146973,3.506635904312134,37.9135627746582,10.998656272888184,-0.003520896192640066
5.96999979019165,-0.790008544921875,37.80194854736328,11.280542373657227,-0.0019507990218698978
5.980000019073486,-4.877695083618164,37.46923065185547,11.56043529510498,-0.00033317372435703874
5.989999771118164,-8.723353385925293,37.22187805175781,11.833271980285645,0.0016650739125907421
6,-12.609015464782715,36.286376953125,12.109284400939941,0.002759492490440607
6.010000228881836,-16.401472091674805,34.90159606933594,12.378117561340332,0.004377356264740229
6.019999980926514,-19.75547218322754,33.795799255371094,12.644547462463379,0.006470819003880024
6.03000020980835,-23.109472274780273,31.244953155517578,12.911358833312988,0.008516356348991394
6.039999961853027,-26.726299285888672,28.508705139160156,13.178169250488281,0.009990443475544453
6.050000190734863,-29.258235931396484,25.46881103515625,13.443183898925781,0.010658062063157558
6.059999942779541,-31.31072998046875,21.843358993530273,13.707036018371582,0.012703361921012402
6.070000171661377,-33.726837158203125,17.758405685424805,13.971516609191895,0.014225215651094913
6.079999923706055,-35.50864791870117,15.207562446594238,14.231451988220215,0.015175300650298595
6.090000152587891,-36.15596389770508,9.75561809539795,14.47995376586914,0.015320507809519768
6.099999904632568,-37.10045623779297,4.729946613311768,14.719974517822266,0.016648195683956146
6.110000133514404,-37.75177764892578,0.12013696879148483,14.95626449584961,0.015650026500225067
6.119999885559082,-37.56159591674805,-4.471738815307617,15.190458297729492,0.015126659534871578
6.130000114440918,-36.6182861328125,-9.240706443786621,15.417654991149902,0.01445713359862566
6.139999866485596,-34.7617073059082,-13.043313980102539,15.644558906555176,0.012461270205676556
6.150000095367432,-32.49006271362305,-17.05856704711914,15.86359977722168,0.011219021864235401
6.159999847412109,-29.606571197509766,-20.772981643676758,16.0826416015625,0.008078827522695065
6.170000076293945,-26.224506378173828,-24.337732315063477,16.300600051879883,0.00488959439098835
6.179999828338623,-22.733348846435547,-28.491323471069336,16.520517349243164,0.0012751526664942503
6.190000057220459,-18.33122444152832,-30.931262969970703,16.72633171081543,-0.0018158445600420237
6.199999809265137,-12.921862602233887,-32.127769470214844,16.93175506591797,-0.004679056350141764
6.210000038146973,-7.3214545249938965,-33.140865325927734,17.139650344848633,-0.009616577066481113
6.21999979019165,-1.8013890981674194,-33.4722785949707,17.337371826171875,-0.011759474873542786
6.230000019073486,3.6909658908843994,-32.28572082519531,17.528902053833008,-0.014376304112374783
6.239999771118164,9.560465812683105,-31.398473739624023,17.71868133544922,-0.016943538561463356
6.25,14.703012466430664,-30.126615524291992,17.905664443969727,-0.019136348739266396
6.260000228881836,19.534814834594727,-27.390552520751953,18.085655212402344,-0.0220775306224823
6.269999980926514,24.083660125732422,-22.688020706176758,18.26018524169922,-0.023174094036221504
6.28000020980835,28.154006958007812,-16.310880661010742,18.436519622802734,-0.02459445409476757
6.289999961853027,31.088756561279297,-10.211037635803223,18.61123275756836,-0.02464444562792778
6.300000190734863,31.774072647094727,-2.4553942680358887,18.7790584564209,-0.02506766840815544
6.309999942779541,31.271495819091797,5.263759613037109,18.94355583190918,-0.02444400079548359
6.320000171661377,29.497539520263672,12.864587783813477,19.107295989990234,-0.022723212838172913
6.329999923706055,26.308977127075195,20.096498489379883,19.259925842285156,-0.01948239840567112
6.340000152587891,21.59241485595703,26.307247161865234,19.412240982055664,-0.015245082788169384
6.349999904632568,16.24744987487793,31.409765243530273,19.553220748901367,-0.010433854535222054
6.360000133514404,9.698054313659668,33.793678283691406,19.710084915161133,-0.0048284754157066345
6.369999885559082,2.947812557220459,35.64155197143555,19.859865188598633,-0.000540294626262039
6.380000114440918,-3.780669927597046,36.820709228515625,20.005966186523438,0.004591947887092829
6.389999866485596,-10.727712631225586,35.73552322387695,20.139270782470703,0.008778873831033707
6.400000095367432,-16.597213745117188,33.406494140625,20.266216278076172,0.01286406721919775
6.409999847412109,-21.681943893432617,29.32440757751465,20.39699935913086,0.015851425006985664
6.420000076293945,-26.16904640197754,25.020904541015625,20.522953033447266,0.017523569986224174
6.429999828338623,-30.05549430847168,20.604063034057617,20.639678955078125,0.020038191229104996
6.440000057220459,-33.17512512207031,15.572511672973633,20.752695083618164,0.021505920216441154
6.449999809265137,-34.747310638427734,8.807230949401855,20.860511779785156,0.022080548107624054
6.460000038146973,-36.037109375,3.635575532913208,20.963043212890625,0.022819221019744873
6.46999979019165,-36.04100036621094,-2.018584966659546,21.068294525146484,0.020777180790901184
6.480000019073486,-35.05061340332031,-8.437868118286133,21.174680709838867,0.019001077860593796
6.489999771118164,-33.231014251708984,-15.20572566986084,21.27587127685547,0.015285935252904892
6.5,-29.981828689575195,-21.083757400512695,21.37554168701172,0.010995686985552311
6.510000228881836,-25.924150466918945,-25.03691864013672,21.463411331176758,0.005658549256622791
6.519999980926514,-20.610998153686523,-28.918636322021484,21.556928634643555,-0.0005700195906683803
6.53000020980835,-14.11661148071289,-31.47671127319336,21.635990142822266,-0.006327042356133461
6.539999961853027,-6.856897354125977,-32.696678161621094,21.71268081665039,-0.011876149103045464
6.550000190734863,0.4704318344593048,-33.84259033203125,21.77792739868164,-0.015643825754523277
6.559999942779541,7.492868423461914,-32.622615814208984,21.84317398071289,-0.02009342797100544
6.570000171661377,13.930636405944824,-30.076948165893555,21.911605834960938,-0.02229132689535618
6.579999923706055,19.5107364654541,-26.006126403808594,21.9753475189209,-0.02527463063597679
6.590000152587891,24.507152557373047,-20.100479125976562,22.024188995361328,-0.02679235115647316
6.599999904632568,29.109691619873047,-12.304935455322266,22.071380615234375,-0.027734169736504555
6.610000133514404,30.6818790435791,-4.208780765533447,22.115894317626953,-0.027576563879847527
6.619999885559082,30.35447883605957,5.035962104797363,22.15523910522461,-0.026111697778105736
6.630000114440918,27.943967819213867,13.55529499053955,22.198047637939453,-0.025061389431357384
6.639999866485596,23.820892333984375,21.320892333984375,22.23647689819336,-0.019357141107320786
6.650000095367432,18.497570037841797,28.300670623779297,22.265100479125977,-0.01401777658611536
6.659999847412109,12.208821296691895,32.95873260498047,22.29022789001465,-0.007737387903034687
6.670000076293945,4.9461822509765625,35.24661636352539,22.312036514282227,-0.0014569993363693357
6.679999828338623,-2.8282055854797363,36.119300842285156,22.330656051635742,0.004664114210754633
6.690000057220459,-10.35791301727295,34.86277770996094,22.343643188476562,0.009799774736166
6.699999809265137,-18.00380516052246,30.717105865478516,22.337289810180664,0.017791731283068657
6.710000038146973,-27.751367568969727,23.064573287963867,22.335723876953125,0.018058381974697113
6.71999979019165,-27.797027587890625,23.02872657775879,22.327070236206055,0.020675210282206535
6.730000019073486,-31.15079116821289,18.5505428314209,22.322999954223633,0.02302459441125393
6.739999771118164,-34.27914047241211,13.258525848388672,22.31015396118164,0.02323886752128601
6.75,-35.83781433105469,7.63913106918335,22.293842315673828,0.02495679445564747
6.760000228881836,-36.32966995239258,0.10247337073087692,22.284212112426758,0.023386698216199875
6.769999980926514,-36.32966995239258,-5.664650917053223,22.276992797851562,0.021601373329758644
6.78000020980835,-34.6807746887207,-12.350071907043457,22.258127212524414,0.01777615398168564
6.789999961853027,-31.443056106567383,-19.292194366455078,22.239011764526367,0.01254249643534422
6.800000190734863,-27.31752586364746,-25.158048629760742,22.213441848754883,0.007254794705659151
6.809999942779541,-22.83079719543457,-28.969009399414062,22.187891006469727,0.0014977717073634267
6.820000171661377,-16.332422256469727,-32.29619598388672,22.162683486938477,-0.004259251058101654
6.829999923706055,-9.178031921386719,-33.93757629394531,22.13772964477539,-0.010070557706058025
6.840000152587891,-1.3919976949691772,-34.93972396850586,22.10831642150879,-0.01597040332853794
6.849999904632568,6.3651275634765625,-34.29467010498047,22.070077896118164,-0.018696118146181107
6.860000133514404,13.3974027633667,-31.550439834594727,22.032407760620117,-0.022359678521752357
6.869999885559082,19.16208839416504,-28.001441955566406,21.998220443725586,-0.02585943415760994
6.880000114440918,24.524179458618164,-22.109426498413086,21.952993392944336,-0.027734169736504555
6.889999866485596,28.6507511138916,-15.07258415222168,21.901012420654297,-0.027788929641246796
6.900000095367432,31.129878997802734,-7.03999662399292,21.85179901123047,-0.02803809754550457
6.909999847412109,31.570457458496094,1.6971583366394043,21.787925720214844,-0.025944633409380913
6.920000076293945,29.639528274536133,10.660053253173828,21.74229621887207,-0.02368617244064808
6.929999828338623,26.075902938842773,18.867115020751953,21.685142517089844,-0.019967535510659218
6.940000057220459,21.01626968383789,25.930910110473633,21.626888275146484,-0.015559976920485497
6.949999809265137,14.862322807312012,31.020814895629883,21.55698585510254,-0.00944530125707388
6.960000038146973,7.880951881408691,34.140777587890625,21.485977172851562,-0.004624375142157078
6.96999979019165,0.29564619064331055,35.75102615356445,21.409700393676758,0.001132647623308003
6.980000019073486,-7.670102596282959,35.75102615356445,21.337697982788086,0.006778718903660774
6.989999771118164,-14.465279579162598,33.464324951171875,21.253787994384766,0.011322344653308392
7,-20.609447479248047,30.24748420715332,21.16469383239746,0.014462538063526154
7.010000228881836,-25.90349006652832,26.394025802612305,21.071807861328125,0.017658445984125137
7.019999980926514,-30.122638702392578,21.980676651000977,20.981090545654297,0.021098829805850983
7.03000020980835,-33.371826171875,17.100801467895508,20.886516571044922,0.022668927907943726
7.039999961853027,-35.942176818847656,11.297394752502441,20.786266326904297,0.02390330843627453
7.050000190734863,-37.58759689331055,4.652143955230713,20.68762969970703,0.022501308470964432
7.059999942779541,-38.07676315307617,-1.4200196266174316,20.5848331451416,0.02227686159312725
7.070000171661377,-37.327579498291016,-6.635231018066406,20.473081588745117,0.020183397457003593
7.079999923706055,-35.440956115722656,-12.624167442321777,20.364282608032227,0.017752310261130333
7.090000152587891,-32.51523971557617,-19.272808074951172,20.251426696777344,0.012744054198265076
7.099999904632568,-28.7066593170166,-24.582260131835938,20.125642776489258,0.009265282191336155
7.110000133514404,-23.95934295654297,-28.415163040161133,20.011173248291016,0.003154420992359519
7.119999885559082,-18.36991310119629,-31.201908111572266,19.880157470703125,-0.0016690477496013045
7.130000114440918,-12.210091590881348,-33.70171356201172,19.734115600585938,-0.007142729591578245
7.139999866485596,-6.445405006408691,-35.36531066894531,19.604787826538086,-0.01039641909301281
7.150000095367432,0.3557412326335907,-35.65800476074219,19.466228485107422,-0.014583345502614975
7.159999847412109,7.316275596618652,-33.95499038696289,19.319934844970703,-0.018485739827156067
7.170000076293945,13.672425270080566,-30.87338638305664,19.183433532714844,-0.02005583606660366
7.179999828338623,18.978975296020508,-27.0924129486084,19.03084945678711,-0.021625932306051254
7.190000057220459,24.009977340698242,-20.881664276123047,18.87835121154785,-0.02313888445496559
7.199999809265137,27.64141273498535,-13.979813575744629,18.721818923950195,-0.024128390476107597
7.210000038146973,30.067712783813477,-8.230934143066406,18.565711975097656,-0.02442254312336445
7.21999979019165,31.15578269958496,-2.425095796585083,18.404985427856445,-0.02296721190214157
7.230000019073486,30.91705322265625,4.571743488311768,18.233457565307617,-0.022271456196904182
7.239999771118164,29.659303665161133,12.556992530822754,18.06173324584961,-0.020120451226830482
7.25,25.995874404907227,20.436176300048828,17.891910552978516,-0.017388377338647842
7.260000228881836,22.298391342163086,25.18382453918457,17.7159423828125,-0.013840221799910069
7.269999980926514,18.116989135742188,29.655567169189453,17.53569221496582,-0.011050050146877766
7.28000020980835,13.078507423400879,34.26676940917969,17.35218620300293,-0.006920985411852598
7.289999961853027,7.0876994132995605,36.46245193481445,17.160865783691406,-0.0032574250362813473
7.300000190734863,0.37970075011253357,37.68241882324219,16.957908630371094,0.00040613499004393816
7.309999942779541,-5.997501850128174,38.11482238769531,16.754671096801758,0.0038372999988496304
7.320000171661377,-11.47104263305664,36.67304229736328,16.55431365966797,0.005640110000967979
7.329999923706055,-16.224899291992188,33.97182846069336,16.342023849487305,0.009070638567209244
7.340000152587891,-20.808780670166016,31.273548126220703,16.122982025146484,0.01075740996748209
7.349999904632568,-25.106094360351562,27.059110641479492,15.91308879852295,0.013140572234988213
7.360000133514404,-28.148563385009766,24.267316818237305,15.689309120178223,0.013605441898107529
7.369999885559082,-30.652692794799805,20.54431915283203,15.465461730957031,0.01383974403142929
7.380000114440918,-32.67372512817383,16.237241744995117,15.236971855163574,0.015815898776054382
7.389999866485596,-34.27835464477539,12.047887802124023,15.004756927490234,0.016686424612998962
7.400000095367432,-36.0601692199707,7.389825820922852,14.776738166809082,0.01610424555838108
7.409999847412109,-36.68320846557617,3.753547430038452,14.5391263961792,0.015175300650298595
7.420000076293945,-36.77470779418945,-0.4057376980781555,14.292777061462402,0.015057355165481567
7.429999828338623,-36.47939682006836,-4.841987609863281,14.041366577148438,0.014010624028742313
7.440000057220459,-35.816410064697266,-9.20473575592041,13.788544654846191,0.012963891960680485
7.449999809265137,-34.66347122192383,-13.308265686035156,13.536355972290039,0.011798737570643425
7.460000038146973,-32.165077209472656,-17.19277000427246,13.282137870788574,0.009705274365842342
7.46999979019165,-31.072059631347656,-19.65292739868164,13.024611473083496,0.007671182509511709
7.480000019073486,-28.5882568359375,-22.341981887817383,12.767841339111328,0.006101085338741541
7.489999771118164,-24.786884307861328,-25.318973541259766,12.516844749450684,0.004471458960324526
7.5,-21.979413986206055,-27.38459014892578,12.259444236755371,0.0024376045912504196
7.510000228881836,-19.568727493286133,-28.715463638305664,11.997600555419922,0.000807819189503789
7.519999980926514,-15.782691955566406,-30.04633903503418,11.737415313720703,-0.0013454115251079202
7.53000020980835,-11.940960884094238,-31.767597198486328,11.472875595092773,-0.0037826981861144304
7.539999961853027,-8.309542655944824,-33.25468063354492,11.20606517791748,-0.0047095762565732
7.550000190734863,-4.708271026611328,-33.78265380859375,10.93698787689209,-0.004949601367115974
7.559999942779541,-0.8302092552185059,-34.11537551879883,10.658209800720215,-0.006862806621938944
7.570000171661377,2.49050235748291,-33.268585205078125,10.386653900146484,-0.007386172655969858
7.579999923706055,5.9449543952941895,-32.48762512207031,10.117295265197754,-0.007849293760955334
7.590000152587891,9.420675277709961,-31.915203094482422,9.859661102294922,-0.007909618318080902
7.599999904632568,12.599340438842773,-31.100521087646484,9.584261894226074,-0.008553790859878063
7.610000133514404,15.010026931762695,-28.660581588745117,9.303019523620605,-0.009942438453435898
7.619999885559082,17.121240615844727,-27.276926040649414,9.023392677307129,-0.010003001429140568
7.630000114440918,19.51890754699707,-25.62710952758789,8.738664627075195,-0.010526366531848907
7.639999866485596,21.830869674682617,-23.475709915161133,8.451443672180176,-0.010928289033472538
7.650000095367432,23.768632888793945,-20.924867630004883,8.162394523620605,-0.010465724393725395
7.659999847412109,25.237953186035156,-18.35756492614746,7.871949195861816,-0.010465724393725395
7.670000076293945,26.81014060974121,-14.919472694396973,7.585326194763184,-0.010282844305038452
7.679999828338623,28.79376220703125,-13.309866905212402,7.297034740447998,-0.008834825828671455
7.690000057220459,30.02276039123535,-10.181923866271973,7.008019924163818,-0.008372579701244831
7.699999809265137,30.613515853881836,-6.612663269042969,6.710711479187012,-0.008372579701244831
7.710000038146973,31.27618980407715,-5.511186122894287,6.412300109863281,-0.008250024169683456
7.71999979019165,31.171375274658203,-3.2930612564086914,6.112543106079102,-0.007264649961143732
7.730000019073486,31.691099166870117,0.24675340950489044,5.808317184448242,-0.0069255949929356575
7.739999771118164,31.866729736328125,2.784317970275879,5.496066570281982,-0.00766474474221468
7.75,31.600799560546875,4.473575592041016,5.192792892456055,-0.0062178391963243484
7.760000228881836,31.139972686767578,6.093176364898682,4.8845624923706055,-0.00581782404333353
7.769999980926514,31.0351619720459,8.08948802947998,4.5748090744018555,-0.0062176804058253765
7.78000020980835,30.161134719848633,11.10322093963623,4.255524635314941,-0.005756148602813482
7.789999961853027,29.4328670501709,12.236513137817383,3.9418246746063232,-0.005632320884615183
7.800000190734863,29.134475708007812,13.307588577270508,3.63155198097229,-0.0047095762565732
7.809999942779541,29.080095291137695,15.150103569030762,3.3156259059906006,-0.0047095762565732
7.820000171661377,28.451221466064453,16.037353515625,2.9998292922973633,-0.004585271701216698
7.829999923706055,27.30692481994629,17.906301498413086,2.6870410442352295,-0.0036630036775022745
7.840000152587891,26.861515045166016,18.710304260253906,2.381007194519043,-0.0036006923764944077
7.849999904632568,26.489458084106445,19.26851463317871,2.0760374069213867,-0.0031397175043821335
7.860000133514404,25.995071411132812,20.05954933166504,1.7633458375930786,-0.0030772474128752947
7.869999885559082,25.581024169921875,21.135570526123047,1.4514483213424683,-0.002616431098431349
7.880000114440918,25.266586303710938,21.579195022583008,1.1423758268356323,-0.0024911731015890837
7.889999866485596,25.465431213378906,21.93229866027832,0.8311771750450134,-0.0017579842824488878
7.900000095367432,25.535560607910156,21.87725067138672,0.51717609167099,-0.002951353555545211
7.909999847412109,25.247713088989258,21.815677642822266,0.2111247330904007,-0.0015698587521910667
7.920000076293945,24.752344131469727,22.20793342590332,-0.10112553089857101,-0.001506911707110703
7.929999828338623,25.276405334472656,22.20793342590332,-0.4134168028831482,-0.0009205196402035654
7.940000057220459,25.707988739013672,21.425085067749023,-0.7314926385879517,0
7.949999809265137,26.05923080444336,21.329431533813477,-1.0462342500686646,0.00012637076724786311
7.960000038146973,26.19951057434082,21.662151336669922,-1.3597651720046997,0.0011098373215645552
7.96999979019165,26.170974731445312,21.954513549804688,-1.6840449571609497,0.0015065143816173077
7.980000019073486,26.485410690307617,22.065420150756836,-2.0047216415405273,0.001109996228478849
7.989999771118164,26.700437545776367,19.441347122192383,-2.320507049560547,0.0015698587521910667
8,27.284772872924805,18.968358993530273,-2.6326816082000732,0.0016970242140814662
8.010000228881836,27.76609992980957,18.39726448059082,-2.947467565536499,0.002616431098431349
8.020000457763672,28.001726150512695,16.981292724609375,-3.264378309249878,0.002616431098431349
8.029999732971191,28.32076072692871,16.298025131225586,-3.5806725025177,0.002616431098431349
8.039999961853027,28.949634552001953,14.412620544433594,-3.8953092098236084,0.002808133140206337
8.050000190734863,29.660383224487305,13.133655548095703,-4.207739353179932,0.0041862898506224155
8.0600004196167,30.221858978271484,11.113466262817383,-4.515378952026367,0.0041862898506224155
8.069999694824219,30.8057804107666,8.933244705200195,-4.816773891448975,0.004250429105013609
8.079999923706055,31.639055252075195,7.911647796630859,-5.114917278289795,0.004838013090193272
8.09000015258789,31.219804763793945,5.360805034637451,-5.408155918121338,0.005820446647703648
8.100000381469727,31.599817276000977,2.4340813159942627,-5.708388805389404,0.0060219247825443745
8.109999656677246,31.866533279418945,0.18846362829208374,-6.005687236785889,0.004444118123501539
8.119999885559082,31.93147850036621,-1.7547749280929565,-6.295051097869873,0.006408508401364088
8.130000114440918,31.91608238220215,-4.1684041023254395,-6.5921549797058105,0.0073906234465539455
8.140000343322754,31.811269760131836,-7.717403888702393,-6.8915839195251465,0.007849293760955334
8.149999618530273,31.03628158569336,-10.152042388916016,-7.185513973236084,0.007784518878906965
8.15999984741211,30.05524253845215,-12.631898880004883,-7.479122638702393,0.00739086139947176
8.170000076293945,28.81991958618164,-15.380823135375977,-7.764914512634277,0.007784359622746706
8.180000305175781,27.374876022338867,-17.879112243652344,-8.054693222045898,0.007391020655632019
8.1899995803833,26.012311935424805,-18.5445499420166,-8.346824645996094,0.007719107903540134
8.199999809265137,24.239063262939453,-22.686504364013672,-8.639267921447754,0.0069330655969679356
8.210000038146973,22.14444351196289,-24.997726440429688,-8.932440757751465,0.007653538603335619
8.220000267028809,19.78218650817871,-27.229877471923828,-9.220707893371582,0.006279435008764267
8.229999542236328,17.295948028564453,-29.507122039794922,-9.50741958618164,0.006214024033397436
8.239999771118164,14.861302375793457,-30.54584312438965,-9.792559623718262,0.005625167861580849
8.25,11.926552772521973,-32.43124771118164,-10.071423530578613,0.0046440064907073975
8.260000228881836,8.480997085571289,-32.424888610839844,-10.342514991760254,0.003858043812215328
8.270000457763672,4.978036403656006,-33.39347457885742,-10.608964920043945,0.0015041299629956484
8.279999732971191,1.4106413125991821,-34.470619201660156,-10.8818359375,0.0007833397248759866
8.289999961853027,-2.3391594886779785,-33.87961959838867,-11.145854949951172,-0.0012442354345694184
8.300000190734863,-5.9027838706970215,-33.87961959838867,-11.412492752075195,-0.002880299696698785
8.3100004196167,-9.834675788879395,-33.782196044921875,-11.677474975585938,-0.004907716065645218
8.319999694824219,-13.547163009643555,-32.88449478149414,-11.936471939086914,-0.006477813236415386
8.329999923706055,-16.93828010559082,-31.553619384765625,-12.203282356262207,-0.007915498688817024
8.34000015258789,-20.138626098632812,-30.12403678894043,-12.462029457092285,-0.008770289830863476
8.350000381469727,-23.59743881225586,-28.238632202148438,-12.704331398010254,-0.011578661389648914
8.359999656677246,-26.26425552368164,-25.51518440246582,-12.955792427062988,-0.012434246949851513
8.369999885559082,-29.18268585205078,-22.111629486083984,-13.406739234924316,-0.015374870970845222
8.380000114440918,-32.4725456237793,-16.80965805053711,-13.51669979095459,-0.016745159402489662
8.390000343322754,-35.16613006591797,-11.444597244262695,-13.691973686218262,-0.01681184209883213
8.399999618530273,-35.176204681396484,-11.393664360046387,-13.930413246154785,-0.01740196906030178
8.40999984741211,-36.11951446533203,-6.624695301055908,-14.16549301147461,-0.018315019086003304
8.420000076293945,-36.655517578125,-2.976301908493042,-14.393767356872559,-0.018315019086003304
8.430000305175781,-36.90379333496094,1.3760768175125122,-14.616873741149902,-0.01838201843202114
8.4399995803833,-36.65086364746094,6.1413044929504395,-14.841544151306152,-0.018704144284129143
8.449999809265137,-35.578582763671875,9.852476119995117,-15.058841705322266,-0.01752309314906597
8.460000038146973,-34.21602249145508,12.846944808959961,-15.264028549194336,-0.015496871434152126
8.470000267028809,-32.146305084228516,16.309080123901367,-15.532843589782715,-0.01372481882572174
8.479999542236328,-27.771812438964844,22.83428192138672,-15.840625762939453,-0.010989011265337467
8.489999771118164,-24.1771183013916,28.090286254882812,-15.879128456115723,-0.010854057036340237
8.5,-23.65266227722168,28.486677169799805,-16.080501556396484,-0.009537097997963428
8.510000228881836,-19.98422622680664,31.25933265686035,-16.287790298461914,-0.006396903656423092
8.520000457763672,-14.981210708618164,33.527645111083984,-16.493709564208984,-0.003188994014635682
8.529999732971191,-10.19968318939209,34.77107238769531,-16.690614700317383,0.0004067708214279264
8.539999961853027,-4.9849042892456055,35.40016555786133,-16.878387451171875,0.0035469653084874153
8.550000190734863,1.0332417488098145,35.63507080078125,-17.071367263793945,0.00675511360168457
8.5600004196167,7.2171783447265625,35.08053970336914,-17.25052833557129,0.010350639931857586
8.569999694824219,12.787558555603027,32.25370788574219,-17.434316635131836,0.013422721065580845
8.579999923706055,17.642513275146484,28.71164894104004,-17.608842849731445,0.016039550304412842
8.59000015258789,22.09430503845215,24.602319717407227,-17.782609939575195,0.018383290618658066
8.600000381469727,26.16082191467285,19.250267028808594,-17.94890594482422,0.01890665665268898
8.609999656677246,29.501388549804688,11.533172607421875,-18.113689422607422,0.01949845254421234
8.619999885559082,30.130264282226562,4.878798007965088,-18.275129318237305,0.02033965289592743
8.630000114440918,30.58969497680664,-2.2238144874572754,-18.43008041381836,0.019610518589615822
8.640000343322754,29.50264549255371,-9.687740325927734,-18.584800720214844,0.01772306114435196
8.649999618530273,26.8721981048584,-16.545162200927734,-18.742090225219727,0.01685595139861107
8.65999984741211,23.288955688476562,-21.916540145874023,-18.89499282836914,0.013853414915502071
8.670000076293945,18.67720603942871,-27.683664321899414,-19.040815353393555,0.011691044084727764
8.680000305175781,13.790493965148926,-30.92922592163086,-19.188575744628906,0.008729279041290283
8.6899995803833,8.058094024658203,-32.53315734863281,-19.33039093017578,0.0037718890234827995
8.699999809265137,1.6178704500198364,-33.14921951293945,-19.46478843688965,0.0004242560244165361
8.710000038146973,-5.19494104385376,-33.274505615234375,-19.59366798400879,-0.004286035429686308
8.720000267028809,-12.007752418518066,-32.94178771972656,-19.717144012451172,-0.008927022106945515
8.729999542236328,-17.736108779907227,-29.792461395263672,-19.839479446411133,-0.013183332048356533
8.739999771118164,-23.17363166809082,-26.622127532958984,-19.957292556762695,-0.018102014437317848
8.75,-29.065185546875,-20.312211990356445,-20.1722412109375,-0.023547880351543427
8.760000228881836,-34.002586364746094,-12.812585830688477,-20.297252655029297,-0.023687126114964485
8.770000457763672,-34.01531219482422,-12.778173446655273,-20.39637565612793,-0.02459445409476757
8.779999732971191,-35.90193557739258,-7.676486492156982,-20.493961334228516,-0.02459445409476757
8.789999961853027,-36.572818756103516,-0.8595662713050842,-20.58526039123535,-0.02459445409476757
8.800000190734863,-36.3780403137207,5.322734832763672,-20.672290802001953,-0.024454571306705475
8.8100004196167,-35.10697555541992,10.399422645568848,-20.759206771850586,-0.023057736456394196
8.819999694824219,-32.39712905883789,15.241144180297852,-20.841503143310547,-0.01953437738120556
8.829999923706055,-29.88163185119629,21.008268356323242,-20.953426361083984,-0.016707010567188263
8.84000015258789,-25.782455444335938,26.403003692626953,-21.035717010498047,-0.011747235432267189
8.850000381469727,-17.569610595703125,31.928115844726562,-21.059574127197266,-0.0031397175043821335
8.859999656677246,-10.861021041870117,35.4774284362793,-21.12248992919922,-0.002505956217646599
8.869999885559082,-9.855551719665527,35.60078048706055,-21.18512535095215,0.0023453303147107363
8.880000114440918,-2.623491048812866,36.488033294677734,-21.238142013549805,0.007961198687553406
8.890000343322754,5.272972106933594,35.76835632324219,-21.27983283996582,0.01267149019986391
8.899999618530273,12.04116439819336,33.09214401245117,-21.316755294799805,0.017240310087800026
8.90999984741211,18.271076202392578,28.716136932373047,-21.36691665649414,0.020833054557442665
8.920000076293945,24.17274284362793,22.73561668395996,-21.401735305786133,0.023689670488238335
8.930000305175781,28.574867248535156,14.639461517333984,-21.427366256713867,0.02459445409476757
8.9399995803833,30.634510040283203,6.435537338256836,-21.458599090576172,0.02438129112124443
8.949999809265137,30.614145278930664,-1.9352755546569824,-21.481592178344727,0.022740060463547707
8.960000038146973,29.033945083618164,-10.30816650390625,-21.5067195892334,0.020504172891378403
8.970000267028809,26.08295440673828,-18.024328231811523,-21.524873733520508,0.017435269430279732
8.979999542236328,21.629257202148438,-24.044414520263672,-21.543804168701172,0.014532956294715405
8.989999771118164,15.864571571350098,-28.037038803100586,-21.556312561035156,0.009965565986931324
9,9.172479629516602,-31.494394302368164,-21.555150985717773,0.005944353528320789
9.010000228881836,2.374535322189331,-33.55521011352539,-21.548847198486328,-0.00004959456418873742
9.020000457763672,-4.616420269012451,-34.3648681640625,-21.54739761352539,-0.004451589193195105
9.029999732971191,-12.108421325683594,-34.26374816894531,-21.541278839111328,-0.010136842727661133
9.039999961853027,-19.130859375,-31.380184173583984,-21.52713394165039,-0.015370500274002552
9.050000190734863,-24.784666061401367,-28.593170166015625,-21.51959228515625,-0.02031644620001316
9.0600004196167,-29.500423431396484,-24.40743064880371,-21.517736434936523,-0.023384632542729378
9.069999694824219,-33.247806549072266,-18.924274444580078,-21.507686614990234,-0.02578519843518734
9.079999923706055,-35.91507339477539,-12.487099647521973,-21.49431610107422,-0.026759764179587364
9.09000015258789,-37.27763748168945,-4.945474624633789,-21.488285064697266,-0.027066392824053764
9.100000381469727,-37.65845489501953,1.7650904655456543,-21.485559463500977,-0.025875011458992958
9.109999656677246,-36.498802185058594,8.029516220092773,-21.47123146057129,-0.023853952065110207
9.119999885559082,-34.667755126953125,13.816777229309082,-21.470003128051758,-0.022066403180360794
9.130000114440918,-32.38489532470703,19.224979400634766,-21.457185745239258,-0.018853645771741867
9.140000343322754,-28.816852569580078,24.539751052856445,-21.437713623046875,-0.014972154051065445
9.149999618530273,-23.681039810180664,26.75787353515625,-21.420001983642578,-0.009738496504724026
9.15999984741211,-17.98076820373535,30.51185417175293,-21.3956241607666,-0.004723246209323406
9.170000076293945,-11.437264442443848,33.83480453491211,-21.365371704101562,-0.00047663235454820096
9.180000305175781,-4.183226585388184,35.714847564697266,-21.332189559936523,0.007082008291035891
9.1899995803833,3.363272190093994,35.87167739868164,-21.292800903320312,0.012619908899068832
9.199999809265137,10.909771919250488,33.6535530090332,-21.246427536010742,0.016733715310692787
9.210000038146973,17.84328269958496,29.582212448120117,-21.197492599487305,0.020250875502824783
9.220000267028809,23.961997985839844,23.610294342041016,-21.152244567871094,0.022574586793780327
9.229999542236328,28.54024314880371,16.337072372436523,-21.10201072692871,0.023171311244368553
9.239999771118164,31.038814544677734,8.423808097839355,-21.047006607055664,0.023997727781534195
9.25,32.08694076538086,-0.44869130849838257,-20.99163818359375,0.02325381152331829
9.260000228881836,31.056018829345703,-8.6212158203125,-20.928163528442383,0.021160349249839783
9.270000457763672,27.977434158325195,-16.569164276123047,-20.865581512451172,0.018919533118605614
9.279999732971191,23.721187591552734,-23.575708389282227,-20.788005828857422,0.01570558175444603
9.289999961853027,18.961793899536133,-28.85114097595215,-20.711545944213867,0.012042021378874779
9.300000190734863,13.61635684967041,-31.734703063964844,-20.629362106323242,0.008230631239712238
9.3100004196167,6.44509744644165,-35.0475959777832,-20.531896591186523,0.003446345217525959
9.319999694824219,-0.5560708045959473,-34.71001434326172,-20.442182540893555,-0.0018613856518641114
9.329999923706055,-7.578683853149414,-33.657432556152344,-20.350147247314453,-0.007470101583749056
9.34000015258789,-14.285564422607422,-32.44280242919922,-20.251508712768555,-0.012106160633265972
9.350000381469727,-19.82996368408203,-29.123138427734375,-20.141067504882812,-0.016293086111545563
9.359999656677246,-25.070587158203125,-26.017763137817383,-20.028242111206055,-0.020256835967302322
9.369999885559082,-29.640033721923828,-21.847089767456055,-19.912487030029297,-0.02272472158074379
9.380000114440918,-33.150753021240234,-16.970664978027344,-19.804489135742188,-0.024294819682836533
9.390000343322754,-35.386417388916016,-11.684094429016113,-19.69331169128418,-0.025641025975346565
9.399999618530273,-36.38210678100586,-6.07213830947876,-19.57330894470215,-0.025491606444120407
9.40999984741211,-36.906166076660156,1.1367669105529785,-19.451139450073242,-0.024370085448026657
9.420000076293945,-36.15861511230469,7.961230754852295,-19.323928833007812,-0.022650251165032387
9.430000305175781,-34.949867248535156,13.392374038696289,-19.185686111450195,-0.020033420994877815
9.4399995803833,-33.08462905883789,18.05043601989746,-19.042652130126953,-0.017416592687368393
9.449999809265137,-30.2726993560791,22.745361328125,-18.901254653930664,-0.014799765311181545
9.460000038146973,-26.49945068359375,27.62523651123047,-18.757686614990234,-0.012032562866806984
9.470000267028809,-22.041866302490234,31.884435653686523,-18.60793685913086,-0.008293736726045609
9.479999542236328,-17.09517478942871,34.23759460449219,-18.44971466064453,-0.004031465854495764
9.489999771118164,-11.422319412231445,35.841941833496094,-18.293107986450195,0.0005279754404909909
9.5,-5.133569717407227,37.35092544555664,-18.139606475830078,0.004267040174454451
9.510000228881836,1.1551791429519653,38.349082946777344,-17.9776554107666,0.008378381840884686
9.520000457763672,7.5486226081848145,35.469886779785156,-17.815706253051758,0.011890615336596966
9.529999732971191,13.460837364196777,33.180545806884766,-17.660655975341797,0.014355957508087158
9.539999961853027,18.500713348388672,28.949462890625,-17.5013427734375,0.016001878306269646
9.550000190734863,22.777698516845703,22.78341293334961,-17.327350616455078,0.01786763407289982
9.5600004196167,26.65835189819336,16.46896743774414,-17.150455474853516,0.01846698299050331
9.569999694824219,29.06903839111328,10.258217811584473,-16.973358154296875,0.019209468737244606
9.579999923706055,30.782468795776367,3.955244302749634,-16.786170959472656,0.018162738531827927
9.59000015258789,31.163599014282227,-2.565406560897827,-16.598987579345703,0.017039785161614418
9.600000381469727,30.09465789794922,-9.219780921936035,-16.41588592529297,0.015393389388918877
9.609999656677246,27.797365188598633,-15.65595817565918,-16.225610733032227,0.013376305811107159
9.619999885559082,24.86261558532715,-20.646739959716797,-16.029298782348633,0.011729749850928783
9.630000114440918,21.175148010253906,-24.940601348876953,-15.826652526855469,0.009712825529277325
9.640000343322754,16.914562225341797,-28.123693466186523,-15.620462417602539,0.007989494130015373
9.649999618530273,12.4979248046875,-30.83321762084961,-15.421635627746582,0.005372664891183376
9.65999984741211,7.911096572875977,-33.03694152832031,-15.223566055297852,0.0029093888588249683
9.670000076293945,2.1464102268218994,-32.92603302001953,-15.020387649536133,0.0011855803895741701
9.680000305175781,-3.012143135070801,-33.0289192199707,-14.801790237426758,-0.0014312482671812177
9.6899995803833,-8.071402549743652,-33.05882263183594,-14.584918975830078,-0.004279120825231075
9.699999809265137,-12.633662223815918,-32.28728103637695,-14.366453170776367,-0.007926387712359428
9.710000038146973,-16.776573181152344,-30.530071258544922,-14.14151382446289,-0.008835621178150177
9.720000267028809,-21.070743560791016,-28.19771385192871,-13.91431713104248,-0.011589550413191319
9.729999542236328,-25.26324462890625,-25.757776260375977,-13.681422233581543,-0.012267581187188625
9.739999771118164,-27.78605079650879,-22.43445587158203,-13.44516658782959,-0.01376026589423418
9.75,-30.000328063964844,-19.19768524169922,-13.207633018493652,-0.014729506336152554
9.760000228881836,-32.34074783325195,-15.801132202148438,-12.967087745666504,-0.015330443158745766
9.770000457763672,-34.65068435668945,-11.51207160949707,-12.723233222961426,-0.016144223511219025
9.779999732971191,-36.01325225830078,-6.5212907791137695,-12.479390144348145,-0.015776317566633224
9.789999961853027,-36.471641540527344,-2.8699467182159424,-12.233576774597168,-0.016066255047917366
9.800000190734863,-36.65418243408203,-0.3390111029148102,-11.985865592956543,-0.015175300650298595
9.8100004196167,-36.67604064941406,2.315631628036499,-11.73189640045166,-0.015019364655017853
9.819999694824219,-36.40115737915039,5.651608943939209,-11.474407196044922,-0.014050680212676525
9.829999923706055,-35.24821853637695,7.315202236175537,-11.217040061950684,-0.013527315109968185
9.84000015258789,-34.48468017578125,11.348016738891602,-10.957467079162598,-0.01276932843029499
9.850000381469727,-33.31371307373047,15.253985404968262,-10.696481704711914,-0.01091072428971529
9.859999656677246,-31.999561309814453,18.61500358581543,-10.43549633026123,-0.010308993048965931
9.869999885559082,-30.47847557067871,21.093259811401367,-10.174237251281738,-0.009340707212686539
9.880000114440918,-28.067787170410156,22.202322006225586,-9.910819053649902,-0.008817341178655624
9.890000343322754,-26.282794952392578,24.635528564453125,-9.641827583312988,-0.008136766962707043
9.899999618530273,-24.02210807800293,27.159915924072266,-9.373764038085938,-0.006802720949053764
9.90999984741211,-21.55607795715332,29.41796112060547,-9.104416847229004,-0.006566431373357773
9.920000076293945,-19.1949405670166,31.152936935424805,-8.82595443725586,-0.00507517671212554
9.930000305175781,-17.165088653564453,32.29587173461914,-8.545234680175781,-0.0041862898506224155
9.9399995803833,-14.544776916503906,33.95946502685547,-8.263375282287598,-0.004028286784887314
9.949999809265137,-11.750974655151367,35.25590515136719,-7.985438823699951,-0.002981555415317416
9.960000038146973,-9.045587539672852,35.553340911865234,-7.713801860809326,-0.0020139843691140413
9.970000267028809,-6.463079929351807,36.06067657470703,-7.436444282531738,-0.0014906186843290925
9.979999542236328,-3.840902090072632,37.760677337646484,-7.154358386993408,-0.0009672529413364828
9.989999771118164,-0.48690274357795715,37.42795944213867,-6.865932464599609,-0.00036448828177526593
10,2.1176788806915283,37.194366455078125,-6.579524517059326,0.0005232862313278019
10.010000228881836,4.702385902404785,36.313472747802734,-6.292598724365234,0.00076196005102247
10.020000457763672,7.0095367431640625,35.70890426635742,-6.004201889038086,0.002013507531955838
10.029999732971191,9.017765045166016,35.65192413330078,-5.712482452392578,0.001649575657211244
10.039999961853027,11.533265113830566,34.43195343017578,-5.417351722717285,0.002172941341996193
10.050000190734863,13.94815444946289,33.424903869628906,-5.129943370819092,0.0025365552864968777
10.0600004196167,15.521305084228516,32.3461799621582,-4.842793941497803,0.001933234161697328
10.069999694824219,16.882394790649414,31.346466064453125,-4.543508052825928,0.0011266072979196906
10.079999923706055,18.295368194580078,30.142623901367188,-4.248132228851318,0.0015698587521910667
10.09000015258789,19.54492950439453,28.072956085205078,-3.9491689205169678,0.0015698587521910667
10.100000381469727,20.48824119567871,27.40751838684082,-3.645151376724243,0.0015698587521910667
10.109999656677246,21.680770874023438,26.654178619384766,-3.342221975326538,0.0014091533375903964
10.119999885559082,22.82131576538086,25.753816604614258,-3.039292573928833,0.0006841506692580879
10.130000114440918,23.767044067382812,25.080711364746094,-2.7408366203308105,0.001489347079768777
10.140000343322754,24.462081909179688,24.947797775268555,-2.4415111541748047,0.0009659813367761672
10.149999618530273,24.776517868041992,23.506017684936523,-2.134120464324951,0.0005232862313278019
10.15999984741211,25.630985260009766,23.016611099243164,-1.8337597846984863,0.0006040363805368543
10.170000076293945,26.181087493896484,21.505029678344727,-1.5302659273147583,0.0009657428599894047
10.180000305175781,26.4544620513916,20.15595054626465,-1.219343900680542,0.0004423771461006254
10.1899995803833,26.747060775756836,20.138391494750977,-0.9111578464508057,0
10.199999809265137,27.48074722290039,20.027484893798828,-0.6100092530250549,-0.00024320412194356322
10.210000038146973,27.72974967956543,20.12172508239746,-0.3104937672615051,-0.0014887112192809582
10.220000267028809,27.7944393157959,20.539352416992188,-0.006526213139295578,-0.0010465724626556039
10.229999542236328,27.938430786132812,20.027339935302734,0.2990655303001404,-0.0011278789024800062
10.239999771118164,28.111705780029297,18.60137367248535,0.6011196374893188,-0.001732630655169487
10.25,27.79726791381836,18.379560470581055,0.9005914926528931,-0.002616431098431349
10.260000228881836,26.96347999572754,20.026195526123047,1.1980091333389282,-0.0027795208152383566
10.270000457763672,27.07777976989746,21.26970863342285,1.498042106628418,-0.003744628047570586
10.279999732971191,27.112520217895508,21.158180236816406,1.8031359910964966,-0.0041862898506224155
10.289999961853027,26.828542709350586,20.647287368774414,2.1012768745422363,-0.0042680734768509865
10.300000190734863,26.606937408447266,21.91796112060547,2.3983142375946045,-0.0047914390452206135
10.3100004196167,26.18768882751465,24.02518081665039,2.6942660808563232,-0.005150920245796442
10.319999694824219,25.509441375732422,23.939958572387695,2.9937000274658203,-0.0047095762565732
10.329999923706055,24.775753021240234,24.04001808166504,3.295349597930908,-0.0047095762565732
10.34000015258789,23.967281341552734,24.79237937927246,3.60129714012146,-0.0047095762565732
10.350000381469727,23.088581085205078,25.887767791748047,3.9057540893554688,-0.004545055795460939
10.359999656677246,22.669330596923828,26.885923385620117,4.207082271575928,-0.003745343303307891
10.369999885559082,21.224166870117188,28.47620391845703,4.507681369781494,-0.0043511283583939075
10.380000114440918,19.789569854736328,29.193470001220703,4.797104358673096,-0.005150363780558109
10.390000343322754,18.515657424926758,29.884300231933594,5.087283134460449,-0.0047095762565732
10.399999618530273,17.283300399780273,31.19416618347168,5.3822407722473145,-0.004626918584108353
10.40999984741211,15.711113929748535,32.41413497924805,5.673278331756592,-0.0041862898506224155
10.420000076293945,14.539715766906738,34.270240783691406,5.962650299072266,-0.0041862898506224155
10.430000305175781,13.008142471313477,34.71330261230469,6.252648830413818,-0.0041862898506224155
10.4399995803833,11.279885292053223,34.982059478759766,6.537985801696777,-0.004020338878035545
10.449999809265137,9.310561180114746,35.9025993347168,6.819282531738281,-0.0031397175043821335
10.460000038146973,6.792743682861328,37.53431701660156,7.0987019538879395,-0.003056582994759083
10.470000267028809,4.172431468963623,37.756126403808594,7.382223606109619,-0.0024500032886862755
10.479999542236328,1.634779453277588,38.065406799316406,7.658535003662109,-0.0016531521687284112
10.489999771118164,-0.8807202577590942,37.905540466308594,7.9357147216796875,-0.0018430262571200728
10.5,-3.531099557876587,37.92189407348633,8.211734771728516,-0.0004398338496685028
10.510000228881836,-6.419599533081055,38.88738250732422,8.485535621643066,0.0002505956217646599
10.520000457763672,-8.830286979675293,37.22378921508789,8.767451286315918,0.0018206927925348282
10.529999732971191,-11.420158386230469,36.41341018676758,9.297348976135254,0.003223408479243517
10.539999961853027,-14.17071533203125,34.7143440246582,9.59106731414795,0.003914314787834883
10.550000190734863,-17.813701629638672,32.12721633911133,9.634221076965332,0.005484411492943764
10.5600004196167,-22.416240692138672,29.218364715576172,9.835649490356445,0.006802720949053764
10.569999694824219,-25.246177673339844,26.778427124023438,10.087191581726074,0.006802720949053764
10.579999923706055,-25.469942092895508,26.585498809814453,10.337313652038574,0.006970897316932678
10.59000015258789,-26.838985443115234,25.213104248046875,10.593619346618652,0.008017629384994507
10.600000381469727,-28.64008331298828,22.96503448486328,10.85211181640625,0.00906436052173376
10.609999656677246,-30.258501052856445,20.3408145904541,11.105989456176758,0.010111091658473015
10.619999885559082,-32.040313720703125,17.457252502441406,11.353787422180176,0.011073417961597443
10.630000114440918,-33.097923278808594,14.573690414428711,11.598461151123047,0.011596783064305782
10.640000343322754,-34.461997985839844,11.606548309326172,11.84438419342041,0.012035583145916462
10.649999618530273,-35.60226821899414,8.439019203186035,12.090071678161621,0.012120228260755539
10.65999984741211,-36.20038986206055,5.1118316650390625,12.327743530273438,0.012728318572044373
10.670000076293945,-36.20038986206055,1.761038064956665,12.559589385986328,0.013520638458430767
10.680000305175781,-36.20038986206055,-2.0097739696502686,12.795263290405273,0.013167038559913635
10.6899995803833,-35.68486785888672,-6.144247055053711,13.026276588439941,0.013435517437756062
10.699999809265137,-35.1174430847168,-9.253300666809082,13.260284423828125,0.012388785369694233
10.710000038146973,-34.14962387084961,-12.091020584106445,13.489811897277832,0.011342054232954979
10.720000267028809,-32.34278869628906,-15.954492568969727,13.721634864807129,0.010210121050477028
10.729999542236328,-30.35135269165039,-20.501649856567383,13.951319694519043,0.008640024811029434
10.739999771118164,-27.988506317138672,-24.262798309326172,14.169576644897461,0.006899207830429077
10.75,-25.030759811401367,-26.764972686767578,14.383399963378906,0.0043678185902535915
10.760000228881836,-21.38636016845703,-28.789775848388672,14.5966157913208,0.0021033179946243763
10.770000457763672,-17.232746124267578,-30.658161163330078,14.810669898986816,-0.0010368761140853167
10.779999732971191,-13.249870300292969,-30.990880966186523,15.007179260253906,-0.004005714785307646
10.789999961853027,-8.269145965576172,-33.118568420410156,15.205490112304688,-0.006099177524447441
10.800000190734863,-3.4640917778015137,-33.90220642089844,15.401403427124023,-0.008450151421129704
10.8100004196167,1.5066949129104614,-33.58600997924805,15.594290733337402,-0.011684129014611244
10.819999694824219,6.6945695877075195,-32.69875717163086,15.793313026428223,-0.012988848611712456
10.829999923706055,11.716044425964355,-31.77925682067871,15.990201950073242,-0.015347450971603394
10.84000015258789,16.222980499267578,-29.117507934570312,16.180927276611328,-0.01656649261713028
10.850000381469727,20.154184341430664,-25.759523391723633,16.369043350219727,-0.01857372187077999
10.859999656677246,23.985210418701172,-21.660293579101562,16.54646110534668,-0.019884876906871796
10.869999885559082,27.26373863220215,-16.654966354370117,16.72210693359375,-0.020057663321495056
10.880000114440918,29.23750114440918,-10.619274139404297,16.899951934814453,-0.021104395389556885
10.890000343322754,31.01931381225586,-4.0758056640625,17.067054748535156,-0.021804917603731155
10.899999618530273,31.55260467529297,2.5620274543762207,17.22653579711914,-0.020584922283887863
10.90999984741211,30.378713607788086,8.394735336303711,17.38149642944336,-0.0188383050262928
10.920000076293945,27.920303344726562,14.399507522583008,17.534181594848633,-0.018491143360733986
10.930000305175781,24.628421783447266,21.31395149230957,17.690038681030273,-0.01613706909120083
10.9399995803833,19.911861419677734,27.191980361938477,17.838050842285156,-0.012647408992052078
10.949999809265137,15.483636856079102,31.442806243896484,17.976287841796875,-0.009769492782652378
10.960000038146973,9.791948318481445,34.40922164916992,18.11794662475586,-0.005495459772646427
10.970000267028809,3.408853769302368,35.65119552612305,18.264570236206055,-0.0008723556529730558
10.979999542236328,-3.0441153049468994,35.4774284362793,18.409473419189453,0.0033145700581371784
10.989999771118164,-9.332864761352539,35.4774284362793,18.543622970581055,0.007501495536416769
11,-15.00334358215332,32.969600677490234,18.672428131103516,0.01151356939226389
11.010000228881836,-20.50606918334961,29.670467376708984,18.800012588500977,0.014391246251761913
11.020000457763672,-25.307058334350586,25.89246368408203,18.923768997192383,0.016136514022946358
11.029999732971191,-29.114303588867188,22.025272369384766,19.04082679748535,0.018665676936507225
11.039999961853027,-31.90291976928711,18.38882827758789,19.153095245361328,0.02067139558494091
11.050000190734863,-33.89435577392578,13.065328598022461,19.267107009887695,0.022065846249461174
11.0600004196167,-35.543766021728516,7.198955535888672,19.376436233520508,0.02258921042084694
11.069999694824219,-36.38350296020508,1.5329498052597046,19.479829788208008,0.022760646417737007
11.079999923706055,-36.58823776245117,-4.094923496246338,19.576091766357422,0.021102488040924072
11.09000015258789,-36.34628677368164,-10.14786434173584,19.66938591003418,0.01874459907412529
11.100000381469727,-34.25003433227539,-16.69133186340332,19.763473510742188,0.01516926009207964
11.109999656677246,-31.41426658630371,-20.30036735534668,19.8438663482666,0.011764164082705975
11.119999885559082,-27.324026107788086,-24.595476150512695,19.925386428833008,0.007053873036056757
11.130000114440918,-22.69446563720703,-28.830942153930664,19.995227813720703,0.0022551221773028374
11.140000343322754,-17.864017486572266,-32.07758331298828,20.072998046875,-0.002889996161684394
11.149999618530273,-11.57526683807373,-34.96114730834961,20.15505027770996,-0.007511668838560581
11.15999984741211,-3.9946744441986084,-34.690208435058594,20.21842384338379,-0.011698595248162746
11.170000076293945,2.832709550857544,-34.08806610107422,20.27796745300293,-0.015885520726442337
11.180000305175781,9.4319486618042,-32.78225326538086,20.339309692382812,-0.019539304077625275
11.1899995803833,15.724546432495117,-30.18155860900879,20.393428802490234,-0.020941782742738724
11.199999809265137,20.749574661254883,-25.732675552368164,20.44868278503418,-0.02372591197490692
11.210000038146973,25.361324310302734,-20.4091739654541,20.502426147460938,-0.0247726459056139
11.220000267028809,29.072887420654297,-14.392931938171387,20.541915893554688,-0.025730200111865997
11.229999542236328,31.556493759155273,-6.907478332519531,20.573101043701172,-0.026075057685375214
11.239999771118164,32.180850982666016,1.9455698728561401,20.606876373291016,-0.025194358080625534
11.25,30.402751922607422,11.269548416137695,20.64267349243164,-0.022398700937628746
11.260000228881836,27.468002319335938,18.145736694335938,20.677366256713867,-0.018645649775862694
11.270000457763672,22.580366134643555,25.49156379699707,20.70797348022461,-0.014458723366260529
11.279999732971191,17.01825523376465,31.357460021972656,20.72298240661621,-0.010002842172980309
11.289999961853027,10.616328239440918,35.18375778198242,20.73703956604004,-0.004156087525188923
11.300000190734863,3.2207140922546387,36.81970977783203,20.75214385986328,0.0019446791848167777
11.3100004196167,-3.9065346717834473,35.71064758300781,20.763795852661133,0.0071783363819122314
11.319999694824219,-11.70368480682373,34.90538024902344,20.772096633911133,0.012052115052938461
11.329999923706055,-17.92633056640625,33.149208068847656,20.773927688598633,0.015372407622635365
11.34000015258789,-23.236299514770508,29.694114685058594,20.77310562133789,0.01928894780576229
11.350000381469727,-28.03775978088379,24.608991622924805,20.77100944519043,0.021725360304117203
11.359999656677246,-31.601383209228516,19.174585342407227,20.761728286743164,0.023295458406209946
11.369999885559082,-34.85710906982422,13.957378387451172,20.747655868530273,0.02459445409476757
11.380000114440918,-37.01202392578125,7.752302169799805,20.736980438232422,0.024232668802142143
11.390000343322754,-37.93475341796875,1.322462558746338,20.724042892456055,0.022410782054066658
11.399999618530273,-37.57200241088867,-4.844584941864014,20.704002380371094,0.021434390917420387
11.40999984741211,-35.966548919677734,-10.636853218078613,20.685176849365234,0.01829419657588005
11.420000076293945,-33.660675048828125,-16.95850944519043,20.672687530517578,0.014972472563385963
11.430000305175781,-30.248563766479492,-23.01003646850586,20.658279418945312,0.01051301509141922
11.4399995803833,-25.973875045776367,-27.266929626464844,20.64029884338379,0.0047559915110468864
11.449999809265137,-20.787296295166016,-29.84056854248047,20.62677574157715,-0.0009100284078158438
11.460000038146973,-14.591320991516113,-31.62743377685547,20.607633590698242,-0.006143685430288315
11.470000267028809,-7.464071750640869,-33.51283645629883,20.584779739379883,-0.011012694798409939
11.479999542236328,-0.8889883160591125,-34.13233184814453,20.551776885986328,-0.014335372485220432
11.489999771118164,5.947174072265625,-32.71733856201172,20.515722274780273,-0.018248334527015686
11.5,12.581822395324707,-30.41417694091797,20.480756759643555,-0.020865164697170258
11.510000228881836,18.49338722229004,-27.73565673828125,20.439977645874023,-0.02320755459368229
11.520000457763672,23.62919807434082,-22.412158966064453,20.39588165283203,-0.024345843121409416
11.529999732971191,27.379568099975586,-16.879230499267578,20.344297409057617,-0.0255493875592947
11.539999961853027,30.154123306274414,-9.363395690917969,20.291868209838867,-0.02520945854485035
11.550000190734863,31.21426773071289,-1.0454280376434326,20.242198944091797,-0.02518203854560852
11.5600004196167,30.258464813232422,7.461789131164551,20.186397552490234,-0.022473333403468132
11.569999694824219,27.618711471557617,16.52981185913086,20.123361587524414,-0.01942509412765503
11.579999923706055,23.111774444580078,23.07328224182129,20.065460205078125,-0.016440121456980705
11.59000015258789,18.197725296020508,29.013654708862305,20.00244903564453,-0.0117298299446702
11.600000381469727,12.42634105682373,33.515235900878906,19.935596466064453,-0.006835148204118013
11.609999656677246,5.805400848388672,36.57524871826172,19.86273193359375,-0.0013549488503485918
11.619999885559082,-1.289797306060791,38.36944580078125,19.77708625793457,0.0028319768607616425
11.630000114440918,-7.997796058654785,35.04226303100586,19.691200256347656,0.00701890280470252
11.640000343322754,-14.264019966125488,32.463008880615234,19.608339309692383,0.011113314889371395
11.649999618530273,-19.809104919433594,29.617475509643555,19.51715850830078,0.0146842822432518
11.65999984741211,-24.708425521850586,26.386981964111328,19.423677444458008,0.017546460032463074
11.670000076293945,-29.006132125854492,22.790748596191406,19.323400497436523,0.019116559997200966
11.680000305175781,-32.045692443847656,18.24359130859375,19.216556549072266,0.020500993356108665
11.6899995803833,-34.32295608520508,13.29312515258789,19.112701416015625,0.02121018059551716
11.699999809265137,-35.6742057800293,7.328190803527832,19.005510330200195,0.02231532894074917
11.710000038146973,-36.385780334472656,2.072643518447876,18.904104232788086,0.021175527945160866
11.720000267028809,-36.498741149902344,-2.230609893798828,18.786312103271484,0.019512280821800232
11.729999542236328,-35.450618743896484,-8.552265167236328,18.67160415649414,0.017232362180948257
11.739999771118164,-33.48250961303711,-14.333105087280273,18.553537368774414,0.014278784394264221
11.75,-31.102323532104492,-19.11298370361328,18.43105697631836,0.01171838492155075
11.760000228881836,-27.627779006958008,-23.774744033813477,18.305858612060547,0.0071950266137719154
11.770000457763672,-23.08160400390625,-27.892488479614258,18.172168731689453,0.0033443744760006666
11.779999732971191,-18.133716583251953,-30.008892059326172,18.039030075073242,-0.0011786656687036157
11.789999961853027,-12.683465957641602,-32.337921142578125,17.90191650390625,-0.004748520441353321
11.800000190734863,-6.386390209197998,-33.05404281616211,17.756771087646484,-0.007794930599629879
11.8100004196167,-0.4299302399158478,-33.32304763793945,17.613109588623047,-0.010505622252821922
11.819999694824219,5.160873889923096,-32.9775505065918,17.471126556396484,-0.013551874086260796
11.829999923706055,10.775657653808594,-31.273353576660156,17.318933486938477,-0.015980657190084457
11.84000015258789,16.016281127929688,-27.391633987426758,17.156982421875,-0.017456650733947754
11.850000381469727,20.70721435546875,-24.479331970214844,16.99590301513672,-0.018503382802009583
11.859999656677246,24.580366134643555,-20.285696029663086,16.8363037109375,-0.01945585198700428
11.869999885559082,27.6124267578125,-14.978821754455566,16.671855926513672,-0.019979218021035194
11.880000114440918,29.841060638427734,-8.922741889953613,16.50598907470703,-0.020313743501901627
11.890000343322754,31.203624725341797,-1.4920246601104736,16.33531951904297,-0.019790377467870712
11.899999618530273,31.285066604614258,3.7488718032836914,16.150068283081055,-0.019077852368354797
11.90999984741211,29.95166778564453,10.496634483337402,15.967107772827148,-0.01760241389274597
11.920000076293945,27.618572235107422,16.877513885498047,15.784184455871582,-0.01608199067413807
11.930000305175781,24.512121200561523,22.090106964111328,15.596148490905762,-0.0127977030351758
11.9399995803833,20.527912139892578,27.286449432373047,15.405478477478027,-0.01084801647812128
11.949999809265137,16.335412979125977,29.948200225830078,15.209006309509277,-0.007374410051852465
11.960000038146973,11.899883270263672,33.4671516418457,15.011774063110352,-0.004947693552821875
11.970000267028809,6.771003723144531,35.98158645629883,14.812544822692871,-0.002901917789131403
11.979999542236328,1.2714804410934448,37.11795425415039,14.609291076660156,0.0009041470475494862
11.989999771118164,-3.818729877471924,37.40877914428711,14.397717475891113,0.0029023149982094765
12,-8.325666427612305,35.74518585205078,14.18041706085205,0.004663160536438227
12.010000228881836,-13.096431732177734,33.33715057373047,13.96676254272461,0.007184535264968872
12.020000457763672,-17.727388381958008,31.726587295532227,13.752617835998535,0.009182465262711048
12.029999732971191,-21.6492862701416,29.82048225402832,13.530888557434082,0.010561336763203144
12.039999961853027,-24.540437698364258,26.613054275512695,13.31068229675293,0.011180395260453224
12.050000190734863,-27.160747528076172,24.83855438232422,13.090195655822754,0.012227126397192478
12.0600004196167,-29.97081184387207,21.558185577392578,12.867077827453613,0.013178006745874882
12.069999694824219,-32.09669494628906,17.97109603881836,12.63779354095459,0.013509511016309261
12.079999923706055,-33.74070358276367,14.45700740814209,12.416264533996582,0.01327417604625225
12.09000015258789,-35.18661117553711,11.26609992980957,12.179811477661133,0.0141287287697196
12.100000381469727,-36.54917526245117,8.604350090026855,11.945624351501465,0.0141287287697196
12.109999656677246,-36.58823776245117,3.8957910537719727,11.71143627166748,0.01403248030692339
12.119999885559082,-36.74291229248047,1.5818467140197754,11.457916259765625,0.01322013046592474
12.130000114440918,-36.47672653198242,-1.4262953996658325,11.217938423156738,0.011512297205626965
12.140000343322754,-35.77143478393555,-5.823207378387451,10.97075366973877,0.011415810324251652
12.149999618530273,-35.15434646606445,-9.75348949432373,10.72497272491455,0.010795878246426582
12.15999984741211,-34.839908599853516,-12.082520484924316,10.471207618713379,0.009652500972151756
12.170000076293945,-33.514225006103516,-15.39241886138916,10.216775894165039,0.008179129101336002
12.180000305175781,-31.583236694335938,-18.182092666625977,9.98081111907959,0.007229202892631292
12.1899995803833,-29.48816680908203,-20.21329689025879,9.740565299987793,0.006608952768146992
12.199999809265137,-27.601543426513672,-22.072250366210938,9.484262466430664,0.0053682937286794186
12.210000038146973,-25.714916229248047,-25.62125015258789,9.227544784545898,0.003468917217105627
12.220000267028809,-23.554683685302734,-27.72266960144043,8.97243881225586,0.0025193083565682173
12.229999542236328,-21.153423309326172,-28.901948928833008,8.711817741394043,0.001898740534670651
12.239999771118164,-18.680187225341797,-29.8571720123291,8.44766902923584,0.000754727516323328
12.25,-16.216121673583984,-31.152448654174805,8.18327522277832,-0.0006206473335623741
12.260000228881836,-13.490996360778809,-32.816043853759766,7.914468765258789,-0.0013388942461460829
12.270000457763672,-10.373330116271973,-32.7143440246582,7.643435001373291,-0.002616431098431349
12.279999732971191,-7.744612693786621,-33.42790985107422,7.382608413696289,-0.0027140306774526834
12.289999961853027,-4.989558219909668,-34.276695251464844,7.108763217926025,-0.0033350754529237747
12.300000190734863,-2.0182607173919678,-34.51727294921875,6.832631587982178,-0.0041862898506224155
12.3100004196167,0.3914051353931427,-33.74254608154297,6.553123950958252,-0.004088451620191336
12.319999694824219,2.382842540740967,-33.63164138793945,6.2703070640563965,-0.0037609213031828403
12.329999923706055,4.4548773765563965,-33.69130325317383,5.9801740646362305,-0.004284286871552467
12.34000015258789,6.607254981994629,-33.20829772949219,5.697351932525635,-0.004611499607563019
12.350000381469727,8.99826431274414,-32.310638427734375,5.4112935066223145,-0.004284445662051439
12.359999656677246,11.777886390686035,-31.698442459106445,5.127589702606201,-0.0047095762565732
12.369999885559082,13.874135971069336,-31.80934715270996,4.847140312194824,-0.0046112616546452045
12.380000114440918,15.44520378112793,-30.160486221313477,4.568204879760742,-0.00408789562061429
12.390000343322754,16.28197479248047,-29.498706817626953,4.283441066741943,-0.0038599513936787844
12.399999618530273,17.164308547973633,-29.14884376525879,3.9961695671081543,-0.004611022770404816
12.40999984741211,18.72834587097168,-27.907617568969727,3.7103629112243652,-0.0041862898506224155
12.420000076293945,19.566844940185547,-27.24217987060547,3.4203572273254395,-0.0041862898506224155
12.430000305175781,20.405345916748047,-26.076969146728516,3.129044532775879,-0.003988706506788731
12.4399995803833,20.96387481689453,-24.78293800354004,2.841143846511841,-0.003337459871545434
12.449999809265137,21.656261444091797,-24.174604415893555,2.5521955490112305,-0.0039883884601294994
12.460000038146973,22.620174407958984,-24.150894165039062,2.270024299621582,-0.0030406874138861895
12.470000267028809,23.24905014038086,-22.70911407470703,1.9813467264175415,-0.002616431098431349
12.479999542236328,23.675132751464844,-22.447526931762695,1.6945823431015015,-0.002616431098431349
12.489999771118164,24.325159072875977,-22.79549789428711,1.4055662155151367,-0.002715699840337038
12.5,25.006391525268555,-22.184423446655273,1.1096274852752686,-0.002841673092916608
12.510000228881836,25.55130958557129,-20.76527214050293,0.810344934463501,-0.001669286284595728
12.520000457763672,25.85871696472168,-20.33652687072754,0.5182799696922302,-0.0019936379976570606
12.529999732971191,25.963529586791992,-20.33652687072754,0.22799251973628998,-0.0015698587521910667
12.539999961853027,26.319915771484375,-19.537925720214844,-0.06955228745937347,-0.0012708607828244567
12.550000190734863,26.204673767089844,-19.35669708251953,-0.3681192100048065,0
12.5600004196167,25.855201721191406,-19.72642707824707,-0.6639725565910339,-0.00009982495248550549
12.569999694824219,25.8238582611084,-19.91507339477539,-0.9542862176895142,-0.0005232862313278019
12.579999923706055,25.50942039489746,-19.804166793823242,-1.246839165687561,-0.00022333450033329427
12.59000015258789,24.9226131439209,-20.173606872558594,-1.5409191846847534,0.0011466358555480838
12.600000381469727,25.155902862548828,-20.757583618164062,-1.8322471380233765,0.0015698587521910667
12.609999656677246,25.094432830810547,-21.644437789916992,-2.125830888748169,0.0016700811684131622
12.619999885559082,24.010486602783203,-22.331071853637695,-2.418025016784668,0.0019928431138396263
12.630000114440918,23.800861358642578,-20.334760665893555,-2.701098680496216,0.0017706212820485234
12.640000343322754,22.907176971435547,-22.57802963256836,-2.9871716499328613,0.0025159702636301517
12.649999618530273,22.76964569091797,-22.80352020263672,-3.2756993770599365,0.0019926046952605247
12.65999984741211,22.3450927734375,-23.42089080810547,-3.565486431121826,0.0017710982356220484
12.670000076293945,21.265094757080078,-25.381752014160156,-3.8478171825408936,0.002616431098431349
12.680000305175781,20.426593780517578,-26.490814208984375,-4.133520603179932,0.002616431098431349
12.6899995803833,19.3787841796875,-26.713956832885742,-4.42362642288208,0.002616431098431349
12.699999809265137,18.731586456298828,-26.93577003479004,-4.702088356018066,0.002616431098431349
12.710000038146973,17.76180076599121,-27.57026481628418,-4.980550289154053,0.0027174483984708786
12.720000267028809,16.39923858642578,-28.336986541748047,-5.259011745452881,0.0030386208090931177
12.729999542236328,15.050227165222168,-28.594646453857422,-5.538454055786133,0.002515255007892847
12.739999771118164,13.897290229797363,-29.370988845825195,-5.81532621383667,0.0020931449253112078
12.75,12.134528160095215,-30.976980209350586,-6.09231424331665,0.0020931449253112078
12.760000228881836,10.373198509216309,-31.823415756225586,-6.363254547119141,0.002194559434428811
12.770000457763672,8.543487548828125,-31.964433670043945,-6.637092113494873,0.0024134430568665266
12.779999732971191,6.433529853820801,-32.15299606323242,-6.915060043334961,0.0015698587521910667
12.789999961853027,4.2324676513671875,-33.59477615356445,-7.1892595291137695,0.0014682058244943619
12.800000190734863,2.219506025314331,-33.941856384277344,-7.460112571716309,0.0010465724626556039
12.8100004196167,0.019327716901898384,-34.01641845703125,-7.72964334487915,0.0008429486188106239
12.819999694824219,-2.376767873764038,-34.01641845703125,-7.996877670288086,-0.00010189139720750973
12.829999923706055,-4.974829196929932,-33.86353302001953,-8.265214920043945,-0.0007272280054166913
12.84000015258789,-7.909578323364258,-33.087188720703125,-8.533157348632812,-0.0015698587521910667
12.850000381469727,-9.935482025146484,-32.631404876708984,-8.797163009643555,-0.0019783780444413424
12.859999656677246,-12.692049026489258,-31.863937377929688,-9.058786392211914,-0.0037652128376066685
12.869999885559082,-15.367311477661133,-30.921619415283203,-9.31755542755127,-0.004390867426991463
12.880000114440918,-17.811050415039062,-30.0401668548584,-9.577167510986328,-0.005437598563730717
12.890000343322754,-20.62236976623535,-29.429819107055664,-9.832326889038086,-0.0065867784433066845
12.899999618530273,-22.82343292236328,-26.989883422851562,-10.079401016235352,-0.008156875148415565
12.90999984741211,-25.024494171142578,-24.814834594726562,-10.323124885559082,-0.009624365717172623
12.920000076293945,-27.28453254699707,-22.957233428955078,-10.568696022033691,-0.010876469314098358
12.930000305175781,-29.314363479614258,-20.81899070739746,-11.011362075805664,-0.0127644008025527
12.9399995803833,-30.761667251586914,-17.809185028076172,-11.117926597595215,-0.013811132870614529
12.949999809265137,-32.01941680908203,-15.701966285705566,-11.293013572692871,-0.014652014710009098
12.960000038146973,-33.909812927246094,-9.386919021606445,-11.531840324401855,-0.014549010433256626
12.970000267028809,-35.110355377197266,-4.910459518432617,-11.76302433013916,-0.0141287287697196
12.979999542236328,-35.6368522644043,-1.6090611219406128,-11.993522644042969,-0.014231892302632332
12.989999771118164,-35.76163864135742,2.1258420944213867,-12.225947380065918,-0.014755257405340672
13,-35.447200775146484,5.674841403961182,-12.45244026184082,-0.01507197879254818
13.010000228881836,-35.3273811340332,8.606033325195312,-12.670748710632324,-0.014652014710009098
13.020000457763672,-34.63984680175781,12.26034927368164,-12.887945175170898,-0.014652014710009098
13.029999732971191,-33.1160888671875,15.689963340759277,-13.105695724487305,-0.014444894157350063
13.039999961853027,-31.058429718017578,18.664939880371094,-13.318035125732422,-0.013501802459359169
13.050000190734863,-29.486242294311523,22.324844360351562,-13.531477928161621,-0.0126672787591815
13.0600004196167,-26.454654693603516,25.102323532104492,-13.74618911743164,-0.01078141387552023
13.069999694824219,-23.81395721435547,27.452922821044922,-13.961764335632324,-0.00963080395013094
13.079999923706055,-20.800729751586914,29.72956657409668,-14.165617942810059,-0.008164663799107075
13.09000015258789,-17.156919479370117,32.15647506713867,-14.36834716796875,-0.0069098579697310925
13.100000381469727,-13.024691581726074,34.703765869140625,-14.564208984375,-0.00460816128179431
13.109999656677246,-8.203316688537598,35.48011016845703,-14.758865356445312,-0.0016763597959652543
13.119999885559082,-2.7750041484832764,35.9812126159668,-14.955480575561523,0.0007299302378669381
13.130000114440918,2.4688801765441895,36.490692138671875,-15.141836166381836,0.004289134871214628
13.140000343322754,7.688706874847412,36.04619598388672,-15.325923919677734,0.007116024848073721
13.149999618530273,13.070926666259766,33.701454162597656,-15.509177207946777,0.008999665267765522
13.15999984741211,17.263425827026367,30.485172271728516,-15.691326141357422,0.012035265564918518
13.170000076293945,21.830476760864258,25.584497451782227,-15.873083114624023,0.014547421596944332
13.180000305175781,25.543041229248047,20.77556800842285,-16.044448852539062,0.016326626762747765
13.1899995803833,28.38994789123535,15.360757827758789,-16.211090087890625,0.017059655860066414
13.199999809265137,30.47331428527832,8.906790733337402,-16.383825302124023,0.018315019086003304
13.210000038146973,31.626251220703125,2.3633229732513428,-16.552799224853516,0.018315019086003304
13.220000267028809,31.069490432739258,-3.8608920574188232,-16.712461471557617,0.018420089036226273
13.229999542236328,29.6035099029541,-10.47426700592041,-16.87203025817871,0.01862800493836403
13.239999771118164,27.25376319885254,-16.802488327026367,-17.023319244384766,0.0175812728703022
13.25,23.938766479492188,-22.278165817260742,-17.167278289794922,0.01632392406463623
13.260000228881836,19.536640167236328,-26.56080436706543,-17.314237594604492,0.014335849322378635
13.270000457763672,15.134517669677734,-29.222553253173828,-17.4611873626709,0.012660284526646137
13.279999732971191,10.151162147521973,-32.411468505859375,-17.596094131469727,0.010355726815760136
13.289999961853027,4.429719924926758,-34.251426696777344,-17.721927642822266,0.007215532474219799
13.300000190734863,-1.7542165517807007,-34.52003860473633,-17.848894119262695,0.003969631623476744
13.3100004196167,-7.9092841148376465,-33.90441131591797,-17.97803497314453,0.00009449987555854023
13.319999694824219,-13.778783798217773,-32.68444061279297,-18.096250534057617,-0.0045099263079464436
13.329999923706055,-19.288421630859375,-30.70290184020996,-18.21940040588379,-0.008590906858444214
13.34000015258789,-23.95272445678711,-27.556133270263672,-18.336088180541992,-0.012254467234015465
13.350000381469727,-28.14522361755371,-23.351213455200195,-18.449445724487305,-0.015918027609586716
13.359999656677246,-32.1059455871582,-18.751628875732422,-18.5540714263916,-0.01936922036111355
13.369999885559082,-34.83106994628906,-15.64625358581543,-18.65427017211914,-0.02166726067662239
13.380000114440918,-36.49031448364258,-9.977588653564453,-18.751914978027344,-0.022820334881544113
13.390000343322754,-37.48307800292969,-3.1798899173736572,-18.85149383544922,-0.024177588522434235
13.399999618530273,-37.68922805786133,3.2678208351135254,-18.951066970825195,-0.024381453171372414
13.40999984741211,-37.05858612060547,8.241498947143555,-19.04181480407715,-0.023121558129787445
13.420000076293945,-35.696022033691406,11.235967636108398,-19.12451934814453,-0.021348075941205025
13.430000305175781,-32.56834411621094,17.306718826293945,-19.203901290893555,-0.020397750660777092
13.4399995803833,-29.900131225585938,22.81873893737793,-19.283411026000977,-0.017674105241894722
13.449999809265137,-26.012367248535156,27.851829528808594,-19.352359771728516,-0.014533909037709236
13.460000038146973,-20.754873275756836,31.816068649291992,-19.422409057617188,-0.011179759167134762
13.470000267028809,-15.158157348632812,33.83756637573242,-19.493236541748047,-0.0069928341545164585
13.479999542236328,-8.869407653808594,36.277503967285156,-19.560348510742188,-0.0024844969157129526
13.489999771118164,-2.0628998279571533,36.7999267578125,-19.60112762451172,0.0029508767183870077
13.5,4.792901039123535,36.452911376953125,-19.658756256103516,0.007352394517511129
13.510000228881836,11.418947219848633,34.404109954833984,-19.713829040527344,0.012371300719678402
13.520000457763672,17.565982818603516,29.747896194458008,-19.760591506958008,0.016343317925930023
13.529999732971191,22.701793670654297,24.31348991394043,-19.806968688964844,0.019268441945314407
13.539999961853027,26.34599494934082,18.089920043945312,-19.843063354492188,0.021254289895296097
13.550000190734863,29.392274856567383,10.531461715698242,-19.878128051757812,0.022609001025557518
13.5600004196167,31.070785522460938,2.1838200092315674,-19.91499900817871,0.022916821762919426
13.569999694824219,30.818918228149414,-5.957574844360352,-19.941930770874023,0.02217775210738182
13.579999923706055,29.037105560302734,-12.39013671875,-19.964250564575195,0.020715584978461266
13.59000015258789,25.45244789123535,-19.246623992919922,-19.988718032836914,0.019344821572303772
13.600000381469727,21.027130126953125,-25.321924209594727,-20.010662078857422,0.0167279914021492
13.609999656677246,15.747170448303223,-29.84254264831543,-20.024877548217773,0.014002993702888489
13.619999885559082,9.743931770324707,-32.492759704589844,-20.03415298461914,0.010754549875855446
13.630000114440918,3.3230321407318115,-33.49573516845703,-20.045583724975586,0.006766002159565687
13.640000343322754,-4.328279495239258,-34.71570587158203,-20.050758361816406,0.001857570605352521
13.649999618530273,-10.905523300170898,-33.75007247924805,-20.057357788085938,-0.0023484297562390566
13.65999984741211,-16.961669921875,-31.151348114013672,-20.0605525970459,-0.008085980080068111
13.670000076293945,-22.528043746948242,-27.855810165405273,-20.053325653076172,-0.012075481936335564
13.680000305175781,-27.417388916015625,-24.70540428161621,-20.060182571411133,-0.01698295958340168
13.6899995803833,-31.924325942993164,-19.93643569946289,-20.050861358642578,-0.020320100709795952
13.699999809265137,-34.46109390258789,-15.072708129882812,-20.0382022857666,-0.022304680198431015
13.710000038146973,-36.07640838623047,-9.573030471801758,-20.02748680114746,-0.02387477457523346
13.720000267028809,-36.887413024902344,-3.351205825805664,-20.02194595336914,-0.025117740035057068
13.729999542236328,-36.8469352722168,3.34574818611145,-20.011722564697266,-0.024899490177631378
13.739999771118164,-36.00843811035156,9.667404174804688,-20.005264282226562,-0.023743556812405586
13.75,-33.91562271118164,14.253439903259277,-19.99738883972168,-0.022064175456762314
13.760000228881836,-31.210453033447266,19.375513076782227,-19.989551544189453,-0.019970713183283806
13.770000457763672,-27.800247192382812,24.206199645996094,-19.979843139648438,-0.01743948459625244
13.779999732971191,-23.632768630981445,28.236478805541992,-19.963869094848633,-0.013252558186650276
13.789999961853027,-18.81139373779297,32.007293701171875,-19.944616317749023,-0.009065632708370686
13.800000190734863,-12.645583152770996,34.246070861816406,-19.920541763305664,-0.00487870629876852
13.8100004196167,-5.987957954406738,36.464195251464844,-19.889083862304688,-0.0003625013050623238
13.819999694824219,0.9882882833480835,36.83766555786133,-19.85762596130371,0.0051748426631093025
13.829999923706055,7.875472545623779,35.348026275634766,-19.822467803955078,0.009665296413004398
13.84000015258789,14.12545394897461,33.25165557861328,-19.775550842285156,0.013438855297863483
13.850000381469727,19.68051528930664,27.373624801635742,-19.723857879638672,0.01740562543272972
13.859999656677246,24.290889739990234,20.405109405517578,-19.67584228515625,0.020215347409248352
13.869999885559082,27.7104434967041,14.105938911437988,-19.625076293945312,0.021564971655607224
13.880000114440918,29.992280960083008,7.6288652420043945,-19.56216049194336,0.021978022530674934
13.890000343322754,31.147890090942383,-0.4223623275756836,-19.508554458618164,0.021867627277970314
13.899999618530273,29.994951248168945,-8.962142944335938,-19.44724464416504,0.021233785897493362
13.90999984741211,27.357004165649414,-15.930574417114258,-19.38237190246582,0.019965944811701775
13.920000076293945,23.570262908935547,-22.334272384643555,-19.318105697631836,0.01754057966172695
13.930000305175781,19.00971221923828,-27.384424209594727,-19.236610412597656,0.014209160581231117
13.9399995803833,13.967106819152832,-30.535078048706055,-19.158082962036133,0.011894111521542072
13.949999809265137,8.412044525146484,-32.42048263549805,-19.072839736938477,0.008864790201187134
13.960000038146973,2.0590174198150635,-33.25044250488281,-18.983856201171875,0.005804153624922037
13.970000267028809,-4.635646820068359,-33.7878303527832,-18.893301010131836,0.001204893458634615
13.979999542236328,-11.092818260192871,-32.99498748779297,-18.800649642944336,-0.0029820322524756193
13.989999771118164,-16.961257934570312,-30.609100341796875,-18.700897216796875,-0.007057767827063799
14,-22.183225631713867,-27.394792556762695,-18.59419059753418,-0.010832597501575947
14.010000228881836,-26.37572479248047,-24.289417266845703,-18.489852905273438,-0.01479682419449091
14.020000457763672,-29.910558700561523,-20.57512855529785,-18.35001564025879,-0.017714159563183784
14.029999732971191,-33.55324935913086,-12.966611862182617,-18.181730270385742,-0.01980762369930744
14.039999961853027,-36.20038986206055,-5.699042797088623,-18.158151626586914,-0.021454736590385437
14.050000190734863,-36.217987060546875,-5.289414882659912,-18.03972816467285,-0.021566404029726982
14.0600004196167,-36.427608489990234,-0.40954068303108215,-17.911855697631836,-0.022089768201112747
14.069999694824219,-35.924110412597656,5.03627347946167,-17.797475814819336,-0.022054003551602364
14.079999923706055,-35.101219177246094,10.581585884094238,-17.678634643554688,-0.020296256989240646
14.09000015258789,-33.55489730834961,15.488828659057617,-17.556331634521484,-0.019324950873851776
14.100000381469727,-30.96074676513672,19.370546340942383,-17.41543960571289,-0.016820186749100685
14.109999656677246,-27.921184539794922,23.25226593017578,-17.282562255859375,-0.014726724475622177
14.119999885559082,-24.689476013183594,27.032323837280273,-17.139291763305664,-0.012408814392983913
14.130000114440918,-20.50944709777832,30.045473098754883,-16.986406326293945,-0.009605529718101025
14.140000343322754,-15.520631790161133,32.5576057434082,-16.842416763305664,-0.007361136842519045
14.149999618530273,-10.138371467590332,34.33507537841797,-16.69713020324707,-0.0029882316011935472
14.15999984741211,-5.002559185028076,34.11326217651367,-16.54555892944336,0.00015196282765828073
14.170000076293945,1.0603039264678955,35.41737365722656,-16.387155532836914,0.003517399076372385
14.180000305175781,6.982357025146484,34.67070388793945,-16.23415184020996,0.007478924002498388
14.1899995803833,12.527462005615234,32.65683364868164,-16.081125259399414,0.010167998261749744
14.199999809265137,17.47212791442871,29.69887351989746,-15.92037296295166,0.01166616752743721
14.210000038146973,21.664627075195312,25.624893188476562,-15.756098747253418,0.014354606159031391
14.220000267028809,25.857128143310547,19.96867561340332,-15.581792831420898,0.015514356084167957
14.229999542236328,28.6821346282959,14.222020149230957,-15.411720275878906,0.016518963500857353
14.239999771118164,30.5876522064209,8.196717262268066,-15.236875534057617,0.01581176556646824
14.25,31.799327850341797,1.8700116872787476,-15.069306373596191,0.016108617186546326
14.260000228881836,32.29185104370117,-4.405510902404785,-14.888712882995605,0.015585251152515411
14.270000457763672,30.929288864135742,-8.619948387145996,-14.707804679870605,0.015061884187161922
14.279999732971191,29.47432518005371,-13.421022415161133,-14.517891883850098,0.014765509404242039
14.289999961853027,27.123849868774414,-19.019699096679688,-14.326835632324219,0.014493852853775024
14.300000190734863,24.03314971923828,-24.134872436523438,-14.131433486938477,0.011921929195523262
14.3100004196167,20.46039390563965,-27.815641403198242,-13.935694694519043,0.011171096004545689
14.319999694824219,16.37270736694336,-30.58829689025879,-13.732298851013184,0.00971481204032898
14.329999923706055,12.583020210266113,-31.679218292236328,-13.528133392333984,0.008440295234322548
14.34000015258789,8.360590934753418,-33.39031982421875,-13.320905685424805,0.006460804957896471
14.350000381469727,3.857680082321167,-34.320167541503906,-13.106950759887695,0.004662604536861181
14.359999656677246,-0.7540693879127502,-34.23550796508789,-12.893787384033203,0.0021599067840725183
14.369999885559082,-5.3600053787231445,-34.54669952392578,-12.686787605285645,0.00018065454787574708
14.380000114440918,-9.552505493164062,-33.32672882080078,-12.474105834960938,-0.0016180226812139153
14.390000343322754,-13.417821884155273,-31.933656692504883,-12.25325870513916,-0.0037773733492940664
14.399999618530273,-17.248397827148438,-30.552534103393555,-12.028430938720703,-0.004758534952998161
14.40999984741211,-20.83075714111328,-29.047828674316406,-11.796974182128906,-0.007146306335926056
14.420000076293945,-23.782278060913086,-27.189043045043945,-11.562222480773926,-0.008487187325954437
14.430000305175781,-26.926652908325195,-25.636356353759766,-11.3203125,-0.009239927865564823
14.4399995803833,-29.716115951538086,-22.863140106201172,-11.087289810180664,-0.010465724393725395
14.449999809265137,-31.605880737304688,-19.52869987487793,-10.853809356689453,-0.010925110429525375
14.460000038146973,-33.00823211669922,-16.527019500732422,-10.617110252380371,-0.012558870017528534
14.470000267028809,-34.444969177246094,-14.273921966552734,-10.378262519836426,-0.012558870017528534
14.479999542236328,-35.702720642089844,-11.168547630310059,-10.139413833618164,-0.012558870017528534
14.489999771118164,-36.76914978027344,-4.925275802612305,-10.132650375366211,-0.012558870017528534
14.5,-37.53251266479492,-0.7170316576957703,-9.917531967163086,-0.012789357453584671
14.510000228881836,-37.8343391418457,2.190594434738159,-9.669227600097656,-0.013374796137213707
14.520000457763672,-37.707275390625,4.758166313171387,-9.423460006713867,-0.012328064069151878
14.529999732971191,-37.497650146484375,6.976291179656982,-9.174363136291504,-0.011396815069019794
14.539999961853027,-36.56987380981445,9.628647804260254,-8.925509452819824,-0.010989011265337467
14.550000190734863,-35.93905258178711,12.62105941772461,-8.675057411193848,-0.010873369872570038
14.5600004196167,-34.93210983276367,15.045161247253418,-8.425490379333496,-0.010465724393725395
14.569999694824219,-33.493919372558594,16.912302017211914,-8.172861099243164,-0.010118323378264904
14.579999923706055,-32.15492248535156,19.069393157958984,-7.914236068725586,-0.008895865641534328
14.59000015258789,-31.316423416137695,22.285673141479492,-7.65941047668457,-0.008663947694003582
14.600000381469727,-30.1377010345459,24.33194351196289,-7.410600662231445,-0.007733255159109831
14.609999656677246,-28.69819450378418,25.40125274658203,-7.155430316925049,-0.007209889590740204
14.619999885559082,-27.270471572875977,26.6818790435791,-6.893280029296875,-0.006686523091048002
14.630000114440918,-26.117534637451172,29.14646339416504,-6.629003047943115,-0.006279435008764267
14.640000343322754,-24.964595794677734,30.03371238708496,-6.357939720153809,-0.006046721711754799
14.649999618530273,-23.167739868164062,30.5316162109375,-6.088798999786377,-0.004999990109354258
14.65999984741211,-21.82126235961914,32.33267593383789,-5.8194169998168945,-0.0044193207286298275
14.670000076293945,-20.643993377685547,33.83584213256836,-5.546762466430664,-0.0047664823941886425
14.680000305175781,-19.225696563720703,33.79652404785156,-5.272961139678955,-0.003256391966715455
14.6899995803833,-17.548696517944336,33.57471466064453,-5.012618064880371,-0.0034294959623366594
14.699999809265137,-16.069536209106445,34.190277099609375,-4.7411417961120605,-0.0024995978455990553
14.710000038146973,-14.676612854003906,35.80106735229492,-4.461521148681641,-0.002210057806223631
14.720000267028809,-13.56395435333252,36.58098220825195,-4.182600498199463,-0.002499438589438796
14.729999542236328,-12.648921012878418,36.40436935424805,-3.905886650085449,-0.001976073021069169
14.739999771118164,-11.500147819519043,37.380496978759766,-3.624070167541504,-0.0016870100516825914
14.75,-10.766460418701172,36.16053009033203,-3.3427834510803223,-0.0018586834194138646
14.760000228881836,-9.625856399536133,35.543365478515625,-3.0659096240997314,-0.0009292622562497854
14.770000457763672,-8.65267276763916,35.88262939453125,-2.790316581726074,-0.0006406759493984282
14.779999732971191,-7.95142936706543,36.365840911865234,-2.5130555629730225,-0.001164041692391038
14.789999961853027,-7.31458044052124,35.8016471862793,-2.2335879802703857,-0.0014523100107908249
14.800000190734863,-6.580893516540527,36.46708679199219,-1.9536775350570679,-0.0009289443260058761
14.8100004196167,-6.288784980773926,37.412872314453125,-1.6736998558044434,-0.0006409938214346766
14.819999694824219,-5.951468467712402,37.26254653930664,-1.3908944129943848,-0.0010465724626556039
14.829999923706055,-5.650346279144287,36.91694259643555,-1.1091922521591187,-0.0010465724626556039
14.84000015258789,-5.5008158683776855,37.471473693847656,-0.8280134201049805,-0.0010465724626556039
14.850000381469727,-5.081566333770752,38.026004791259766,-0.5450223684310913,-0.0009285469423048198
14.859999656677246,-5.614799976348877,36.766387939453125,-0.26278695464134216,-0.0007594962371513247
14.869999885559082,-5.819004535675049,36.59779357910156,0.023754412308335304,-0.0015698587521910667
14.880000114440918,-5.91162109375,36.9924201965332,0.2987210750579834,-0.0013333308743312955
14.890000343322754,-6.09940767288208,37.34824752807617,0.5803529620170593,-0.0008783165249042213
14.899999618530273,-6.204220294952393,37.7918701171875,0.8581143617630005,-0.0018562991172075272
14.90999984741211,-6.717756271362305,36.72179412841797,1.14725661277771,-0.001165074878372252
14.920000076293945,-7.39724063873291,36.435020446777344,1.4339087009429932,-0.0014512768248096108
14.930000305175781,-8.07768726348877,35.53364181518555,1.7159079313278198,-0.0011652337852865458
14.9399995803833,-8.792874336242676,34.27668380737305,1.9983031749725342,-0.0013323770835995674
14.949999809265137,-9.727585792541504,34.405792236328125,2.2769880294799805,-0.00040446591447107494
14.960000038146973,-10.461272239685059,34.960323333740234,2.555830478668213,0
14.970000267028809,-11.787463188171387,34.26095199584961,2.833543539047241,0
14.979999542236328,-12.953971862792969,33.45381164550781,3.1079561710357666,0
14.989999771118164,-14.040098190307617,33.128387451171875,3.382741928100586,0
15,-15.324026107788086,33.38978576660156,3.6601643562316895,0
15.010000228881836,-15.952900886535645,33.05706787109375,3.9386866092681885,0.00023859436623752117
15.020000457763672,-17.039657592773438,32.33675003051758,4.212673187255859,0.0011659491574391723
15.029999732971191,-18.192594528198242,31.56040382385254,4.48236083984375,0.0014504026621580124
15.039999961853027,-19.388166427612305,30.64871597290039,4.7568488121032715,0.0012856436660513282
15.050000190734863,-20.664081573486328,29.597320556640625,5.022615432739258,0.001973529811948538
15.0600004196167,-22.02664566040039,28.82097625732422,5.289309024810791,0.0018092478858307004
15.069999694824219,-23.38920783996582,27.83616065979004,5.553789138793945,0.0028559791389852762
15.079999923706055,-24.89984703063965,26.36794662475586,5.822918891906738,0.0034232966136187315
15.09000015258789,-26.07548713684082,25.176406860351562,6.090959548950195,0.0028562969528138638
15.100000381469727,-26.934667587280273,24.218833923339844,6.3516669273376465,0.0037830162327736616
15.109999656677246,-28.19430160522461,22.328107833862305,6.622228145599365,0.004306382033973932
15.119999885559082,-29.766489028930664,19.555452346801758,6.890291690826416,0.004949918948113918
15.130000114440918,-31.095762252807617,18.410690307617188,7.150280952453613,0.005876399576663971
15.140000343322754,-32.18400955200195,16.728891372680664,7.40618896484375,0.006399765145033598
15.149999618530273,-33.15935134887695,14.516980171203613,7.6591620445251465,0.006923130713403225
15.15999984741211,-34.1545524597168,13.067198753356934,7.914161682128906,0.007446496747434139
15.170000076293945,-34.46898651123047,11.514511108398438,8.171651840209961,0.008090431801974773
15.180000305175781,-35.22294616699219,8.752640724182129,8.431315422058105,0.00901651382446289
15.1899995803833,-35.617408752441406,6.22802209854126,8.688169479370117,0.00953988078981638
15.199999809265137,-35.64429473876953,3.391465663909912,8.936664581298828,0.009942438453435898
15.210000038146973,-35.6119499206543,-0.29088324308395386,9.184025764465332,0.010063325054943562
15.220000267028809,-36.03120040893555,-2.730820655822754,9.428646087646484,0.010465724393725395
15.229999542236328,-35.69176483154297,-5.672506332397461,9.661664009094238,0.010586770251393318
15.239999771118164,-34.77995300292969,-8.220232009887695,9.888477325439453,0.010867885313928127
15.25,-33.81059646606445,-10.986342430114746,10.10822582244873,0.010465724393725395
15.260000228881836,-33.076908111572266,-14.336201667785645,10.34557056427002,0.010465724393725395
15.270000457763672,-32.343223571777344,-17.774293899536133,10.575098037719727,0.010222997516393661
15.279999732971191,-30.38831329345703,-20.45859146118164,10.80117130279541,0.0094191525131464
15.289999961853027,-28.087682723999023,-23.447511672973633,11.022844314575195,0.009054584428668022
15.300000190734863,-25.518508911132812,-26.329286575317383,11.252437591552734,0.00760608958080411
15.3100004196167,-22.73666763305664,-28.33087730407715,11.474437713623047,0.00643767649307847
15.319999694824219,-19.809694290161133,-28.647323608398438,11.695548057556152,0.004989339970052242
15.329999923706055,-17.084569931030273,-31.419981002807617,11.91776180267334,0.003577087540179491
15.34000015258789,-13.011749267578125,-32.76658630371094,12.141858100891113,0.0013260188279673457
15.350000381469727,-8.549863815307617,-33.51179885864258,12.356668472290039,0.000035288430808577687
15.359999656677246,-4.07821798324585,-33.99164962768555,12.560627937316895,-0.0021802533883601427
15.369999885559082,0.34554845094680786,-34.19841384887695,12.76756763458252,-0.004430606495589018
15.380000114440918,4.9572978019714355,-33.311161041259766,12.976522445678711,-0.005721813999116421
15.390000343322754,9.477884292602539,-32.230987548828125,13.177592277526855,-0.007692959159612656
15.399999618530273,13.784740447998047,-31.051353454589844,13.37817668914795,-0.00950784981250763
15.40999984741211,17.597227096557617,-29.07185173034668,13.584178924560547,-0.01175724994391203
15.420000076293945,20.95293426513672,-25.92890739440918,13.78262996673584,-0.013049093075096607
15.430000305175781,24.830997467041016,-22.60171890258789,13.968330383300781,-0.014897285029292107
15.4399995803833,28.1204833984375,-18.651735305786133,14.155752182006836,-0.015944017097353935
15.449999809265137,30.41253089904785,-12.867259979248047,14.341772079467773,-0.017113542184233665
15.460000038146973,31.856752395629883,-6.5318474769592285,14.523567199707031,-0.018437892198562622
15.470000267028809,32.50383377075195,-0.40588322281837463,14.706489562988281,-0.019084211438894272
15.479999542236328,32.18766784667969,5.803951740264893,14.885990142822266,-0.019761843606829643
15.489999771118164,31.034730911254883,11.571076393127441,15.064337730407715,-0.0193615909665823
15.5,29.07620620727539,17.423442840576172,15.228361129760742,-0.018992016091942787
15.510000228881836,25.69728660583496,23.598220825195312,15.396998405456543,-0.017668461427092552
15.520000457763672,21.3583984375,29.12744903564453,15.567997932434082,-0.016651693731546402
15.529999732971191,17.137306213378906,32.48990249633789,15.730123519897461,-0.014281723648309708
15.539999961853027,12.525556564331055,34.818931579589844,15.893197059631348,-0.012588118202984333
15.550000190734863,6.513950824737549,36.8702278137207,16.05227279663086,-0.010371065698564053
15.5600004196167,0.09915948659181595,37.599525451660156,16.200775146484375,-0.00750690046697855
15.569999694824219,-5.820948600769043,37.3254508972168,16.344083786010742,-0.003967088181525469
15.579999923706055,-10.817541122436523,36.472923278808594,16.48634910583496,-0.0007030665874481201
15.59000015258789,-16.267789840698242,33.70026779174805,16.62410545349121,0.0029604933224618435
15.600000381469727,-20.9626522064209,31.127439498901367,16.757326126098633,0.006376080680638552
15.609999656677246,-24.9448184967041,28.502574920654297,16.890304565429688,0.008992909453809261
15.619999885559082,-28.522289276123047,25.02264976501465,17.022720336914062,0.011609737761318684
15.630000114440918,-31.834007263183594,20.586669921875,17.157752990722656,0.014475015923380852
15.640000343322754,-34.55913162231445,16.594045639038086,17.275991439819336,0.01776566170156002
15.649999618530273,-35.865272521972656,9.812952041625977,17.390527725219727,0.019485974684357643
15.65999984741211,-37.12302017211914,4.726600646972656,17.509206771850586,0.020009340718388557
15.670000076293945,-37.75177764892578,-0.486138254404068,17.62105941772461,0.0206572487950325
15.680000305175781,-37.33258819580078,-6.208937644958496,17.723867416381836,0.02133011445403099
15.6899995803833,-35.72563934326172,-11.218109130859375,17.83173942565918,0.020682046189904213
15.699999809265137,-33.10532760620117,-16.76342010498047,17.930028915405273,0.019510533660650253
15.710000038146973,-29.898284912109375,-22.486116409301758,18.025789260864258,0.017690714448690414
15.720000267028809,-26.069496154785156,-26.99725914001465,18.11603355407715,0.014948946423828602
15.729999542236328,-21.563091278076172,-30.214099884033203,18.21196937561035,0.011558713391423225
15.739999771118164,-16.37523651123047,-32.66582107543945,18.29734230041504,0.00749688595533371
15.75,-10.715360641479492,-34.218509674072266,18.3712215423584,0.003582968842238188
15.760000228881836,-4.692481517791748,-34.71489715576172,18.44546890258789,-0.0010020645568147302
15.770000457763672,1.3866426944732666,-34.416404724121094,18.524085998535156,-0.005314327776432037
15.779999732971191,7.465766906738281,-33.264305114746094,18.606014251708984,-0.00952295120805502
15.789999961853027,13.354138374328613,-31.122007369995117,18.682708740234375,-0.012265276163816452
15.800000190734863,18.280324935913086,-27.683914184570312,18.747568130493164,-0.015405470505356789
15.8100004196167,23.108829498291016,-22.695377349853516,18.811323165893555,-0.018168697133660316
15.819999694824219,27.27128028869629,-17.671159744262695,18.872392654418945,-0.019864531233906746
15.829999923706055,30.369443893432617,-11.648829460144043,18.926748275756836,-0.021957993507385254
15.84000015258789,32.08503341674805,-4.2858147621154785,18.979177474975586,-0.023547880351543427
15.850000381469727,32.189849853515625,3.588528633117676,19.030982971191406,-0.023673852905631065
15.859999656677246,30.516185760498047,12.237760543823242,19.074190139770508,-0.023819060996174812
15.869999885559082,27.476701736450195,19.78597068786621,19.124290466308594,-0.022520065307617188
15.880000114440918,22.904367446899414,25.93444061279297,19.16655158996582,-0.02055281400680542
15.890000343322754,17.380512237548828,30.684749603271484,19.20003318786621,-0.018603842705488205
15.899999618530273,11.842694282531738,34.23773956298828,19.227678298950195,-0.015210906974971294
15.90999984741211,5.029882907867432,36.23405075073242,19.2507381439209,-0.011023981496691704
15.920000076293945,-1.870007038116455,35.37398147583008,19.276365280151367,-0.006583996117115021
15.930000305175781,-8.787631034851074,34.92593002319336,19.303972244262695,-0.00173016672488302
15.9399995803833,-15.095038414001465,33.69492721557617,19.320709228515625,0.002440147800371051
15.949999809265137,-20.1853084564209,29.99643325805664,19.332569122314453,0.007690098136663437
15.960000038146973,-24.272994995117188,26.7801513671875,19.347257614135742,0.01122681051492691
15.970000267028809,-28.26667022705078,22.171194076538086,19.3568172454834,0.014367003925144672
15.979999542236328,-31.48459243774414,17.62297821044922,19.359148025512695,0.01725318655371666
15.989999771118164,-33.818748474121094,13.043654441833496,19.35840606689453,0.019346648827195168
16,-35.43394470214844,7.947702884674072,19.352581024169922,0.021185779944062233
16.010000228881836,-36.796504974365234,1.5151408910751343,19.34518051147461,0.021978022530674934
16.020000457763672,-35.433589935302734,-3.8492965698242188,19.332515716552734,0.021978022530674934
16.030000686645508,-34.27210998535156,-9.577394485473633,19.3167781829834,0.02172321453690529
16.040000915527344,-32.963966369628906,-15.070235252380371,19.304479598999023,0.020294032990932465
16.049999237060547,-30.730972290039062,-20.026248931884766,19.295917510986328,0.017804766073822975
16.059999465942383,-26.615713119506836,-24.534503936767578,19.280811309814453,0.01520073413848877
16.06999969482422,-21.584712982177734,-27.75078582763672,19.273820877075195,0.011141529306769371
16.079999923706055,-16.303495407104492,-30.261024475097656,19.264612197875977,0.007350168656557798
16.09000015258789,-10.427631378173828,-31.592252731323242,19.249008178710938,0.002779600443318486
16.100000381469727,-4.207814693450928,-32.40207290649414,19.232696533203125,-0.0023376208264380693
16.110000610351562,1.8913018703460693,-33.48966598510742,19.209922790527344,-0.0056058550253510475
16.1200008392334,8.18005084991455,-32.26969909667969,19.191484451293945,-0.009269414469599724
16.1299991607666,13.74609088897705,-29.424686431884766,19.16797637939453,-0.012932974845170975
16.139999389648438,18.86699676513672,-26.179914474487305,19.138965606689453,-0.016339978203177452
16.149999618530273,23.379196166992188,-21.494754791259766,19.10934829711914,-0.01882844977080822
16.15999984741211,27.054115295410156,-14.872777938842773,19.070396423339844,-0.020921912044286728
16.170000076293945,29.674427032470703,-8.99474811553955,19.02483558654785,-0.022501308470964432
16.18000030517578,31.224754333496094,-1.264040231704712,18.985158920288086,-0.022629905492067337
16.190000534057617,30.508092880249023,7.072505474090576,18.9484920501709,-0.02302459441125393
16.200000762939453,28.396114349365234,14.28261661529541,18.90338134765625,-0.02289583906531334
16.209999084472656,25.322439193725586,20.11557388305664,18.846595764160156,-0.022243639454245567
16.219999313354492,20.710689544677734,26.54813575744629,18.791399002075195,-0.02068125270307064
16.229999542236328,15.99473762512207,31.547292709350586,18.736257553100586,-0.017670052126049995
16.239999771118164,9.84296989440918,33.50077438354492,18.667301177978516,-0.014536929316818714
16.25,3.29504656791687,35.200653076171875,18.605859756469727,-0.010084942914545536
16.260000228881836,-3.1725337505340576,36.6499137878418,18.527795791625977,-0.006292151752859354
16.270000457763672,-9.49021053314209,35.87741470336914,18.44973373413086,-0.0017172914231196046
16.280000686645508,-14.626023292541504,33.437477111816406,18.373868942260742,0.003651558654382825
16.290000915527344,-19.675168991088867,30.630720138549805,18.296062469482422,0.007450073026120663
16.299999237060547,-23.83542251586914,27.549720764160156,18.209228515625,0.010066901333630085
16.309999465942383,-27.474498748779297,23.774564743041992,18.123416900634766,0.012813359498977661
16.31999969482422,-31.11518669128418,19.14586639404297,18.04176902770996,0.015434718690812588
16.329999923706055,-33.84031295776367,15.485960006713867,17.947174072265625,0.016741028055548668
16.34000015258789,-35.4422492980957,10.043325424194336,17.845083236694336,0.018704622983932495
16.350000381469727,-36.425724029541016,4.7528462409973145,17.746543884277344,0.019884876906871796
16.360000610351562,-36.757484436035156,-0.5851161479949951,17.652210235595703,0.02001490443944931
16.3700008392334,-36.325782775878906,-6.006346702575684,17.554128646850586,0.02027805708348751
16.3799991607666,-34.963218688964844,-10.442596435546875,17.448514938354492,0.019624505192041397
16.389999389648438,-33.097999572753906,-14.559717178344727,17.33681869506836,0.018577774986624718
16.399999618530273,-30.526824951171875,-19.790016174316406,17.221277236938477,0.017140008509159088
16.40999984741211,-27.490524291992188,-24.518192291259766,17.107946395874023,0.01426233071833849
16.420000076293945,-23.807397842407227,-28.002023696899414,16.985149383544922,0.010729275643825531
16.43000030517578,-18.87325668334961,-30.652551651000977,16.856843948364258,0.00771966390311718
16.440000534057617,-13.632631301879883,-32.87067413330078,16.734180450439453,0.004972172901034355
16.450000762939453,-8.143025398254395,-33.859336853027344,16.607791900634766,0.0018319785594940186
16.459999084472656,-2.880582571029663,-33.719730377197266,16.46797752380371,-0.001700680237263441
16.469999313354492,2.320685386657715,-33.087520599365234,16.331613540649414,-0.0058873677626252174
16.479999542236328,7.846995830535889,-32.744659423828125,16.181156158447266,-0.008373215794563293
16.489999771118164,13.08761978149414,-32.3010368347168,16.03276824951172,-0.010597738437354565
16.5,17.249128341674805,-28.622159957885742,15.879014015197754,-0.012952287681400776
16.510000228881836,21.49382781982422,-24.546245574951172,15.725858688354492,-0.014653604477643967
16.520000457763672,25.404117584228516,-19.989822387695312,15.572388648986816,-0.016353171318769455
16.530000686645508,28.399845123291016,-14.64279842376709,15.417815208435059,-0.017007915303111076
16.540000915527344,30.600908279418945,-9.762924194335938,15.256406784057617,-0.018054645508527756
16.549999237060547,31.930240631103516,-3.0382285118103027,15.094888687133789,-0.018575230613350868
16.559999465942383,32.2469367980957,2.5358026027679443,14.932876586914062,-0.017923347651958466
16.56999969482422,31.567100524902344,8.084335327148438,14.761591911315918,-0.018183322623372078
16.579999923706055,29.993497848510742,14.319896697998047,14.587550163269043,-0.01752818003296852
16.59000015258789,27.687623977661133,20.641551971435547,14.415703773498535,-0.016745159402489662
16.600000381469727,24.55141830444336,24.986345291137695,14.23523998260498,-0.016217421740293503
16.610000610351562,21.089757919311523,28.472360610961914,14.05231761932373,-0.014387986622750759
16.6200008392334,17.36157989501953,31.978843688964844,13.867180824279785,-0.013077069073915482
16.6299991607666,13.392375946044922,35.524620056152344,13.672765731811523,-0.010851433500647545
16.639999389648438,9.117117881774902,38.31892776489258,13.479552268981934,-0.008631361648440361
16.649999618530273,3.4572441577911377,37.764400482177734,13.288223266601562,-0.007055304013192654
16.65999984741211,-0.8225695490837097,38.30508804321289,13.0889892578125,-0.004179931711405516
16.670000076293945,-5.114363193511963,38.23154830932617,12.890893936157227,-0.0022189593873918056
16.68000030517578,-9.472044944763184,36.736961364746094,12.685284614562988,-0.00038372204289771616
16.690000534057617,-13.572575569152832,34.014305114746094,12.488197326660156,0.0019678075332194567
16.700000762939453,-17.76507568359375,33.23796463012695,12.29055118560791,0.003803362837061286
16.709999084472656,-20.839340209960938,32.75743103027344,12.08535099029541,0.0060217659920454025
16.719999313354492,-23.2243595123291,29.91432762145996,11.877960205078125,0.0070684971287846565
16.729999542236328,-25.851564407348633,26.934446334838867,11.669034004211426,0.00798226147890091
16.739999771118164,-28.869365692138672,25.220626831054688,11.452256202697754,0.008638673461973667
16.75,-30.441553115844727,22.337064743041992,11.231528282165527,0.00955227855592966
16.760000228881836,-32.01374053955078,19.453502655029297,11.010740280151367,0.009942438453435898
16.770000457763672,-33.58592987060547,16.32979965209961,10.790409088134766,0.010209009051322937
16.780000686645508,-34.74868392944336,12.571975708007812,10.567242622375488,0.010855646803975105
16.790000915527344,-35.61591720581055,8.896650314331055,10.337715148925781,0.010732613503932953
16.799999237060547,-36.84456253051758,7.088984489440918,10.110196113586426,0.011245248839259148
16.809999465942383,-36.739749908447266,3.7617974281311035,9.888477325439453,0.010732931084930897
16.81999969482422,-36.96526336669922,1.046288251876831,9.666695594787598,0.011378614231944084
16.829999923706055,-37.39592361450195,-1.8734947443008423,9.432061195373535,0.010587724857032299
16.84000015258789,-37.48264694213867,-4.7338032722473145,9.194639205932617,0.009686836041510105
16.850000381469727,-36.63497543334961,-6.860430717468262,8.96035099029541,0.010197882540524006
16.860000610351562,-35.69166564941406,-9.189461708068848,8.721503257751465,0.0094191525131464
16.8700008392334,-35.106407165527344,-11.518492698669434,8.474756240844727,0.009016911499202251
16.8799991607666,-34.51729965209961,-14.122825622558594,8.230952262878418,0.007580974604934454
16.889999389648438,-33.6855583190918,-16.63788414001465,7.982419967651367,0.0066684819757938385
16.899999618530273,-32.468204498291016,-18.728063583374023,7.740627288818359,0.006279435008764267
16.90999984741211,-30.89601707458496,-20.724376678466797,7.500614643096924,0.006010638549923897
16.920000076293945,-29.516721725463867,-22.00631332397461,7.259782314300537,0.005232862196862698
16.93000030517578,-28.01020622253418,-23.53092384338379,7.011032581329346,0.0048291911371052265
16.940000534057617,-26.723058700561523,-25.144250869750977,6.755422115325928,0.003932276740670204
16.950000762939453,-25.572418212890625,-26.550683975219727,6.496032238006592,0.004440144170075655
16.959999084472656,-23.685792922973633,-27.43793296813965,6.234475135803223,0.0036630036775022745
16.969999313354492,-21.79916763305664,-28.762739181518555,5.973853588104248,0.0033932537771761417
16.979999542236328,-20.30708885192871,-29.425642013549805,5.71340799331665,0.002616431098431349
16.989999771118164,-18.998964309692383,-29.696455001831055,5.449706554412842,0.0023463633842766285
17,-17.8011531829834,-30.187896728515625,5.185873508453369,0.0015698587521910667
17.010000228881836,-16.703536987304688,-31.57149314880371,4.924771308898926,0.0012994729913771152
17.020000457763672,-14.7121000289917,-31.904211044311523,4.666280269622803,0.0005232862313278019
17.030000686645508,-13.407393455505371,-32.2369270324707,4.402135372161865,0.0005232862313278019
17.040000915527344,-12.193083763122559,-31.855314254760742,4.132210731506348,0.00011699231254169717
17.049999237060547,-11.193644523620605,-31.67090606689453,3.8676576614379883,-0.0009110617102123797
17.059999465942383,-10.632287979125977,-32.54319381713867,3.597351551055908,-0.00038769596721976995
17.06999969482422,-9.793787956237793,-31.65594482421875,3.3281631469726562,-0.00027133949333801866
17.079999923706055,-8.584193229675293,-33.124717712402344,3.0621895790100098,-0.0010465724626556039
17.09000015258789,-7.463050365447998,-33.45371627807617,2.794555902481079,-0.0009107437217608094
17.100000381469727,-6.458759307861328,-32.5926513671875,2.53310489654541,-0.0007951026200316846
17.110000610351562,-5.592902660369873,-31.60164451599121,2.272414445877075,-0.0015698587521910667
17.1200008392334,-5.068840026855469,-32.59980010986328,2.0025370121002197,-0.0015698587521910667
17.1299991607666,-4.943603515625,-32.54292297363281,1.7347074747085571,-0.001297565526328981
17.139999389648438,-4.312136173248291,-32.83007049560547,1.466803789138794,-0.0005232862313278019
17.149999618530273,-4.0828328132629395,-32.62908172607422,1.1952521800994873,-0.0006595918093807995
17.15999984741211,-4.265415191650391,-32.46529006958008,0.9214940071105957,-0.0009101873729377985
17.170000076293945,-3.7504849433898926,-34.40169143676758,0.6475252509117126,-0.0005232862313278019
17.18000030517578,-3.7504849433898926,-32.95990753173828,0.3727034330368042,-0.0006598302279599011
17.190000534057617,-3.5861470699310303,-33.343994140625,0.09611741453409195,-0.0009099490125663579
17.200000762939453,-3.54961895942688,-34.17019271850586,-0.17777228355407715,-0.0005232862313278019
17.209999084472656,-3.7208893299102783,-34.24332046508789,-0.4535605311393738,-0.00038650378701277077
17.219999313354492,-4.01780891418457,-32.89421844482422,-0.7248145341873169,-0.0001368619268760085
17.229999542236328,-4.122621059417725,-32.561500549316406,-1.0008186101913452,-0.0003863448218908161
17.239999771118164,-4.762042045593262,-32.511627197265625,-1.275587797164917,-0.00013702087744604796
17.25,-5.624992370605469,-33.195518493652344,-1.5470553636550903,-0.000797486980445683
17.260000228881836,-6.568305015563965,-33.9646110534668,-1.81736159324646,-0.001295499037951231
17.270000457763672,-7.417468547821045,-34.12001037597656,-2.0887749195098877,-0.0003860269207507372
17.280000686645508,-7.731906414031982,-33.898197174072266,-2.3571102619171143,0
17.290000915527344,-8.334444999694824,-32.96506118774414,-2.6182029247283936,0
17.299999237060547,-9.750523567199707,-33.02705001831055,-2.878023147583008,0
17.309999465942383,-11.249772071838379,-32.98359680175781,-3.1404221057891846,-0.00013757722626905888
17.31999969482422,-12.425333023071289,-32.08755874633789,-3.406130790710449,-0.0005232862313278019
17.329999923706055,-13.683083534240723,-30.756683349609375,-3.6751492023468018,-0.0005232862313278019
17.34000015258789,-14.73490047454834,-31.822771072387695,-3.940737724304199,-0.0005232862313278019
17.350000381469727,-15.940018653869629,-31.85205078125,-4.204724311828613,-0.0006611813441850245
17.360000610351562,-17.413875579833984,-31.404996871948242,-4.469269752502441,-0.0013225217116996646
17.3700008392334,-18.824867248535156,-30.60026741027832,-4.7301435470581055,-0.0020931449253112078
17.3799991607666,-19.624677658081055,-29.212308883666992,-4.989339351654053,-0.002231278456747532
17.389999389648438,-21.720928192138672,-28.879589080810547,-5.248572826385498,-0.0028928571846336126
17.399999618530273,-22.962886810302734,-28.094892501831055,-5.503520965576172,-0.0038012962322682142
17.40999984741211,-24.376766204833984,-26.562610626220703,-5.76209831237793,-0.004601405933499336
17.420000076293945,-25.90781021118164,-25.377117156982422,-6.013400554656982,-0.00534079410135746
17.43000030517578,-27.153539657592773,-25.379175186157227,-6.274966239929199,-0.004601882770657539
17.440000534057617,-28.30647850036621,-22.828330993652344,-6.531290531158447,-0.005756148602813482
17.450000762939453,-29.736499786376953,-21.15707015991211,-6.787615776062012,-0.006033528130501509
17.459999084472656,-30.728633880615234,-20.03541374206543,-7.035831928253174,-0.006941490340977907
17.469999313354492,-31.67943000793457,-18.275190353393555,-7.289483547210693,-0.0074648563750088215
17.479999542236328,-32.88032531738281,-15.300775527954102,-7.541408538818359,-0.008127150125801563
17.489999771118164,-33.82363510131836,-12.417213439941406,-7.782372951507568,-0.00903487391769886
17.5,-34.76694869995117,-9.848852157592773,-8.026686668395996,-0.0094191525131464
17.510000228881836,-35.41096496582031,-7.773054122924805,-8.268280029296875,-0.009697485715150833
17.520000457763672,-36.035736083984375,-5.6745219230651855,-8.511442184448242,-0.010604971088469028
17.530000686645508,-36.61412048339844,-3.26332426071167,-8.751039505004883,-0.011267662048339844
17.540000915527344,-36.71893310546875,-0.5866124033927917,-8.98622989654541,-0.012314394116401672
17.549999237060547,-36.82374572753906,3.184199810028076,-9.223424911499023,-0.012942671775817871
17.559999465942383,-36.765045166015625,6.089913845062256,-9.459121704101562,-0.012837998569011688
17.56999969482422,-36.37379837036133,8.751663208007812,-9.690770149230957,-0.013605441898107529
17.579999923706055,-35.6136589050293,11.343964576721191,-9.918802261352539,-0.013605441898107529
17.59000015258789,-34.557186126708984,13.739742279052734,-10.138551712036133,-0.01346563920378685
17.600000381469727,-33.40424728393555,15.62514877319336,-10.360215187072754,-0.012942273169755936
17.610000610351562,-31.8078670501709,19.668996810913086,-10.581140518188477,-0.012138985097408295
17.6200008392334,-30.13086700439453,23.15390968322754,-10.795857429504395,-0.011269093491137028
17.6299991607666,-28.453866958618164,25.322452545166016,-11.012675285339355,-0.011475101113319397
17.639999389648438,-26.53240394592285,26.7086238861084,-11.230239868164062,-0.010082637891173363
17.649999618530273,-23.178403854370117,30.3685302734375,-11.439959526062012,-0.00976432766765356
17.65999984741211,-20.206890106201172,32.20718002319336,-11.65082836151123,-0.007568575907498598
17.670000076293945,-16.987533569335938,33.79548645019531,-11.861713409423828,-0.006381405517458916
17.68000030517578,-13.446808815002441,35.05179977416992,-12.059286117553711,-0.004951826296746731
17.690000534057617,-9.473655700683594,35.75102615356445,-12.262722969055176,-0.003764497581869364
17.700000762939453,-4.75709342956543,35.75102615356445,-12.463281631469727,-0.00205372367054224
17.709999084472656,-0.04053158313035965,37.3787727355957,-12.655808448791504,0.000039739250496495515
17.719999313354492,4.597946643829346,36.56365203857422,-12.846498489379883,0.0024148738011717796
17.729999542236328,9.10246753692627,35.1837158203125,-13.039721488952637,0.004850491415709257
17.739999771118164,13.417159080505371,33.76626968383789,-13.23233699798584,0.006078830920159817
17.75,17.504844665527344,31.44428062438965,-13.419870376586914,0.008795802481472492
17.760000228881836,21.592533111572266,26.897125244140625,-13.603958129882812,0.01036589965224266
17.770000457763672,24.915071487426758,23.069644927978516,-13.785710334777832,0.012077230028808117
17.780000686645508,27.817258834838867,17.74400520324707,-13.967619895935059,0.013888067565858364
17.790000915527344,30.037311553955078,12.11671257019043,-14.150875091552734,0.014934799633920193
17.799999237060547,31.225421905517578,7.878835678100586,-14.32154369354248,0.015981530770659447
17.809999465942383,31.854297637939453,0.7808360457420349,-14.493102073669434,0.01688670925796032
17.81999969482422,31.563682556152344,-5.24691915512085,-14.660247802734375,0.01726844534277916
17.829999923706055,29.997289657592773,-10.839340209960938,-14.8233642578125,0.01712673529982567
17.84000015258789,27.538171768188477,-16.22823715209961,-14.986310005187988,0.016603369265794754
17.850000381469727,24.652618408203125,-21.257482528686523,-15.143600463867188,0.015938134863972664
17.860000610351562,21.508241653442383,-24.917387008666992,-15.295205116271973,0.014749454334378242
17.8700008392334,17.27617073059082,-29.100444793701172,-15.446669578552246,0.013463414274156094
17.8799991607666,12.68121337890625,-30.874011993408203,-15.597121238708496,0.012513726018369198
17.889999389648438,7.515178203582764,-32.073116302490234,-15.747420310974121,0.01042026374489069
17.899999618530273,1.9571902751922607,-33.38632583618164,-15.887933731079102,0.008042266592383385
17.90999984741211,-3.2884418964385986,-33.602840423583984,-16.022106170654297,0.005186764989048243
17.920000076293945,-9.053128242492676,-33.270118713378906,-16.160289764404297,0.0026660256553441286
17.93000030517578,-14.167062759399414,-31.81844711303711,-16.291412353515625,-0.0008550293860025704
17.940000534057617,-18.92262840270996,-29.201419830322266,-16.416080474853516,-0.004422977101057768
17.950000762939453,-23.339954376220703,-26.319976806640625,-16.543067932128906,-0.008419949561357498
17.959999084472656,-27.275222778320312,-24.300243377685547,-16.66565704345703,-0.01079889852553606
17.969999313354492,-30.629222869873047,-20.640338897705078,-16.77983856201172,-0.01379626989364624
17.979999542236328,-33.36528778076172,-15.952934265136719,-16.892440795898438,-0.016270196065306664
17.989999771118164,-35.21992111206055,-11.41064167022705,-17.00063133239746,-0.018220676109194756
18,-36.34646224975586,-6.336073398590088,-17.105762481689453,-0.01993383653461933
18.010000228881836,-36.96121597290039,-0.2031889110803604,-17.21095085144043,-0.021311594173312187
18.020000457763672,-36.85640335083008,4.787591934204102,-17.311433792114258,-0.021217888221144676
18.030000686645508,-35.60908508300781,9.879117012023926,-17.40555191040039,-0.02183472365140915
18.040000915527344,-34.17578125,14.456840515136719,-17.496292114257812,-0.02088122069835663
18.049999237060547,-32.10690689086914,18.782184600830078,-17.580181121826172,-0.01907467469573021
18.059999465942383,-29.146177291870117,22.99219512939453,-17.667448043823242,-0.017884403467178345
18.06999969482422,-25.68736457824707,26.76300621032715,-17.750572204589844,-0.01588345319032669
18.079999923706055,-21.615703582763672,29.993419647216797,-17.819255828857422,-0.013030653819441795
18.09000015258789,-16.828969955444336,33.20970153808594,-17.886608123779297,-0.010649637319147587
18.100000381469727,-11.638365745544434,35.637855529785156,-17.956823348999023,-0.00765329971909523
18.110000610351562,-5.948149681091309,36.87582015991211,-18.022991180419922,-0.004316793289035559
18.1200008392334,0.6507752537727356,36.9235954284668,-18.0900936126709,0.0006288336589932442
18.1299991607666,7.149148941040039,35.4818115234375,-18.153289794921875,0.004815759602934122
18.139999389648438,13.05529499053955,32.607666015625,-18.209552764892578,0.009002685546875
18.149999618530273,18.158506393432617,27.6097354888916,-18.263147354125977,0.012612597085535526
18.15999984741211,22.62759780883789,22.11830711364746,-18.312681198120117,0.0149947265163064
18.170000076293945,26.685768127441406,17.845705032348633,-18.360076904296875,0.017990507185459137
18.18000030517578,29.62051773071289,10.304080963134766,-18.40674591064453,0.02002936787903309
18.190000534057617,30.907608032226562,2.2781639099121094,-18.441055297851562,0.020697306841611862
18.200000762939453,30.27906608581543,-5.392196178436279,-18.475500106811523,0.021165434271097183
18.209999084472656,28.280912399291992,-12.14681625366211,-18.51508903503418,0.020118702203035355
18.219999313354492,25.551841735839844,-17.818038940429688,-18.54778480529785,0.018782351166009903
18.229999542236328,22.302654266357422,-23.030630111694336,-18.572254180908203,0.016978668048977852
18.239999771118164,17.379491806030273,-27.930641174316406,-18.59661865234375,0.01564199849963188
18.25,12.126495361328125,-31.16618537902832,-18.611766815185547,0.013693584129214287
18.260000228881836,6.384825229644775,-32.6164436340332,-18.63360595703125,0.011542975902557373
18.270000457763672,0.07559298723936081,-32.86477279663086,-18.648366928100586,0.008024622686207294
18.280000686645508,-6.626514434814453,-33.186893463134766,-18.66532325744629,0.004884428344666958
18.290000915527344,-12.286388397216797,-31.63420867919922,-18.67721939086914,0.0014535022201016545
18.299999237060547,-17.703468322753906,-30.167158126831055,-18.689441680908203,-0.0028788691852241755
18.309999465942383,-22.484289169311523,-27.769466400146484,-18.686935424804688,-0.00773468567058444
18.31999969482422,-26.653635025024414,-24.14696502685547,-18.688783645629883,-0.012385925278067589
18.329999923706055,-30.433916091918945,-19.560014724731445,-18.692842483520508,-0.015380434691905975
18.34000015258789,-32.94941329956055,-14.458329200744629,-18.68903923034668,-0.017997262999415398
18.350000381469727,-34.586273193359375,-10.193395614624023,-18.68144416809082,-0.0203224066644907
18.360000610351562,-35.673282623291016,-3.943308115005493,-18.674951553344727,-0.021892502903938293
18.3700008392334,-36.16146469116211,2.5147931575775146,-18.669994354248047,-0.02317059598863125
18.3799991607666,-35.782020568847656,7.195755481719971,-18.660526275634766,-0.023255717009305954
18.389999389648438,-33.68577194213867,13.406505584716797,-18.64430809020996,-0.022208986803889275
18.399999618530273,-31.68431854248047,17.10955238342285,-18.642311096191406,-0.020869774743914604
18.40999984741211,-29.20059585571289,21.515045166015625,-18.635053634643555,-0.018776310607790947
18.420000076293945,-25.833477020263672,26.297874450683594,-18.635404586791992,-0.016536448150873184
18.43000030517578,-21.53404426574707,30.525964736938477,-18.6104736328125,-0.014066099189221859
18.440000534057617,-16.817481994628906,33.07680892944336,-18.59766387939453,-0.011679519899189472
18.450000762939453,-11.083627700805664,35.735294342041016,-18.58834457397461,-0.008246050216257572
18.459999084472656,-5.08716344833374,36.680274963378906,-18.55581283569336,-0.003912406973540783
18.469999313354492,1.203117847442627,36.119258880615234,-18.535587310791016,0.00035749413655139506
18.479999542236328,7.644853591918945,34.6774787902832,-18.500261306762695,0.004085193388164043
18.489999771118164,13.902809143066406,33.11758041381836,-18.45721435546875,0.009024939499795437
18.5,19.353055953979492,28.459516525268555,-18.414653778076172,0.012770759873092175
18.510000228881836,23.961389541625977,22.286983489990234,-18.37191390991211,0.015387588180601597
18.520000457763672,27.58713150024414,15.743515968322754,-18.325136184692383,0.018004415556788445
18.530000686645508,30.062665939331055,9.05084228515625,-18.274185180664062,0.02003215067088604
18.540000915527344,31.295848846435547,2.1093838214874268,-18.222976684570312,0.020702870562672615
18.549999237060547,31.400659561157227,-4.434084415435791,-18.168487548828125,0.02130730263888836
18.559999465942383,29.6829891204834,-12.327462196350098,-18.109066009521484,0.0206364244222641
18.56999969482422,26.558429718017578,-19.43620491027832,-18.04709815979004,0.019737284630537033
18.579999923706055,22.405521392822266,-24.685205459594727,-17.976335525512695,0.018918577581644058
18.59000015258789,17.706674575805664,-28.10611343383789,-17.898048400878906,0.01705297827720642
18.600000381469727,13.094925880432129,-31.987831115722656,-17.82509422302246,0.014731810428202152
18.610000610351562,7.698722839355469,-33.275604248046875,-17.749893188476562,0.012570075690746307
18.6200008392334,1.8069530725479126,-34.228939056396484,-17.676849365234375,0.009202494286000729
18.6299991607666,-4.3704047203063965,-34.908302307128906,-17.595924377441406,0.00599339185282588
18.639999389648438,-10.486626625061035,-34.85641098022461,-17.50387954711914,0.0015793960774317384
18.649999618530273,-16.040626525878906,-33.1901969909668,-17.411836624145508,-0.002084163948893547
18.65999984741211,-20.966815948486328,-29.973918914794922,-17.32198143005371,-0.005599417258054018
18.670000076293945,-25.570926666259766,-27.098440170288086,-17.217809677124023,-0.008887997828423977
18.68000030517578,-29.405271530151367,-24.088552474975586,-17.120521545410156,-0.012403092347085476
18.690000534057617,-32.401824951171875,-20.604949951171875,-17.022254943847656,-0.01524619571864605
18.700000762939453,-34.78407287597656,-16.388580322265625,-16.916444778442383,-0.017488284036517143
18.709999084472656,-36.7755126953125,-10.621455192565918,-16.804946899414062,-0.01951029524207115
18.719999313354492,-37.717525482177734,-5.317011833190918,-16.692655563354492,-0.020182443782687187
18.729999542236328,-37.94736099243164,-0.3043491840362549,-16.58212661743164,-0.021080313250422478
18.739999771118164,-37.534454345703125,4.69777774810791,-16.469009399414062,-0.021156851202249527
18.75,-36.49285125732422,9.776647567749023,-16.353572845458984,-0.019961096346378326
18.760000228881836,-34.81584930419922,13.991085052490234,-16.235109329223633,-0.01868920400738716
18.770000457763672,-32.761314392089844,18.804752349853516,-16.109201431274414,-0.01801665686070919
18.780000686645508,-30.1756649017334,22.796878814697266,-15.982446670532227,-0.016671402379870415
18.790000915527344,-26.89128303527832,26.105445861816406,-15.857202529907227,-0.014727280475199223
18.799999237060547,-23.0551700592041,29.14430046081543,-15.725111961364746,-0.012858344241976738
18.809999465942383,-19.386734008789062,32.3605842590332,-15.587462425231934,-0.010391014628112316
18.81999969482422,-14.401177406311035,34.61199951171875,-15.4553861618042,-0.00814797356724739
18.829999923706055,-8.909097671508789,36.260921478271484,-15.319109916687012,-0.005381487309932709
18.84000015258789,-3.6682374477386475,36.87137222290039,-15.18395709991455,-0.002690505236387253
18.850000381469727,1.2926708459854126,36.82673645019531,-15.044220924377441,-0.0003713234036695212
18.860000610351562,6.6209235191345215,37.21217346191406,-14.895734786987305,0.0032160168047994375
18.8700008392334,11.44229793548584,35.88129806518555,-14.73637866973877,0.0053094797767698765
18.8799991607666,15.92855453491211,32.86606979370117,-14.584235191345215,0.007552997674793005
18.889999389648438,20.567914962768555,28.863161087036133,-14.427647590637207,0.009869556874036789
18.899999618530273,24.901538848876953,24.648099899291992,-14.267518997192383,0.011439654044806957
18.90999984741211,28.131107330322266,20.581039428710938,-14.101310729980469,0.012859458103775978
18.920000076293945,30.227357864379883,13.81575870513916,-13.926667213439941,0.013906188309192657
18.93000030517578,31.68862533569336,8.970192909240723,-13.750358581542969,0.014952920377254486
18.940000534057617,32.388771057128906,3.7921993732452393,-13.576180458068848,0.015397523529827595
18.950000762939453,32.243717193603516,-2.0625152587890625,-13.39888858795166,0.014802626334130764
18.959999084472656,31.284103393554688,-8.1095552444458,-13.213409423828125,0.014873918145895004
18.969999313354492,29.711915969848633,-12.767616271972656,-13.022733688354492,0.0141287287697196
18.979999542236328,27.553863525390625,-16.392465591430664,-12.833503723144531,0.013827027752995491
18.989999771118164,24.694232940673828,-20.560894012451172,-12.646759033203125,0.013082155957818031
19,21.793378829956055,-24.63639259338379,-12.460494041442871,0.012629128992557526
19.010000228881836,19.197301864624023,-27.732145309448242,-12.264755249023438,0.011361208744347095
19.020000457763672,16.681800842285156,-28.95211410522461,-12.068358421325684,0.010535506531596184
19.030000686645508,12.911380767822266,-30.72536849975586,-11.864303588867188,0.008814162574708462
19.040000915527344,9.138132095336914,-32.076045989990234,-11.654582977294922,0.007326007355004549
19.049999237060547,5.142334938049316,-32.94278335571289,-11.44145679473877,0.0062661622650921345
19.059999465942383,1.2303370237350464,-33.662208557128906,-11.230387687683105,0.0036630036775022745
19.06999969482422,-2.045637369155884,-34.65081024169922,-11.012421607971191,0.0035114383790642023
19.079999923706055,-5.71407413482666,-33.87446212768555,-10.795279502868652,0.002533137798309326
19.09000015258789,-9.2084321975708,-33.558616638183594,-10.581232070922852,0.0005913992645218968
19.100000381469727,-12.479537010192871,-33.005767822265625,-10.368016242980957,-0.000826894014608115
19.110000610351562,-15.547713279724121,-31.94722557067871,-10.152508735656738,-0.0017217420972883701
19.1200008392334,-18.496091842651367,-30.36569595336914,-9.933691024780273,-0.0027009963523596525
19.1299991607666,-21.535654067993164,-28.591196060180664,-9.710283279418945,-0.004338331986218691
19.139999389648438,-23.447555541992188,-27.71161460876465,-9.487142562866211,-0.005165941547602415
19.149999618530273,-25.43787384033203,-25.832130432128906,-9.269002914428711,-0.006279435008764267
19.15999984741211,-27.444059371948242,-23.392192840576172,-9.050728797912598,-0.006583996582776308
19.170000076293945,-29.28955841064453,-21.017528533935547,-8.825443267822266,-0.007326007355004549
19.18000030517578,-30.9665584564209,-18.910308837890625,-8.596074104309082,-0.007630886510014534
19.190000534057617,-32.34084701538086,-16.482778549194336,-8.368966102600098,-0.008372579701244831
19.200000762939453,-33.168365478515625,-14.85162353515625,-8.138688087463379,-0.008677776902914047
19.209999084472656,-33.7972412109375,-13.190834999084473,-7.910616874694824,-0.009571830742061138
19.219999313354492,-34.48110580444336,-11.04905891418457,-7.684502124786377,-0.009789681062102318
19.229999542236328,-35.304481506347656,-8.491814613342285,-7.4571332931518555,-0.0094191525131464
19.239999771118164,-35.618919372558594,-5.71915864944458,-7.220615386962891,-0.0094191525131464
19.25,-35.84999084472656,-3.740426778793335,-6.979598522186279,-0.009266155771911144
19.260000228881836,-36.354103088378906,-2.090569257736206,-6.739482879638672,-0.008589714765548706
19.270000457763672,-36.67466735839844,-0.6471672058105469,-6.493464469909668,-0.007849293760955334
19.280000686645508,-36.20038986206055,0.678159236907959,-6.242704391479492,-0.007696059532463551
19.290000915527344,-36.20038986206055,3.007190465927124,-5.991039752960205,-0.007479321677237749
19.299999237060547,-35.83919143676758,5.622869491577148,-5.742636680603027,-0.007542506791651249
19.309999465942383,-35.88074493408203,8.07564926147461,-5.48960542678833,-0.006802720949053764
19.31999969482422,-36.029747009277344,9.441871643066406,-5.239504337310791,-0.00664916867390275
19.329999923706055,-35.89115524291992,9.563292503356934,-4.989887714385986,-0.006125803105533123
19.34000015258789,-35.57672119140625,10.894166946411133,-4.733652114868164,-0.005602437071502209
19.350000381469727,-34.58165740966797,14.488510131835938,-4.364566326141357,-0.005232862196862698
19.360000610351562,-34.26115036010742,15.641586303710938,-4.047987937927246,-0.005078991875052452
19.3700008392334,-34.116275787353516,15.692686080932617,-3.9623982906341553,-0.0047095762565732
19.3799991607666,-33.73037338256836,15.727971076965332,-3.700772523880005,-0.004555547144263983
19.389999389648438,-33.101497650146484,15.506158828735352,-3.439007043838501,-0.0041862898506224155
19.399999618530273,-32.889278411865234,16.16611099243164,-3.1828787326812744,-0.0038779135793447495
19.40999984741211,-32.59996032714844,17.421842575073242,-2.927180528640747,-0.0032939850352704525
19.420000076293945,-32.06462478637695,17.928661346435547,-2.6680147647857666,-0.0036630036775022745
19.43000030517578,-31.361692428588867,17.726112365722656,-2.418604612350464,-0.0033541503362357616
19.440000534057617,-30.751670837402344,17.876916885375977,-2.1611146926879883,-0.002770937280729413
19.450000762939453,-30.437232971191406,18.653261184692383,-1.9069669246673584,-0.0031397175043821335
19.459999084472656,-30.555931091308594,18.87962532043457,-1.6519200801849365,-0.0028303873259574175
19.469999313354492,-30.579084396362305,19.187843322753906,-1.3898284435272217,-0.0019384004408493638
19.479999542236328,-30.549646377563477,19.471956253051758,-1.128369688987732,-0.0017246827483177185
19.489999771118164,-30.5883731842041,19.66775131225586,-0.8708505034446716,-0.0019382414175197482
19.5,-30.16912269592285,21.22043800354004,-0.6121116876602173,-0.0014148757327347994
19.510000228881836,-30.21767234802246,20.69414710998535,-0.3537770211696625,-0.0010465724626556039
19.520000457763672,-30.253395080566406,20.648866653442383,-0.08947832137346268,-0.0010465724626556039
19.530000686645508,-30.476491928100586,21.264867782592773,0.17904378473758698,-0.0013570153387263417
19.540000915527344,-30.879657745361328,21.815282821655273,0.44311997294425964,-0.0017825431423261762
19.549999237060547,-30.774845123291016,20.48440933227539,0.7039306163787842,-0.0008911920594982803
19.559999465942383,-31.373476028442383,19.897876739501953,0.9691145420074463,-0.0006787460879422724
19.56999969482422,-31.69826316833496,20.30864715576172,1.2368204593658447,-0.0008910330943763256
19.579999923706055,-31.54702377319336,20.32130241394043,1.5011379718780518,-0.00021204854419920594
19.59000015258789,-31.564599990844727,19.63092803955078,1.7697101831436157,0.0008346828981302679
19.600000381469727,-33.100223541259766,19.15690040588379,2.031860589981079,0.0017256365390494466
19.610000610351562,-33.20503234863281,17.49330711364746,2.292771577835083,0.001937287743203342
19.6200008392334,-33.47575378417969,16.795265197753906,2.543332815170288,0.001881732139736414
19.6299991607666,-33.84867858886719,16.28975486755371,2.7949984073638916,0.0024604147765785456
19.639999389648438,-34.19989776611328,15.843199729919434,3.054818630218506,0.0025614320766180754
19.649999618530273,-34.4190673828125,15.490095138549805,3.313535451889038,0.0035068285651504993
19.65999984741211,-34.73350524902344,13.826501846313477,3.569066047668457,0.0031397175043821335
19.670000076293945,-35.047943115234375,12.162908554077148,3.824225664138794,0.0031397175043821335
19.68000030517578,-35.42779541015625,11.19151782989502,4.075714111328125,0.003452544566243887
19.690000534057617,-35.724205017089844,10.420348167419434,4.332204818725586,0.004029796924442053
19.700000762939453,-35.927879333496094,9.206676483154297,4.582125663757324,0.003819576231762767
19.709999084472656,-36.66156768798828,7.43217658996582,4.829428672790527,0.0043429420329630375
19.719999313354492,-37.10479736328125,7.5017499923706055,5.075587272644043,0.005023039411753416
19.729999542236328,-37.234649658203125,6.34555721282959,5.322694778442383,0.005756148602813482
19.739999771118164,-37.234649658203125,3.963099479675293,5.574214935302734,0.005442367400974035
19.75,-37.258060455322266,1.0063477754592896,5.823363304138184,0.005337456241250038
19.760000228881836,-37.36286926269531,-1.4335893392562866,6.069511413574219,0.006645671557635069
19.770000457763672,-37.05267333984375,-2.9952540397644043,6.324866771697998,0.006750821601599455
19.780000686645508,-36.97608184814453,-5.135181427001953,6.5822649002075195,0.007849293760955334
19.790000915527344,-36.7568359375,-7.058221340179443,6.828083038330078,0.007692005485296249
19.799999237060547,-36.458953857421875,-8.93196964263916,7.0696120262146,0.007483374793082476
19.809999465942383,-36.38261795043945,-11.512945175170898,7.311647415161133,0.007849293760955334
19.81999969482422,-35.020057678222656,-12.73291301727295,7.540215492248535,0.007691767532378435
19.829999923706055,-33.916133880615234,-16.051101684570312,7.773237705230713,0.007483613211661577
19.84000015258789,-32.62103271484375,-19.364574432373047,8.006260871887207,0.007849293760955334
19.850000381469727,-31.377304077148438,-21.4913272857666,8.234911918640137,0.007533764000982046
19.860000610351562,-30.359540939331055,-22.303287506103516,8.457088470458984,0.006644876673817635
19.8700008392334,-28.053667068481445,-24.965036392211914,8.677491188049316,0.006121511571109295
19.8799991607666,-25.37520408630371,-25.852663040161133,8.897697448730469,0.005598145537078381
19.889999389648438,-22.993465423583984,-27.46280860900879,9.117903709411621,0.004758614115417004
19.899999618530273,-20.836610794067383,-29.476470947265625,9.334976196289062,0.003188517177477479
19.90999984741211,-18.562726974487305,-31.278339385986328,9.549078941345215,0.0019349033245816827
19.920000076293945,-15.523163795471191,-32.72011947631836,9.763614654541016,0.0014115376397967339
19.93000030517578,-12.183363914489746,-33.526512145996094,9.970193862915039,0.0005713707068935037
19.940000534057617,-8.375706672668457,-33.82282638549805,10.177907943725586,-0.0006817663088440895
19.950000762939453,-4.699669361114502,-33.87961959838867,10.393157958984375,-0.0019979297649115324
19.959999084472656,-1.2389917373657227,-33.96427917480469,10.604113578796387,-0.0040276506915688515
19.969999313354492,2.5364575386047363,-34.262088775634766,10.816278457641602,-0.004297877661883831
19.979999542236328,6.414519786834717,-32.931209564208984,11.025711059570312,-0.005914946552366018
19.989999771118164,10.292581558227539,-31.77501678466797,11.233813285827637,-0.0067560672760009766
20,13.764139175415039,-30.78885269165039,11.439380645751953,-0.008326164446771145
20.010000228881836,16.975717544555664,-29.33271026611328,11.640636444091797,-0.009737225249409676
20.020000457763672,20.311452865600586,-26.583995819091797,11.8385009765625,-0.01078395638614893
20.030000686645508,23.455825805664062,-22.924089431762695,12.030745506286621,-0.01198988314718008
20.040000915527344,25.8844051361084,-19.5482120513916,12.220701217651367,-0.01340070553123951
20.049999237060547,28.320289611816406,-15.533185958862305,12.401956558227539,-0.014447437599301338
20.059999465942383,30.308839797973633,-11.011154174804688,12.575407981872559,-0.015494167804718018
20.06999969482422,31.397518157958984,-6.268099784851074,12.7564697265625,-0.016381386667490005
20.079999923706055,32.13120651245117,-1.0555068254470825,12.932220458984375,-0.016745159402489662
20.09000015258789,31.32238006591797,4.667147636413574,13.113333702087402,-0.016904832795262337
20.100000381469727,30.66681480407715,10.28203296661377,13.289693832397461,-0.016948942095041275
20.110000610351562,29.19341278076172,15.9277982711792,13.465685844421387,-0.016062041744589806
20.1200008392334,26.504108428955078,21.329910278320312,13.638755798339844,-0.015698587521910667
20.1299991607666,23.569358825683594,25.433441162109375,13.808871269226074,-0.015218616463243961
20.139999389648438,19.394533157348633,29.09958267211914,13.97961711883545,-0.013488450087606907
20.149999618530273,15.280904769897461,32.42566680908203,14.14462661743164,-0.01171528548002243
20.15999984741211,10.758021354675293,34.54826354980469,14.300712585449219,-0.010348096489906311
20.170000076293945,5.742046356201172,35.815673828125,14.45348834991455,-0.007773709017783403
20.18000030517578,0.5014219284057617,37.38105773925781,14.601844787597656,-0.004751699510961771
20.190000534057617,-4.73920202255249,37.159244537353516,14.743124961853027,-0.0030211356934159994
20.200000762939453,-9.636617660522461,36.12031936645508,14.878914833068848,-0.0006065797060728073
20.209999084472656,-14.457993507385254,34.575862884521484,15.004226684570312,0.0022123625967651606
20.219999313354492,-18.76329803466797,32.723350524902344,15.137229919433594,0.004466530866920948
20.229999542236328,-22.191650390625,30.530349731445312,15.277044296264648,0.006761789787560701
20.239999771118164,-26.17452621459961,26.87044334411621,15.407790184020996,0.008653615601360798
20.25,-29.044584274291992,23.112411499023438,15.52863883972168,0.01143138762563467
20.260000228881836,-31.76970863342285,18.691497802734375,15.657732963562012,0.01408851146697998
20.270000457763672,-33.96929931640625,14.107892036437988,15.781590461730957,0.015658609569072723
20.280000686645508,-35.41735076904297,10.007478713989258,15.906585693359375,0.017228705808520317
20.290000915527344,-36.779911041259766,6.902104377746582,16.03076934814453,0.018476281315088272
20.299999237060547,-37.24546813964844,2.003880500793457,16.145126342773438,0.018676964566111565
20.309999465942383,-36.987945556640625,-3.146038055419922,16.261648178100586,0.018476439639925957
20.31999969482422,-35.9058837890625,-8.358631134033203,16.37260627746582,0.01835380308330059
20.329999923706055,-34.2026252746582,-12.959982872009277,16.4757137298584,0.01710686646401882
20.34000015258789,-32.404727935791016,-15.779914855957031,16.57529067993164,0.016260182484984398
20.350000381469727,-29.67960548400879,-21.325227737426758,16.669212341308594,0.014528346247971058
20.360000610351562,-26.051055908203125,-25.1324462890625,16.75890350341797,0.012111247517168522
20.3700008392334,-21.654056549072266,-28.154573440551758,16.84425926208496,0.008809154853224754
20.3799991607666,-16.76630210876465,-30.856990814208984,16.935501098632812,0.005145594943314791
20.389999389648438,-11.691704750061035,-33.18639373779297,17.02056121826172,0.0014820349169895053
20.399999618530273,-6.136642932891846,-33.07548904418945,17.090164184570312,-0.00218152510933578
20.40999984741211,-0.3143951892852783,-32.681861877441406,17.166383743286133,-0.005520653910934925
20.420000076293945,5.748880863189697,-31.691457748413086,17.24918556213379,-0.007812892086803913
20.43000030517578,11.411230087280273,-30.275672912597656,17.33656883239746,-0.010032487101852894
20.440000534057617,16.107385635375977,-28.47455406188965,17.404865264892578,-0.013046231120824814
20.450000762939453,20.090259552001953,-25.258272171020508,17.46501350402832,-0.015103928744792938
20.459999084472656,24.26512336730957,-20.11205291748047,17.52643394470215,-0.017756285145878792
20.469999313354492,27.313228607177734,-13.72899055480957,17.582561492919922,-0.01900099776685238
20.479999542236328,29.358182907104492,-6.603852272033691,17.634695053100586,-0.01968713477253914
20.489999771118164,30.509370803833008,0.39670634269714355,17.688400268554688,-0.020571013912558556
20.5,30.509370803833008,5.831111907958984,17.73790168762207,-0.02125731110572815
20.510000228881836,28.75960922241211,13.008098602294922,17.780366897583008,-0.02165200188755989
20.520000457763672,25.487112045288086,19.386817932128906,17.81747055053711,-0.020442180335521698
20.530000686645508,21.281965255737305,25.201030731201172,17.84733009338379,-0.019035251811146736
20.540000915527344,16.375043869018555,30.5277099609375,17.87683868408203,-0.017335524782538414
20.549999237060547,10.710123062133789,35.14714050292969,17.907651901245117,-0.013868674635887146
20.559999465942383,4.945435523986816,36.810733795166016,17.933589935302734,-0.009845157153904438
20.56999969482422,-1.4169782400131226,38.112911224365234,17.963558197021484,-0.00585462199524045
20.579999923706055,-7.732593536376953,37.91472625732422,17.983108520507812,-0.0011443308321759105
20.59000015258789,-13.588482856750488,35.96194839477539,18.000778198242188,0.0032386681996285915
20.600000381469727,-18.78118896484375,32.634761810302734,18.013593673706055,0.006738502066582441
20.610000610351562,-23.602563858032227,29.307575225830078,18.026411056518555,0.00987869594246149
20.6200008392334,-27.500717163085938,25.394250869750977,18.03910255432129,0.013018891215324402
20.6299991607666,-30.73114776611328,20.82724952697754,18.035606384277344,0.015831155702471733
20.639999389648438,-33.4489860534668,15.809660911560059,18.03211212158203,0.01759653352200985
20.649999618530273,-35.784027099609375,10.697126388549805,18.031766891479492,0.018971510231494904
20.65999984741211,-37.77546310424805,6.039063930511475,18.02880096435547,0.020572366192936897
20.670000076293945,-37.58329772949219,1.3810018301010132,18.016965866088867,0.02093144878745079
20.68000030517578,-37.11928939819336,-5.097111225128174,18.000391006469727,0.0207670871168375
20.690000534057617,-36.04176712036133,-11.028257369995117,17.986125946044922,0.019914839416742325
20.700000762939453,-34.18385314941406,-15.57541275024414,17.968124389648438,0.018509263172745705
20.709999084472656,-31.752546310424805,-20.119657516479492,17.947830200195312,0.017133332788944244
20.719999313354492,-27.769670486450195,-24.44500160217285,17.935428619384766,0.014710512012243271
20.729999542236328,-24.03194808959961,-27.559789657592773,17.926271438598633,0.011735075153410435
20.739999771118164,-19.562047958374023,-30.332447052001953,17.91394805908203,0.008623732253909111
20.75,-14.295127868652344,-32.37676239013672,17.899276733398438,0.0042718881741166115
20.760000228881836,-8.681915283203125,-32.92586898803711,17.882797241210938,0.00005658866939484142
20.770000457763672,-2.3931663036346436,-34.70037078857422,17.869476318359375,-0.003413759171962738
20.780000686645508,4.161531925201416,-33.004127502441406,17.845500946044922,-0.007270372938364744
20.790000915527344,10.315461158752441,-31.082563400268555,17.820972442626953,-0.010410566814243793
20.799999237060547,15.589313507080078,-29.166860580444336,17.784175872802734,-0.01355076115578413
20.809999465942383,19.917104721069336,-26.612070083618164,17.752094268798828,-0.016194771975278854
20.81999969482422,24.424041748046875,-22.730350494384766,17.729957580566406,-0.018095815554261208
20.829999923706055,27.975154876708984,-15.409894943237305,17.696186065673828,-0.020381538197398186
20.84000015258789,30.367284774780273,-8.961311340332031,17.652482986450195,-0.021454736590385437
20.850000381469727,31.60091781616211,-2.737802505493164,17.60820960998535,-0.02195187471807003
20.860000610351562,31.62106704711914,4.198107719421387,17.568824768066406,-0.02285880222916603
20.8700008392334,30.1536922454834,12.183357238769531,17.52945899963379,-0.022501308470964432
20.8799991607666,27.866199493408203,17.02283477783203,17.483015060424805,-0.02183750458061695
20.889999389648438,24.155519485473633,23.19569969177246,17.43645477294922,-0.019744040444493294
20.899999618530273,19.42727279663086,28.829662322998047,17.384443283081055,-0.0173183586448431
20.90999984741211,14.128438949584961,33.05656814575195,17.329187393188477,-0.013845785520970821
20.920000076293945,8.631842613220215,36.07857131958008,17.27018165588379,-0.009991398081183434
20.93000030517578,2.1334686279296875,37.29853820800781,17.207809448242188,-0.006352157797664404
20.940000534057617,-3.940019369125366,37.34957504272461,17.141714096069336,-0.0021411499474197626
20.950000762939453,-9.793316841125488,36.29543685913086,17.07326316833496,0.0008325369562953711
20.959999084472656,-15.233668327331543,34.326786041259766,17.00469207763672,0.003949126228690147
20.969999313354492,-20.020341873168945,31.837141036987305,16.920804977416992,0.007802719250321388
20.979999542236328,-24.527278900146484,29.84082794189453,16.83644676208496,0.010275930166244507
20.989999771118164,-28.1151180267334,24.537899017333984,16.74953269958496,0.011989963240921497
21,-30.966970443725586,21.12567901611328,16.65876579284668,0.014796347357332706
21.010000228881836,-33.26762008666992,17.427080154418945,16.568805694580078,0.01638885773718357
21.020000457763672,-35.1480598449707,11.790498733520508,16.4732666015625,0.017413415014743805
21.030000686645508,-36.510623931884766,7.7978739738464355,16.38003158569336,0.01900544762611389
21.040000915527344,-37.08244705200195,1.818060040473938,16.27809715270996,0.0193615909665823
21.049999237060547,-37.68088150024414,-3.180035352706909,16.173507690429688,0.0193615909665823
21.059999465942383,-37.21190643310547,-7.515976428985596,16.06477928161621,0.01869206503033638
21.06999969482422,-35.50947189331055,-11.780972480773926,15.95616340637207,0.017603367567062378
21.079999923706055,-33.717079162597656,-16.536705017089844,15.845277786254883,0.017309775575995445
21.09000015258789,-30.78232765197754,-19.8638916015625,15.731863975524902,0.014840060845017433
21.100000381469727,-28.01018714904785,-24.739652633666992,15.6076078414917,0.013122531585395336
21.110000610351562,-24.71671485900879,-28.198837280273438,15.476457595825195,0.010317894630134106
21.1200008392334,-20.61981773376465,-30.04999542236328,15.345991134643555,0.007888714782893658
21.1299991607666,-15.830021858215332,-31.757665634155273,15.217198371887207,0.004580582492053509
21.139999389648438,-11.427896499633789,-32.64491271972656,15.084786415100098,0.0012530575040727854
21.149999618530273,-7.0257720947265625,-33.8122673034668,14.945728302001953,-0.0013637710362672806
21.15999984741211,-1.8584399223327637,-34.22254180908203,14.804868698120117,-0.00398059980943799
21.170000076293945,3.722839593887329,-33.612648010253906,14.661273956298828,-0.0065974281169474125
21.18000030517578,9.024815559387207,-32.18655776977539,14.51657485961914,-0.008877585642039776
21.190000534057617,13.426939964294434,-30.855682373046875,14.369471549987793,-0.010447682812809944
21.200000762939453,16.972536087036133,-28.41707420349121,14.213850021362305,-0.011680791154503822
21.209999084472656,20.431346893310547,-25.79142189025879,14.063472747802734,-0.012541304342448711
21.219999313354492,23.65900993347168,-22.004566192626953,13.910842895507812,-0.014280055649578571
21.229999542236328,26.463199615478516,-17.275497436523438,13.745649337768555,-0.015529854223132133
21.239999771118164,28.769075393676758,-14.391935348510742,13.584524154663086,-0.015344113111495972
21.25,30.666540145874023,-9.131525993347168,13.423739433288574,-0.015529695898294449
21.260000228881836,31.000518798828125,-3.6437344551086426,13.253388404846191,-0.015513243153691292
21.270000457763672,31.109867095947266,2.0703370571136475,13.076478004455566,-0.01605282351374626
21.280000686645508,30.983963012695312,7.492960453033447,12.9015474319458,-0.015698587521910667
21.290000915527344,29.403331756591797,11.774415016174316,12.722549438476562,-0.01519095804542303
21.299999237060547,27.621519088745117,17.65244483947754,12.550007820129395,-0.01429801806807518
21.309999465942383,25.501447677612305,21.38292121887207,12.3762788772583,-0.013974539935588837
21.31999969482422,22.579246520996094,24.917146682739258,12.19568157196045,-0.012219973839819431
21.329999923706055,19.19168472290039,28.574871063232422,12.011306762695312,-0.011342769488692284
21.34000015258789,15.942499160766602,31.84771728515625,11.826492309570312,-0.010480189695954323
21.350000381469727,12.69331169128418,33.733123779296875,11.639904975891113,-0.008570719510316849
21.360000610351562,8.52915096282959,35.037628173828125,11.444875717163086,-0.006293423008173704
21.3700008392334,4.164811611175537,35.4065055847168,11.258671760559082,-0.004723325837403536
21.3799991607666,-0.06708317250013351,35.79094696044922,11.073704719543457,-0.00349307875148952
21.389999389648438,-3.9776082038879395,36.84259033203125,10.874926567077637,-0.002289695432409644
21.399999618530273,-7.541233062744141,37.618934631347656,10.679098129272461,-0.000013034469702688511
21.40999984741211,-10.61270809173584,36.20807647705078,10.482051849365234,0.0013868992682546377
21.420000076293945,-13.430390357971191,34.26408767700195,10.279321670532227,0.002774116350337863
21.43000030517578,-16.303985595703125,32.73291015625,10.075461387634277,0.0041862898506224155
21.440000534057617,-19.16840934753418,31.713287353515625,9.883332252502441,0.004527093376964331
21.450000762939453,-21.472082138061523,30.2668514251709,9.687215805053711,0.005403343588113785
21.459999084472656,-23.358707427978516,27.93781852722168,9.471392631530762,0.005756148602813482
21.469999313354492,-25.164440155029297,25.951169967651367,9.252954483032227,0.0060974289663136005
21.479999542236328,-27.115520477294922,23.528438568115234,9.03343391418457,0.007144160568714142
21.489999771118164,-29.083959579467773,21.219648361206055,8.81398868560791,0.007507695350795984
21.5,-30.656206130981445,20.09481430053711,8.5907564163208,0.006973599549382925
21.510000228881836,-30.86583137512207,17.32215690612793,8.365361213684082,0.007155049126595259
21.520000457763672,-32.30500411987305,15.200018882751465,8.140494346618652,0.006973758339881897
21.530000686645508,-33.41181182861328,13.13666820526123,7.914089679718018,0.007326007355004549
21.540000915527344,-34.02884292602539,11.440906524658203,7.686628818511963,0.007497204001992941
21.549999237060547,-34.54899978637695,10.244461059570312,7.46215295791626,0.0076780179515480995
21.559999465942383,-35.701934814453125,7.804523944854736,7.241436004638672,0.0074973632581532
21.56999969482422,-35.62302780151367,6.066452503204346,7.019211769104004,0.007849293760955334
21.579999923706055,-36.25685119628906,3.88224196434021,6.784358978271484,0.007849293760955334
21.59000015258789,-36.8468017578125,1.830154299736023,6.541557788848877,0.007506105583161116
21.600000381469727,-36.76141357421875,0.05158160626888275,6.303476810455322,0.006802720949053764
21.610000610351562,-36.342159271240234,-2.610167980194092,6.060056686401367,0.006974474061280489
21.6200008392334,-36.12628936767578,-5.164315700531006,5.822373390197754,0.007154175080358982
21.6299991607666,-35.91666793823242,-7.143193244934082,5.576843738555908,0.006630809046328068
21.639999389648438,-35.654293060302734,-7.745540618896484,5.328886985778809,0.006279435008764267
21.649999618530273,-35.3398551940918,-7.879263877868652,5.090689659118652,0.005935293156653643
21.65999984741211,-35.03684616088867,-9.839292526245117,4.857912540435791,0.0050607118755578995
21.670000076293945,-35.03684616088867,-10.83745002746582,4.611207485198975,0.0047095762565732
21.68000030517578,-34.44778060913086,-11.924650192260742,4.363600730895996,0.0047095762565732
21.690000534057617,-34.310916900634766,-13.223170280456543,4.119260787963867,0.004364798776805401
21.700000762939453,-34.13237762451172,-14.44139289855957,3.8750646114349365,0.003835472045466304
21.709999084472656,-33.02241134643555,-15.160901069641113,3.629765033721924,0.003841194324195385
21.719999313354492,-32.28872299194336,-15.382713317871094,3.382797956466675,0.0033123446628451347
21.729999542236328,-32.37480163574219,-17.62851905822754,3.134126901626587,0.0033175901044160128
21.739999771118164,-31.918275833129883,-18.346675872802734,2.888314723968506,0.0027892172802239656
21.75,-31.206212997436523,-18.504505157470703,2.6471662521362305,0.0026211205404251814
21.760000228881836,-30.823549270629883,-19.391754150390625,2.403024911880493,0.0015698587521910667
21.770000457763672,-31.137985229492188,-20.27900505065918,2.1569314002990723,0.0015698587521910667
21.780000686645508,-30.962337493896484,-19.921661376953125,1.9095420837402344,0.001742962864227593
21.790000915527344,-30.75271224975586,-20.02280044555664,1.659422755241394,0.0019199613016098738
21.799999237060547,-30.494009017944336,-20.459381103515625,1.403235912322998,0.0015698587521910667
21.809999465942383,-30.253395080566406,-21.03995132446289,1.1492271423339844,0.001396516221575439
21.81999969482422,-30.25257110595703,-21.70291519165039,0.8929021954536438,0.0008731504785828292
21.829999923706055,-29.623695373535156,-20.482946395874023,0.6310258507728577,0.0005232862313278019
21.84000015258789,-29.880098342895508,-21.477113723754883,0.3762144148349762,0.00034970525302924216
21.850000381469727,-30.18012237548828,-22.1331787109375,0.12123323976993561,-0.0001736604463076219
21.860000610351562,-30.253395080566406,-21.84461784362793,-0.1431732326745987,-0.000697026145644486
21.8700008392334,-30.253395080566406,-21.386032104492188,-0.40480732917785645,-0.0010465724626556039
21.8799991607666,-30.253395080566406,-20.72059440612793,-0.6614238619804382,-0.0010465724626556039
21.889999389648438,-31.04010772705078,-20.795114517211914,-0.9158446192741394,-0.0010465724626556039
21.899999618530273,-31.22810935974121,-20.284303665161133,-1.1705163717269897,-0.0012206303654238582
21.90999984741211,-31.259923934936523,-19.693239212036133,-1.4219845533370972,-0.0022664079442620277
21.920000076293945,-31.846792221069336,-19.73006248474121,-1.6723670959472656,-0.0033145700581371784
21.93000030517578,-32.16122817993164,-19.28643798828125,-1.9227391481399536,-0.002616431098431349
21.940000534057617,-32.47566604614258,-19.0424747467041,-2.170602321624756,-0.0027908068150281906
21.950000762939453,-32.7202262878418,-18.303098678588867,-2.4173622131347656,-0.003314172849059105
21.959999084472656,-32.92985534667969,-17.689302444458008,-2.6560940742492676,-0.0034884691704064608
21.969999313354492,-33.16041564941406,-17.290416717529297,-2.8928310871124268,-0.0031397175043821335
21.979999542236328,-33.474849700927734,-15.737730026245117,-3.1456234455108643,-0.003489104798063636
21.989999771118164,-34.39695358276367,-14.82803726196289,-3.386237859725952,-0.0041862898506224155
22,-34.64899826049805,-13.45314884185791,-3.6324267387390137,-0.0041862898506224155
22.010000228881836,-35.01536178588867,-12.509645462036133,-3.885256290435791,-0.00436122203245759
22.020000457763672,-35.553977966308594,-12.029488563537598,-4.12647008895874,-0.005059599410742521
22.030000686645508,-35.57096481323242,-11.135048866271973,-4.3753461837768555,-0.005931240040808916
22.040000915527344,-36.095027923583984,-10.025986671447754,-4.625718116760254,-0.006104264408349991
22.049999237060547,-36.45161056518555,-8.56248950958252,-4.873289585113525,-0.006281898822635412
22.059999465942383,-36.884586334228516,-6.88437032699585,-5.109324932098389,-0.007150677964091301
22.06999969482422,-37.234649658203125,-5.220340251922607,-5.348312854766846,-0.00715353898704052
22.079999923706055,-37.22431945800781,-3.7348368167877197,-5.588700771331787,-0.008024781942367554
22.09000015258789,-37.1195068359375,-1.8494305610656738,-5.82580041885376,-0.008372579701244831
22.100000381469727,-36.83334732055664,0.22786375880241394,-6.065818786621094,-0.008372579701244831
22.110000610351562,-37.24713897705078,2.3350822925567627,-6.3050947189331055,-0.008372579701244831
22.1200008392334,-37.501380920410156,4.442300796508789,-6.539905071258545,-0.008899998851120472
22.1299991607666,-36.95882034301758,6.531252861022949,-6.773130893707275,-0.009414780884981155
22.139999389648438,-36.854007720947266,8.527565956115723,-7.003312110900879,-0.008548544719815254
22.149999618530273,-35.577938079833984,10.317317962646484,-7.229437828063965,-0.008895865641534328
22.15999984741211,-34.65418243408203,12.401366233825684,-7.451663494110107,-0.008895865641534328
22.170000076293945,-33.82316589355469,14.465007781982422,-7.669073104858398,-0.009072069078683853
22.18000030517578,-32.83146286010742,16.529626846313477,-7.885990619659424,-0.009595436044037342
22.190000534057617,-31.678525924682617,19.191375732421875,-8.110309600830078,-0.00958971306681633
22.200000762939453,-30.525588989257812,20.746973037719727,-8.329588890075684,-0.009248750284314156
22.209999084472656,-29.532785415649414,22.977441787719727,-8.554455757141113,-0.009589394554495811
22.219999313354492,-28.14469337463379,24.652589797973633,-8.772418022155762,-0.008542663417756557
22.229999542236328,-26.144989013671875,26.243616104125977,-8.990293502807617,-0.007672613020986319
22.239999771118164,-23.636146545410156,29.167638778686523,-9.203033447265625,-0.006972487550228834
22.25,-21.2254581451416,31.053043365478516,-9.417980194091797,-0.0059257554821670055
22.260000228881836,-18.640771865844727,33.30668258666992,-9.627202033996582,-0.005232862196862698
22.270000457763672,-15.89539909362793,34.0477409362793,-9.831226348876953,-0.004878865089267492
22.280000686645508,-12.951281547546387,34.27884292602539,-10.034735679626465,-0.004363367799669504
22.290000915527344,-9.752546310424805,35.613853454589844,-10.235041618347168,-0.0038237888365983963
22.299999237060547,-6.188921928405762,37.7210693359375,-10.432455062866211,-0.0015614340081810951
22.309999465942383,-2.2495670318603516,37.24405288696289,-10.628765106201172,0.00000866314621816855
22.31999969482422,1.3165318965911865,36.10020446777344,-10.819182395935059,0.0014013643376529217
22.329999923706055,5.165449619293213,35.34062957763672,-11.007502555847168,0.002803046489134431
22.34000015258789,9.549250602722168,35.05832290649414,-11.200443267822266,0.004718954674899578
22.350000381469727,13.427312850952148,33.61654281616211,-11.391742706298828,0.006111417431384325
22.360000610351562,16.801048278808594,31.534385681152344,-11.582901000976562,0.007513576187193394
22.3700008392334,22.141321182250977,25.627843856811523,-11.798685073852539,0.00925145298242569
22.3799991607666,25.208789825439453,21.934335708618164,-12.113018989562988,0.0108318030834198
22.389999389648438,25.922622680664062,20.45271873474121,-12.12905216217041,0.012558870017528534
22.399999618530273,28.61192512512207,14.812294006347656,-12.317466735839844,0.012914933264255524
22.40999984741211,30.079299926757812,9.710607528686523,-12.495729446411133,0.013427330181002617
22.420000076293945,30.463415145874023,5.7551589012146,-12.66943073272705,0.01343853771686554
22.43000030517578,30.744800567626953,1.0987800359725952,-12.83332633972168,0.014485268853604794
22.440000534057617,30.648237228393555,-4.299238681793213,-13.001523971557617,0.014818601310253143
22.450000762939453,29.465545654296875,-9.549278259277344,-13.167601585388184,0.0141287287697196
22.459999084472656,27.998172760009766,-14.096434593200684,-13.324119567871094,0.0141287287697196
22.469999313354492,26.169755935668945,-18.834606170654297,-13.48040771484375,0.013950140215456486
22.479999542236328,23.16469955444336,-22.97703742980957,-13.63769817352295,0.013426774181425571
22.489999771118164,19.49626350402832,-26.266902923583984,-13.790745735168457,0.012367168441414833
22.5,15.861527442932129,-28.764257431030273,-13.937172889709473,0.011167838238179684
22.510000228881836,12.402715682983398,-30.98238182067871,-14.08048152923584,0.01061776652932167
22.520000457763672,8.069169998168945,-33.611881256103516,-14.224833488464355,0.00835890881717205
22.530000686645508,2.7943742275238037,-34.426815032958984,-14.370013236999512,0.0069678775034844875
22.540000915527344,-2.0452053546905518,-34.375755310058594,-14.510111808776855,0.005383712705224752
22.549999237060547,-6.232441425323486,-34.0131950378418,-14.644792556762695,0.002766883932054043
22.559999465942383,-11.473066329956055,-32.7932243347168,-14.785018920898438,0.0001500553044024855
22.56999969482422,-16.088939666748047,-31.3528995513916,-14.917522430419922,-0.0024667733814567327
22.579999923706055,-20.302413940429688,-29.489686965942383,-15.04305362701416,-0.005263064056634903
22.59000015258789,-24.058990478515625,-26.61747169494629,-15.16611385345459,-0.008223716169595718
22.600000381469727,-27.394941329956055,-23.412578582763672,-15.283605575561523,-0.010840545408427715
22.610000610351562,-30.39703369140625,-21.140155792236328,-15.393125534057617,-0.013277673162519932
22.6200008392334,-32.80772018432617,-16.26028060913086,-15.50716495513916,-0.015191355720162392
22.6299991607666,-34.6122932434082,-12.296624183654785,-15.608531951904297,-0.016761451959609985
22.639999389648438,-35.7302360534668,-7.53987455368042,-15.715773582458496,-0.01815161108970642
22.649999618530273,-36.35097885131836,-2.264814853668213,-15.81657600402832,-0.019378360360860825
22.65999984741211,-36.6648063659668,2.6980783939361572,-15.915611267089844,-0.0202280655503273
22.670000076293945,-36.24555969238281,7.46704626083374,-16.010543823242188,-0.019524522125720978
22.68000030517578,-34.61054611206055,12.53288745880127,-16.099960327148438,-0.0188383050262928
22.690000534057617,-32.8287353515625,16.757797241210938,-16.189434051513672,-0.018116958439350128
22.700000762939453,-30.511959075927734,20.76447105407715,-16.27840805053711,-0.01620391011238098
22.709999084472656,-27.33162498474121,24.77062225341797,-16.365219116210938,-0.01481430884450674
22.719999313354492,-23.55837631225586,27.432371139526367,-16.450416564941406,-0.013587003573775291
22.729999542236328,-19.785127639770508,31.369638442993164,-16.532508850097656,-0.011655597016215324
22.739999771118164,-15.631963729858398,32.70905303955078,-16.612510681152344,-0.009038768708705902
22.75,-10.664986610412598,34.622493743896484,-16.691791534423828,-0.006241126451641321
22.760000228881836,-5.0321550369262695,37.284427642822266,-16.763614654541016,-0.00292003876529634
22.770000457763672,0.5512063503265381,37.36811065673828,-16.83022689819336,0.0007435210864059627
22.780000686645508,7.259205341339111,36.369956970214844,-16.89598846435547,0.004407081287354231
22.790000915527344,12.889307022094727,33.9680290222168,-16.948184967041016,0.007889509201049805
22.799999237060547,17.88407325744629,30.329566955566406,-16.997135162353516,0.011210914701223373
22.809999465942383,22.362808227539062,25.2492618560791,-17.0472354888916,0.0145118935033679
22.81999969482422,26.288650512695312,18.60494613647461,-17.097335815429688,0.016765981912612915
22.829999923706055,29.642648696899414,12.061478614807129,-17.144264221191406,0.01797318086028099
22.84000015258789,31.379390716552734,5.518010139465332,-17.18489646911621,0.018678076565265656
22.850000381469727,31.7353458404541,-1.0254578590393066,-17.22544288635254,0.0193615909665823
22.860000610351562,31.134553909301758,-7.439067840576172,-17.260122299194336,0.0193615909665823
22.8700008392334,29.774112701416016,-13.597636222839355,-17.29274559020996,0.018998056650161743
22.8799991607666,26.73455047607422,-19.475666046142578,-17.324621200561523,0.017587631940841675
22.889999389648438,22.533626556396484,-24.841663360595703,-17.353334426879883,0.016221873462200165
22.899999618530273,18.164005279541016,-28.71139144897461,-17.377012252807617,0.015493851155042648
22.90999984741211,13.283478736877441,-31.52269744873047,-17.39798355102539,0.01321830227971077
22.920000076293945,7.786488056182861,-33.728084564208984,-17.41595458984375,0.010601473972201347
22.93000030517578,2.1266143321990967,-35.502586364746094,-17.43081283569336,0.00798464473336935
22.940000534057617,-4.051823616027832,-34.20429611206055,-17.443359375,0.0048208460211753845
22.950000762939453,-9.91878890991211,-33.292667388916016,-17.446762084960938,0.0006339203100651503
22.959999084472656,-15.190521240234375,-31.704923629760742,-17.449289321899414,-0.00300555769354105
22.969999313354492,-20.224016189575195,-29.343828201293945,-17.457313537597656,-0.006170072592794895
22.979999542236328,-25.66242218017578,-26.823657989501953,-17.448503494262695,-0.010356998071074486
22.989999771118164,-29.121234893798828,-22.941940307617188,-17.452224731445312,-0.014178482815623283
23,-31.80447006225586,-18.969036102294922,-17.440610885620117,-0.017135875299572945
23.010000228881836,-34.13485336303711,-14.127605438232422,-17.437114715576172,-0.019204065203666687
23.020000457763672,-36.11250686645508,-9.087200164794922,-17.438053131103516,-0.020616715773940086
23.030000686645508,-37.49321365356445,-4.4241719245910645,-17.43189239501953,-0.022161060944199562
23.040000915527344,-37.49321365356445,2.6738271713256836,-17.419979095458984,-0.022501308470964432
23.049999237060547,-36.74835205078125,7.2102813720703125,-17.409931182861328,-0.022134913131594658
23.059999465942383,-35.292110443115234,11.352089881896973,-17.396305084228516,-0.0209049042314291
23.06999969482422,-33.289459228515625,16.530540466308594,-17.393144607543945,-0.019334806129336357
23.079999923706055,-30.845701217651367,22.622154235839844,-17.38589096069336,-0.017948146909475327
23.09000015258789,-27.806140899658203,26.282060623168945,-17.372400283813477,-0.016350867226719856
23.100000381469727,-23.866214752197266,29.518539428710938,-17.35841941833496,-0.01373403798788786
23.110000610351562,-19.505489349365234,33.134639739990234,-17.340576171875,-0.011117209680378437
23.1200008392334,-14.38534927368164,35.87810134887695,-17.316482543945312,-0.008132873103022575
23.1299991607666,-8.380989074707031,37.203548431396484,-17.28668975830078,-0.004285478964447975
23.139999389648438,-1.690272569656372,37.53398132324219,-17.254663467407227,-0.0006502927863039076
23.149999618530273,4.179226875305176,37.755794525146484,-17.228118896484375,0.0025185137055814266
23.15999984741211,10.4612398147583,35.35862731933594,-17.195842742919922,0.006889511365443468
23.170000076293945,15.926276206970215,32.805912017822266,-17.153369903564453,0.010863197036087513
23.18000030517578,20.743526458740234,29.349157333374023,-17.11944580078125,0.01311156339943409
23.190000534057617,25.61994743347168,23.04674530029297,-17.07428741455078,0.015234592370688915
23.200000762939453,28.8691349029541,16.946901321411133,-17.0346736907959,0.01782161556184292
23.209999084472656,30.687358856201172,10.657787322998047,-16.979984283447266,0.019207244738936424
23.219999313354492,31.999683380126953,3.373739719390869,-16.92632293701172,0.02006942592561245
23.229999542236328,32.26172637939453,-3.38651180267334,-16.875835418701172,0.019669650122523308
23.239999771118164,30.90045928955078,-8.733389854431152,-16.81696891784668,0.01868443377315998
23.25,28.384960174560547,-16.05320167541504,-16.755470275878906,0.018992016091942787
23.260000228881836,24.42394256591797,-21.333600997924805,-16.692869186401367,0.017575550824403763
23.270000457763672,20.767642974853516,-24.38118553161621,-16.61655044555664,0.015667034313082695
23.280000686645508,16.929407119750977,-27.190996170043945,-16.54036521911621,0.014096937142312527
23.290000915527344,12.402519226074219,-30.68085479736328,-16.467464447021484,0.012341734953224659
23.299999237060547,7.057082653045654,-33.564414978027344,-16.389842987060547,0.009877902455627918
23.309999465942383,1.2984445095062256,-34.37116241455078,-16.310447692871094,0.00692297238856554
23.31999969482422,-4.466241836547852,-34.22996139526367,-16.22588539123535,0.004120799712836742
23.329999923706055,-9.687325477600098,-33.84385299682617,-16.133684158325195,0.0009806053712964058
23.34000015258789,-14.553339958190918,-32.84694290161133,-16.04711151123047,-0.002345091663300991
23.350000381469727,-19.72892189025879,-30.179458618164062,-15.961194038391113,-0.005637487396597862
23.360000610351562,-23.711793899536133,-27.40680503845215,-15.875469207763672,-0.008254315704107285
23.3700008392334,-27.437381744384766,-24.63414764404297,-15.773957252502441,-0.010871144011616707
23.3799991607666,-30.063840866088867,-21.01835823059082,-15.678202629089355,-0.013487973250448704
23.389999389648438,-32.02410888671875,-16.88184928894043,-15.580058097839355,-0.015918901190161705
23.399999618530273,-34.10800552368164,-12.706230163574219,-15.475197792053223,-0.017640404403209686
23.40999984741211,-36.09944534301758,-7.160918712615967,-15.364592552185059,-0.018315019086003304
23.420000076293945,-36.51506423950195,-2.106029748916626,-15.254993438720703,-0.018315019086003304
23.43000030517578,-36.656463623046875,2.3072152137756348,-15.145472526550293,-0.01850123703479767
23.440000534057617,-36.236209869384766,6.364446640014648,-15.033061981201172,-0.018279412761330605
23.450000762939453,-34.967559814453125,10.357071876525879,-14.9164400100708,-0.01726844534277916
23.459999084472656,-33.18574905395508,14.349696159362793,-14.792885780334473,-0.017081988975405693
23.469999313354492,-31.503562927246094,18.44774055480957,-14.670165061950684,-0.015812478959560394
23.479999542236328,-28.92466926574707,22.23316192626953,-14.54541301727295,-0.0141287287697196
23.489999771118164,-26.040607452392578,25.088544845581055,-14.415800094604492,-0.013195253908634186
23.5,-23.132017135620117,27.3900203704834,-14.28532600402832,-0.011325523257255554
23.510000228881836,-19.984148025512695,30.59890365600586,-14.14804458618164,-0.01080215722322464
23.520000457763672,-16.630146026611328,33.37156295776367,-14.006860733032227,-0.009344124235212803
23.530000686645508,-12.70151424407959,35.188724517822266,-13.866721153259277,-0.006577956024557352
23.540000915527344,-8.152864456176758,36.19267654418945,-13.716717720031738,-0.004297400824725628
23.549999237060547,-3.4918806552886963,36.57181930541992,-13.573193550109863,-0.0018677439074963331
23.559999465942383,0.6999706029891968,36.57181930541992,-13.42172908782959,0.0004129701410420239
23.56999969482422,6.045407772064209,36.57181930541992,-13.269946098327637,0.003029798623174429
23.579999923706055,10.589638710021973,35.06464385986328,-13.115471839904785,0.005271806847304106
23.59000015258789,14.604445457458496,32.880306243896484,-12.953310012817383,0.007216883357614279
23.600000381469727,18.09711456298828,29.93140983581543,-12.784368515014648,0.00908343493938446
23.610000610351562,21.214740753173828,26.1771183013916,-12.623395919799805,0.010169747285544872
23.6200008392334,24.778366088867188,22.5172119140625,-12.458304405212402,0.011512297205626965
23.6299991607666,27.286479949951172,18.654237747192383,-12.288799285888672,0.011887912638485432
23.639999389648438,29.19676971435547,14.016104698181152,-12.117740631103516,0.012934643775224686
23.649999618530273,30.49764633178711,9.025323867797852,-11.94201374053955,0.013605441898107529
23.65999984741211,31.223419189453125,4.24924898147583,-11.764087677001953,0.013417395763099194
23.670000076293945,31.537857055664062,0.25662410259246826,-11.584290504455566,0.013270282186567783
23.68000030517578,31.132078170776367,-5.042437553405762,-11.397350311279297,0.013229032047092915
23.690000534057617,30.477575302124023,-9.951051712036133,-11.208846092224121,0.012558870017528534
23.700000762939453,29.096513748168945,-14.149175643920898,-11.023009300231934,0.012558870017528534
23.709999084472656,27.105077743530273,-17.65312385559082,-10.839835166931152,0.012181982398033142
23.719999313354492,25.1186466217041,-20.753198623657227,-10.652833938598633,0.011135251261293888
23.729999542236328,23.23202133178711,-23.74766731262207,-10.452762603759766,0.009899917058646679
23.739999771118164,20.57724380493164,-26.380884170532227,-10.25188159942627,0.008895865641534328
23.75,17.80818748474121,-28.223108291625977,-10.062664985656738,0.008518342860043049
23.760000228881836,15.1558837890625,-29.669565200805664,-9.866409301757812,0.007093930616974831
23.770000457763672,12.62844467163086,-31.168909072875977,-9.66221809387207,0.006133988965302706
23.780000686645508,10.008131980895996,-31.390722274780273,-9.456165313720703,0.006046721711754799
23.790000915527344,6.926405906677246,-32.58901596069336,-9.25209903717041,0.0047095762565732
23.799999237060547,3.51077938079834,-33.7763786315918,-9.040047645568848,0.004331258591264486
23.809999465942383,0.42392706871032715,-34.472679138183594,-8.830253601074219,0.0032845272216945887
23.81999969482422,-1.986760139465332,-34.443790435791016,-8.626928329467773,0.0020484779961407185
23.829999923706055,-4.397447109222412,-33.778350830078125,-8.418174743652344,0.0010465724626556039
23.84000015258789,-7.304211616516113,-34.47770690917969,-8.20562744140625,0.00047814243589527905
23.850000381469727,-10.164216041564941,-33.19768142700195,-7.995052814483643,-0.0009023985476233065
23.860000610351562,-12.591949462890625,-32.260826110839844,-7.783695697784424,-0.0013802230823785067
23.8700008392334,-14.58338737487793,-32.26587677001953,-7.573158264160156,-0.0012362876441329718
23.8799991607666,-16.577495574951172,-31.25641632080078,-7.358574867248535,-0.002329037059098482
23.889999389648438,-18.7785587310791,-29.371009826660156,-7.1406989097595215,-0.003473129589110613
23.899999618530273,-20.734586715698242,-29.214136123657227,-6.918255805969238,-0.0035196244716644287
23.90999984741211,-22.621212005615234,-28.578311920166016,-6.691567897796631,-0.0041862898506224155
23.920000076293945,-24.409622192382812,-27.344379425048828,-6.465982913970947,-0.0047566271387040615
23.93000030517578,-25.94873809814453,-26.445554733276367,-6.238033771514893,-0.005565956700593233
23.940000534057617,-27.101675033569336,-24.11652374267578,-6.00449275970459,-0.005232862196862698
23.950000762939453,-28.343223571777344,-22.725114822387695,-5.771066665649414,-0.005232862196862698
23.959999084472656,-29.344411849975586,-21.912363052368164,-5.532817363739014,-0.005232862196862698
23.969999313354492,-30.10356903076172,-20.812131881713867,-5.298704147338867,-0.005232862196862698
23.979999542236328,-30.778045654296875,-18.94449234008789,-5.07353401184082,-0.005423451773822308
23.989999771118164,-31.721359252929688,-17.835432052612305,-4.843881130218506,-0.00556547986343503
24,-32.85575485229492,-17.332956314086914,-4.603868007659912,-0.005232862196862698
24.010000228881836,-33.51118469238281,-15.535638809204102,-4.3660888671875,-0.005042034666985273
24.020000457763672,-34.02363967895508,-14.279200553894043,-4.129461288452148,-0.004518669098615646
24.030000686645508,-34.69677734375,-14.173135757446289,-3.889963150024414,-0.004377276636660099
24.040000915527344,-35.535282135009766,-12.842260360717773,-3.6490182876586914,-0.004900642670691013
24.049999237060547,-35.144073486328125,-11.511385917663574,-3.413058042526245,-0.005041716620326042
24.059999465942383,-35.582881927490234,-9.932888984680176,-3.179678201675415,-0.004518351051956415
24.06999969482422,-36.1024284362793,-8.779128074645996,-2.9399421215057373,-0.0041862898506224155
24.079999923706055,-36.358734130859375,-8.20595645904541,-2.7019059658050537,-0.0041862898506224155
24.09000015258789,-36.46355056762695,-7.844061374664307,-2.4683403968811035,-0.0038033626042306423
24.100000381469727,-36.568363189697266,-6.845905303955078,-2.2336368560791016,-0.0033312607556581497
24.110000610351562,-36.33342361450195,-6.297130584716797,-1.9941284656524658,-0.003471381263807416
24.1200008392334,-36.321327209472656,-5.853505611419678,-1.750619888305664,-0.0029480152297765017
24.1299991607666,-36.63894271850586,-5.219425678253174,-1.5067366361618042,-0.0029999942053109407
24.139999389648438,-37.07078170776367,-4.270062446594238,-1.2630010843276978,-0.003087420482188463
24.149999618530273,-36.756343841552734,-3.715531587600708,-1.0203174352645874,-0.0022850853856652975
24.15999984741211,-36.53377914428711,-3.938694715499878,-0.7725263833999634,-0.002616431098431349
24.170000076293945,-36.593753814697266,-4.057456016540527,-0.5266875624656677,-0.0024243316147476435
24.18000030517578,-36.502864837646484,-4.148308753967285,-0.2806530296802521,-0.0017087870510295033
24.190000534057617,-36.126487731933594,-4.389655113220215,-0.031318843364715576,-0.0008543140138499439
24.200000762939453,-36.44092559814453,-4.722373962402344,0.21801534295082092,-0.0007156241335906088
24.209999084472656,-36.854164123535156,-4.950545310974121,0.4662429690361023,-0.0008541550487279892
24.219999313354492,-36.827415466308594,-4.464465618133545,0.7081437706947327,-0.00013829254021402448
24.229999542236328,-36.96683120727539,-4.321266174316406,0.9571847319602966,0.0007158625521697104
24.239999771118164,-37.211570739746094,-4.902667045593262,1.203079342842102,0.0008539166883565485
24.25,-36.58731460571289,-5.5554070472717285,1.4434577226638794,0.0009087568032555282
24.260000228881836,-36.48250198364258,-4.779063701629639,1.6854946613311768,0.0017626734916120768
24.270000457763672,-36.21515655517578,-7.356339931488037,1.9290032386779785,0.00190025067422539
24.280000686645508,-36.241493225097656,-9.7634859085083,2.1671245098114014,0.0017628325149416924
24.290000915527344,-36.16802215576172,-10.110709190368652,2.400700569152832,0.0020931449253112078
24.299999237060547,-35.28755569458008,-8.335981369018555,2.633723020553589,0.002286277711391449
24.309999465942383,-35.182743072509766,-10.66501235961914,2.87064790725708,0.002616431098431349
24.31999969482422,-35.43072509765625,-10.660897254943848,3.1121394634246826,0.002616431098431349
24.329999923706055,-35.044151306152344,-11.228769302368164,3.3510608673095703,0.0028098023030906916
24.34000015258789,-34.401939392089844,-12.490278244018555,3.5872766971588135,0.0029462669044733047
24.350000381469727,-33.998779296875,-13.758562088012695,3.8235902786254883,0.002616431098431349
24.360000610351562,-33.05546569824219,-14.645812034606934,4.06289005279541,0.003003650112077594
24.3700008392334,-32.68293380737305,-15.029754638671875,4.298359394073486,0.0036630036775022745
24.3799991607666,-32.015193939208984,-16.3344669342041,4.5349321365356445,0.0038567720912396908
24.389999389648438,-31.130504608154297,-18.353347778320312,4.7726149559021,0.0041862898506224155
24.399999618530273,-30.187192916870117,-20.038843154907227,4.997561931610107,0.003992362413555384
24.40999984741211,-29.243879318237305,-19.26249885559082,5.233388423919678,0.003857010742649436
24.420000076293945,-28.0964412689209,-22.48204231262207,5.467838287353516,0.0041862898506224155
24.43000030517578,-27.4090633392334,-24.167144775390625,5.700081825256348,0.0041862898506224155
24.440000534057617,-26.30064582824707,-24.826513290405273,5.924656391143799,0.003797799116000533
24.450000762939453,-24.680952072143555,-25.47279167175293,6.157374382019043,0.0031397175043821335
24.459999084472656,-23.19266128540039,-27.225160598754883,6.386026859283447,0.002945312997326255
24.469999313354492,-21.20122528076172,-28.44512939453125,6.613067626953125,0.002616431098431349
24.479999542236328,-19.125261306762695,-29.12845802307129,6.8354644775390625,0.0024218678008764982
24.489999771118164,-17.089067459106445,-29.746536254882812,7.054542541503906,0.001703859306871891
24.5,-15.026458740234375,-30.637901306152344,7.2698974609375,0.0006571279955096543
24.510000228881836,-12.803165435791016,-31.886444091796875,7.475323677062988,0
24.520000457763672,-10.392477989196777,-32.44097137451172,7.680787086486816,-0.00038976239738985896
24.530000686645508,-7.981790542602539,-33.285831451416016,7.896084308624268,-0.0012415332021191716
24.540000915527344,-4.9012227058410645,-33.818668365478516,8.106677055358887,-0.0017648988869041204
24.549999237060547,-2.0376639366149902,-33.92643737792969,8.314509391784668,-0.0024833842180669308
24.559999465942383,0.08010989427566528,-33.551841735839844,8.52805233001709,-0.0033349166624248028
24.56999969482422,2.805234670639038,-32.442779541015625,8.7356538772583,-0.004053561016917229
24.579999923706055,5.825531005859375,-32.99949264526367,8.93403148651123,-0.00510029261931777
24.59000015258789,8.865093231201172,-32.17878341674805,9.14025592803955,-0.006147023756057024
24.600000381469727,11.706852912902832,-30.998632431030273,9.346481323242188,-0.006998238153755665
24.610000610351562,14.327164649963379,-29.529857635498047,9.554877281188965,-0.007717200554907322
24.6200008392334,16.947986602783203,-26.21077537536621,9.746033668518066,-0.008568255230784416
24.6299991607666,19.673110961914062,-24.54718017578125,9.928050994873047,-0.009483132511377335
24.639999389648438,22.155675888061523,-22.969141006469727,10.113142013549805,-0.01026988960802555
24.649999618530273,24.453598022460938,-20.998825073242188,10.31045150756836,-0.010334267280995846
24.65999984741211,26.622745513916016,-18.19703483581543,10.501928329467773,-0.011772986501455307
24.670000076293945,28.68922233581543,-14.354696273803711,10.688346862792969,-0.013082155957818031
24.68000030517578,30.366222381591797,-11.027508735656738,10.87346076965332,-0.013082155957818031
24.690000534057617,31.07758140563965,-5.378086090087891,11.056957244873047,-0.013278388418257236
24.700000762939453,31.34838104248047,-0.14920102059841156,11.239880561828613,-0.01380175445228815
24.709999084472656,31.45319366455078,4.303340911865234,11.418603897094727,-0.01432511955499649
24.719999313354492,31.342370986938477,8.346025466918945,11.59346866607666,-0.014652014710009098
24.729999542236328,29.874998092651367,12.005931854248047,11.77083969116211,-0.014455464668571949
24.739999771118164,28.12346839904785,16.367412567138672,11.941309928894043,-0.0141287287697196
24.75,25.77967071533203,21.769981384277344,12.107124328613281,-0.013735310174524784
24.760000228881836,23.11358070373535,25.855745315551758,12.27767562866211,-0.012491789646446705
24.770000457763672,20.175373077392578,27.96845054626465,12.435750007629395,-0.011315428651869297
24.780000686645508,16.40212631225586,31.406543731689453,12.589644432067871,-0.010398168116807938
24.790000915527344,12.628876686096191,34.6295166015625,12.74693489074707,-0.00882807094603777
24.799999237060547,8.161001205444336,37.68246078491211,12.901951789855957,-0.006863760761916637
24.809999465942383,3.3390183448791504,37.609291076660156,13.052613258361816,-0.004641304258257151
24.81999969482422,-1.643649935722351,36.02792739868164,13.203926086425781,-0.0028739413246512413
24.829999923706055,-6.730443000793457,38.3912467956543,13.348733901977539,-0.0011751686688512564
24.84000015258789,-10.503692626953125,35.729496002197266,13.484930038452148,0.00026641186559572816
24.850000381469727,-14.276942253112793,32.889739990234375,13.626362800598145,0.002557378727942705
24.860000610351562,-17.990549087524414,30.447954177856445,13.762418746948242,0.0051742070354521275
24.8700008392334,-21.518293380737305,28.340736389160156,13.897592544555664,0.007395709864795208
24.8799991607666,-24.746074676513672,26.154237747192383,14.028660774230957,0.009361292235553265
24.889999389648438,-27.78563690185547,23.270675659179688,14.153913497924805,0.011582477018237114
24.899999618530273,-29.82369613647461,20.96514892578125,14.279098510742188,0.01275677140802145
24.90999984741211,-32.44265365600586,17.619882583618164,14.40401840209961,0.013676098547875881
24.920000076293945,-34.72431182861328,13.31538200378418,14.52515697479248,0.014652014710009098
24.93000030517578,-35.859615325927734,8.527752876281738,14.641668319702148,0.015642713755369186
24.940000534057617,-36.907737731933594,3.6478781700134277,14.757908821105957,0.01746666431427002
24.950000762939453,-36.68214797973633,-1.2319962978363037,14.870129585266113,0.01759343221783638
24.959999084472656,-36.07368087768555,-5.645179748535156,14.969171524047852,0.017665201798081398
24.969999313354492,-35.43806838989258,-9.288834571838379,15.07593822479248,0.01771964505314827
24.979999542236328,-34.49634552001953,-12.569266319274902,15.177257537841797,0.016546621918678284
24.989999771118164,-32.190372467041016,-16.78474235534668,15.276291847229004,0.015626022592186928
25,-29.779685974121094,-22.10824203491211,15.373074531555176,0.013658533804118633
25.010000228881836,-26.242828369140625,-26.325214385986328,15.46658706665039,0.011439256370067596
25.020000457763672,-22.532678604125977,-29.0816593170166,15.552781105041504,0.009471449069678783
25.030000686645508,-18.622547149658203,-31.02281951904297,15.638773918151855,0.0060588824562728405
25.040000915527344,-13.863800048828125,-33.270015716552734,15.717965126037598,0.0023436611518263817
25.049999237060547,-8.518362998962402,-34.37908172607422,15.799761772155762,-0.0001479889324400574
25.059999465942383,-3.0855534076690674,-34.37870788574219,15.882894515991211,-0.0032881831284612417
25.06999969482422,2.55340576171875,-33.824092864990234,15.960768699645996,-0.006229124963283539
25.079999923706055,8.049059867858887,-32.4377326965332,16.035335540771484,-0.008845953270792961
25.09000015258789,12.968354225158691,-30.101219177246094,16.105350494384766,-0.011462782509624958
25.100000381469727,17.160852432250977,-28.4376277923584,16.171611785888672,-0.013880119659006596
25.110000610351562,21.919185638427734,-25.277204513549805,16.239633560180664,-0.015774011611938477
25.1200008392334,25.90253257751465,-20.47209930419922,16.305307388305664,-0.01734410971403122
25.1299991607666,28.967132568359375,-14.878783226013184,16.362478256225586,-0.018714478239417076
25.139999389648438,31.210655212402344,-8.89090633392334,16.413482666015625,-0.0195614006370306
25.149999618530273,32.782840728759766,-1.5710948705673218,16.46318817138672,-0.020084764808416367
25.15999984741211,32.229026794433594,5.42734432220459,16.510549545288086,-0.020408162847161293
25.170000076293945,31.062774658203125,11.927048683166504,16.554676055908203,-0.020408162847161293
25.18000030517578,29.020334243774414,18.082687377929688,16.59652328491211,-0.019807783886790276
25.190000534057617,25.87778663635254,23.924392700195312,16.6291446685791,-0.01863809861242771
25.200000762939453,21.55696678161621,29.291284561157227,16.66734504699707,-0.016913017258048058
25.209999084472656,16.525968551635742,32.618473052978516,16.698421478271484,-0.01344982348382473
25.219999313354492,10.909064292907715,35.945655822753906,16.726730346679688,-0.01051007304340601
25.229999542236328,5.20360803604126,37.76865768432617,16.751903533935547,-0.0072916727513074875
25.239999771118164,-0.7691128849983215,38.13984298706055,16.776371002197266,-0.0031047470401972532
25.25,-7.228228569030762,37.72202682495117,16.79277992248535,0.00048012944171205163
25.260000228881836,-12.36404037475586,35.503902435302734,16.80782699584961,0.003297720570117235
25.270000457763672,-17.318586349487305,32.42265319824219,16.8214111328125,0.006638756487518549
25.280000686645508,-21.71546745300293,29.976482391357422,16.831199645996094,0.009900473989546299
25.290000915527344,-25.719768524169922,27.09782600402832,16.838239669799805,0.012517302297055721
25.299999237060547,-29.339481353759766,22.956287384033203,16.84058952331543,0.014530888758599758
25.309999465942383,-31.645357131958008,19.185474395751953,16.839128494262695,0.015979940071702003
25.31999969482422,-34.048797607421875,13.659612655639648,16.839128494262695,0.017670925706624985
25.329999923706055,-35.509239196777344,8.622159004211426,16.835397720336914,0.018918976187705994
25.34000015258789,-36.36286163330078,4.522077560424805,16.819921493530273,0.020086275413632393
25.350000381469727,-36.677711486816406,0.8370479941368103,16.800073623657227,0.019602252170443535
25.360000610351562,-35.94402313232422,-4.042826175689697,16.78671646118164,0.018516575917601585
25.3700008392334,-34.79233932495117,-10.470733642578125,16.778244018554688,0.018435031175613403
25.3799991607666,-33.159236907958984,-15.802440643310547,16.76427459716797,0.017388299107551575
25.389999389648438,-30.432933807373047,-19.558666229248047,16.758447647094727,0.015736181288957596
25.399999618530273,-26.993661880493164,-22.68095588684082,16.745994567871094,0.012917476706206799
25.40999984741211,-23.75001335144043,-26.825363159179688,16.72692108154297,0.009777282364666462
25.420000076293945,-19.033451080322266,-29.930736541748047,16.715944290161133,0.006435053888708353
25.43000030517578,-14.056005477905273,-32.29997634887695,16.693756103515625,0.0029736075084656477
25.440000534057617,-9.14998722076416,-33.3278694152832,16.677553176879883,-0.0003687800490297377
25.450000762939453,-3.720280408859253,-33.388755798339844,16.66155433654785,-0.00403233990073204
25.459999084472656,2.6154839992523193,-33.224300384521484,16.64407730102539,-0.007493548095226288
25.469999313354492,7.856108665466309,-33.446109771728516,16.62324333190918,-0.010228878818452358
25.479999542236328,12.53337287902832,-31.283472061157227,16.597503662109375,-0.012524852529168129
25.489999771118164,17.422815322875977,-28.18239974975586,16.568992614746094,-0.01493909116834402
25.5,21.824466705322266,-24.125938415527344,16.535490036010742,-0.01682988367974758
25.510000228881836,25.224225997924805,-18.790904998779297,16.498844146728516,-0.018399979919195175
25.520000457763672,27.949350357055664,-11.581998825073242,16.467025756835938,-0.019970078021287918
25.530000686645508,29.565391540527344,-7.893789291381836,16.43109893798828,-0.02093144878745079
25.540000915527344,30.984865188598633,-1.2745757102966309,16.387088775634766,-0.0207284614443779
25.549999237060547,30.998397827148438,5.720226287841797,16.34687614440918,-0.01979896053671837
25.559999465942383,29.361677169799805,11.785926818847656,16.296201705932617,-0.019041452556848526
25.56999969482422,26.9185848236084,17.45772933959961,16.24085807800293,-0.01854868419468403
25.579999923706055,23.354961395263672,23.668479919433594,16.1977481842041,-0.01645522192120552
25.59000015258789,19.541471481323242,28.645401000976562,16.14307975769043,-0.014768529683351517
25.600000381469727,15.25168228149414,32.18317794799805,16.083942413330078,-0.012704474851489067
25.610000610351562,10.399495124816895,34.66320037841797,16.029682159423828,-0.009244458749890327
25.6200008392334,5.0343017578125,36.5509147644043,15.953770637512207,-0.006307888310402632
25.6299991607666,-0.5207600593566895,36.3291015625,15.89063835144043,-0.0032836529426276684
25.639999389648438,-5.98560094833374,35.62995910644531,15.822223663330078,-0.000027658506951411255
25.649999618530273,-11.041345596313477,34.08830642700195,15.746848106384277,0.002793032443150878
25.65999984741211,-15.821439743041992,32.39775848388672,15.667058944702148,0.005525343120098114
25.670000076293945,-20.269027709960938,30.839813232421875,15.585500717163086,0.007414784748107195
25.68000030517578,-23.308589935302734,27.51262664794922,15.50334358215332,0.009188982658088207
25.690000534057617,-26.44530487060547,23.774232864379883,15.4163236618042,0.011282444931566715
25.700000762939453,-29.444313049316406,20.464876174926758,15.32475471496582,0.013171649537980556
25.709999084472656,-31.65586280822754,16.28815460205078,15.230982780456543,0.014741746708750725
25.719999313354492,-33.137142181396484,11.783329963684082,15.133002281188965,0.015698587521910667
25.729999542236328,-35.023765563964844,10.452454566955566,15.037463188171387,0.016107583418488503
25.739999771118164,-35.557273864746094,5.3769097328186035,14.938735008239746,0.017154313623905182
25.75,-35.683258056640625,0.35946765542030334,14.827548027038574,0.017382416874170303
25.760000228881836,-35.517818450927734,-4.397904872894287,14.720565795898438,0.01694989576935768
25.770000457763672,-35.05000305175781,-8.685386657714844,14.61520004272461,0.016858814284205437
25.780000686645508,-34.14323806762695,-12.378125190734863,14.496357917785645,0.015402290970087051
25.790000915527344,-32.15180206298828,-16.592561721801758,14.379807472229004,0.013923753052949905
25.799999237060547,-29.727624893188477,-19.25013542175293,14.262212753295898,0.01258016936480999
25.809999465942383,-26.96381187438965,-22.301729202270508,14.140450477600098,0.010373609140515327
25.81999969482422,-23.728193283081055,-25.65175437927246,14.0171537399292,0.00880351196974516
25.829999923706055,-20.046911239624023,-28.45159149169922,13.886468887329102,0.006822829134762287
25.84000015258789,-17.00735092163086,-29.89337158203125,13.74528694152832,0.0042060003615915775
25.850000381469727,-12.285131454467773,-32.81889343261719,13.60700511932373,0.0015891719376668334
25.860000610351562,-7.911031723022461,-34.025665283203125,13.470427513122559,-0.0006165939848870039
25.8700008392334,-3.8233449459075928,-33.82330322265625,13.331644058227539,-0.0023923020344227552
25.8799991607666,0.4249090254306793,-33.08943176269531,13.187710762023926,-0.004897145088762045
25.889999389648438,5.351096153259277,-32.5349006652832,13.043427467346191,-0.007420030422508717
25.899999618530273,9.37356185913086,-32.08662414550781,12.89710807800293,-0.008372579701244831
25.90999984741211,13.128606796264648,-30.919769287109375,12.744205474853516,-0.008990366011857986
25.920000076293945,16.539676666259766,-29.042261123657227,12.598082542419434,-0.010354454629123211
25.93000030517578,19.57603645324707,-26.513216018676758,12.452214241027832,-0.01140118669718504
25.940000534057617,22.306228637695312,-23.378353118896484,12.298657417297363,-0.012241750955581665
25.950000762939453,25.240978240966797,-19.053009033203125,12.132123947143555,-0.01276511698961258
25.959999084472656,27.7613468170166,-15.253832817077637,11.973200798034668,-0.013494808226823807
25.969999313354492,29.704788208007812,-11.22311782836914,11.808825492858887,-0.0141287287697196
25.979999542236328,31.039424896240234,-6.6823201179504395,11.6410493850708,-0.0141287287697196
25.989999771118164,31.88739013671875,-1.6414580345153809,11.475543022155762,-0.0141287287697196
26,32.83070373535156,3.903853416442871,11.305805206298828,-0.0141287287697196
26.010000228881836,32.24727249145508,6.978390216827393,11.132665634155273,-0.013922004960477352
26.020000457763672,30.755386352539062,11.575980186462402,10.955267906188965,-0.013398638926446438
26.030000686645508,29.032236099243164,16.780925750732422,10.776118278503418,-0.012875272892415524
26.040000915527344,27.46647071838379,20.741880416870117,10.60246753692627,-0.012351907789707184
26.049999237060547,25.370220184326172,22.73819351196289,10.426615715026855,-0.011621500365436077
26.059999465942383,22.790267944335938,26.57708168029785,10.241337776184082,-0.010367648676037788
26.06999969482422,20.09768295288086,29.269670486450195,10.064218521118164,-0.009211951866745949
26.079999923706055,17.563762664794922,31.478050231933594,9.893563270568848,-0.00848130602389574
26.09000015258789,15.117903709411621,33.78239440917969,9.712088584899902,-0.007019856013357639
26.100000381469727,12.183154106140137,36.000518798828125,9.522628784179688,-0.005548709537833929
26.110000610351562,8.522689819335938,37.12163162231445,9.33231258392334,-0.005025343969464302
26.1200008392334,5.012659549713135,36.638336181640625,9.14022445678711,-0.004086782690137625
26.1299991607666,1.827514886856079,37.030155181884766,8.947450637817383,-0.0027243630029261112
26.139999389648438,-1.1677615642547607,37.636993408203125,8.741639137268066,-0.0016776315169408917
26.149999618530273,-4.300549030303955,35.78167724609375,8.538032531738281,-0.0012544087367132306
26.15999984741211,-7.235299110412598,36.33620834350586,8.33597183227539,-0.0011540274135768414
26.170000076293945,-9.739368438720703,36.79959487915039,8.1274995803833,0.00010069921700051054
26.18000030517578,-12.211722373962402,35.93819808959961,7.923605442047119,0.0012546471552923322
26.190000534057617,-14.876006126403809,34.87215042114258,7.715214252471924,0.0019861669279634953
26.200000762939453,-17.69622230529785,34.878509521484375,7.500285625457764,0.002616431098431349
26.209999084472656,-19.687658309936523,33.32582473754883,7.300745487213135,0.0032413701992481947
26.219999313354492,-21.679096221923828,32.068572998046875,7.091640949249268,0.0041862898506224155
26.229999542236328,-23.190343856811523,30.413084030151367,6.876960754394531,0.004394761752337217
26.239999771118164,-24.492223739624023,28.807842254638672,6.660600185394287,0.005126679316163063
26.25,-25.953079223632812,27.608675003051758,6.443136692047119,0.0053388867527246475
26.260000228881836,-27.839702606201172,26.49961280822754,6.225951194763184,0.004918286576867104
26.270000457763672,-29.12632179260254,25.17892074584961,6.0048370361328125,0.005441652145236731
26.280000686645508,-29.779823303222656,23.208667755126953,5.782238960266113,0.005756148602813482
26.290000915527344,-30.556499481201172,21.368749618530273,5.5590009689331055,0.0053382511250674725
26.299999237060547,-31.523300170898438,19.898832321166992,5.33535099029541,0.0047095762565732
26.309999465942383,-31.946792602539062,18.366344451904297,5.117093086242676,0.0047095762565732
26.31999969482422,-32.57566833496094,17.811811447143555,4.89837121963501,0.004918763414025307
26.329999923706055,-33.45193099975586,16.646474838256836,4.679721832275391,0.004814328625798225
26.34000015258789,-33.98929214477539,15.131505012512207,4.457958698272705,0.0041862898506224155
26.350000381469727,-34.333011627197266,13.60980224609375,4.233319282531738,0.004395715892314911
26.360000610351562,-34.94377517700195,12.332353591918945,4.001893997192383,0.0047095762565732
26.3700008392334,-35.36302947998047,10.446948051452637,3.7769455909729004,0.004080822225660086
26.3799991607666,-35.603485107421875,10.075037002563477,3.542757987976074,0.0033493817318230867
26.389999389648438,-35.8131103515625,9.277122497558594,3.315250873565674,0.0034532600548118353
26.399999618530273,-36.06319046020508,8.399619102478027,3.0838475227355957,0.0031397175043821335
26.40999984741211,-36.377628326416016,7.897745609283447,2.851989984512329,0.002510009566321969
26.420000076293945,-36.69206619262695,6.455965042114258,2.6192047595977783,0.0021998051088303328
26.43000030517578,-36.33220672607422,6.645048141479492,2.390512228012085,0.002929655835032463
26.440000534057617,-36.12853240966797,6.74965763092041,2.160902738571167,0.0024062900338321924
26.450000762939453,-36.07110595703125,6.348508358001709,1.9264994859695435,0.0018829243490472436
26.459999084472656,-36.094024658203125,5.340003490447998,1.6906617879867554,0.0015698587521910667
26.469999313354492,-36.19883728027344,3.8982222080230713,1.454072117805481,0.0015698587521910667
26.479999542236328,-35.89060592651367,3.2212929725646973,1.2158324718475342,0.0011489407625049353
26.489999771118164,-36.04891586303711,3.056087017059326,0.9774790406227112,0.0007338246796280146
26.5,-36.41767501831055,3.228524684906006,0.7393632531166077,0.000625336600933224
26.510000228881836,-36.65781784057617,3.0242719650268555,0.5005150437355042,0
26.520000457763672,-36.45357131958008,1.5911563634872437,0.2616669237613678,-0.00021077689598314464
26.530000686645508,-36.348758697509766,2.367499828338623,0.022571589797735214,-0.0005232862313278019
26.540000915527344,-36.50111770629883,2.146061658859253,-0.21744167804718018,-0.0005232862313278019
26.549999237060547,-36.64949035644531,2.933917760848999,-0.4563444256782532,-0.0007343015749938786
26.559999465942383,-36.68073654174805,3.741224527359009,-0.6861792206764221,-0.0012576673179864883
26.56999969482422,-36.575923919677734,3.238499402999878,-0.9215320348739624,-0.0019922072533518076
26.579999923706055,-36.47111129760742,4.791186809539795,-1.1580495834350586,-0.0024051773361861706
26.59000015258789,-36.458953857421875,4.4810566902160645,-1.3956702947616577,-0.0020931449253112078
26.600000381469727,-36.18620681762695,5.441682815551758,-1.622943639755249,-0.0025159704964607954
26.610000610351562,-35.85438919067383,6.476059913635254,-1.8519128561019897,-0.0031397175043821335
26.6200008392334,-35.56778335571289,6.557519912719727,-2.0832743644714355,-0.0031397175043821335
26.6299991607666,-34.938907623291016,7.001144886016846,-2.3159873485565186,-0.0031397175043821335
26.639999389648438,-35.10674285888672,8.603934288024902,-2.5474231243133545,-0.0031397175043821335
26.649999618530273,-35.09101104736328,9.31369686126709,-2.775189161300659,-0.003351527499035001
26.65999984741211,-34.73295593261719,9.860788345336914,-3.003230333328247,-0.0038748933002352715
26.670000076293945,-34.2349739074707,10.66483211517334,-3.232149839401245,-0.0041862898506224155
26.68000030517578,-34.119911193847656,11.541234970092773,-3.464879274368286,-0.004398338496685028
26.690000534057617,-33.3862190246582,11.76304817199707,-3.701594114303589,-0.0047095762565732
26.700000762939453,-33.144840240478516,12.418967247009277,-3.935258388519287,-0.0047095762565732
26.709999084472656,-33.0400276184082,13.134382247924805,-4.166671276092529,-0.0047095762565732
26.719999313354492,-32.76966094970703,14.465506553649902,-4.3979034423828125,-0.0051343091763556
26.729999542236328,-32.15806579589844,17.000431060791016,-4.624171733856201,-0.005756148602813482
26.739999771118164,-31.73881721496582,16.889524459838867,-4.850670337677002,-0.005968674086034298
26.75,-30.78566551208496,18.944231033325195,-5.072417259216309,-0.006279435008764267
26.760000228881836,-29.73754119873047,19.745824813842773,-5.287103176116943,-0.006066750735044479
26.770000457763672,-28.849590301513672,20.032472610473633,-5.508474826812744,-0.005543384701013565
26.780000686645508,-28.1895694732666,21.09209632873535,-5.728692054748535,-0.006084235850721598
26.790000915527344,-27.3510684967041,21.868440628051758,-5.946713924407959,-0.006900161504745483
26.799999237060547,-25.937070846557617,24.471651077270508,-6.1614990234375,-0.006279435008764267
26.809999465942383,-24.826927185058594,26.337108612060547,-6.372005939483643,-0.006279435008764267
26.81999969482422,-23.695711135864258,26.983572006225586,-6.588979244232178,-0.006279435008764267
26.829999923706055,-22.220619201660156,27.22240447998047,-6.797883987426758,-0.006279435008764267
26.84000015258789,-20.333993911743164,29.551435470581055,-7.011555194854736,-0.006279435008764267
26.850000381469727,-18.858762741088867,32.09812545776367,-7.224384307861328,-0.005852635484188795
26.860000610351562,-17.07787322998047,33.1561279296875,-7.431468486785889,-0.005019383039325476
26.8700008392334,-15.029522895812988,33.88178634643555,-7.630556106567383,-0.0038553415797650814
26.8799991607666,-12.622389793395996,34.67558670043945,-7.82878303527832,-0.003043707460165024
26.889999389648438,-9.712482452392578,35.256404876708984,-8.033624649047852,-0.002808133140206337
26.899999618530273,-7.301795959472656,36.3654670715332,-8.238203048706055,-0.0013560616644099355
26.90999984741211,-4.293931007385254,36.57181930541992,-8.439068794250488,-0.0006188193219713867
26.920000076293945,-1.2712386846542358,36.24992752075195,-8.639166831970215,0
26.93000030517578,1.663511037826538,36.00328063964844,-8.84189510345459,0.0006421065772883594
26.940000534057617,4.645865440368652,36.260440826416016,-9.042820930480957,0.0022122038062661886
26.950000762939453,7.99986457824707,35.9277229309082,-9.232734680175781,0.00335391191765666
26.959999084472656,10.98488998413086,35.69261169433594,-9.422809600830078,0.004091551527380943
26.969999313354492,13.919639587402344,33.749664306640625,-9.617383003234863,0.005352636333554983
26.979999542236328,16.76778221130371,31.23267364501953,-9.80395221710205,0.006708300672471523
26.989999771118164,19.53057289123535,28.97728729248047,-9.989288330078125,0.007540519814938307
27,22.465322494506836,25.539194107055664,-10.16230583190918,0.008493069559335709
27.010000228881836,24.80501365661621,21.996158599853516,-10.332619667053223,0.009633823297917843
27.020000457763672,27.110889434814453,19.000505447387695,-10.511686325073242,0.010586691088974476
27.030000686645508,29.014875411987305,15.271025657653809,-10.68677043914795,0.011297467164695263
27.040000915527344,30.353418350219727,10.747435569763184,-10.859207153320312,0.011633740738034248
27.049999237060547,31.291547775268555,6.969766139984131,-11.03448486328125,0.012343880720436573
27.059999465942383,31.815608978271484,2.644422769546509,-11.204449653625488,0.01225065253674984
27.06999969482422,31.93147850036621,-1.5945355892181396,-11.369317054748535,0.012558870017528534
27.079999923706055,31.302623748779297,-6.111434459686279,-11.53266429901123,0.012774097733199596
27.09000015258789,29.855398178100586,-10.776603698730469,-11.69668960571289,0.012866849079728127
27.100000381469727,27.73446273803711,-15.195438385009766,-11.862022399902344,0.012558870017528534
27.110000610351562,25.323774337768555,-19.409875869750977,-12.02013874053955,0.012127937749028206
27.1200008392334,22.82451629638672,-23.343151092529297,-12.174934387207031,0.011512297205626965
27.1299991607666,20.0526123046875,-26.614418029785156,-12.321953773498535,0.01086542196571827
27.139999389648438,16.919706344604492,-28.994754791259766,-12.469616889953613,0.009726733900606632
27.149999618530273,13.339606285095215,-30.46722984313965,-12.614340782165527,0.008340232074260712
27.15999984741211,9.0422945022583,-31.46538734436035,-12.74844741821289,0.006802720949053764
27.170000076293945,5.031493663787842,-33.373050689697266,-12.88709545135498,0.0061548915691673756
27.18000030517578,0.6224169135093689,-33.715763092041016,-13.028010368347168,0.004584794864058495
27.190000534057617,-3.7099504470825195,-33.715576171875,-13.15934944152832,0.0030146976932883263
27.200000762939453,-7.825387001037598,-33.89605712890625,-13.292869567871094,0.0010122378589585423
27.209999084472656,-12.43713665008545,-32.67608642578125,-13.422121047973633,-0.001388329896144569
27.219999313354492,-16.43427085876465,-30.91415786743164,-13.542315483093262,-0.003481792751699686
27.229999542236328,-20.49510955810547,-29.552154541015625,-13.669050216674805,-0.006008095573633909
27.239999771118164,-24.154827117919922,-27.200056076049805,-13.798781394958496,-0.008715291507542133
27.25,-27.752328872680664,-22.9019775390625,-13.991082191467285,-0.010592174716293812
27.260000228881836,-32.063350677490234,-16.642955780029297,-14.097067832946777,-0.013028904795646667
27.270000457763672,-32.063350677490234,-16.642955780029297,-14.152358055114746,-0.015175300650298595
27.280000686645508,-33.931121826171875,-12.959733963012695,-14.265236854553223,-0.016042569652199745
27.290000915527344,-35.813995361328125,-8.860172271728516,-14.376705169677734,-0.017485342919826508
27.299999237060547,-36.88275909423828,-4.5947184562683105,-14.485066413879395,-0.018008707091212273
27.309999465942383,-36.99905776977539,0.411211222410202,-14.594109535217285,-0.01874912902712822
27.31999969482422,-37.20868682861328,3.738398313522339,-14.696305274963379,-0.01892732083797455
27.329999923706055,-36.5,8.23162841796875,-14.78930950164795,-0.018315019086003304
27.34000015258789,-35.189971923828125,12.818412780761719,-14.881924629211426,-0.017880430445075035
27.350000381469727,-33.44621658325195,16.82094955444336,-14.977738380432129,-0.016616325825452805
27.360000610351562,-31.32583236694336,20.173677444458008,-15.061532020568848,-0.015698587521910667
27.3700008392334,-28.6007080078125,24.166301727294922,-15.139594078063965,-0.014828456565737724
27.3799991607666,-25.381763458251953,26.904855728149414,-15.218779563903809,-0.01295260526239872
27.389999389648438,-21.983989715576172,30.431350708007812,-15.293766021728516,-0.011164817027747631
27.399999618530273,-17.977115631103516,33.574981689453125,-15.369331359863281,-0.008418041281402111
27.40999984741211,-13.213244438171387,35.68939208984375,-15.441317558288574,-0.005408032797276974
27.420000076293945,-7.970851898193359,37.11433792114258,-15.518512725830078,-0.00287871016189456
27.43000030517578,-2.5206027030944824,36.55980682373047,-15.586359977722168,0.0002614841505419463
27.440000534057617,3.173325300216675,36.950714111328125,-15.653031349182129,0.0031835895497351885
27.450000762939453,8.710987091064453,36.53514099121094,-15.712125778198242,0.006236754823476076
27.459999084472656,13.83042049407959,34.48683547973633,-15.763928413391113,0.009463818743824959
27.469999313354492,18.442169189453125,30.65324592590332,-15.821412086486816,0.01164399366825819
27.479999542236328,23.053916931152344,24.664308547973633,-15.87743854522705,0.013650903478264809
27.489999771118164,26.872238159179688,20.074636459350586,-15.919344902038574,0.01561227347701788
27.5,29.71272087097168,14.401460647583008,-15.956223487854004,0.016440439969301224
27.510000228881836,31.587190628051758,8.189984321594238,-15.995306968688965,0.017182448878884315
27.520000457763672,32.53364562988281,2.2996721267700195,-16.03634262084961,0.017791731283068657
27.530000686645508,32.219207763671875,-5.020139217376709,-16.075956344604492,0.018010536208748817
27.540000915527344,30.288217544555664,-11.635613441467285,-16.103391647338867,0.018533902242779732
27.549999237060547,27.626996994018555,-17.28235626220703,-16.127256393432617,0.018181415274739265
27.559999465942383,24.50764274597168,-22.397279739379883,-16.15983009338379,0.016830360516905785
27.56999969482422,20.980194091796875,-26.906282424926758,-16.185461044311523,0.015126262791454792
27.579999923706055,16.787694931030273,-29.568031311035156,-16.215539932250977,0.012947837822139263
27.59000015258789,11.983053207397461,-31.69000244140625,-16.22903823852539,0.01137773972004652
27.600000381469727,6.929017543792725,-33.14072036743164,-16.239702224731445,0.008930200710892677
27.610000610351562,1.474703311920166,-34.079837799072266,-16.2557430267334,0.005705520510673523
27.6200008392334,-4.318597316741943,-34.04889678955078,-16.263713836669922,0.0028691724874079227
27.6299991607666,-10.134227752685547,-32.224876403808594,-16.268375396728516,-0.00005142256850376725
27.639999389648438,-14.641164779663086,-31.89215850830078,-16.273035049438477,-0.003327286569401622
27.649999618530273,-18.979129791259766,-29.503278732299805,-16.276338577270508,-0.006635180674493313
27.65999984741211,-23.096391677856445,-27.000749588012695,-16.27435302734375,-0.009388155303895473
27.670000076293945,-26.972627639770508,-24.293657302856445,-16.26908302307129,-0.012172047980129719
27.68000030517578,-30.47492027282715,-20.50482940673828,-16.264421463012695,-0.014622130431234837
27.690000534057617,-32.571170806884766,-15.624954223632812,-16.261484146118164,-0.016965234652161598
27.700000762939453,-34.02748489379883,-10.06794261932373,-16.258901596069336,-0.017708756029605865
27.709999084472656,-34.98835754394531,-6.324436187744141,-16.248903274536133,-0.018755488097667694
27.719999313354492,-35.594608306884766,-2.6738193035125732,-16.237436294555664,-0.019802218303084373
27.729999542236328,-35.81576156616211,2.4850351810455322,-16.238849639892578,-0.019967375323176384
27.739999771118164,-35.08207321166992,7.919440746307373,-16.23389434814453,-0.019141117110848427
27.75,-33.758277893066406,12.313152313232422,-16.21737289428711,-0.018397198989987373
27.760000228881836,-31.730785369873047,16.716672897338867,-16.218538284301758,-0.01712983474135399
27.770000457763672,-29.375497817993164,20.996070861816406,-16.20807456970215,-0.015780450776219368
27.780000686645508,-26.79022216796875,24.96764373779297,-16.18657875061035,-0.014071345329284668
27.790000915527344,-23.639720916748047,28.51215362548828,-16.16132354736328,-0.011675386689603329
27.799999237060547,-19.132783889770508,31.062997817993164,-16.144485473632812,-0.00958192441612482
27.809999465942383,-15.272356986999512,34.041404724121094,-16.12659454345703,-0.007267431356012821
27.81999969482422,-10.702418327331543,35.77552795410156,-16.101123809814453,-0.0042083850130438805
27.829999923706055,-5.1976118087768555,35.92533493041992,-16.071578979492188,-0.000987202045507729
27.84000015258789,0.6570793390274048,35.14115524291992,-16.03763771057129,0.0016296266112476587
27.850000381469727,6.316953659057617,34.25390625,-16.00419044494629,0.004910497926175594
27.860000610351562,11.801335334777832,32.8095703125,-15.966672897338867,0.008211715146899223
27.8700008392334,16.555543899536133,30.252553939819336,-15.924107551574707,0.010748191736638546
27.8799991607666,20.73643684387207,26.625646591186523,-15.882163047790527,0.013666799291968346
27.889999389648438,24.63329315185547,21.996906280517578,-15.83853816986084,0.01584029756486416
27.899999618530273,27.987293243408203,15.453438758850098,-15.789782524108887,0.01696690358221531
27.90999984741211,30.394502639770508,10.512906074523926,-15.737669944763184,0.01726844534277916
27.920000076293945,30.94515609741211,4.183831214904785,-15.688258171081543,0.01749034970998764
27.93000030517578,30.539241790771484,-1.8010118007659912,-15.630949974060059,0.01756974682211876
27.940000534057617,29.866296768188477,-6.5282111167907715,-15.566370010375977,0.017046382650732994
27.950000762939453,28.60854721069336,-11.962616920471191,-15.507820129394531,0.01652301661670208
27.959999084472656,25.31856918334961,-18.257173538208008,-15.442573547363281,0.015777429565787315
27.969999313354492,22.118854522705078,-22.864675521850586,-15.369260787963867,0.014508397318422794
27.979999542236328,18.60577964782715,-26.578632354736328,-15.295859336853027,0.01316068135201931
27.989999771118164,14.530309677124023,-29.628793716430664,-15.22451400756836,0.01189148984849453
28,9.911097526550293,-31.601417541503906,-15.156342506408691,0.009653773158788681
28.010000228881836,5.089722633361816,-32.932289123535156,-15.080623626708984,0.007404055446386337
28.020000457763672,0.10020050406455994,-34.35212707519531,-14.999188423156738,0.005466528702527285
28.030000686645508,-4.871195316314697,-34.02796936035156,-14.91490364074707,0.002771891187876463
28.040000915527344,-9.797382354736328,-32.736141204833984,-14.83128833770752,0.0002327129477635026
28.049999237060547,-14.595602035522461,-32.04620361328125,-14.744622230529785,-0.0031304184813052416
28.059999465942383,-18.264039993286133,-30.160799026489258,-14.65550422668457,-0.005678895395249128
28.06999969482422,-22.569522857666016,-27.60131072998047,-14.56695556640625,-0.007394914980977774
28.079999923706055,-26.70549964904785,-25.43239402770996,-14.473219871520996,-0.01023491844534874
28.09000015258789,-30.01531219482422,-22.87930679321289,-14.372264862060547,-0.012482093647122383
28.100000381469727,-32.21561050415039,-19.255828857421875,-14.2738037109375,-0.013975493609905243
28.110000610351562,-33.892608642578125,-15.263204574584961,-14.175426483154297,-0.015175300650298595
28.1200008392334,-35.07991409301758,-11.27057933807373,-14.062949180603027,-0.01606927439570427
28.1299991607666,-36.085914611816406,-6.656032562255859,-13.9448881149292,-0.01749201864004135
28.139999389648438,-36.68623352050781,-2.6575686931610107,-13.83806037902832,-0.017791731283068657
28.149999618530273,-36.650569915771484,0.6224047541618347,-13.7227144241333,-0.018015464767813683
28.15999984741211,-35.812129974365234,4.8367791175842285,-13.607368469238281,-0.017643583938479424
28.170000076293945,-35.07844161987305,8.94031047821045,-13.477180480957031,-0.01629737764596939
28.18000030517578,-33.781944274902344,12.193081855773926,-13.351007461547852,-0.01547461748123169
28.190000534057617,-32.20270538330078,16.43039894104004,-13.230264663696289,-0.01427910104393959
28.200000762939453,-30.399860382080078,20.855052947998047,-13.105478286743164,-0.012633897364139557
28.209999084472656,-28.23369598388672,23.18408203125,-12.976963996887207,-0.012035583145916462
28.219999313354492,-25.089323043823242,25.51311492919922,-12.842642784118652,-0.011138430796563625
28.229999542236328,-22.818286895751953,27.93455696105957,-12.711716651916504,-0.009269335307180882
28.239999771118164,-20.030534744262695,30.77360725402832,-12.582137107849121,-0.007474790792912245
28.25,-16.550983428955078,33.3508415222168,-12.439359664916992,-0.0056058550253510475
28.260000228881836,-12.70076847076416,35.05863571166992,-12.289652824401855,-0.0042603639885783195
28.270000457763672,-9.032331466674805,37.05494689941406,-12.142326354980469,-0.0025395755656063557
28.280000686645508,-4.986828327178955,37.954044342041016,-11.992513656616211,-0.00037227716529741883
28.290000915527344,-0.5501594543457031,37.991844177246094,-11.837090492248535,0.0011978199472650886
28.299999237060547,4.106916427612305,37.51523971557617,-11.674955368041992,0.0029928411822766066
28.309999465942383,8.65662670135498,36.651180267333984,-11.510335922241211,0.004861300345510244
28.31999969482422,12.534688949584961,34.987586975097656,-11.346677780151367,0.005981231573969126
28.329999923706055,15.805556297302246,32.57441329956055,-11.176920890808105,0.007180084940046072
28.34000015258789,18.747827529907227,28.754249572753906,-11.016762733459473,0.008823064155876637
28.350000381469727,21.734540939331055,25.59014892578125,-10.850040435791016,0.00986979529261589
28.360000610351562,24.573238372802734,23.329195022583008,-10.6787691116333,0.010916526429355145
28.3700008392334,26.571311950683594,20.324190139770508,-10.5120210647583,0.011061335913836956
28.3799991607666,28.772375106811523,16.99700355529785,-10.340065002441406,0.010691285133361816
28.389999389648438,30.220483779907227,12.873085975646973,-10.164606094360352,0.011214650236070156
28.399999618530273,31.537425994873047,8.610376358032227,-9.995290756225586,0.01173801627010107
28.40999984741211,32.4486083984375,4.359199047088623,-9.822214126586914,0.011809784919023514
28.420000076293945,32.428104400634766,0.07724569737911224,-9.645803451538086,0.011060541495680809
28.43000030517578,32.218482971191406,-3.8044724464416504,-9.46414852142334,0.010465724393725395
28.440000534057617,31.55588722229004,-7.3986077308654785,-9.27796745300293,0.010465724393725395
28.450000762939453,30.82219886779785,-10.737702369689941,-9.090383529663086,0.010013492777943611
28.459999084472656,29.505355834960938,-14.13028621673584,-8.903948783874512,0.0094191525131464
28.469999313354492,27.510501861572266,-17.71746063232422,-8.718183517456055,0.00919287744909525
28.479999542236328,26.567188262939453,-20.933740615844727,-8.530414581298828,0.008669511415064335
28.489999771118164,24.45355796813965,-22.292482376098633,-8.336617469787598,0.007919711992144585
28.5,22.398609161376953,-24.67201042175293,-8.137990951538086,0.007099493406713009
28.510000228881836,20.16423988342285,-27.092870712280273,-7.946648120880127,0.006576127838343382
28.520000457763672,17.817554473876953,-28.9272403717041,-7.753796100616455,0.006279435008764267
28.530000686645508,16.035743713378906,-30.590831756591797,-7.557352542877197,0.005825930740684271
28.540000915527344,14.253931045532227,-30.70697593688965,-7.355788230895996,0.005232862196862698
28.549999237060547,12.312141418457031,-31.748916625976562,-7.154223442077637,0.004552129190415144
28.559999465942383,10.154147148132324,-32.66856384277344,-6.9526591300964355,0.0036630036775022745
28.56999969482422,7.879321098327637,-33.28880310058594,-6.751094341278076,0.0036630036775022745
28.579999923706055,5.638785362243652,-33.974647521972656,-6.547412872314453,0.0029815551824867725
28.59000015258789,2.8088481426239014,-33.309207916259766,-6.336541652679443,0.0020931449253112078
28.600000381469727,0.674282968044281,-34.023399353027344,-6.127295017242432,0.0016385280760005116
28.610000610351562,-1.2547026872634888,-34.1624870300293,-5.912630081176758,0.0012739603407680988
28.6200008392334,-3.141327381134033,-33.75904846191406,-5.701595783233643,0.0008874565828591585
28.6299991607666,-4.960394382476807,-33.41202926635742,-5.4855499267578125,0.00022754685778636485
28.639999389648438,-6.322956562042236,-32.968406677246094,-5.272215366363525,0.0000680335724609904
28.649999618530273,-8.154788970947266,-33.81582260131836,-5.061784744262695,-0.00029558042297139764
28.65999984741211,-10.110797882080078,-33.419036865234375,-4.844663143157959,-0.0004555705818347633
28.670000076293945,-11.74292278289795,-32.737701416015625,-4.623129844665527,-0.0010465724626556039
28.68000030517578,-12.916304588317871,-32.67005920410156,-4.402483940124512,-0.0012745166895911098
28.690000534057617,-14.174055099487305,-32.78096389770508,-4.18224573135376,-0.001341835013590753
28.700000762939453,-15.734164237976074,-31.612117767333984,-3.9615261554718018,-0.0012746757129207253
28.709999084472656,-16.619503021240234,-30.472902297973633,-3.7346880435943604,-0.0015698587521910667
28.719999313354492,-17.559457778930664,-29.583284378051758,-3.5133166313171387,-0.0015698587521910667
28.729999542236328,-18.570817947387695,-29.323400497436523,-3.292205810546875,-0.0015698587521910667
28.739999771118164,-18.91431999206543,-30.167593002319336,-3.0733015537261963,-0.0020267008803784847
28.75,-20.276884078979492,-29.502155303955078,-2.8566033840179443,-0.0021594299469143152
28.760000228881836,-21.056703567504883,-28.836719512939453,-2.6422226428985596,-0.0017984388396143913
28.770000457763672,-21.744356155395508,-28.357872009277344,-2.4245123863220215,-0.0018644854426383972
28.780000686645508,-22.203571319580078,-28.2066707611084,-2.2024447917938232,-0.0015698587521910667
28.790000915527344,-22.118436813354492,-28.313961029052734,-1.9789223670959473,-0.002027495764195919
28.799999237060547,-22.223249435424805,-27.315805435180664,-1.7542965412139893,-0.002616431098431349
28.809999465942383,-22.959333419799805,-27.462745666503906,-1.5294296741485596,-0.002387453569099307
28.81999969482422,-23.73212242126465,-26.89154815673828,-1.3037625551223755,-0.0020931449253112078
28.829999923706055,-24.30084228515625,-26.044322967529297,-1.076992154121399,-0.0018640084890648723
28.84000015258789,-24.615280151367188,-25.760417938232422,-0.8497951030731201,-0.0015698587521910667
28.850000381469727,-24.929716110229492,-26.31494903564453,-0.6207539439201355,-0.0015698587521910667
28.860000610351562,-24.564355850219727,-26.04739761352539,-0.38840311765670776,-0.0008817341295070946
28.8700008392334,-24.944190979003906,-26.099016189575195,-0.15126974880695343,0
28.8799991607666,-25.003440856933594,-26.57570457458496,0.08347265422344208,0
28.889999389648438,-24.483091354370117,-27.000896453857422,0.30827590823173523,0.00022961328795645386
28.899999618530273,-24.692716598510742,-26.224552154541016,0.5373047590255737,0.0002935934462584555
28.90999984741211,-24.59020233154297,-27.31983757019043,0.7705187797546387,0.00022977225307840854
28.920000076293945,-24.724119186401367,-26.576431274414062,0.9995014071464539,0.0005232862313278019
28.93000030517578,-24.492891311645508,-26.58669662475586,1.2257726192474365,0.0005232862313278019
28.940000534057617,-23.864017486572266,-27.25556182861328,1.4539613723754883,0.0005232862313278019
28.950000762939453,-23.23514175415039,-26.674951553344727,1.678828239440918,-0.00016698426043149084
28.959999084472656,-22.606266021728516,-27.451295852661133,1.902534008026123,-0.00035606350866146386
28.969999313354492,-22.23691749572754,-28.319177627563477,2.1262357234954834,0.0007535353652201593
28.979999542236328,-21.67432403564453,-28.61561393737793,2.341639280319214,0.0008162438753060997
28.989999771118164,-21.0533447265625,-28.425199508666992,2.556995391845703,0.0005232862313278019
29,-20.555500030517578,-28.328113555908203,2.7679738998413086,0.0007537737837992609
29.010000228881836,-19.507373809814453,-29.880800247192383,2.9913198947906494,0.0010465724626556039
29.020000457763672,-18.365808486938477,-30.04924774169922,3.2165231704711914,0.0008159259450621903
29.030000686645508,-17.212871551513672,-30.414155960083008,3.4344022274017334,0.0005232862313278019
29.040000915527344,-16.41594696044922,-30.780330657958984,3.6561086177825928,0.00029248074861243367
29.049999237060547,-15.901192665100098,-30.912433624267578,3.883305549621582,0.00023088495072443038
29.059999465942383,-14.538630485534668,-31.134246826171875,4.104538440704346,0.00006135738658485934
29.06999969482422,-13.176067352294922,-30.612590789794922,4.31988000869751,-0.0002922423300333321
29.079999923706055,-11.813505172729492,-31.423450469970703,4.537846088409424,0
29.09000015258789,-10.656679153442383,-32.42777633666992,4.756626129150391,0
29.100000381469727,-9.41676139831543,-32.864959716796875,4.972761631011963,-0.00023128233442548662
29.110000610351562,-7.335476398468018,-32.640506744384766,5.190637588500977,-0.0009860098361968994
29.1200008392334,-5.868101596832275,-32.30778884887695,5.407830238342285,-0.001801299978978932
29.1299991607666,-3.986543893814087,-32.413333892822266,5.620718955993652,-0.0023246656637638807
29.139999389648438,-1.99510657787323,-33.005706787109375,5.830391883850098,-0.0028480314649641514
29.149999618530273,0.2675037384033203,-33.498416900634766,6.038947105407715,-0.003371397266164422
29.15999984741211,2.984321117401123,-33.16569900512695,6.24290132522583,-0.004126522224396467
29.170000076293945,4.556508541107178,-32.832977294921875,6.454415321350098,-0.004477737471461296
29.18000030517578,7.026386737823486,-32.59524917602539,6.655173301696777,-0.004882044158875942
29.190000534057617,9.385502815246582,-32.511627197265625,6.853442192077637,-0.005756148602813482
29.200000762939453,11.66822338104248,-31.73397445678711,7.055123329162598,-0.005756148602813482
29.209999084472656,13.980755805969238,-29.893455505371094,7.253647804260254,-0.005988305434584618
29.219999313354492,15.762567520141602,-28.895299911499023,7.445877552032471,-0.006743906997144222
29.229999542236328,17.254274368286133,-28.101791381835938,7.64009428024292,-0.0077906385995447636
29.239999771118164,19.155038833618164,-26.790430068969727,7.835031986236572,-0.00860497448593378
29.25,21.394573211669922,-24.479665756225586,8.029034614562988,-0.008895865641534328
29.260000228881836,23.73538589477539,-21.386613845825195,8.223608016967773,-0.008895865641534328
29.270000457763672,25.831634521484375,-18.724863052368164,8.415364265441895,-0.009361132979393005
29.280000686645508,27.306079864501953,-18.0369815826416,8.605801582336426,-0.01040786411613226
29.290000915527344,28.93178367614746,-15.361144065856934,8.799118995666504,-0.010756218805909157
29.299999237060547,30.116535186767578,-11.860334396362305,8.986701965332031,-0.010698596946895123
29.309999465942383,31.061792373657227,-8.072503089904785,9.172063827514648,-0.011221962049603462
29.31999969482422,32.45436096191406,-4.042036533355713,9.348797798156738,-0.0122113898396492
29.329999923706055,32.55917739868164,-1.269381046295166,9.53026008605957,-0.012615934945642948
29.34000015258789,32.14740753173828,3.507525682449341,9.708229064941406,-0.012035583145916462
29.350000381469727,31.808225631713867,7.611555099487305,9.877171516418457,-0.012502121739089489
29.360000610351562,31.301345825195312,11.253277778625488,10.034714698791504,-0.012848807498812675
29.3700008392334,30.100980758666992,15.4677152633667,10.198472023010254,-0.012558870017528534
29.3799991607666,27.795106887817383,19.682151794433594,10.358688354492188,-0.012558870017528534
29.389999389648438,26.14043617248535,23.30596160888672,10.523079872131348,-0.012325282208621502
29.399999618530273,23.608421325683594,25.83932876586914,10.689417839050293,-0.011801917105913162
29.40999984741211,20.524768829345703,28.815343856811523,10.852707862854004,-0.011044804938137531
29.420000076293945,17.478490829467773,32.78777313232422,11.01235294342041,-0.009764247573912144
29.43000030517578,14.858180046081543,35.22770690917969,11.176461219787598,-0.008194150403141975
29.440000534057617,10.838403701782227,36.60990905761719,11.333277702331543,-0.006624053232371807
29.450000762939453,6.373258113861084,38.100547790527344,11.48474407196045,-0.005288020242005587
29.459999084472656,2.067639112472534,39.11335372924805,11.637099266052246,-0.004241289105266333
29.469999313354492,-1.9683388471603394,39.13554763793945,11.78761100769043,-0.0022576653864234686
29.479999542236328,-6.1608381271362305,37.91998291015625,11.938254356384277,0.00017962133279070258
29.489999771118164,-10.353338241577148,36.92182922363281,12.084053039550781,0.0015153364511206746
29.5,-14.46341323852539,34.789859771728516,12.22626781463623,0.0027965293265879154
29.510000228881836,-18.087467193603516,32.840511322021484,12.363224029541016,0.005070249550044537
29.520000457763672,-21.37013816833496,31.075237274169922,12.49210262298584,0.0072719622403383255
29.530000686645508,-24.67005157470703,28.838037490844727,12.617847442626953,0.008083993569016457
29.540000915527344,-27.395177841186523,26.398099899291992,12.742514610290527,0.009546476416289806
29.549999237060547,-29.226734161376953,23.012643814086914,12.867180824279785,0.011458728462457657
29.559999465942383,-31.163280487060547,19.463642120361328,12.992977142333984,0.01250545959919691
29.56999969482422,-32.89577865600586,16.427841186523438,13.119876861572266,0.013787209056317806
29.579999923706055,-34.016822814941406,13.770997047424316,13.238831520080566,0.014887112192809582
29.59000015258789,-34.96013641357422,8.669309616088867,13.353676795959473,0.015410478226840496
29.600000381469727,-36.288604736328125,4.7902727127075195,13.469620704650879,0.015933843329548836
29.610000610351562,-36.358421325683594,0.7154812216758728,13.585312843322754,0.01598653756082058
29.6200008392334,-35.92905807495117,-3.4488537311553955,13.695354461669922,0.01593400351703167
29.6299991607666,-35.591739654541016,-7.6250128746032715,13.801153182983398,0.015986379235982895
29.639999389648438,-35.17249298095703,-12.061262130737305,13.906012535095215,0.014991864562034607
29.649999618530273,-32.998470306396484,-15.623727798461914,14.008584022521973,0.013421767391264439
29.65999984741211,-30.718656539916992,-19.589380264282227,14.107253074645996,0.012087403796613216
29.670000076293945,-28.08709144592285,-23.003658294677734,14.201714515686035,0.010569047182798386
29.68000030517578,-24.913848876953125,-25.77631378173828,14.291820526123047,0.008475583977997303
29.690000534057617,-21.129915237426758,-28.520708084106445,14.37939453125,0.005674206651747227
29.700000762939453,-17.14704132080078,-30.738834381103516,14.463397026062012,0.0029548504389822483
29.709999084472656,-12.907113075256348,-32.14096450805664,14.542986869812012,0.001148622832261026
29.719999313354492,-8.242515563964844,-33.360931396484375,14.619552612304688,-0.0014172600349411368
29.729999542236328,-3.2795848846435547,-34.03657531738281,14.701581954956055,-0.004084875341504812
29.739999771118164,1.7268658876419067,-33.612937927246094,14.773895263671875,-0.006414707284420729
29.75,6.5482401847839355,-32.503875732421875,14.851957321166992,-0.008795087225735188
29.760000228881836,11.462231636047363,-31.492816925048828,14.91547966003418,-0.011125078424811363
29.770000457763672,15.43436336517334,-29.413028717041016,14.980508804321289,-0.01279547717422247
29.780000686645508,19.067882537841797,-26.751277923583984,15.042770385742188,-0.014028903096914291
29.790000915527344,22.888322830200195,-23.70338249206543,15.102655410766602,-0.015885600820183754
29.799999237060547,26.451948165893555,-18.93441390991211,15.163818359375,-0.017218850553035736
29.809999465942383,29.318727493286133,-12.690729141235352,15.219905853271484,-0.018028657883405685
29.81999969482422,30.94739532470703,-6.766294956207275,15.2735013961792,-0.018789028748869896
29.829999923706055,31.391801834106445,-1.3740322589874268,15.32298469543457,-0.019124506041407585
29.84000015258789,31.02508544921875,3.8380208015441895,15.368341445922852,-0.01860114187002182
29.850000381469727,30.472646713256836,9.719584465026855,15.410930633544922,-0.0185522623360157
29.860000610351562,28.166772842407227,15.819426536560059,15.4467134475708,-0.01836365833878517
29.8700008392334,24.712732315063477,21.13825035095215,15.480218887329102,-0.016842123121023178
29.8799991607666,20.70931625366211,26.605262756347656,15.519118309020996,-0.01474866084754467
29.889999389648438,16.48374366760254,31.042593002319336,15.549988746643066,-0.012417636811733246
29.899999618530273,12.04880428314209,32.731807708740234,15.570804595947266,-0.009563167579472065
29.90999984741211,6.074492454528809,35.948089599609375,15.594890594482422,-0.006422972772270441
29.920000076293945,1.1675124168395996,36.246788024902344,15.616900444030762,-0.003282778663560748
29.93000030517578,-4.193792819976807,35.820308685302734,15.637739181518555,-0.000380463432520628
29.940000534057617,-11.318626403808594,34.12286376953125,15.656371116638184,0.0024743236135691404
29.950000762939453,-19.26438331604004,31.099863052368164,15.672682762145996,0.0060905939899384975
29.959999084472656,-19.26438331604004,31.099863052368164,15.673483848571777,0.008372579701244831
29.969999313354492,-22.42831802368164,28.15778160095215,15.681852340698242,0.00980176217854023
29.979999542236328,-26.172758102416992,25.697086334228516,15.688220977783203,0.011988850310444832
29.989999771118164,-29.29983139038086,22.894546508789062,15.691279411315918,0.013035581447184086
30,-31.478425979614258,18.901819229125977,15.691888809204102,0.015036054886877537
30.010000228881836,-33.574676513671875,13.689225196838379,15.690292358398438,0.01650664396584034
30.020000457763672,-34.54002380371094,10.217217445373535,15.689435005187988,0.016699062660336494
30.030000686645508,-35.40499496459961,5.038351535797119,15.68336296081543,0.017507119104266167
30.040000915527344,-35.92028045654297,-0.2157611846923828,15.671650886535645,0.01803048513829708
30.049999237060547,-35.7771110534668,-4.766969203948975,15.661589622497559,0.01783735305070877
30.059999465942383,-34.72898864746094,-8.790889739990234,15.651175498962402,0.016551708802580833
30.06999969482422,-33.68086242675781,-13.448951721191406,15.640300750732422,0.015459596179425716
30.079999923706055,-31.86528968811035,-16.482881546020508,15.63315200805664,0.014219015836715698
30.09000015258789,-29.387439727783203,-20.753053665161133,15.620736122131348,0.0123647041618824
30.100000381469727,-26.266847610473633,-25.187910079956055,15.61462688446045,0.010316146537661552
30.110000610351562,-22.491653442382812,-27.713651657104492,15.602437019348145,0.0076993172988295555
30.1200008392334,-17.87990379333496,-30.042680740356445,15.588939666748047,0.0046037109568715096
30.1299991607666,-12.991540908813477,-31.493627548217773,15.589377403259277,0.001179619343020022
30.139999389648438,-7.99761962890625,-32.394466400146484,15.575396537780762,-0.0017210268415510654
30.149999618530273,-2.880091667175293,-33.28880310058594,15.557937622070312,-0.004817110486328602
30.15999984741211,2.2477664947509766,-34.0115966796875,15.534975051879883,-0.007761549204587936
30.170000076293945,6.859516143798828,-32.45890808105469,15.508565902709961,-0.009615225717425346
30.18000030517578,12.264360427856445,-31.220922470092773,15.483716011047363,-0.01142518874257803
30.190000534057617,16.66927146911621,-29.842937469482422,15.464717864990234,-0.012798815034329891
30.200000762939453,20.752540588378906,-27.391965866088867,15.439593315124512,-0.014282280579209328
30.209999084472656,24.68777084350586,-23.35295867919922,15.409266471862793,-0.016418900340795517
30.219999313354492,27.81831932067871,-17.80365753173828,15.367645263671875,-0.01798899844288826
30.229999542236328,29.809757232666016,-11.925626754760742,15.331830024719238,-0.01859804056584835
30.239999771118164,31.06679916381836,-6.565657615661621,15.299009323120117,-0.01855536177754402
30.25,31.71501922607422,-0.7485557198524475,15.26002025604248,-0.018597882241010666
30.260000228881836,31.60488510131836,5.434866905212402,15.21801471710205,-0.01807451620697975
30.270000457763672,30.442108154296875,11.390887260437012,15.172158241271973,-0.017310569062829018
30.280000686645508,27.926607131958008,18.267074584960938,15.125199317932129,-0.016263838857412338
30.290000915527344,24.525789260864258,22.61392593383789,15.077136993408203,-0.014976367354393005
30.299999237060547,20.577795028686523,27.105722427368164,15.025893211364746,-0.012924629263579845
30.309999465942383,16.385295867919922,31.147722244262695,14.966320991516113,-0.010789599269628525
30.31999969482422,12.147430419921875,33.64945983886719,14.91240406036377,-0.008496565744280815
30.329999923706055,7.640493392944336,35.2021484375,14.854453086853027,-0.005597429815679789
30.34000015258789,2.2743771076202393,36.55280685424805,14.775225639343262,-0.0032217393163591623
30.350000381469727,-3.246866464614868,37.43294906616211,14.70863151550293,-0.0008870591991581023
30.360000610351562,-8.197111129760742,36.818424224853516,14.635701179504395,0.0017297693993896246
30.3700008392334,-12.455774307250977,34.76365661621094,14.560249328613281,0.004105221945792437
30.3799991607666,-16.962711334228516,33.321876525878906,14.48066520690918,0.006198684684932232
30.389999389648438,-21.674442291259766,31.01329231262207,14.396668434143066,0.008292147889733315
30.399999618530273,-24.83246612548828,27.03510856628418,14.314970970153809,0.010143996216356754
30.40999984741211,-27.5596923828125,23.449556350708008,14.229138374328613,0.011472399346530437
30.420000076293945,-30.273679733276367,20.634445190429688,14.137727737426758,0.012760903686285019
30.43000030517578,-32.634681701660156,17.427722930908203,14.043865203857422,0.013847295194864273
30.440000534057617,-33.892433166503906,14.433255195617676,13.952449798583984,0.01485452614724636
30.450000762939453,-34.81074523925781,10.3612699508667,13.858603477478027,0.015698587521910667
30.459999084472656,-35.770023345947266,6.674930572509766,13.756532669067383,0.015940679237246513
30.469999313354492,-36.494873046875,2.7745094299316406,13.653702735900879,0.015979701653122902
30.479999542236328,-36.553890228271484,-2.2200117111206055,13.55225944519043,0.015940837562084198
30.489999771118164,-36.23945236206055,-5.43629264831543,13.442246437072754,0.01573721319437027
30.5,-34.91530227661133,-9.526731491088867,13.324286460876465,0.014690482057631016
30.510000228881836,-33.71721649169922,-14.02611255645752,13.209630012512207,0.01340126246213913
30.520000457763672,-32.154869079589844,-18.4121150970459,13.091954231262207,0.011831165291368961
30.530000686645508,-29.81222915649414,-22.03517723083496,12.974068641662598,0.010018419474363327
30.540000915527344,-27.296728134155273,-23.920581817626953,12.849401473999023,0.008410410955548286
30.549999237060547,-24.58378028869629,-27.4774169921875,12.728148460388184,0.007120873779058456
30.559999465942383,-21.63589096069336,-29.801605224609375,12.605900764465332,0.005550776142627001
30.56999969482422,-18.24783706665039,-30.943958282470703,12.482550621032715,0.0034947479143738747
30.579999923706055,-14.423958778381348,-31.70901870727539,12.352381706237793,0.0013640094548463821
30.59000015258789,-10.44192886352539,-33.471004486083984,12.220724105834961,-0.0009354615467600524
30.600000381469727,-6.56386661529541,-33.69281768798828,12.087409973144531,-0.002859635278582573
30.610000610351562,-2.523430585861206,-33.74281692504883,11.95035457611084,-0.003869568230584264
30.6200008392334,1.6209733486175537,-33.562774658203125,11.808887481689453,-0.005439665634185076
30.6299991607666,5.78122615814209,-33.16181182861328,11.66750717163086,-0.006522877141833305
30.639999389648438,9.806696891784668,-32.590824127197266,11.52711296081543,-0.007533287163823843
30.649999618530273,13.055883407592773,-31.81447982788086,11.381980895996094,-0.008859782479703426
30.65999984741211,15.952592849731445,-29.639495849609375,11.230310440063477,-0.00966283306479454
30.670000076293945,19.10077667236328,-27.671009063720703,11.074539184570312,-0.010429959744215012
30.68000030517578,22.180519104003906,-25.55138397216797,10.916918754577637,-0.010989011265337467
30.690000534057617,24.712574005126953,-22.62112808227539,10.762660026550293,-0.01147684920579195
30.700000762939453,26.704011917114258,-19.40484619140625,10.602200508117676,-0.01227958220988512
30.709999084472656,28.980606079101562,-14.579313278198242,10.438806533813477,-0.012314791791141033
30.719999313354492,30.29833221435547,-10.783502578735352,10.280829429626465,-0.01227974146604538
30.729999542236328,31.09071922302246,-7.81118631362915,10.114458084106445,-0.012558870017528534
30.739999771118164,31.82440757751465,-4.805932521820068,9.95949935913086,-0.012070235796272755
30.75,32.55809783935547,-0.48058944940567017,9.803411483764648,-0.011512297205626965
30.760000228881836,32.5778923034668,3.5210120677948,9.63343620300293,-0.011756773106753826
30.770000457763672,31.725231170654297,7.677679061889648,9.46417236328125,-0.011546473018825054
30.780000686645508,30.466203689575195,11.44308853149414,9.2952299118042,-0.010989011265337467
30.790000915527344,29.0750675201416,14.921455383300781,9.11661148071289,-0.010989011265337467
30.799999237060547,27.611799240112305,18.75539779663086,8.93648910522461,-0.010989011265337467
30.809999465942383,26.249235153198242,21.417146682739258,8.758574485778809,-0.010499265044927597
30.81999969482422,24.633331298828125,23.72146987915039,8.577312469482422,-0.009452532976865768
30.829999923706055,22.3565616607666,26.32037925720215,8.392592430114746,-0.008405801840126514
30.84000015258789,19.737958908081055,28.565227508544922,8.205058097839355,-0.0073590707033872604
30.850000381469727,17.39349365234375,29.796958923339844,8.01616096496582,-0.006802720949053764
30.860000610351562,15.611681938171387,33.013240814208984,7.826345443725586,-0.005821638740599155
30.8700008392334,13.190213203430176,34.19898223876953,7.634860515594482,-0.004464225843548775
30.8799991607666,10.741622924804688,35.29863357543945,7.447277069091797,-0.003940860275179148
30.889999389648438,8.33093547821045,35.97971725463867,7.2581281661987305,-0.0034174947068095207
30.899999618530273,5.830401420593262,35.96388244628906,7.0631561279296875,-0.00289412890560925
30.90999984741211,2.8956518173217773,36.40750503540039,6.866800785064697,-0.00212509511038661
30.920000076293945,0.747398316860199,36.95515823364258,6.674180507659912,-0.0013241113629192114
30.93000030517578,-1.127325177192688,37.97850036621094,6.4761247634887695,-0.0010465724626556039
30.940000534057617,-3.3041138648986816,37.735679626464844,6.2792205810546875,-0.0008006660500541329
30.950000762939453,-5.824817657470703,36.37726974487305,6.081200122833252,-0.000031314506486523896
30.959999084472656,-8.021991729736328,36.70541763305664,5.877856731414795,0.00027722088270820677
30.969999313354492,-9.279741287231445,35.929073333740234,5.677933692932129,0.0004922896041534841
30.979999542236328,-11.102912902832031,35.83649826049805,5.477768421173096,0.0012927968055009842
30.989999771118164,-12.869132041931152,35.053733825683594,5.272154331207275,0.0015698587521910667
31,-14.40948486328125,33.73684310913086,5.066378593444824,0.0015698587521910667
31.010000228881836,-15.854765892028809,32.99946212768555,4.8680267333984375,0.0018163213972002268
31.020000457763672,-17.00770378112793,32.777652740478516,4.662517070770264,0.00184660276863724
31.030000686645508,-18.072935104370117,31.442161560058594,4.448058128356934,0.0015698587521910667
31.040000915527344,-19.184295654296875,31.027006149291992,4.235870361328125,0.0018165598157793283
31.049999237060547,-20.104631423950195,30.826452255249023,4.023332595825195,0.002339925616979599
31.059999465942383,-20.700180053710938,29.86867332458496,3.8058924674987793,0.0023695710115134716
31.06999969482422,-21.74830436706543,29.86867332458496,3.5899295806884766,0.0020931449253112078
31.079999923706055,-22.7017879486084,28.466686248779297,3.3752365112304688,0.0020931449253112078
31.09000015258789,-23.153913497924805,28.101985931396484,3.1596908569335938,0.001846046419814229
31.100000381469727,-23.409238815307617,27.743520736694336,2.94376802444458,0.0015698587521910667
31.110000610351562,-23.829824447631836,26.881561279296875,2.726524829864502,0.0015698587521910667
31.1200008392334,-24.668325424194336,26.99246597290039,2.5145387649536133,0.0010751847876235843
31.1299991607666,-25.100536346435547,26.56598663330078,2.303642511367798,0.000770702725276351
31.139999389648438,-25.596887588500977,25.796022415161133,2.0880963802337646,0.0010465724626556039
31.149999618530273,-25.963054656982422,25.187232971191406,1.8670203685760498,0.0007989970035851002
31.15999984741211,-26.116355895996094,25.212106704711914,1.6466929912567139,0.0007709411438554525
31.170000076293945,-26.142200469970703,26.147754669189453,1.4304157495498657,0.0003033692773897201
31.18000030517578,-26.875886917114258,25.37141227722168,1.2093476057052612,-0.00002765851968433708
31.190000534057617,-27.609573364257812,24.77290916442871,0.9885280132293701,0.0002753929002210498
31.200000762939453,-27.747615814208984,24.2183780670166,0.7731013894081116,0
31.209999084472656,-27.32789421081543,23.886655807495117,0.5554772615432739,-0.00024805229622870684
31.219999313354492,-26.81589126586914,24.053773880004883,0.3359437584877014,-0.000027022675567422993
31.229999542236328,-27.33995246887207,24.71921157836914,0.11812446266412735,0.000026863715902436525
31.239999771118164,-27.318212509155273,24.229578018188477,-0.10792125016450882,-0.0005232862313278019
31.25,-27.146902084350586,23.84559440612793,-0.33664366602897644,-0.0010200267424806952
31.260000228881836,-26.979305267333984,24.0684871673584,-0.5562211275100708,-0.001818308373913169
31.270000457763672,-26.821821212768555,24.714223861694336,-0.7776673436164856,-0.0018446157919242978
31.280000686645508,-26.402570724487305,24.159692764282227,-0.9964070320129395,-0.001321250107139349
31.290000915527344,-26.47281837463379,24.95185089111328,-1.2142831087112427,-0.0015439486596733332
31.299999237060547,-26.357343673706055,25.761402130126953,-1.4328705072402954,-0.0020931449253112078
31.309999465942383,-26.098758697509766,26.071489334106445,-1.6545956134796143,-0.0018442978616803885
31.31999969482422,-25.710851669311523,25.84967803955078,-1.869138479232788,-0.0015698587521910667
31.329999923706055,-25.082096099853516,25.628093719482422,-2.087014675140381,-0.0023168770130723715
31.34000015258789,-25.082096099853516,26.626249313354492,-2.3014190196990967,-0.0026415465399622917
31.350000381469727,-24.519561767578125,27.87950897216797,-2.522372245788574,-0.002591474913060665
31.360000610351562,-23.841764450073242,28.559823989868164,-2.729274272918701,-0.002890472998842597
31.3700008392334,-23.30715560913086,29.069719314575195,-2.9440507888793945,-0.002616431098431349
31.3799991607666,-22.93014907836914,30.445293426513672,-3.158942222595215,-0.002865834627300501
31.389999389648438,-21.672399520874023,30.888919830322266,-3.375866651535034,-0.0031397175043821335
31.399999618530273,-20.938417434692383,31.42491340637207,-3.5905985832214355,-0.0031397175043821335
31.40999984741211,-20.24671745300293,31.780012130737305,-3.8016419410705566,-0.00289007555693388
31.420000076293945,-19.397966384887695,32.204750061035156,-4.011362552642822,-0.002366709755733609
31.43000030517578,-18.280420303344727,33.172088623046875,-4.223484039306641,-0.0020931449253112078
31.440000534057617,-16.70823097229004,35.39021301269531,-4.434634208679199,-0.0028427857905626297
31.450000762939453,-15.041816711425781,34.5174674987793,-4.642977237701416,-0.0036630036775022745
31.459999084472656,-13.364816665649414,35.585697174072266,-4.852283000946045,-0.0031629251316189766
31.469999313354492,-11.687816619873047,36.55789566040039,-5.055898666381836,-0.002366312313824892
31.479999542236328,-9.989999771118164,36.31098175048828,-5.251342296600342,-0.0023433431051671505
31.489999771118164,-8.208187103271484,37.75276184082031,-5.455715179443359,-0.002616431098431349
31.5,-5.8194169998168945,38.33821487426758,-5.657112121582031,-0.0016150025185197592
31.510000228881836,-3.868867874145508,38.64929962158203,-5.857616901397705,-0.00027284957468509674
31.520000457763672,-1.7737376689910889,38.373809814453125,-6.059225082397461,0.00025051613920368254
31.530000686645508,0.5537005066871643,37.97918701171875,-6.2619547843933105,0.0010244774166494608
31.540000915527344,2.669628381729126,38.57868576049805,-6.460097789764404,0.0010685086017474532
31.549999237060547,5.3947529792785645,37.136905670166016,-6.658166885375977,0.0015263045206665993
31.559999465942383,7.785388469696045,36.57996368408203,-6.855213165283203,0.0028672651387751102
31.56999969482422,10.327872276306152,35.746517181396484,-7.047312259674072,0.003390630939975381
31.579999923706055,13.052997589111328,34.856834411621094,-7.24468469619751,0.004164989572018385
31.59000015258789,15.69642448425293,34.44051742553711,-7.439733028411865,0.005462793633341789
31.600000381469727,17.58304786682129,32.222389221191406,-7.623836994171143,0.006028282921761274
31.610000610351562,19.650781631469727,29.42934799194336,-7.8068318367004395,0.0060073803178966045
31.6200008392334,21.94528579711914,26.895421981811523,-7.992084980010986,0.006782056763768196
31.6299991607666,24.106285095214844,24.6984920501709,-8.179697036743164,0.007577397860586643
31.639999389648438,25.85380744934082,22.702178955078125,-8.36221981048584,0.007849293760955334
31.649999618530273,27.425994873046875,20.705867767333984,-8.538618087768555,0.008855490945279598
31.65999984741211,29.193157196044922,17.57485008239746,-8.717594146728516,0.00969080999493599
31.670000076293945,30.317813873291016,12.581534385681152,-8.894210815429688,0.009670861065387726
31.68000030517578,31.156314849853516,8.509611129760742,-9.070510864257812,0.010446013882756233
31.690000534057617,31.946659088134766,5.89285135269165,-9.241928100585938,0.010989011265337467
31.700000762939453,32.57553482055664,1.5675079822540283,-9.417458534240723,0.01073706429451704
31.709999084472656,32.473472595214844,-1.4319477081298828,-9.58271598815918,0.010969776660203934
31.719999313354492,31.968910217285156,-6.118375778198242,-9.74589729309082,0.011260191909968853
31.729999542236328,30.951677322387695,-9.687220573425293,-9.911343574523926,0.010736825875937939
31.739999771118164,29.40305519104004,-12.844443321228027,-10.067702293395996,0.010970254428684711
31.75,27.405078887939453,-18.341501235961914,-10.218456268310547,0.011512297205626965
31.760000228881836,25.308828353881836,-21.446876525878906,-10.3778657913208,0.011259873397648335
31.770000457763672,22.86505126953125,-23.816781997680664,-10.536750793457031,0.010484005324542522
31.780000686645508,20.09990119934082,-26.563234329223633,-10.691652297973633,0.009689856320619583
31.790000915527344,17.278980255126953,-29.146682739257812,-10.843793869018555,0.00866116676479578
31.799999237060547,14.672141075134277,-30.653465270996094,-10.989140510559082,0.0075965519063174725
31.809999465942383,12.156641006469727,-31.097091674804688,-11.133393287658691,0.006820365320891142
31.81999969482422,8.04629135131836,-32.63267517089844,-11.280314445495605,0.005520733539015055
31.829999923706055,3.8876683712005615,-33.34237289428711,-11.427124977111816,0.0047095762565732
31.84000015258789,0.1141047552227974,-33.659156799316406,-11.569661140441895,0.003697338281199336
31.850000381469727,-3.5255613327026367,-33.75732421875,-11.707854270935059,0.001603875425644219
31.860000610351562,-8.346935272216797,-32.426448822021484,-11.846517562866211,-0.0007428057724609971
31.8700008392334,-11.556353569030762,-31.94841194152832,-11.982522964477539,-0.0023464427795261145
31.8799991607666,-15.158392906188965,-30.69766616821289,-12.108451843261719,-0.0038833178114145994
31.889999389648438,-18.87983512878418,-29.03533935546875,-12.240984916687012,-0.005739775951951742
31.899999618530273,-22.43892478942871,-27.058353424072266,-12.366379737854004,-0.0072935800999403
31.90999984741211,-25.670907974243164,-24.549985885620117,-12.489052772521973,-0.009133427403867245
31.920000076293945,-28.29121971130371,-23.551830291748047,-12.615673065185547,-0.010703524574637413
31.93000030517578,-30.32906150817871,-19.824199676513672,-12.72286319732666,-0.012273621745407581
31.940000534057617,-31.804508209228516,-16.382429122924805,-12.834554672241211,-0.01358986459672451
31.950000762939453,-33.16306686401367,-13.24927043914795,-12.944278717041016,-0.014636595733463764
31.959999084472656,-34.84688186645508,-9.073152542114258,-13.058807373046875,-0.015429314225912094
31.969999313354492,-35.58056640625,-4.1932783126831055,-13.172274589538574,-0.01620677299797535
31.979999542236328,-35.593116760253906,-0.7441504597663879,-13.277389526367188,-0.01699933223426342
31.989999771118164,-35.553977966308594,3.583977699279785,-13.376655578613281,-0.017014194279909134
32,-35.265560150146484,7.746400833129883,-13.476033210754395,-0.01649082824587822
32.0099983215332,-34.431480407714844,10.860129356384277,-13.576925277709961,-0.015967462211847305
32.02000045776367,-33.06891632080078,15.18547248840332,-13.671356201171875,-0.015698587521910667
32.029998779296875,-31.318056106567383,19.613534927368164,-13.759904861450195,-0.014934878796339035
32.040000915527344,-28.88279914855957,22.35961151123047,-13.843894004821777,-0.013619430363178253
32.04999923706055,-26.253944396972656,24.8143253326416,-13.923290252685547,-0.012063241563737392
32.060001373291016,-23.59645652770996,27.808792114257812,-14.005230903625488,-0.009969779290258884
32.06999969482422,-20.45208168029785,30.803260803222656,-14.086991310119629,-0.008386091329157352
32.08000183105469,-16.787670135498047,31.04637336730957,-14.165700912475586,-0.006829425692558289
32.09000015258789,-12.403396606445312,34.382164001464844,-14.241020202636719,-0.004480916541069746
32.099998474121094,-7.516311168670654,36.90117263793945,-14.308462142944336,-0.002119214041158557
32.11000061035156,-2.4416937828063965,37.1085205078125,-14.375020027160645,-0.00028095641755498946
32.119998931884766,2.4967477321624756,35.70564270019531,-14.443623542785645,0.0020549953915178776
32.130001068115234,7.632558822631836,34.929298400878906,-14.498383522033691,0.004684460815042257
32.13999938964844,12.50896167755127,32.78049850463867,-14.566520690917969,0.006522479932755232
32.150001525878906,16.83433723449707,30.668581008911133,-14.62368106842041,0.008603624068200588
32.15999984741211,20.779680252075195,27.790382385253906,-14.680597305297852,0.011476054787635803
32.16999816894531,24.56632423400879,23.04940414428711,-14.731184005737305,0.014104885049164295
32.18000030517578,27.7106990814209,17.72590446472168,-14.788790702819824,0.015686824917793274
32.189998626708984,29.827648162841797,12.797736167907715,-14.830047607421875,0.016221873462200165
32.20000076293945,31.612289428710938,7.334341526031494,-14.866389274597168,0.016733713448047638
32.209999084472656,32.44450378417969,1.2849329710006714,-14.903473854064941,0.017012445256114006
32.220001220703125,31.950136184692383,-5.020700931549072,-14.942071914672852,0.016489079222083092
32.22999954223633,30.692384719848633,-10.787825584411621,-14.982292175292969,0.015453396365046501
32.2400016784668,28.43128776550293,-16.02410888671875,-15.01744270324707,0.014652014710009098
32.25,25.2908992767334,-21.15642547607422,-15.046570777893066,0.014395697042346
32.2599983215332,21.677902221679688,-25.170454025268555,-15.07495403289795,0.013359535485506058
32.27000045776367,17.796953201293945,-27.91156578063965,-15.100199699401855,0.011789439246058464
32.279998779296875,13.594635963439941,-30.22760772705078,-15.122414588928223,0.009962785057723522
32.290000915527344,8.98288631439209,-32.002105712890625,-15.147159576416016,0.00786932185292244
32.29999923706055,3.6259610652923584,-33.68899917602539,-15.16126537322998,0.005519143771380186
32.310001373291016,-1.4624816179275513,-33.4393196105957,-15.176034927368164,0.0031591099686920643
32.31999969482422,-6.280615329742432,-32.20220184326172,-15.184187889099121,0.0005518985562957823
32.33000183105469,-11.292840003967285,-31.892635345458984,-15.188848495483398,-0.002074388088658452
32.34000015258789,-16.114213943481445,-29.5636043548584,-15.192405700683594,-0.004938951227813959
32.349998474121094,-20.486940383911133,-28.468881607055664,-15.199027061462402,-0.007574059534817934
32.36000061035156,-24.196914672851562,-26.33865737915039,-15.201115608215332,-0.010172925889492035
32.369998931884766,-27.265384674072266,-22.98031997680664,-15.20228099822998,-0.0130646713078022
32.380001068115234,-29.853055953979492,-18.945863723754883,-15.1983060836792,-0.014643431641161442
32.38999938964844,-32.26374053955078,-15.285959243774414,-15.194069862365723,-0.01620502397418022
32.400001525878906,-34.28778076171875,-11.421488761901855,-15.188376426696777,-0.01726844534277916
32.40999984741211,-35.48509979248047,-6.470315933227539,-15.179372787475586,-0.017783625051379204
32.41999816894531,-35.98954391479492,-1.2378982305526733,-15.1713228225708,-0.018830357119441032
32.43000030517578,-36.024600982666016,3.3592143058776855,-15.163308143615723,-0.018846094608306885
32.439998626708984,-35.81497573852539,6.57549524307251,-15.15573501586914,-0.01883067563176155
32.45000076293945,-34.77659225463867,12.970693588256836,-15.149698257446289,-0.01858786679804325
32.459999084472656,-33.01634216308594,16.47287368774414,-15.141743659973145,-0.01727575808763504
32.470001220703125,-31.188871383666992,19.31287956237793,-15.137015342712402,-0.01571289263665676
32.47999954223633,-29.028911590576172,22.86541175842285,-15.125364303588867,-0.014135722070932388
32.4900016784668,-25.652053833007812,27.43276596069336,-15.111249923706055,-0.01231431495398283
32.5,-21.878803253173828,30.427234649658203,-15.084770202636719,-0.010472401045262814
32.5099983215332,-18.27766990661621,32.328975677490234,-15.07153606414795,-0.008392131887376308
32.52000045776367,-14.036582946777344,34.44874572753906,-15.049399375915527,-0.005510400980710983
32.529998779296875,-9.13443374633789,36.37810134887695,-15.020329475402832,-0.002893572673201561
32.540000915527344,-3.906456708908081,37.188899993896484,-14.993389129638672,-0.00027674404555000365
32.54999923706055,1.229354977607727,36.634368896484375,-14.961433410644531,0.0023400846403092146
32.560001373291016,6.73712682723999,37.06380081176758,-14.927840232849121,0.0052156951278448105
32.56999969482422,11.606988906860352,36.023250579833984,-14.89223575592041,0.007838166318833828
32.58000183105469,16.11392593383789,33.0657958984375,-14.850194931030273,0.010190569795668125
32.59000015258789,20.40548324584961,28.6502628326416,-14.804352760314941,0.012289358302950859
32.599998474121094,23.75948143005371,24.324920654296875,-14.764248847961426,0.013600355945527554
32.61000061035156,27.41324806213379,18.62506103515625,-14.71888542175293,0.014647087082266808
32.619998931884766,29.5726375579834,13.3369722366333,-14.66705322265625,0.015953077003359795
32.630001068115234,31.04286003112793,8.073446273803711,-14.616325378417969,0.016745159402489662
32.63999938964844,32.16680908203125,2.246286392211914,-14.569073677062988,0.01648574136197567
32.650001525878906,32.55134201049805,-4.6954216957092285,-14.523487091064453,0.015702879056334496
32.65999984741211,31.188777923583984,-9.353483200073242,-14.467069625854492,0.015434877946972847
32.66999816894531,28.67282485961914,-14.09872055053711,-14.39888858795166,0.015438931062817574
32.68000030517578,25.84288787841797,-19.664356231689453,-14.338787078857422,0.01491556502878666
32.689998626708984,22.778837203979492,-24.81342315673828,-14.274547576904297,0.01361275464296341
32.70000076293945,19.22418785095215,-27.62101173400879,-14.20251750946045,0.012298975139856339
32.709999084472656,15.765376091003418,-29.61732292175293,-14.132694244384766,0.010475738905370235
32.720001220703125,12.038612365722656,-31.519123077392578,-14.065117835998535,0.008115705102682114
32.72999954223633,7.5520405769348145,-32.855587005615234,-13.98494815826416,0.006545608397573233
32.7400016784668,2.9488730430603027,-34.0246467590332,-13.914301872253418,0.004975511226803064
32.75,-1.313796043395996,-34.92779541015625,-13.832141876220703,0.002884830115363002
32.7599983215332,-6.554419994354248,-32.82057189941406,-13.759763717651367,0.0002680014295037836
32.77000045776367,-11.795044898986816,-32.24104309082031,-13.676398277282715,-0.0026092780753970146
32.779998779296875,-16.030750274658203,-31.56955909729004,-13.590685844421387,-0.005488941911607981
32.790000915527344,-19.804000854492188,-30.242549896240234,-13.500990867614746,-0.00784516055136919
32.79999923706055,-23.417369842529297,-28.02872657775879,-13.412505149841309,-0.009677933529019356
32.810001373291016,-26.456932067871094,-25.034257888793945,-13.321739196777344,-0.011508800089359283
32.81999969482422,-29.393310546875,-20.947975158691406,-13.22912883758545,-0.013080566190183163
32.83000183105469,-31.540935516357422,-18.010486602783203,-13.134567260742188,-0.013866370543837547
32.84000015258789,-33.37331771850586,-14.770891189575195,-13.033676147460938,-0.0141287287697196
32.849998474121094,-34.97649383544922,-11.015186309814453,-12.9287748336792,-0.014911988750100136
32.86000061035156,-36.07640838623047,-7.57709264755249,-12.821244239807129,-0.01595975272357464
32.869998931884766,-36.18122100830078,-4.138998985290527,-12.714559555053711,-0.015960628166794777
32.880001068115234,-36.02909851074219,0.5678347945213318,-12.610595703125,-0.015959912911057472
32.88999938964844,-36.12534713745117,4.0050554275512695,-12.4943208694458,-0.01569906435906887
32.900001525878906,-35.85250473022461,6.644798755645752,-12.371983528137207,-0.014913816004991531
32.90999984741211,-34.538883209228516,9.977596282958984,-12.249771118164062,-0.014128887094557285
32.91999816894531,-33.5955696105957,14.192033767700195,-12.132095336914062,-0.013605441898107529
32.93000030517578,-32.5596809387207,18.014631271362305,-12.011015892028809,-0.013081996701657772
32.939998626708984,-30.830480575561523,20.48823356628418,-11.874832153320312,-0.01177346333861351
32.95000076293945,-28.82150650024414,22.678302764892578,-11.74341106414795,-0.010727128945291042
32.959999084472656,-26.81987762451172,25.43067741394043,-11.604381561279297,-0.009941802360117435
32.970001220703125,-24.304378509521484,28.092426300048828,-11.46340274810791,-0.009157111868262291
32.97999954223633,-21.987897872924805,29.8065185546875,-11.320775032043457,-0.008109506219625473
32.9900016784668,-19.231782913208008,31.787723541259766,-11.17899227142334,-0.006539409048855305
33,-15.943042755126953,32.82474136352539,-11.035910606384277,-0.004969311878085136
33.0099983215332,-12.457305908203125,33.04524230957031,-10.892075538635254,-0.0033992144744843245
33.02000045776367,-9.512775421142578,34.27901077270508,-10.742416381835938,-0.002091555390506983
33.029998779296875,-5.949151039123535,36.386226654052734,-10.589383125305176,-0.0007823065971024334
33.040000915527344,-2.0576367378234863,36.7586784362793,-10.441609382629395,0.0005251936963759363
33.04999923706055,1.6377252340316772,35.97846984863281,-10.292055130004883,0.0018346013966947794
33.060001373291016,5.162602424621582,35.17189025878906,-10.13674259185791,0.002879186999052763
33.06999969482422,8.839601516723633,35.341522216796875,-9.985102653503418,0.003928223624825478
33.08000183105469,12.6128511428833,33.67792892456055,-9.828360557556152,0.0047095762565732
33.09000015258789,15.497050285339355,32.01433563232422,-9.66888427734375,0.005235564429312944
33.099998474121094,18.093303680419922,29.8052921295166,-9.51018238067627,0.006019222550094128
33.11000061035156,20.528873443603516,27.212160110473633,-9.348231315612793,0.00680574169382453
33.119998931884766,22.896728515625,24.41924285888672,-9.186280250549316,0.007589240092784166
33.130001068115234,25.62185287475586,20.870243072509766,-9.02320671081543,0.00732266902923584
33.13999938964844,27.388601303100586,19.04520606994629,-8.856904983520508,0.007592895999550819
33.150001525878906,28.851499557495117,16.550926208496094,-8.685295104980469,0.008372579701244831
33.15999984741211,30.12026596069336,13.171122550964355,-8.517548561096191,0.008372579701244831
33.16999816894531,31.183494567871094,9.178498268127441,-8.345681190490723,0.00863621011376381
33.18000030517578,31.91718101501465,5.185873508453369,-8.173707008361816,0.008895865641534328
33.189998626708984,31.725936889648438,2.6069343090057373,-7.997169494628906,0.008632076904177666
33.20000076293945,31.75121307373047,-0.5238757133483887,-7.818432807922363,0.008372579701244831
33.209999084472656,32.12517547607422,-3.4523446559906006,-7.640170574188232,0.007844683714210987
33.220001220703125,32.31365203857422,-6.003188133239746,-7.460208415985107,0.007326007355004549
33.22999954223633,31.370338439941406,-8.486764907836914,-7.2769365310668945,0.007061900570988655
33.2400016784668,30.427026748657227,-9.595827102661133,-7.090354919433594,0.006802720949053764
33.25,29.313247680664062,-12.328272819519043,-6.900844573974609,0.0065384553745388985
33.2599983215332,28.160310745239258,-15.240761756896973,-6.708489418029785,0.006015089340507984
33.27000045776367,26.78961753845215,-17.475780487060547,-6.51249361038208,0.006020573433488607
33.279998779296875,25.066919326782227,-18.808338165283203,-6.316956520080566,0.006014930550009012
33.290000915527344,23.80916976928711,-21.026464462280273,-6.127007484436035,0.004962397273629904
33.29999923706055,22.551420211791992,-23.24458885192871,-5.927844524383545,0.0041862898506224155
33.310001373291016,21.158279418945312,-25.391082763671875,-5.729794979095459,0.004451032727956772
33.31999969482422,19.734128952026367,-26.537799835205078,-5.534055709838867,0.004444753751158714
33.33000183105469,18.44658660888672,-26.573978424072266,-5.334978103637695,0.003921388182789087
33.34000015258789,17.50327491760254,-27.793947219848633,-5.137845993041992,0.0031330413185060024
33.349998474121094,16.064476013183594,-28.384761810302734,-4.938963413238525,0.0028814917895942926
33.36000061035156,14.97023868560791,-29.88688850402832,-4.744365692138672,0.00287457718513906
33.369998931884766,13.926610946655273,-31.08233642578125,-4.543168544769287,0.002616431098431349
33.380001068115234,12.825048446655273,-31.390056610107422,-4.3360595703125,0.002616431098431349
33.38999938964844,11.87199592590332,-31.283016204833984,-4.13269567489624,0.0020856738556176424
33.400001525878906,10.09018325805664,-31.50482940673828,-3.93161678314209,0.0015698587521910667
33.40999984741211,9.20553207397461,-31.726640701293945,-3.728816270828247,0.0013043212238699198
33.41999816894531,8.348297119140625,-31.94845199584961,-3.526033639907837,0.0010465724626556039
33.43000030517578,7.267551898956299,-32.34284591674805,-3.3219985961914062,0.0007808759110048413
33.439998626708984,6.13091516494751,-33.067447662353516,-3.1154730319976807,-0.000008265769793069921
33.45000076293945,5.187602519989014,-33.17835235595703,-2.911153793334961,-0.0005232862313278019
33.459999084472656,4.244290351867676,-32.72743225097656,-2.7087326049804688,-0.0005232862313278019
33.470001220703125,3.3650004863739014,-32.511627197265625,-2.5069212913513184,-0.000789300655014813
33.47999954223633,2.486947774887085,-32.427921295166016,-2.304007053375244,-0.000780478585511446
33.4900016784668,1.6039659976959229,-32.253990173339844,-2.099252223968506,0.000009060546290129423
33.5,1.0799036026000977,-32.36489486694336,-1.8869580030441284,-0.0002754723827820271
33.5099983215332,0.07871556282043457,-32.6777458190918,-1.670246958732605,-0.0002475754008628428
33.52000045776367,-0.3308131992816925,-33.2357063293457,-1.4581927061080933,-0.0002759492490440607
33.529998779296875,-0.6215662360191345,-33.70439529418945,-1.2472443580627441,-0.0007800812018103898
33.540000915527344,-1.057568073272705,-33.716552734375,-1.0332376956939697,-0.0005232862313278019
33.54999923706055,-1.162380576133728,-32.940208435058594,-0.8159213066101074,-0.0002566359762568027
33.560001373291016,-1.574265956878662,-34.00511169433594,-0.603545069694519,-0.0002667297376319766
33.56999969482422,-1.1367518901824951,-34.20759963989258,-0.39095011353492737,-0.0007900954224169254
33.58000183105469,-0.830405592918396,-33.64450454711914,-0.1785273551940918,-0.0010465724626556039
33.59000015258789,-0.906270444393158,-33.32022476196289,0.03425421938300133,-0.0007796042482368648
33.599998474121094,-0.8973151445388794,-34.70515060424805,0.25014644861221313,-0.0005232862313278019
33.61000061035156,-0.6876901984214783,-34.81605529785156,0.46437904238700867,-0.0007904133526608348
33.619998931884766,-0.732525646686554,-33.490936279296875,0.6758098602294922,-0.0013137791538611054
33.630001068115234,-0.656287670135498,-33.23223876953125,0.8878604769706726,-0.0013025726657360792
33.63999938964844,-0.44666269421577454,-33.6289176940918,1.099489450454712,-0.0013139380607753992
33.650001525878906,-0.17998690903186798,-33.39278793334961,1.308576226234436,-0.0015698587521910667
33.65999984741211,0.5537005066871643,-33.947322845458984,1.5148274898529053,-0.0018373832572251558
33.66999816894531,1.2873878479003906,-33.14263153076172,1.7243118286132812,-0.0020931449253112078
33.68000030517578,2.1556406021118164,-32.71403121948242,1.9326928853988647,-0.0020931449253112078
33.689998626708984,2.884889602661133,-32.784332275390625,2.1397464275360107,-0.0023609078489243984
33.70000076293945,3.395853042602539,-33.05882263183594,2.3431379795074463,-0.002080746227875352
33.709999084472656,4.339165687561035,-33.05882263183594,2.535381555557251,-0.0018377805827185512
33.720001220703125,5.479848384857178,-31.701330184936523,2.7391607761383057,-0.002629147842526436
33.72999954223633,6.632785320281982,-31.6730899810791,2.9496054649353027,-0.0031397175043821335
33.7400016784668,7.586741924285889,-32.01707077026367,3.155341863632202,-0.0031397175043821335
33.75,8.497355461120605,-32.074485778808594,3.368145227432251,-0.0031397175043821335
33.7599983215332,9.96231460571289,-31.95676612854004,3.5725595951080322,-0.00287139811553061
33.77000045776367,11.115252494812012,-30.958608627319336,3.777500867843628,-0.003421627450734377
33.779998779296875,12.268189430236816,-30.475645065307617,3.986072540283203,-0.0041862898506224155
33.790000915527344,13.5344820022583,-30.86260223388672,4.190029621124268,-0.004454847425222397
33.79999923706055,14.768214225769043,-30.94059181213379,4.3904290199279785,-0.004440939053893089
33.810001373291016,15.727001190185547,-29.108030319213867,4.59142541885376,-0.004455006681382656
33.81999969482422,16.87993812561035,-29.329843521118164,4.78978157043457,-0.005247168242931366
33.83000183105469,18.385196685791016,-28.15363883972168,4.981990814208984,-0.005756148602813482
33.84000015258789,19.893774032592773,-27.11570930480957,5.171561241149902,-0.006294058635830879
33.849998474121094,21.204587936401367,-25.718128204345703,5.363337993621826,-0.00653368653729558
33.86000061035156,22.355403900146484,-23.479991912841797,5.556746959686279,-0.006548549048602581
33.869998931884766,24.137216567993164,-22.481836318969727,5.751057147979736,-0.007610301952809095
33.880001068115234,25.34895133972168,-20.578847885131836,5.947328090667725,-0.008103306405246258
33.88999938964844,26.854602813720703,-18.43324851989746,6.133089065551758,-0.007849293760955334
33.900001525878906,28.20909309387207,-15.971366882324219,6.324286460876465,-0.008388157933950424
33.90999984741211,29.130802154541016,-13.130135536193848,6.518860340118408,-0.008895865641534328
33.91999816894531,29.969303131103516,-10.024760246276855,6.699718952178955,-0.008895865641534328
33.93000030517578,30.909748077392578,-8.537469863891602,6.888960361480713,-0.009165536612272263
33.939998626708984,31.388208389282227,-5.94797420501709,7.072758674621582,-0.009958651848137379
33.95000076293945,31.96767234802246,-3.5704617500305176,7.2623820304870605,-0.009926065802574158
33.959999084472656,32.63496398925781,-1.6147966384887695,7.436447620391846,-0.009958969429135323
33.970001220703125,32.820194244384766,0.8509501814842224,7.619559288024902,-0.009925748221576214
33.97999954223633,32.400943756103516,3.956324815750122,7.8021345138549805,-0.009959287941455841
33.9900016784668,31.559656143188477,8.490741729736328,7.982271671295166,-0.010195577517151833
34,30.975969314575195,12.03874397277832,8.158976554870605,-0.010212665423750877
34.0099983215332,30.20045280456543,14.664647102355957,8.3267183303833,-0.010736030526459217
34.02000045776367,28.512454986572266,17.37911605834961,8.494434356689453,-0.010448239743709564
34.029998779296875,26.730642318725586,19.59724235534668,8.663654327392578,-0.01048336923122406
34.040000915527344,24.58346939086914,23.16847801208496,8.826042175292969,-0.010177377611398697
34.04999923706055,22.315536499023438,26.16094970703125,8.989795684814453,-0.00914852786809206
34.060001373291016,19.92486000061035,28.936120986938477,9.149415969848633,-0.008625161834061146
34.06999969482422,17.409360885620117,32.04149627685547,9.308392524719238,-0.007831013761460781
34.08000183105469,14.893863677978516,35.14686965942383,9.464823722839355,-0.007055144757032394
34.09000015258789,11.788727760314941,36.06853485107422,9.623005867004395,-0.00653177872300148
34.099998474121094,8.053930282592773,36.688690185546875,9.777674674987793,-0.0057373917661607265
34.11000061035156,4.169721603393555,36.982215881347656,9.92098331451416,-0.004419559147208929
34.119998931884766,0.3964719772338867,36.92959976196289,10.05749797821045,-0.0031206426210701466
34.130001068115234,-3.375206470489502,36.7086181640625,10.205591201782227,-0.0015313911717385054
34.13999938964844,-6.72920560836792,36.7086181640625,10.35270881652832,-0.0002519467379897833
34.150001525878906,-10.1639404296875,36.196044921875,10.50329875946045,0.001085675903595984
34.15999984741211,-13.6790189743042,35.23292541503906,10.65034008026123,0.003179138759151101
34.16999816894531,-17.05187225341797,33.811092376708984,10.795978546142578,0.005001023877412081
34.18000030517578,-19.986621856689453,31.848175048828125,10.939334869384766,0.00629946356639266
34.189998626708984,-22.921371459960938,28.85370445251465,11.078682899475098,0.006802720949053764
34.20000076293945,-25.15477752685547,27.34347152709961,11.214254379272461,0.007889986038208008
34.209999084472656,-27.251028060913086,24.786062240600586,11.345365524291992,0.009167761541903019
34.220001220703125,-29.114910125732422,22.003639221191406,11.475068092346191,0.009691127575933933
34.22999954223633,-30.59654426574707,20.068485260009766,11.604016304016113,0.010486548766493797
34.2400016784668,-32.168731689453125,16.408578872680664,11.72634506225586,0.010716876946389675
34.25,-33.74091720581055,13.44937515258789,11.845004081726074,0.011826793663203716
34.2599983215332,-34.47154235839844,9.304283142089844,11.96484661102295,0.01280986238270998
34.27000045776367,-34.87730026245117,5.404984474182129,12.081212997436523,0.013375988230109215
34.279998779296875,-35.5073127746582,2.228726863861084,12.20167350769043,0.0141287287697196
34.290000915527344,-36.55543899536133,-2.540241241455078,12.316457748413086,0.014401259832084179
34.29999923706055,-35.77597427368164,-6.019979000091553,12.423537254333496,0.014379403553903103
34.310001373291016,-34.86041259765625,-8.642640113830566,12.523736953735352,0.013856037519872189
34.31999969482422,-33.811912536621094,-11.917730331420898,12.630666732788086,0.013059902004897594
34.33000183105469,-32.40586853027344,-15.566767692565918,12.730438232421875,0.012286020442843437
34.34000015258789,-30.31327247619629,-17.666255950927734,12.83047103881836,0.01148972474038601
34.349998474121094,-28.321836471557617,-19.55166244506836,12.92973518371582,0.009896976873278618
34.36000061035156,-25.406450271606445,-23.214643478393555,13.023524284362793,0.008076601661741734
34.369998931884766,-22.202550888061523,-26.688312530517578,13.113944053649902,0.006233337335288525
34.380001068115234,-18.813142776489258,-29.126380920410156,13.203658103942871,0.004139874596148729
34.38999938964844,-15.049436569213867,-30.446054458618164,13.289928436279297,0.0017730850959196687
34.400001525878906,-10.4376859664917,-31.66602325439453,13.369430541992188,-0.0013905552914366126
34.40999984741211,-5.5531535148620605,-32.78977584838867,13.4440336227417,-0.0036866883747279644
34.41999816894531,-1.0257139205932617,-32.84401321411133,13.518943786621094,-0.00500698434188962
34.43000030517578,3.397561550140381,-32.15619659423828,13.5954008102417,-0.006850725971162319
34.439998626708984,7.939239501953125,-31.250411987304688,13.669995307922363,-0.008670465089380741
34.45000076293945,12.131739616394043,-30.252254486083984,13.740962982177734,-0.01024056226015091
34.459999084472656,15.737074851989746,-27.700849533081055,13.80981731414795,-0.011536776088178158
34.470001220703125,19.30069923400879,-24.961442947387695,13.8812837600708,-0.013131432235240936
34.47999954223633,22.86432456970215,-21.929964065551758,13.943035125732422,-0.014402770437300205
34.4900016784668,26.23234748840332,-18.369930267333984,14.004786491394043,-0.014926135540008545
34.5,28.957469940185547,-14.044587135314941,14.066458702087402,-0.01544950157403946
34.5099983215332,30.215496063232422,-8.943045616149902,14.116559028625488,-0.016521427780389786
34.52000045776367,31.55356788635254,-3.7563655376434326,14.167769432067871,-0.016994085162878036
34.529998779296875,32.13418960571289,2.224529266357422,14.220084190368652,-0.017019597813487053
34.540000915527344,31.55863380432129,8.380791664123535,14.264615058898926,-0.016444889828562737
34.54999923706055,29.83324432373047,13.43009090423584,14.307724952697754,-0.015698587521910667
34.560001373291016,27.422557830810547,19.308120727539062,14.344789505004883,-0.0154239097610116
34.56999969482422,24.052061080932617,23.708898544311523,14.382948875427246,-0.014351028949022293
34.58000183105469,20.174510955810547,28.47678565979004,14.418124198913574,-0.013055769726634026
34.59000015258789,16.201770782470703,32.35145950317383,14.452103614807129,-0.01063445769250393
34.599998474121094,12.276222229003906,33.97739791870117,14.485208511352539,-0.007520888466387987
34.61000061035156,7.350035190582275,36.084617614746094,14.513341903686523,-0.005729285068809986
34.619998931884766,1.9529088735580444,37.39452362060547,14.536332130432129,-0.003306780941784382
34.630001068115234,-2.800161361694336,37.581695556640625,14.559886932373047,0.00008154488750733435
34.63999938964844,-7.700012683868408,36.91382598876953,14.5841646194458,0.0026711123064160347
34.650001525878906,-12.964183807373047,35.409019470214844,14.601089477539062,0.005039968062192202
34.65999984741211,-17.05187225341797,32.303646087646484,14.618996620178223,0.007381324656307697
34.66999816894531,-21.139558792114258,30.910261154174805,14.632680892944336,0.009750339202582836
34.68000030517578,-24.767343521118164,27.470609664916992,14.638022422790527,0.011815904639661312
34.689998626708984,-27.86089324951172,24.19481086730957,14.639483451843262,0.01366171333938837
34.70000076293945,-30.419754028320312,21.455280303955078,14.646472930908203,0.014652014710009098
34.709999084472656,-32.5030403137207,17.549558639526367,14.644165992736816,0.015203754417598248
34.720001220703125,-34.1800422668457,12.891498565673828,14.6484375,0.0162504855543375
34.72999954223633,-35.10479736328125,8.67564868927002,14.641674041748047,0.017021186649799347
34.7400016784668,-35.77937316894531,4.572117328643799,14.634495735168457,0.017820661887526512
34.75,-36.304317474365234,0.39527249336242676,14.621101379394531,0.017762642353773117
34.7599983215332,-36.51702880859375,-3.951599359512329,14.606807708740234,0.01671591028571129
34.77000045776367,-35.7833366394043,-8.49875545501709,14.601527214050293,0.015392833389341831
34.779998779296875,-34.50655746459961,-11.513463973999023,14.591611862182617,0.014652014710009098
34.790000915527344,-33.011905670166016,-15.963366508483887,14.579802513122559,0.013822497799992561
34.79999923706055,-30.566635131835938,-20.561912536621094,14.57048225402832,0.011699230410158634
34.810001373291016,-26.94733238220215,-23.88909912109375,14.563878059387207,0.009635730646550655
34.81999969482422,-24.117395401000977,-27.21628761291504,14.553640365600586,0.007788889575749636
34.83000183105469,-20.31298065185547,-29.821678161621094,14.536351203918457,0.005972250364720821
34.84000015258789,-15.924072265625,-31.36865234375,14.522461891174316,0.0032945415005087852
34.849998474121094,-11.409337997436523,-32.73435592651367,14.505558013916016,0.00018494641699362546
34.86000061035156,-6.9110612869262695,-33.94011306762695,14.486682891845703,-0.0027089440263807774
34.869998931884766,-2.0896873474121094,-33.607391357421875,14.46756362915039,-0.005017714109271765
34.880001068115234,3.0448286533355713,-33.60601806640625,14.451204299926758,-0.0068650320172309875
34.88999938964844,7.860998630523682,-33.18323516845703,14.423337936401367,-0.00895849522203207
34.900001525878906,12.355798721313477,-31.80741310119629,14.397706031799316,-0.011051957495510578
34.90999984741211,16.591169357299805,-29.33971405029297,14.370922088623047,-0.012590502388775349
34.91999816894531,20.65285301208496,-25.97125816345215,14.345213890075684,-0.013637233525514603
34.93000030517578,24.321290969848633,-21.978633880615234,14.315469741821289,-0.015239202417433262
34.939998626708984,26.687082290649414,-17.986007690429688,14.279380798339844,-0.016221873462200165
34.95000076293945,28.845706939697266,-12.80539608001709,14.249329566955566,-0.016221873462200165
34.959999084472656,30.743545532226562,-6.936779022216797,14.210417747497559,-0.016499729827046394
34.970001220703125,31.904611587524414,-1.3658446073532104,14.16574764251709,-0.01702309586107731
34.97999954223633,31.69498634338379,3.6249358654022217,14.132523536682129,-0.01726844534277916
34.9900016784668,31.110260009765625,10.203356742858887,14.095070838928223,-0.016434160992503166
35,29.511110305786133,15.648611068725586,14.046682357788086,-0.015698587521910667
35.0099983215332,27.011341094970703,19.990598678588867,13.998714447021484,-0.014585570432245731
35.02000045776367,23.869951248168945,23.976905822753906,13.947622299194336,-0.012770441360771656
35.029998779296875,20.306325912475586,28.856781005859375,13.889429092407227,-0.011478757485747337
35.040000915527344,16.23916244506836,32.244773864746094,13.831419944763184,-0.009875040501356125
35.04999923706055,12.380189895629883,35.08793640136719,13.76850414276123,-0.007503005675971508
35.060001373291016,7.778652667999268,36.81846618652344,13.702012062072754,-0.004886177368462086
35.06999969482422,2.5467875003814697,37.1904182434082,13.623040199279785,-0.0025480797048658133
35.08000183105469,-2.062134027481079,36.497859954833984,13.559026718139648,-0.0004546168784145266
35.09000015258789,-6.569070816040039,38.8268928527832,13.483370780944824,0.001638846006244421
35.099998474121094,-10.826496124267578,36.75562286376953,13.409968376159668,0.004011278040707111
35.11000061035156,-15.136397361755371,34.53315734863281,13.329719543457031,0.006070008967071772
35.119998931884766,-19.127756118774414,32.80160903930664,13.252564430236816,0.007919234223663807
35.130001068115234,-22.252609252929688,30.44159507751465,13.170580863952637,0.009454281069338322
35.13999938964844,-25.187360763549805,27.779844284057617,13.089768409729004,0.01050101313740015
35.150001525878906,-27.8518009185791,24.83207130432129,13.000439643859863,0.011268378235399723
35.15999984741211,-30.012680053710938,22.045949935913086,12.910059928894043,0.012071189470589161
35.16999816894531,-31.775815963745117,18.687299728393555,12.818037033081055,0.012838395312428474
35.18000030517578,-33.28123474121094,14.410022735595703,12.72553539276123,0.013920971192419529
35.189998626708984,-34.434165954589844,10.971928596496582,12.623801231384277,0.014652014710009098
35.20000076293945,-35.29600143432617,7.841866970062256,12.520122528076172,0.014652014710009098
35.209999084472656,-36.20706558227539,4.275785446166992,12.420685768127441,0.014931858517229557
35.220001220703125,-36.7175178527832,0.3522980809211731,12.316558837890625,0.014895377680659294
35.22999954223633,-36.50489044189453,-3.4512434005737305,12.210594177246094,0.014372012577950954
35.2400016784668,-35.56157684326172,-6.2238993644714355,12.105189323425293,0.01384864654392004
35.25,-34.202392578125,-9.436605453491211,11.988469123840332,0.012764956802129745
35.2599983215332,-32.60133361816406,-13.241726875305176,11.868575096130371,0.011475101113319397
35.27000045776367,-31.19947624206543,-16.59385108947754,11.753941535949707,0.010428369976580143
35.279998779296875,-29.802074432373047,-19.204833984375,11.636621475219727,0.009381637908518314
35.290000915527344,-27.761932373046875,-21.448726654052734,11.523414611816406,0.00833490677177906
35.29999923706055,-24.931995391845703,-24.110475540161133,11.402243614196777,0.006727057509124279
35.310001373291016,-22.015626907348633,-26.58931541442871,11.274288177490234,0.005194871686398983
35.31999969482422,-19.266759872436523,-29.160377502441406,11.148263931274414,0.0038674224633723497
35.33000183105469,-16.34652328491211,-30.790700912475586,11.01437759399414,0.002578122541308403
35.34000015258789,-12.900731086730957,-30.76177406311035,10.88394832611084,0.0015313910553231835
35.349998474121094,-9.546731948852539,-32.092647552490234,10.748440742492676,0.0004846596857532859
35.36000061035156,-6.006005764007568,-33.12714767456055,10.613420486450195,-0.0011241434840485454
35.369998931884766,-2.786846399307251,-32.95893096923828,10.473359107971191,-0.002655375748872757
35.380001068115234,0.6969462633132935,-32.887672424316406,10.32586669921875,-0.0034209121949970722
35.38999938964844,4.644961833953857,-33.3526611328125,10.180649757385254,-0.004225552547723055
35.400001525878906,7.998961448669434,-32.02178955078125,10.042539596557617,-0.005553637631237507
35.40999984741211,10.65089225769043,-31.433799743652344,9.907386779785156,-0.0068423012271523476
35.41999816894531,13.6503324508667,-30.237396240234375,9.765486717224121,-0.007889032363891602
35.43000030517578,16.281150817871094,-28.469566345214844,9.613633155822754,-0.008090987801551819
35.439998626708984,18.323627471923828,-26.333900451660156,9.460725784301758,-0.008412636816501617
35.45000076293945,20.227161407470703,-24.10810661315918,9.300577163696289,-0.008895865641534328
35.459999084472656,22.84747314453125,-21.55726432800293,9.140244483947754,-0.009177696891129017
35.470001220703125,25.302270889282227,-19.269128799438477,8.986351013183594,-0.00913724210113287
35.47999954223633,27.130075454711914,-17.297712326049805,8.823391914367676,-0.008613876067101955
35.4900016784668,28.526456832885742,-14.807527542114258,8.662639617919922,-0.008372579701244831
35.5,29.90035057067871,-10.874252319335938,8.50418472290039,-0.008654728531837463
35.5099983215332,30.31960105895996,-7.547064304351807,8.3345308303833,-0.009742549620568752
35.52000045776367,31.007923126220703,-4.124972343444824,8.171830177307129,-0.009901110082864761
35.529998779296875,31.676389694213867,-0.962928831577301,8.00390338897705,-0.008571991696953773
35.540000915527344,31.89775848388672,2.117779016494751,7.829356670379639,-0.008414226584136486
35.54999923706055,31.494789123535156,5.127334117889404,7.651679992675781,-0.008895865641534328
35.560001373291016,31.18035125732422,7.012740135192871,7.482332229614258,-0.008613239973783493
35.56999969482422,30.865915298461914,10.533998489379883,7.311646461486816,-0.007807170040905476
35.58000183105469,30.695783615112305,13.277727127075195,7.138731479644775,-0.007326007355004549
35.59000015258789,29.73267364501953,15.758124351501465,6.962545871734619,-0.007043143268674612
35.599998474121094,27.834091186523438,18.321622848510742,6.78311824798584,-0.006519777700304985
35.61000061035156,26.261903762817383,20.53974723815918,6.602688789367676,-0.006279435008764267
35.619998931884766,25.000383377075195,24.07278823852539,6.420931339263916,-0.005996332503855228
35.630001068115234,23.505374908447266,25.697065353393555,6.237287521362305,-0.0051897852681577206
35.63999938964844,22.151649475097656,27.099756240844727,6.051596641540527,-0.00442631496116519
35.650001525878906,20.78769302368164,29.320833206176758,5.869736194610596,-0.0041862898506224155
35.65999984741211,18.929447174072266,32.47986602783203,5.682168483734131,-0.003902869764715433
35.66999816894531,17.566884994506836,32.70167541503906,5.489538192749023,-0.004230003338307142
35.68000030517578,16.462377548217773,34.4708137512207,5.302849292755127,-0.003575259353965521
35.689998626708984,15.106512069702148,35.34062957763672,5.111824035644531,-0.002616431098431349
35.70000076293945,13.38601303100586,35.49756622314453,4.931231498718262,-0.0029001692309975624
35.709999084472656,11.445008277893066,36.021236419677734,4.746201992034912,-0.0025720822159200907
35.720001220703125,9.872820854187012,37.13029861450195,4.550475597381592,-0.0018092478858307004
35.72999954223633,8.579484939575195,36.764041900634766,4.3644118309021,-0.0012858822010457516
35.7400016784668,7.321735858917236,37.07905197143555,4.166470527648926,-0.0007625163998454809
35.75,5.755911350250244,37.43627166748047,3.9614593982696533,-0.0008074217475950718
35.7599983215332,4.018502712249756,37.52461242675781,3.760032892227173,-0.0007623574929311872
35.77000045776367,3.389627456665039,38.966392517089844,3.5593228340148926,-0.0005232862313278019
35.779998779296875,1.56215500831604,39.56264877319336,3.3564062118530273,-0.00023891226737760007
35.790000915527344,0.27883532643318176,39.079811096191406,3.156196355819702,-0.0002844534465111792
35.79999923706055,-0.8711758255958557,38.30037307739258,2.9559786319732666,-0.00023875331680756062
35.810001373291016,-1.9965598583221436,37.6069221496582,2.7535550594329834,0
35.81999969482422,-2.7282440662384033,36.879329681396484,2.555298328399658,0.00028469186509028077
35.83000183105469,-3.357119083404541,38.653831481933594,2.3618242740631104,0.00023851488367654383
35.84000015258789,-4.480067729949951,37.72719955444336,2.168612480163574,0.00028485083021223545
35.849998474121094,-5.101185321807861,38.0233039855957,1.9693782329559326,0.00023835591855458915
35.86000061035156,-5.406431674957275,38.74222946166992,1.7699629068374634,0
35.869998931884766,-6.157990455627441,37.23247528076172,1.5694444179534912,0.0005701785557903349
35.880001068115234,-7.1013031005859375,38.563350677490234,1.367593765258789,0.0007614037021994591
35.88999938964844,-7.419668197631836,38.76060104370117,1.1602036952972412,0.00023803801741451025
35.900001525878906,-7.240444183349609,38.006263732910156,0.9586158394813538,0.00028532769647426903
35.90999984741211,-7.3052520751953125,37.46923065185547,0.7526569962501526,0.00023787905229255557
35.91999816894531,-7.937465667724609,37.87264633178711,0.5547255277633667,0.0005709733231924474
35.93000030517578,-7.413403511047363,37.429019927978516,0.35489699244499207,0.0007610063184984028
35.939998626708984,-7.659026622772217,37.494415283203125,0.1490200012922287,0.00023764061916153878
35.95000076293945,-7.829982757568359,37.90896987915039,-0.0609232597053051,0.0002857250801753253
35.959999084472656,-7.6511712074279785,37.76323318481445,-0.27338704466819763,0.0008090907940641046
35.970001220703125,-7.286713123321533,36.90983581542969,-0.48369356989860535,0.0007606884464621544
35.97999954223633,-7.496337890625,36.577117919921875,-0.6875909566879272,0.0008092497591860592
35.9900016784668,-6.777674674987793,36.89923858642578,-0.8916115164756775,0.0007605294231325388
36,-6.437353134155273,37.31520462036133,-1.0990016460418701,0.0005232862313278019
36.0099983215332,-5.956712245941162,37.013221740722656,-1.3059120178222656,0.0005232862313278019
36.02000045776367,-5.37169075012207,36.424068450927734,-1.5117191076278687,0.00023700478777755052
36.029998779296875,-5.125223159790039,36.87326431274414,-1.7153549194335938,0.0005727218231186271
36.040000915527344,-4.181910991668701,37.42779541015625,-1.9157543182373047,-0.00009918912110151723
36.04999923706055,-3.6666271686553955,37.25766372680664,-2.1163861751556396,-0.00018701283261179924
36.060001373291016,-2.6360201835632324,38.2834358215332,-2.317610025405884,0.000809885561466217
36.06999969482422,-1.6086338758468628,38.844242095947266,-2.5158677101135254,0.0001865359809016809
36.08000183105469,-1.2526602745056152,37.05964279174805,-2.704709529876709,0.00005023038829676807
36.09000015258789,0.21471451222896576,37.72508239746094,-2.8957881927490234,0.0002364484389545396
36.099998474121094,1.2193981409072876,38.19468307495117,-3.09836483001709,0
36.11000061035156,2.434983491897583,38.35020446777344,-3.297830820083618,0
36.119998931884766,3.579554796218872,38.02727508544922,-3.489882707595825,0.00028707622550427914
36.130001068115234,4.571080684661865,37.25093078613281,-3.686746120452881,0.0013847533846274018
36.13999938964844,6.248080253601074,36.474586486816406,-3.883913040161133,0.0020931449253112078
36.150001525878906,7.726138591766357,36.32976531982422,-4.082498073577881,0.0020931449253112078
36.15999984741211,9.118513107299805,36.53630447387695,-4.274725437164307,0.0023805389646440744
36.16999816894531,10.582136154174805,36.066993713378906,-4.464190483093262,0.002616431098431349
36.18000030517578,12.128262519836426,35.011878967285156,-4.660651683807373,0.003191537456586957
36.189998626708984,13.597228050231934,34.76987075805664,-4.857472896575928,0.003950636368244886
36.20000076293945,15.169415473937988,33.21718215942383,-5.046530246734619,0.0038985777646303177
36.209999084472656,16.65966796875,32.704856872558594,-5.23225212097168,0.003950795158743858
36.220001220703125,18.184505462646484,31.449373245239258,-5.4166340827941895,0.005049902945756912
36.22999954223633,19.65771484375,29.865825653076172,-5.600680351257324,0.005756148602813482
36.2400016784668,20.949556350708008,29.20574951171875,-5.792640686035156,0.006044178735464811
36.25,22.626556396484375,26.10037612915039,-5.982388973236084,0.005703215952962637
36.2599983215332,23.94809341430664,23.559194564819336,-6.1659979820251465,0.0063856178894639015
36.27000045776367,25.33463478088379,21.936933517456055,-6.347177982330322,0.007037738803774118
36.279998779296875,26.7620849609375,20.447649002075195,-6.5344014167785645,0.0073794168420135975
36.290000915527344,28.047367095947266,18.046051025390625,-6.710333347320557,0.008137720637023449
36.29999923706055,28.885868072509766,13.942520141601562,-6.886265277862549,0.008372579701244831
36.310001373291016,29.341175079345703,11.46087646484375,-7.064351558685303,0.008661165833473206
36.31999969482422,30.40237808227539,9.207320213317871,-7.2365217208862305,0.00918453186750412
36.33000183105469,31.296358108520508,6.642117977142334,-7.408746719360352,0.0094191525131464
36.34000015258789,31.521242141723633,3.6239593029022217,-7.575833320617676,0.009707977063953876
36.349998474121094,31.41642951965332,0.518584668636322,-7.738790035247803,0.009942438453435898
36.36000061035156,30.28430938720703,-2.912900447845459,-7.904580116271973,0.009364470839500427
36.369998931884766,29.679197311401367,-5.936939716339111,-8.07023811340332,0.008895865641534328
36.380001068115234,29.152366638183594,-9.674274444580078,-8.236452102661133,0.009474150836467743
36.38999938964844,28.46485137939453,-13.569894790649414,-8.400152206420898,0.009363994002342224
36.400001525878906,27.56814193725586,-15.81368350982666,-8.559772491455078,0.009185167960822582
36.40999984741211,25.471891403198242,-18.58633804321289,-8.718934059143066,0.008840389549732208
36.41999816894531,23.716415405273438,-21.268848419189453,-8.876596450805664,0.00866204034537077
36.43000030517578,21.85724639892578,-24.12335968017578,-9.031047821044922,0.008895865641534328
36.439998626708984,19.64828872680664,-26.38896942138672,-9.181074142456055,0.008606246672570705
36.45000076293945,17.086891174316406,-27.375965118408203,-9.331475257873535,0.008082880638539791
36.459999084472656,14.990643501281738,-29.15046501159668,-9.486557006835938,0.007849293760955334
36.470001220703125,12.525891304016113,-30.73000144958496,-9.63426399230957,0.007269577588886023
36.47999954223633,9.333832740783691,-31.70997428894043,-9.778585433959961,0.006512783467769623
36.4900016784668,5.986137390136719,-32.3297119140625,-9.916069984436035,0.005699400790035725
36.5,2.946575164794922,-32.923851013183594,-10.06371021270752,0.00436257291585207
36.5099983215332,-0.09298691153526306,-33.7001953125,-10.198880195617676,0.0036630036775022745
36.52000045776367,-3.8259570598602295,-32.485008239746094,-10.331863403320312,0.0022117269691079855
36.529998779296875,-7.4500298500061035,-32.33800506591797,-10.469400405883789,0.000756237655878067
36.540000915527344,-10.763062477111816,-32.034339904785156,-10.60188102722168,-0.00034795672399923205
36.54999923706055,-13.930867195129395,-30.846206665039062,-10.735650062561035,-0.001627560006454587
36.560001373291016,-17.488601684570312,-29.082927703857422,-10.866259574890137,-0.002964864717796445
36.56999969482422,-20.528162002563477,-28.30658531188965,-10.9916410446167,-0.005116267595440149
36.58000183105469,-23.567724227905273,-26.840158462524414,-11.117676734924316,-0.006279435008764267
36.59000015258789,-26.093828201293945,-24.633255004882812,-11.241837501525879,-0.007442681584507227
36.599998474121094,-28.41814422607422,-21.730178833007812,-11.363373756408691,-0.009536144323647022
36.61000061035156,-31.142641067504883,-18.36074447631836,-11.485979080200195,-0.010465724393725395
36.619998931884766,-32.610015869140625,-15.809901237487793,-11.6029052734375,-0.011920975521206856
36.630001068115234,-33.72357940673828,-11.57433032989502,-11.712233543395996,-0.012791026383638382
36.63999938964844,-34.8996696472168,-8.787460327148438,-11.824871063232422,-0.012850078754127026
36.650001525878906,-35.9598503112793,-5.911358833312988,-11.937612533569336,-0.01337344478815794
36.65999984741211,-36.58823776245117,-1.3339256048202515,-12.038089752197266,-0.01389680989086628
36.66999816894531,-36.58823776245117,1.4387303590774536,-12.140619277954102,-0.0141287287697196
36.68000030517578,-36.49285125732422,5.321633338928223,-12.243148803710938,-0.01383720152080059
36.689998626708984,-36.458953857421875,9.0141019821167,-12.34567928314209,-0.013897048309445381
36.70000076293945,-35.622928619384766,12.366517066955566,-12.437028884887695,-0.0141287287697196
36.709999084472656,-33.80223083496094,15.425385475158691,-12.530019760131836,-0.01325343269854784
36.720001220703125,-32.23004150390625,18.308948516845703,-12.61925220489502,-0.011975180357694626
36.72999954223633,-30.657855987548828,21.842111587524414,-12.696613311767578,-0.011512297205626965
36.7400016784668,-28.46288299560547,24.402618408203125,-12.780755043029785,-0.011220293119549751
36.75,-25.731924057006836,26.564260482788086,-12.86167049407959,-0.0101127615198493
36.7599983215332,-22.605636596679688,28.977371215820312,-12.940479278564453,-0.008542664349079132
36.77000045776367,-19.202816009521484,32.15138626098633,-13.020392417907715,-0.0069725667126476765
36.779998779296875,-14.695878028869629,34.369510650634766,-13.096424102783203,-0.005110147409141064
36.790000915527344,-11.121530532836914,35.86995315551758,-13.169783592224121,-0.0027242833748459816
36.79999923706055,-6.983489513397217,36.69028854370117,-13.238860130310059,0.00018502587045077235
36.810001373291016,-2.4102914333343506,37.3614616394043,-13.301922798156738,0.0027400997933000326
36.81999969482422,2.0007293224334717,38.18175506591797,-13.365667343139648,0.004833562299609184
36.83000183105469,7.346166133880615,36.62907028198242,-13.424999237060547,0.006634306162595749
36.84000015258789,12.233036041259766,34.882293701171875,-13.481176376342773,0.009082798846065998
36.849998474121094,16.24748992919922,32.75202941894531,-13.539026260375977,0.011344358325004578
36.86000061035156,19.811113357543945,29.200969696044922,-13.598859786987305,0.01291445642709732
36.869998931884766,23.356433868408203,24.167984008789062,-13.643793106079102,0.014191516675055027
36.880001068115234,26.81524658203125,20.50807762145996,-13.699682235717773,0.01582447998225689
36.88999938964844,28.794370651245117,14.656168937683105,-13.745121002197266,0.016451964154839516
36.900001525878906,30.38429069519043,9.452116012573242,-13.789453506469727,0.017101699486374855
36.90999984741211,31.60313606262207,3.8884968757629395,-13.829545974731445,0.017498375847935677
36.91999816894531,32.04172897338867,-2.219533681869507,-13.872110366821289,0.016681576147675514
36.93000030517578,30.884197235107422,-7.649887561798096,-13.912453651428223,0.016808900982141495
36.939998626708984,29.102386474609375,-12.529762268066406,-13.943470001220703,0.01609407179057598
36.95000076293945,26.996139526367188,-17.838756561279297,-13.973827362060547,0.015175300650298595
36.959999084472656,24.341970443725586,-22.13446617126465,-14.0097017288208,0.014294043183326721
36.970001220703125,21.141565322875977,-25.56376838684082,-14.038711547851562,0.013017778284847736
36.97999954223633,17.570241928100586,-29.11777687072754,-14.061461448669434,0.012264958582818508
36.9900016784668,13.901806831359863,-31.33590316772461,-14.080910682678223,0.010271637700498104
37,9.441001892089844,-32.52927017211914,-14.09947681427002,0.008601795881986618
37.0099983215332,4.5749688148498535,-33.12382507324219,-14.118085861206055,0.006901830900460482
37.02000045776367,-0.33872759342193604,-33.580665588378906,-14.130395889282227,0.004579231608659029
37.029998779296875,-5.09918212890625,-33.9984016418457,-14.143980979919434,0.002191459760069847
37.040000915527344,-10.130181312561035,-32.88933563232422,-14.150288581848145,-0.00042536878027021885
37.04999923706055,-14.496366500854492,-32.58423614501953,-14.158623695373535,-0.00274772965349257
37.060001373291016,-18.582168579101562,-30.870372772216797,-14.168061256408691,-0.005430286750197411
37.06999969482422,-22.6571102142334,-28.04075813293457,-14.177772521972656,-0.007981227710843086
37.08000183105469,-26.504594802856445,-24.96455955505371,-14.17194652557373,-0.010074690915644169
37.09000015258789,-29.02009391784668,-22.857341766357422,-14.167280197143555,-0.012168153189122677
37.099998474121094,-32.04512405395508,-19.456153869628906,-14.168103218078613,-0.013671886175870895
37.11000061035156,-33.69083786010742,-14.707052230834961,-14.165129661560059,-0.014423673041164875
37.119998931884766,-35.108604431152344,-10.279094696044922,-14.156768798828125,-0.01583211123943329
37.130001068115234,-36.52914047241211,-6.2573561668396,-14.14744758605957,-0.01704026199877262
37.13999938964844,-37.23867416381836,-1.321955919265747,-14.136428833007812,-0.016973262652754784
37.150001525878906,-37.34348678588867,2.227043628692627,-14.126352310180664,-0.017040422186255455
37.15999984741211,-36.6046142578125,6.847326755523682,-14.11848258972168,-0.0169731043279171
37.16999816894531,-35.48160934448242,10.649724960327148,-14.110164642333984,-0.016154317185282707
37.18000030517578,-34.15299987792969,13.981587409973145,-14.099039077758789,-0.014812084846198559
37.189998626708984,-32.652748107910156,17.893043518066406,-14.08838176727295,-0.013833148404955864
37.20000076293945,-30.87093734741211,21.109323501586914,-14.077836036682129,-0.012718462385237217
37.209999084472656,-28.35871696472168,25.001869201660156,-14.060942649841309,-0.011444104835391045
37.220001220703125,-25.60474395751953,27.297298431396484,-14.039159774780273,-0.00980573520064354
37.22999954223633,-22.69008445739746,29.479825973510742,-14.018187522888184,-0.008008170872926712
37.2400016784668,-19.417940139770508,32.74753952026367,-13.99698543548584,-0.006438073702156544
37.25,-15.015814781188965,35.187477111816406,-13.974342346191406,-0.004275862127542496
37.2599983215332,-11.104857444763184,37.939247131347656,-13.948390007019043,-0.001659033470787108
37.27000045776367,-6.26786994934082,38.448394775390625,-13.919083595275879,0.0006615787860937417
37.279998779296875,-0.9779520630836487,37.639652252197266,-13.885294914245605,0.003347633173689246
37.290000915527344,4.193719863891602,36.49848556518555,-13.8457670211792,0.005598702002316713
37.29999923706055,8.80476188659668,35.60562515258789,-13.810498237609863,0.007168799173086882
37.310001373291016,13.206887245178223,33.05478286743164,-13.77144718170166,0.00844236183911562
37.31999969482422,16.80204963684082,29.99161148071289,-13.730871200561523,0.010972161777317524
37.33000183105469,20.32472801208496,26.477855682373047,-13.693694114685059,0.012855562381446362
37.34000015258789,23.802629470825195,22.63983917236328,-13.649189949035645,0.013378928415477276
37.349998474121094,26.791189193725586,18.54698944091797,-13.603750228881836,0.014495998620986938
37.36000061035156,29.097063064575195,13.11258316040039,-13.558046340942383,0.0154722323641181
37.369998931884766,30.439023971557617,7.58545446395874,-13.508176803588867,0.015401575714349747
37.380001068115234,30.960376739501953,2.574786901473999,-13.456337928771973,0.015472391620278358
37.38999938964844,30.40748405456543,-2.738280773162842,-13.40295696258545,0.014807077124714851
37.400001525878906,28.8157958984375,-8.854893684387207,-13.347030639648438,0.013831478543579578
37.40999984741211,27.767671585083008,-12.95842456817627,-13.289484024047852,0.013605441898107529
37.41999816894531,25.20656967163086,-16.76177978515625,-13.228899002075195,0.012713216245174408
37.43000030517578,22.551536560058594,-20.532590866088867,-13.168030738830566,0.01114311907440424
37.439998626708984,19.657499313354492,-24.255130767822266,-13.104521751403809,0.010168156586587429
37.45000076293945,16.40831184387207,-27.668848037719727,-13.033924102783203,0.009942438453435898
37.459999084472656,13.159125328063965,-30.108783721923828,-12.966346740722656,0.009346985258162022
37.470001220703125,9.097990036010742,-31.367385864257812,-12.898600578308105,0.007704642601311207
37.47999954223633,5.241373538970947,-32.09834289550781,-12.82519817352295,0.005909064784646034
37.4900016784668,1.4155704975128174,-32.819698333740234,-12.755207061767578,0.004338968079537153
37.5,-2.687159776687622,-33.32063674926758,-12.682074546813965,0.002768870908766985
37.5099983215332,-7.378426551818848,-32.77375411987305,-12.604618072509766,0.000900649989489466
37.52000045776367,-11.361300468444824,-32.441036224365234,-12.515135765075684,-0.0017892193282023072
37.529998779296875,-15.092308044433594,-31.131107330322266,-12.426651000976562,-0.003736282931640744
37.540000915527344,-18.641773223876953,-29.51547622680664,-12.343406677246094,-0.005081376526504755
37.54999923706055,-22.065568923950195,-27.444313049316406,-12.249591827392578,-0.006949915550649166
37.560001373291016,-25.324655532836914,-24.661182403564453,-12.155730247497559,-0.008147814311087132
37.56999969482422,-27.735342025756836,-22.77577781677246,-12.058308601379395,-0.009268381632864475
37.58000183105469,-29.964252471923828,-18.2937068939209,-11.954032897949219,-0.010539798997342587
37.59000015258789,-32.03247833251953,-14.468033790588379,-11.847617149353027,-0.011885290034115314
37.599998474121094,-33.85612106323242,-11.606852531433105,-11.739718437194824,-0.012260030955076218
37.61000061035156,-35.34091567993164,-9.222336769104004,-11.631343841552734,-0.012633420526981354
37.619998931884766,-36.3890380859375,-6.560587406158447,-11.518993377685547,-0.013381153345108032
37.630001068115234,-36.458953857421875,-2.7602458000183105,-11.4016695022583,-0.013904520310461521
37.63999938964844,-36.972412109375,0.3453158736228943,-11.282289505004883,-0.013829571194946766
37.650001525878906,-36.92399978637695,3.117971897125244,-11.165189743041992,-0.013605441898107529
37.65999984741211,-36.17597961425781,6.200591564178467,-11.04367733001709,-0.013006811030209064
37.66999816894531,-36.071163177490234,10.304121971130371,-10.91784381866455,-0.012259474024176598
37.68000030517578,-35.0235710144043,12.855838775634766,-10.792012214660645,-0.01263453345745802
37.689998626708984,-33.734596252441406,15.066877365112305,-10.666179656982422,-0.011883938685059547
37.70000076293945,-32.260406494140625,17.764680862426758,-10.531828880310059,-0.010389743372797966
37.709999084472656,-30.625530242919922,20.781967163085938,-10.401690483093262,-0.009343011304736137
37.720001220703125,-28.843717575073242,23.34735679626465,-10.272363662719727,-0.008596072904765606
37.72999954223633,-27.061906814575195,26.120012283325195,-10.145672798156738,-0.008372579701244831
37.7400016784668,-24.756797790527344,27.416080474853516,-10.014119148254395,-0.00747272465378046
37.75,-22.659839630126953,28.613418579101562,-9.878620147705078,-0.006202658638358116
37.7599983215332,-20.69666290283203,30.146800994873047,-9.738141059875488,-0.005155927035957575
37.77000045776367,-18.531383514404297,32.22212219238281,-9.596095085144043,-0.004109195899218321
37.779998779296875,-15.911070823669434,35.54930877685547,-9.455686569213867,-0.003362734103575349
37.790000915527344,-13.29075813293457,35.588958740234375,-9.316888809204102,-0.002539019100368023
37.79999923706055,-10.043338775634766,36.952022552490234,-9.174944877624512,-0.0017927163280546665
37.810001373291016,-6.796174049377441,38.06989288330078,-9.028116226196289,-0.0006683344836346805
37.81999969482422,-3.8418054580688477,38.00050735473633,-8.883715629577637,0.00030058756237849593
37.83000183105469,-0.3829936385154724,38.99866485595703,-8.733156204223633,0.0011246203212067485
37.84000015258789,3.1768996715545654,37.75070571899414,-8.58248519897461,0.002171351807191968
37.849998474121094,6.357468605041504,37.06835174560547,-8.433768272399902,0.002616431098431349
37.86000061035156,9.449172019958496,36.3488655090332,-8.27125072479248,0.0035191476345062256
37.869998931884766,12.482861518859863,35.497108459472656,-8.117340087890625,0.0041862898506224155
37.880001068115234,15.182376861572266,34.95525360107422,-7.95305871963501,0.0047884187661111355
37.88999938964844,17.069002151489258,31.295347213745117,-7.787662029266357,0.005232862196862698
37.900001525878906,19.039169311523438,29.491857528686523,-7.632757663726807,0.0055340854451060295
37.90999984741211,21.148754119873047,28.160982131958008,-7.47201681137085,0.006358754355460405
37.91999816894531,23.38442039489746,26.75687599182129,-7.305413722991943,0.0071041034534573555
37.93000030517578,25.57882308959961,24.98973274230957,-7.1324262619018555,0.007326007355004549
37.939998626708984,26.731761932373047,21.218921661376953,-6.9616923332214355,0.007326007355004549
37.95000076293945,28.1561279296875,18.97989273071289,-6.791261672973633,0.007024386432021856
37.959999084472656,29.557497024536133,16.14545440673828,-6.617258548736572,0.007104421034455299
37.970001220703125,30.5877685546875,13.477533340454102,-6.44132661819458,0.007024227641522884
37.97999954223633,30.97530174255371,11.705589294433594,-6.263716697692871,0.006802720949053764
37.9900016784668,30.660863876342773,9.376558303833008,-6.082797527313232,0.007104659918695688
38,31.22310447692871,7.562886714935303,-5.899874687194824,0.006721971090883017
38.0099983215332,31.414348602294922,5.248132228851318,-5.71769905090332,0.006279435008764267
38.02000045776367,31.656692504882812,2.389569044113159,-5.538041591644287,0.006279435008764267
38.029998779296875,31.9887638092041,-0.6489543318748474,-5.3609442710876465,0.005977178458124399
38.040000915527344,31.674325942993164,-3.0888917446136475,-5.182719707489014,0.005453812424093485
38.04999923706055,31.67291259765625,-5.087198734283447,-4.99901008605957,0.004628031048923731
38.060001373291016,31.273557662963867,-6.745451927185059,-4.818545818328857,0.0041862898506224155
38.06999969482422,30.86029624938965,-7.7705397605896,-4.640268325805664,0.0038837154861539602
38.08000183105469,30.483997344970703,-8.979660987854004,-4.453849792480469,0.0033603496849536896
38.09000015258789,29.96639633178711,-11.697622299194336,-4.270748138427734,0.002836983883753419
38.099998474121094,29.54714584350586,-13.583028793334961,-4.082607746124268,0.0029192441143095493
38.11000061035156,29.127897262573242,-14.733631134033203,-3.8977861404418945,0.0031397175043821335
38.119998931884766,28.3969783782959,-15.336040496826172,-3.7118587493896484,0.0028367454651743174
38.130001068115234,27.49152946472168,-15.989279747009277,-3.521150827407837,0.002616431098431349
38.13999938964844,26.70660400390625,-17.223421096801758,-3.3328874111175537,0.002616431098431349
38.150001525878906,26.287355422973633,-18.55429458618164,-3.142064332962036,0.0017068000743165612
38.15999984741211,26.05557632446289,-19.88517189025879,-2.9493279457092285,0.0016531521687284112
38.16999816894531,25.29182243347168,-20.849578857421875,-2.758915662765503,0.0017897756770253181
38.18000030517578,24.55727195739746,-21.341520309448242,-2.5707156658172607,0.0015698587521910667
38.189998626708984,24.181854248046875,-21.559965133666992,-2.379725694656372,0.001873387023806572
38.20000076293945,23.552980422973633,-22.22540283203125,-2.1848363876342773,0.0017895372584462166
38.209999084472656,23.02477264404297,-22.358232498168945,-1.990338921546936,0.001266171457245946
38.220001220703125,22.34831428527832,-23.356056213378906,-1.7937358617782593,0.0013503391528502107
38.22999954223633,21.614627838134766,-24.413249969482422,-1.5972795486450195,0.0012660125503316522
38.2400016784668,21.044490814208984,-25.21843719482422,-1.3976906538009644,0.00043872115202248096
38.25,20.95083236694336,-26.058473587036133,-1.1963568925857544,0.0003040051378775388
38.2599983215332,21.265270233154297,-25.171222686767578,-0.9970690608024597,-0.00008488300954923034
38.27000045776367,21.080921173095703,-24.899723052978516,-0.7966696619987488,0.0000850419673952274
38.279998779296875,20.942466735839844,-25.471607208251953,-0.6113076210021973,0.00021904266031924635
38.290000915527344,20.805702209472656,-25.965625762939453,-0.417295902967453,-0.0003043230390176177
38.29999923706055,20.43505859375,-25.343576431274414,-0.21135945618152618,-0.0005232862313278019
38.310001373291016,20.539871215820312,-26.2308292388916,-0.010766924358904362,-0.0005232862313278019
38.31999969482422,20.194366455078125,-25.116777420043945,0.18301217257976532,-0.0008278477471321821
38.33000183105469,20.234272003173828,-24.091440200805664,0.37779778242111206,-0.001351213431917131
38.34000015258789,20.507585525512695,-23.880786895751953,0.5751076936721802,-0.0012651382712647319
38.349998474121094,20.683902740478516,-24.458114624023438,0.771006166934967,-0.0016561723314225674
38.36000061035156,20.683902740478516,-24.569021224975586,0.9642567038536072,-0.0020931449253112078
38.369998931884766,21.265880584716797,-23.345664978027344,1.1588995456695557,-0.0017881860258057714
38.380001068115234,21.822229385375977,-23.703134536743164,1.3547277450561523,-0.0018748970469459891
38.38999938964844,22.20212173461914,-23.642641067504883,1.550729751586914,-0.002398262731730938
38.400001525878906,22.482505798339844,-22.52530860900879,1.747556447982788,-0.002616431098431349
38.40999984741211,23.006568908691406,-22.52530860900879,1.9417780637741089,-0.002616431098431349
38.41999816894531,23.010988235473633,-23.40507698059082,2.134606122970581,-0.0035325000062584877
38.43000030517578,23.964492797851562,-22.358522415161133,2.32477068901062,-0.003880854230374098
38.439998626708984,24.727344512939453,-20.753114700317383,2.513021469116211,-0.003968518693000078
38.45000076293945,25.25541114807129,-19.491065979003906,2.7114176750183105,-0.0041862898506224155
38.459999084472656,26.24304962158203,-18.95573616027832,2.9014596939086914,-0.0038806158117949963
38.470001220703125,26.24304962158203,-18.733922958374023,3.0948684215545654,-0.0036630036775022745
38.47999954223633,26.761396408081055,-17.780799865722656,3.2882771492004395,-0.004274670034646988
38.4900016784668,27.39027214050293,-16.671735763549805,3.4751806259155273,-0.0047095762565732
38.5,28.056598663330078,-15.245644569396973,3.6656880378723145,-0.005015568342059851
38.5099983215332,28.803266525268555,-13.386693000793457,3.857727289199829,-0.005232862196862698
38.52000045776367,29.641767501831055,-12.499443054199219,4.045477867126465,-0.005232862196862698
38.529998779296875,29.82699966430664,-10.22969913482666,4.230222702026367,-0.005845323670655489
38.540000915527344,30.413789749145508,-8.3726167678833,4.411985874176025,-0.006585744675248861
38.54999923706055,30.80845069885254,-6.913857936859131,4.594004154205322,-0.006802720949053764
38.560001373291016,30.618738174438477,-5.161551475524902,4.7749738693237305,-0.006802720949053764
38.56999969482422,30.513927459716797,-1.6125521659851074,4.952044486999512,-0.006802720949053764
38.58000183105469,31.11090850830078,1.0877662897109985,5.1273393630981445,-0.007722604554146528
38.59000015258789,31.36085319519043,2.546628952026367,5.305598258972168,-0.007759165018796921
38.599998474121094,31.260398864746094,3.870584011077881,5.487355709075928,-0.007326007355004549
38.61000061035156,30.972808837890625,5.875063419342041,5.667405128479004,-0.007326007355004549
38.619998931884766,30.748926162719727,8.84941577911377,5.844736099243164,-0.007632953580468893
38.630001068115234,29.91042709350586,10.956634521484375,6.026493549346924,-0.00815631914883852
38.63999938964844,29.32008171081543,13.151381492614746,6.207003116607666,-0.008065475150942802
38.650001525878906,28.388277053833008,15.492775917053223,6.37981653213501,-0.007542109582573175
38.65999984741211,27.164306640625,17.825485229492188,6.556623458862305,-0.007940534502267838
38.66999816894531,26.020679473876953,20.011505126953125,6.7232346534729,-0.007450549863278866
38.68000030517578,24.972553253173828,23.00597381591797,6.890981197357178,-0.0071101440116763115
38.689998626708984,23.20722007751465,24.0083065032959,7.057683944702148,-0.0070185051299631596
38.70000076293945,21.190231323242188,26.260074615478516,7.229353427886963,-0.006802720949053764
38.709999084472656,19.175403594970703,28.959415435791016,7.388492584228516,-0.006802720949053764
38.720001220703125,17.33750343322754,30.604225158691406,7.543729782104492,-0.006802720949053764
38.72999954223633,15.7653169631958,30.93694305419922,7.7019944190979,-0.007110541220754385
38.7400016784668,12.937540054321289,33.007049560546875,7.8593220710754395,-0.006710208486765623
38.75,10.002790451049805,34.156883239746094,8.01123332977295,-0.005971455946564674
38.7599983215332,7.210972785949707,35.376869201660156,8.163570404052734,-0.005140031687915325
38.77000045776367,4.474791526794434,36.84541702270508,8.316215515136719,-0.0034770239144563675
38.779998779296875,1.3304164409637451,36.84541702270508,8.465998649597168,-0.0019999961368739605
38.790000915527344,-1.1928600072860718,36.84541702270508,8.615133285522461,-0.0015698587521910667
38.79999923706055,-4.577869415283203,36.761775970458984,8.765839576721191,-0.0003363529103808105
38.810001373291016,-7.973424434661865,37.45935821533203,8.917978286743164,0.0008317421888932586
38.81999969482422,-10.937161445617676,37.69058609008789,9.064871788024902,0.001663643284700811
38.83000183105469,-13.486478805541992,35.001426696777344,9.20963191986084,0.0027103747706860304
38.84000015258789,-16.6308536529541,33.78145980834961,9.35935115814209,0.004374494776129723
38.849998474121094,-19.001419067382812,32.743446350097656,9.496917724609375,0.0055416361428797245
38.86000061035156,-21.387006759643555,31.029356002807617,9.63560962677002,0.006065002176910639
38.869998931884766,-23.865468978881836,29.281536102294922,9.776589393615723,0.006588367745280266
38.880001068115234,-26.251018524169922,28.128293991088867,9.899569511413574,0.007420745678246021
38.88999938964844,-28.45208168029785,25.022920608520508,10.017654418945312,0.008776568807661533
38.900001525878906,-29.81694221496582,22.802364349365234,10.142337799072266,0.0094191525131464
38.90999984741211,-31.074691772460938,20.91240692138672,10.269109725952148,0.009728402830660343
38.91999816894531,-32.72818374633789,18.43998908996582,10.396984100341797,0.010561099275946617
38.93000030517578,-34.65622329711914,15.022531509399414,10.520254135131836,0.010679601691663265
38.939998626708984,-35.389915466308594,11.695344924926758,10.635396957397461,0.011703681200742722
38.95000076293945,-35.923912048339844,8.0512113571167,10.750706672668457,0.011630164459347725
38.959999084472656,-36.29722595214844,4.710329532623291,10.866493225097656,0.011917955242097378
38.970001220703125,-36.81528091430664,2.248136043548584,10.982946395874023,0.012558870017528534
38.97999954223633,-37.17889404296875,-0.25457945466041565,11.100775718688965,0.012558870017528534
38.9900016784668,-36.45306396484375,-5.183018207550049,11.213289260864258,0.012248982675373554
39,-36.13862609863281,-6.846611499786377,11.321226119995117,0.012655515223741531
39.0099983215332,-35.49496078491211,-10.600404739379883,11.431475639343262,0.012462064623832703
39.02000045776367,-34.24074935913086,-13.88536548614502,11.535173416137695,0.011105208657681942
39.029998779296875,-32.7305793762207,-16.92551040649414,11.631499290466309,0.010155520401895046
39.040000915527344,-31.40860939025879,-21.090822219848633,11.73156452178955,0.0090115861967206
39.04999923706055,-28.26423454284668,-23.530757904052734,11.829797744750977,0.007751852739602327
39.060001373291016,-25.566055297851562,-26.44283103942871,11.916092872619629,0.0063946787267923355
39.06999969482422,-22.557130813598633,-27.929540634155273,12.010466575622559,0.0045140590518713
39.08000183105469,-19.42884063720703,-29.294267654418945,12.09926986694336,0.002731198212131858
39.09000015258789,-16.31997299194336,-31.755027770996094,12.188870429992676,0.0011611009249463677
39.099998474121094,-12.232283592224121,-33.085899353027344,12.266698837280273,-0.0007197570521384478
39.11000061035156,-8.144596099853516,-33.907962799072266,12.347074508666992,-0.003124060109257698
39.119998931884766,-3.554999828338623,-34.0014762878418,12.419965744018555,-0.0048081292770802975
39.130001068115234,0.9829860329627991,-33.379844665527344,12.490676879882812,-0.006476859096437693
39.13999938964844,5.243769645690918,-32.22261047363281,12.55951976776123,-0.008259243331849575
39.150001525878906,9.750706672668457,-30.891735076904297,12.626415252685547,-0.009829340502619743
39.15999984741211,13.535916328430176,-29.233566284179688,12.700257301330566,-0.011399437673389912
39.16999816894531,17.07326316833496,-27.902795791625977,12.773405075073242,-0.011724266223609447
39.18000030517578,20.369583129882812,-25.708507537841797,12.837164878845215,-0.012757883407175541
39.189998626708984,23.484264373779297,-22.54029083251953,12.898916244506836,-0.014228394255042076
39.20000076293945,26.487258911132812,-19.152299880981445,12.962153434753418,-0.014963570050895214
39.209999084472656,28.793132781982422,-14.605144500732422,13.0242280960083,-0.015175300650298595
39.220001220703125,30.32891082763672,-8.699870109558105,13.075319290161133,-0.01611044444143772
39.22999954223633,31.385990142822266,-3.0063095092773438,13.129521369934082,-0.016745159402489662
39.2400016784668,31.858224868774414,1.8908754587173462,13.180414199829102,-0.016433285549283028
39.25,31.599973678588867,6.08444881439209,13.227810859680176,-0.016533825546503067
39.2599983215332,30.971099853515625,10.964323043823242,13.26858901977539,-0.015809061005711555
39.27000045776367,28.862241744995117,16.529335021972656,13.308202743530273,-0.014863189309835434
39.279998779296875,26.012136459350586,21.969600677490234,13.353334426879883,-0.013715440407395363
39.290000915527344,22.911319732666016,26.37127113342285,13.383148193359375,-0.012457613833248615
39.29999923706055,19.68086814880371,29.698833465576172,13.415030479431152,-0.011098532006144524
39.310001373291016,15.593182563781738,34.02417755126953,13.443981170654297,-0.008903575129806995
39.31999969482422,11.604927062988281,36.350486755371094,13.471943855285645,-0.0072242747992277145
39.33000183105469,7.0223612785339355,37.458133697509766,13.501495361328125,-0.004927188158035278
39.34000015258789,1.8475466966629028,38.12356948852539,13.52373218536377,-0.0024123303592205048
39.349998474121094,-3.4993436336517334,38.37599182128906,13.544561386108398,-0.000006119862064224435
39.36000061035156,-8.205045700073242,37.377838134765625,13.562994956970215,0.0022978815250098705
39.369998931884766,-12.187919616699219,36.37968063354492,13.579163551330566,0.004391344264149666
39.380001068115234,-16.170795440673828,34.601627349853516,13.594411849975586,0.00554584851488471
39.38999938964844,-20.09624671936035,32.3015022277832,13.603629112243652,0.007321476936340332
39.400001525878906,-23.611814498901367,29.15787124633789,13.612424850463867,0.0089988699182868
39.40999984741211,-26.311487197875977,24.874235153198242,13.621950149536133,0.010045601055026054
39.41999816894531,-28.7221736907959,22.32339096069336,13.622187614440918,0.011718940921127796
39.43000030517578,-30.86638069152832,19.39658546447754,13.623177528381348,0.01287225354462862
39.439998626708984,-32.51213455200195,16.810705184936523,13.622383117675781,0.014022544957697392
39.45000076293945,-33.954471588134766,13.595358848571777,13.614381790161133,0.014965556561946869
39.459999084472656,-35.35707473754883,8.986235618591309,13.609721183776855,0.015488923527300358
39.470001220703125,-35.776329040527344,4.660892009735107,13.599287033081055,0.015698587521910667
39.47999954223633,-36.19557571411133,1.4501389265060425,13.593173027038574,0.01538480632007122
39.4900016784668,-35.75935745239258,-2.0324041843414307,13.585285186767578,0.015175300650298595
39.5,-35.06131362915039,-6.2372612953186035,13.575191497802734,0.015175300650298595
39.5099983215332,-34.38080978393555,-10.762410163879395,13.568334579467773,0.01423324178904295
39.52000045776367,-33.12306213378906,-13.978691101074219,13.562508583068848,0.012663144618272781
39.529998779296875,-30.633012771606445,-17.955604553222656,13.557466506958008,0.01077886950224638
39.540000915527344,-27.80462646484375,-22.279306411743164,13.547032356262207,0.008999664336442947
39.54999923706055,-24.8698787689209,-25.91928482055664,13.538989067077637,0.007743904832750559
39.560001373291016,-21.87656593322754,-28.400054931640625,13.532504081726074,0.0054395063780248165
39.56999969482422,-18.693696975708008,-29.846927642822266,13.518895149230957,0.0026138084940612316
39.58000183105469,-14.710823059082031,-31.399616241455078,13.501201629638672,0.0009407071629539132
39.59000015258789,-10.131871223449707,-33.222618103027344,13.484066009521484,-0.0007353348191827536
39.599998474121094,-5.840096950531006,-33.69535446166992,13.467175483703613,-0.0034582673106342554
39.61000061035156,-1.422654151916504,-33.14082336425781,13.453782081604004,-0.00596883287653327
39.619998931884766,3.665297746658325,-32.5738639831543,13.435689926147461,-0.00774740194901824
39.630001068115234,7.543359279632568,-31.908430099487305,13.40671443939209,-0.00900252629071474
39.63999938964844,11.881854057312012,-30.36602783203125,13.385228157043457,-0.010364310815930367
39.650001525878906,15.675429344177246,-28.702434539794922,13.358512878417969,-0.011304143816232681
39.65999984741211,19.047948837280273,-25.897464752197266,13.33404541015625,-0.012142720632255077
39.66999816894531,22.185075759887695,-21.619314193725586,13.302712440490723,-0.013189451768994331
39.68000030517578,24.805387496948242,-18.070314407348633,13.270172119140625,-0.014236182905733585
39.689998626708984,27.623737335205078,-13.683107376098633,13.237548828125,-0.015598365105688572
39.70000076293945,29.335439682006836,-9.641274452209473,13.196298599243164,-0.01559081394225359
39.709999084472656,30.34279441833496,-5.123668670654297,13.154086112976074,-0.015490910038352013
39.720001220703125,30.922826766967773,0.14312030375003815,13.112141609191895,-0.016014276072382927
39.72999954223633,31.01511001586914,5.587168216705322,13.065560340881348,-0.015590337105095387
39.7400016784668,29.96698570251465,11.908823013305664,13.012358665466309,-0.014859452843666077
39.75,28.51145362854004,17.282072067260742,12.961627006530762,-0.014336087740957737
39.7599983215332,26.369150161743164,21.53919219970703,12.909736633300781,-0.01349671557545662
39.77000045776367,23.488506317138672,25.157058715820312,12.854222297668457,-0.012133898213505745
39.779998779296875,20.021621704101562,28.90224838256836,12.795528411865234,-0.010563801042735577
39.790000915527344,16.457998275756836,32.3403434753418,12.729117393493652,-0.008677459321916103
39.79999923706055,12.717545509338379,34.56222915649414,12.664064407348633,-0.007532969117164612
39.810001373291016,8.56063175201416,36.35555648803711,12.600923538208008,-0.005427584517747164
39.81999969482422,4.079559803009033,37.3508415222168,12.533562660217285,-0.003553323447704315
39.83000183105469,-0.48717761039733887,37.39870071411133,12.466997146606445,-0.001873466419056058
39.84000015258789,-4.784489154815674,38.39685821533203,12.393424034118652,0.00021999639284331352
39.849998474121094,-12.609624862670898,35.561195373535156,12.253851890563965,0.00294690253213048
39.86000061035156,-15.25662612915039,34.51983642578125,12.253851890563965,0.0041862898506224155
39.869998931884766,-16.69523048400879,34.2252082824707,12.177900314331055,0.005453812424093485
39.880001068115234,-19.856670379638672,33.07231903076172,12.097694396972656,0.006913355085998774
39.88999938964844,-22.686609268188477,30.077850341796875,12.018311500549316,0.007960086688399315
39.900001525878906,-25.823383331298828,27.73273468017578,11.934343338012695,0.0086896987631917
39.90999984741211,-27.956239700317383,24.333375930786133,11.84663200378418,0.009847461245954037
39.91999816894531,-30.111425399780273,21.973569869995117,11.758084297180176,0.010465724393725395
39.93000030517578,-32.251625061035156,20.456106185913086,11.66572380065918,0.011417796835303307
39.939998626708984,-33.40016555786133,17.52599334716797,11.570648193359375,0.01235302072018385
39.95000076293945,-34.44828796386719,13.533370018005371,11.475109100341797,0.012558870017528534
39.959999084472656,-35.58115768432617,10.25809383392334,11.376687049865723,0.012558870017528534
39.970001220703125,-36.131378173828125,6.961391448974609,11.275836944580078,0.012876545079052448
39.97999954223633,-36.307796478271484,3.7127134799957275,11.172919273376465,0.013082155957818031
39.9900016784668,-36.565574645996094,0.7332279682159424,11.066902160644531,0.013082155957818031
40,-36.3559455871582,-3.037584066390991,10.96057415008545,0.012764242477715015
40.0099983215332,-36.05464553833008,-5.935360431671143,10.847023963928223,0.011922882869839668
40.02000045776367,-35.47139358520508,-9.419129371643066,10.731266975402832,0.01183036994189024
40.029998779296875,-34.438568115234375,-12.48691177368164,10.614450454711914,0.011081126518547535
40.040000915527344,-32.95293045043945,-14.372318267822266,10.503438949584961,0.009511029347777367
40.04999923706055,-31.3807430267334,-16.25772476196289,10.387993812561035,0.008259243331849575
40.060001373291016,-29.51273536682129,-20.021242141723633,10.266822814941406,0.007212512195110321
40.06999969482422,-27.551973342895508,-21.784894943237305,10.145650863647461,0.00616578059270978
40.08000183105469,-25.36186981201172,-23.565567016601562,10.019173622131348,0.004481949843466282
40.09000015258789,-22.825199127197266,-26.33822250366211,9.90017032623291,0.0033443744760006666
40.099998474121094,-19.888269424438477,-29.098575592041016,9.773120880126953,0.002821008674800396
40.11000061035156,-16.639081954956055,-30.096731185913086,9.645544052124023,0.0013412785483524203
40.119998931884766,-13.714171409606934,-32.03849411010742,9.507969856262207,0.0005232862313278019
40.130001068115234,-11.110630989074707,-32.81926345825195,9.371088027954102,-0.0001146079448517412
40.13999938964844,-8.314393997192383,-32.71561050415039,9.23296070098877,-0.0011613394599407911
40.150001525878906,-4.676593780517578,-33.30810546875,9.093866348266602,-0.0025271768681705
40.15999984741211,-1.427406668663025,-32.97538757324219,8.953553199768066,-0.0031397175043821335
40.16999816894531,1.293770670890808,-32.73578643798828,8.8082275390625,-0.004416777286678553
40.18000030517578,4.2952728271484375,-32.110626220703125,8.660699844360352,-0.004913517739623785
40.189998626708984,7.310090065002441,-31.802032470703125,8.51351547241211,-0.005028999876230955
40.20000076293945,9.930401802062988,-32.26675033569336,8.366820335388184,-0.0061913724057376385
40.209999084472656,12.550713539123535,-31.490406036376953,8.222484588623047,-0.006802720949053764
40.220001220703125,14.696354866027832,-29.70952606201172,8.073151588439941,-0.007442045956850052
40.22999954223633,16.440282821655273,-28.04780387878418,7.917823791503906,-0.00752955162897706
40.2400016784668,18.288434982299805,-26.154438018798828,7.76833438873291,-0.007645828649401665
40.25,20.5540714263916,-24.16703987121582,7.613438606262207,-0.007529392838478088
40.2599983215332,23.069570541381836,-23.501604080200195,7.466634273529053,-0.007326007355004549
40.27000045776367,24.566402435302734,-20.788171768188477,7.3187174797058105,-0.007966127246618271
40.279998779296875,26.498157501220703,-18.998273849487305,7.160243511199951,-0.008052440360188484
40.290000915527344,28.118066787719727,-16.82844352722168,6.992713928222656,-0.007849293760955334
40.29999923706055,29.15717887878418,-14.276103973388672,6.8293328285217285,-0.007528995163738728
40.310001373291016,29.882892608642578,-12.574543952941895,6.665652751922607,-0.007966762408614159
40.31999969482422,30.406953811645508,-9.91279411315918,6.498159885406494,-0.007731665391474962
40.33000183105469,31.184003829956055,-7.161812782287598,6.32921838760376,-0.007646543905138969
40.34000015258789,31.842927932739258,-4.389156818389893,6.158918857574463,-0.007849293760955334
40.349998474121094,32.36698913574219,-1.4292670488357544,5.986412525177002,-0.007207902148365974
40.36000061035156,32.79277801513672,1.73616361618042,5.815032482147217,-0.006802720949053764
40.369998931884766,32.37352752685547,3.5106632709503174,5.6441168785095215,-0.006802720949053764
40.380001068115234,32.410587310791016,4.7057576179504395,5.470946311950684,-0.0064817871898412704
40.38999938964844,32.18144226074219,7.2989935874938965,5.2985100746154785,-0.0066004483960568905
40.400001525878906,31.889156341552734,10.199700355529785,5.126380920410156,-0.006481627933681011
40.40999984741211,31.623680114746094,12.06135368347168,4.955109119415283,-0.0056370897218585014
40.41999816894531,30.57555389404297,12.726790428161621,4.782917022705078,-0.005232862196862698
40.43000030517578,29.62562370300293,14.950776100158691,4.606186389923096,-0.005554193630814552
40.439998626708984,28.82975959777832,17.669858932495117,4.432222366333008,-0.005434737540781498
40.45000076293945,28.145326614379883,19.302593231201172,4.251629829406738,-0.004911371972411871
40.459999084472656,27.44209861755371,19.839107513427734,4.068709850311279,-0.0047095762565732
40.470001220703125,26.498472213745117,21.391794204711914,3.884685516357422,-0.0040662772953510284
40.47999954223633,25.450347900390625,22.944482803344727,3.6985177993774414,-0.003984732553362846
40.4900016784668,24.563535690307617,23.98509407043457,3.513077735900879,-0.0038644815795123577
40.5,23.78122329711914,25.22906494140625,3.3259925842285156,-0.0036630036775022745
40.5099983215332,23.206119537353516,26.27834129333496,3.1443891525268555,-0.0036630036775022745
40.52000045776367,22.9312744140625,26.228778839111328,2.9609999656677246,-0.003018910065293312
40.529998779296875,21.778335571289062,27.0051212310791,2.777207851409912,-0.002938557416200638
40.540000915527344,21.238523483276367,28.986328125,2.5936167240142822,-0.0031397175043821335
40.54999923706055,20.629915237426758,29.86867332458496,2.410135507583618,-0.002817432163283229
40.560001373291016,19.973526000976562,30.441221237182617,2.2293920516967773,-0.002616431098431349
40.56999969482422,19.449464797973633,31.708839416503906,2.0472662448883057,-0.0019715428352355957
40.58000183105469,18.92540168762207,31.154308319091797,1.8609462976455688,-0.0018923822790384293
40.59000015258789,18.117773056030273,31.099863052368164,1.6743443012237549,-0.0024157480802387
40.599998474121094,17.97979164123535,30.80336570739746,1.4841817617416382,-0.0019710659980773926
40.61000061035156,17.733598709106445,30.986753463745117,1.298210620880127,-0.0012470966903492808
40.619998931884766,17.04288101196289,31.739179611206055,1.1060165166854858,-0.0007237309473566711
40.630001068115234,16.93807029724121,31.517366409301758,0.9199820160865784,-0.00020036521891597658
40.63999938964844,16.731801986694336,32.04702377319336,0.7265732884407043,-0.0009690014994703233
40.650001525878906,16.445194244384766,32.8459358215332,0.5331645011901855,-0.0012467787601053715
40.65999984741211,16.183271408081055,33.121944427490234,0.34782674908638,-0.0010465724626556039
40.66999816894531,15.973645210266113,32.72987747192383,0.15384483337402344,-0.0007233335636556149
40.68000030517578,15.789040565490723,32.201820373535156,-0.04072903096675873,-0.00019996782066300511
40.689998626708984,16.31310272216797,32.42363357543945,-0.2362702488899231,0
40.70000076293945,16.58541488647461,32.02387237548828,-0.42748183012008667,-0.0009704321273602545
40.709999084472656,16.557252883911133,32.161277770996094,-0.6173952221870422,-0.0012463019229471684
40.720001220703125,16.5574893951416,32.08650588989258,-0.8049635291099548,-0.00039929980994202197
40.72999954223633,16.955724716186523,30.767290115356445,-0.9949806928634644,-0.00032371579436585307
40.7400016784668,17.16534996032715,31.54363250732422,-1.1865664720535278,-0.0005232862313278019
40.75,17.465824127197266,31.743188858032227,-1.3758567571640015,-0.0005232862313278019
40.7599983215332,17.91301918029785,31.29218864440918,-1.5629057884216309,0.00044857646571472287
40.77000045776367,18.227535247802734,30.471498489379883,-1.7479069232940674,0.0013706062454730272
40.779998779296875,18.349611282348633,29.473529815673828,-1.9337025880813599,0.0015698587521910667
40.790000915527344,19.083297729492188,27.920841217041016,-2.1230382919311523,0.0015698587521910667
40.79999923706055,19.425859451293945,27.920154571533203,-2.3088645935058594,0.0005970422644168139
40.810001373291016,20.32678985595703,27.79833984375,-2.494425058364868,0.0016217580996453762
40.81999969482422,21.284358978271484,27.42148208618164,-2.6715221405029297,0.00229199999012053
40.83000183105469,21.969303131103516,26.78958511352539,-2.8493263721466064,0.0020931449253112078
40.84000015258789,22.49336814880371,25.90233612060547,-3.0345404148101807,0.0020931449253112078
40.849998474121094,23.226858139038086,24.35027313232422,-3.218628168106079,0.0027424839790910482
40.86000061035156,24.28152084350586,23.222131729125977,-3.407285451889038,0.0031397175043821335
40.869998931884766,25.155588150024414,21.69282341003418,-3.59171199798584,0.0031397175043821335
40.880001068115234,25.9722900390625,20.12712860107422,-3.7757997512817383,0.0031397175043821335
40.88999938964844,27.19586753845215,19.500280380249023,-3.9579739570617676,0.0037896924186497927
40.900001525878906,27.929553985595703,17.836685180664062,-4.145101070404053,0.003861222881823778
40.90999984741211,28.924772262573242,17.649015426635742,-4.330517292022705,0.004313296638429165
40.91999816894531,29.596656799316406,16.03475570678711,-4.504580974578857,0.0047095762565732
40.93000030517578,30.054141998291016,14.071297645568848,-4.680614471435547,0.0047095762565732
40.939998626708984,30.59197235107422,13.385661125183105,-4.860559463500977,0.0047095762565732
40.95000076293945,31.220848083496094,11.832974433898926,-5.032961368560791,0.005360505077987909
40.959999084472656,31.755613327026367,9.085317611694336,-5.197883605957031,0.005430604796856642
40.970001220703125,31.93147850036621,6.49650764465332,-5.364934921264648,0.005558485630899668
40.97999954223633,31.84113883972168,4.104366302490234,-5.535006999969482,0.005756148602813482
40.9900016784668,31.693613052368164,1.4467933177947998,-5.701093673706055,0.0064077130518853664
41,31.798425674438477,-2.5458314418792725,-5.865528583526611,0.006802720949053764
41.0099983215332,31.600112915039062,-3.9724631309509277,-6.036466598510742,0.00647677993401885
41.02000045776367,31.1607723236084,-6.3566460609436035,-6.201204299926758,0.006605455651879311
41.029998779296875,30.74091339111328,-9.239563941955566,-6.368799686431885,0.006802720949053764
41.040000915527344,30.205419540405273,-11.912410736083984,-6.534188747406006,0.007128900848329067
41.04999923706055,29.05248260498047,-13.70029354095459,-6.6973042488098145,0.007326007355004549
41.060001373291016,27.899545669555664,-15.918417930603027,-6.8626837730407715,0.006999668665230274
41.06999969482422,26.32908821105957,-17.8714656829834,-7.022780418395996,0.006802720949053764
41.08000183105469,24.829191207885742,-20.069204330444336,-7.181393146514893,0.006476223468780518
41.09000015258789,23.397499084472656,-22.033679962158203,-7.336063861846924,0.00693258922547102
41.099998474121094,21.764747619628906,-23.074562072753906,-7.495163917541504,0.006999350618571043
41.11000061035156,19.563682556152344,-24.516342163085938,-7.646903991699219,0.006475985050201416
41.119998931884766,17.362621307373047,-26.915071487426758,-7.798675537109375,0.005952619481831789
41.130001068115234,15.49139404296875,-29.74512481689453,-7.949676513671875,0.005756148602813482
41.13999938964844,13.648407936096191,-31.466218948364258,-8.098174095153809,0.005429173819720745
41.150001525878906,11.449996948242188,-31.442590713500977,-8.243268966674805,0.005232862196862698
41.15999984741211,8.724871635437012,-32.44074630737305,-8.386438369750977,0.004251462407410145
41.16999816894531,5.999747276306152,-32.717689514160156,-8.529559135437012,0.002681365003809333
41.18000030517578,2.910125494003296,-33.248050689697266,-8.669370651245117,0.002420437289401889
41.189998626708984,-0.14534394443035126,-33.4522819519043,-8.808490753173828,0.0019616875797510147
41.20000076293945,-3.2148749828338623,-32.992801666259766,-8.950206756591797,0.0009149561519734561
41.209999084472656,-7.0929365158081055,-32.105552673339844,-9.0855073928833,0.00019575546320993453
41.220001220703125,-9.719375610351562,-32.542694091796875,-9.216567039489746,-0.000655220472253859
41.22999954223633,-12.49935245513916,-32.05711364746094,-9.351480484008789,-0.002029641531407833
41.2400016784668,-15.384652137756348,-31.046449661254883,-9.483048439025879,-0.003271969500929117
41.25,-18.19583511352539,-29.56497573852539,-9.608881950378418,-0.004974398296326399
41.2599983215332,-20.743444442749023,-27.546096801757812,-9.735835075378418,-0.006084077060222626
41.27000045776367,-23.783004760742188,-26.880659103393555,-9.85859489440918,-0.007263457868248224
41.279998779296875,-26.041688919067383,-25.38894271850586,-9.980932235717773,-0.008177381008863449
41.290000915527344,-27.826465606689453,-23.395767211914062,-10.09765625,-0.009357079863548279
41.29999923706055,-29.360828399658203,-20.857454299926758,-10.212128639221191,-0.010598930530250072
41.310001373291016,-30.85491180419922,-17.836864471435547,-10.326310157775879,-0.011317336931824684
41.31999969482422,-32.53191375732422,-15.396927833557129,-10.441240310668945,-0.011840702034533024
41.33000183105469,-34.302608489990234,-11.767257690429688,-10.556586265563965,-0.01269255205988884
41.34000015258789,-35.184471130371094,-8.28945255279541,-10.666924476623535,-0.013082155957818031
41.349998474121094,-35.82750701904297,-5.246419906616211,-10.771257400512695,-0.013739443384110928
41.36000061035156,-36.608524322509766,-2.3485398292541504,-10.87228012084961,-0.0141287287697196
41.369998931884766,-36.71333312988281,1.5331785678863525,-10.974838256835938,-0.014786332845687866
41.380001068115234,-36.61688995361328,4.0306572914123535,-11.079407691955566,-0.014846418984234333
41.38999938964844,-35.902801513671875,7.921165466308594,-11.202396392822266,-0.014323053881525993
41.400001525878906,-34.494285583496094,12.794971466064453,-11.353509902954102,-0.013470646925270557
41.40999984741211,-32.6620979309082,17.48482894897461,-11.36855697631836,-0.013082155957818031
41.41999816894531,-30.965852737426758,20.377119064331055,-11.45982837677002,-0.01242375560104847
41.43000030517578,-28.555164337158203,23.593400955200195,-11.553788185119629,-0.012035583145916462
41.439998626708984,-26.061386108398438,26.54591178894043,-11.641135215759277,-0.010718148201704025
41.45000076293945,-23.663129806518555,29.057292938232422,-11.722692489624023,-0.009283561259508133
41.459999084472656,-21.254798889160156,30.986318588256836,-11.803140640258789,-0.008236830122768879
41.470001220703125,-18.479576110839844,32.44013214111328,-11.884581565856934,-0.007190098986029625
41.47999954223633,-14.182263374328613,35.10187911987305,-11.969099998474121,-0.006143367849290371
41.4900016784668,-10.695171356201172,36.71578598022461,-12.041205406188965,-0.004766880068928003
41.5,-6.816736221313477,37.74137496948242,-12.113398551940918,-0.003196782898157835
41.5099983215332,-2.624236822128296,37.909095764160156,-12.185999870300293,-0.0009668555576354265
41.52000045776367,1.6347204446792603,37.27339553833008,-12.252323150634766,0.0006599891930818558
41.529998779296875,6.246469974517822,37.384300231933594,-12.316594123840332,0.003027016995474696
41.540000915527344,10.276477813720703,35.545921325683594,-12.380609512329102,0.004846596624702215
41.54999923706055,14.041891098022461,33.31950759887695,-12.440757751464844,0.006223561242222786
41.560001373291016,17.662309646606445,30.43157958984375,-12.495388984680176,0.008123970590531826
41.56999969482422,21.084651947021484,26.932411193847656,-12.548803329467773,0.009556650184094906
41.58000183105469,24.0194034576416,23.605224609375,-12.60331916809082,0.01060338132083416
41.59000015258789,26.434703826904297,20.497896194458008,-12.650111198425293,0.011980663985013962
41.599998474121094,28.765972137451172,16.30004119873047,-12.690890312194824,0.012889500707387924
41.61000061035156,30.35750389099121,10.473712921142578,-12.731850624084473,0.013412865810096264
41.619998931884766,31.05698013305664,4.228405952453613,-12.774276733398438,0.014267020858824253
41.630001068115234,31.14376449584961,-0.28415030241012573,-12.82047176361084,0.014652014710009098
41.63999938964844,30.934139251708984,-6.05127477645874,-12.858920097351074,0.014652014710009098
41.650001525878906,30.03369903564453,-10.265067100524902,-12.895045280456543,0.01398995891213417
41.65999984741211,27.93358039855957,-14.801583290100098,-12.93006420135498,0.013274334371089935
41.66999816894531,25.178466796875,-19.515254974365234,-12.95463752746582,0.013082155957818031
41.68000030517578,22.519329071044922,-23.647525787353516,-12.985748291015625,0.0124196233227849
41.689998626708984,19.584579467773438,-27.19652557373047,-13.01837158203125,0.011704238131642342
41.70000076293945,16.090124130249023,-28.57394790649414,-13.04417610168457,0.010518021881580353
41.709999084472656,12.388870239257812,-30.556795120239258,-13.063526153564453,0.009279428981244564
41.720001220703125,8.482587814331055,-32.011356353759766,-13.082460403442383,0.007569529116153717
41.72999954223633,4.315402507781982,-32.26947021484375,-13.101600646972656,0.0064710574224591255
41.7400016784668,-0.1915345937013626,-33.15671920776367,-13.117822647094727,0.004952462390065193
41.75,-4.397820472717285,-33.195621490478516,-13.133975982666016,0.0028589994180947542
41.7599983215332,-8.741813659667969,-33.436073303222656,-13.146844863891602,0.0010974387405440211
41.77000045776367,-12.938830375671387,-32.52085494995117,-13.154021263122559,-0.0008046400616876781
41.779998779296875,-16.841283798217773,-30.387826919555664,-13.16209888458252,-0.0028981028590351343
41.790000915527344,-20.502710342407227,-28.485111236572266,-13.165348052978516,-0.005323706194758415
41.79999923706055,-23.85671043395996,-25.823360443115234,-13.1755952835083,-0.007608314976096153
41.810001373291016,-26.714632034301758,-22.899152755737305,-13.1755952835083,-0.009701777249574661
41.81999969482422,-29.032291412353516,-19.41193389892578,-13.175375938415527,-0.0114628616720438
41.83000183105469,-30.989988327026367,-15.95862865447998,-13.17299747467041,-0.012700499966740608
41.84000015258789,-32.839534759521484,-13.250849723815918,-13.169502258300781,-0.013414693996310234
41.849998474121094,-34.306907653808594,-8.925506591796875,-13.15794849395752,-0.014935911633074284
41.86000061035156,-35.415836334228516,-6.022493839263916,-13.158280372619629,-0.016031283885240555
41.869998931884766,-36.0731086730957,-2.1200153827667236,-13.141979217529297,-0.016221873462200165
41.880001068115234,-36.04496765136719,2.107679843902588,-13.130096435546875,-0.016554728150367737
41.88999938964844,-35.3760871887207,5.450951099395752,-13.119610786437988,-0.016412224620580673
41.900001525878906,-35.061649322509766,7.669075965881348,-13.11585807800293,-0.01588885858654976
41.90999984741211,-33.49213409423828,12.032509803771973,-13.111573219299316,-0.015698587521910667
41.91999816894531,-31.95928192138672,16.350872039794922,-13.101439476013184,-0.015032240189611912
41.93000030517578,-30.11107063293457,20.111957550048828,-13.092560768127441,-0.01431876141577959
41.939998626708984,-27.897735595703125,23.08344268798828,-13.080199241638184,-0.013462062925100327
41.95000076293945,-26.011110305786133,25.190662384033203,-13.06368637084961,-0.012081919237971306
41.959999084472656,-22.468852996826172,29.487743377685547,-13.048294067382812,-0.010511822067201138
41.970001220703125,-19.853313446044922,31.388671875,-13.027139663696289,-0.009608867578208447
41.97999954223633,-16.62030792236328,33.07481384277344,-13.00021743774414,-0.008084549568593502
41.9900016784668,-12.592755317687988,35.26112365722656,-12.975749969482422,-0.006324816960841417
42,-8.692304611206055,37.25581359863281,-12.952174186706543,-0.004420910496264696
42.0099983215332,-4.394992351531982,37.25581359863281,-12.93107795715332,-0.002327447524294257
42.02000045776367,0.1601380705833435,36.80113220214844,-12.901256561279297,-0.0005679531604982913
42.029998779296875,5.079235553741455,35.66121292114258,-12.86415958404541,0.001002144068479538
42.040000915527344,9.697052955627441,34.03022384643555,-12.832701683044434,0.0029063685797154903
42.04999923706055,13.390549659729004,32.30875778198242,-12.790979385375977,0.004999831318855286
42.060001373291016,17.26861000061035,30.977880477905273,-12.75550651550293,0.007093294523656368
42.06999969482422,20.125080108642578,27.091943740844727,-12.71750259399414,0.008518025279045105
42.08000183105469,23.739431381225586,23.74605369567871,-12.679054260253906,0.010568092577159405
42.09000015258789,26.992408752441406,19.839794158935547,-12.643284797668457,0.012181347236037254
42.099998474121094,29.049734115600586,14.578075408935547,-12.606669425964355,0.012558870017528534
42.11000061035156,30.936359405517578,9.587294578552246,-12.564001083374023,0.013562921434640884
42.119998931884766,31.92474365234375,5.54697847366333,-12.512195587158203,0.013459201902151108
42.130001068115234,31.813369750976562,0.11949249356985092,-12.461433410644531,0.013751842081546783
42.13999938964844,31.289308547973633,-5.600334644317627,-12.410743713378906,0.014463650994002819
42.150001525878906,30.448511123657227,-10.392369270324707,-12.35598373413086,0.014317013323307037
42.15999984741211,28.666698455810547,-13.286113739013672,-12.299384117126465,0.013458565808832645
42.16999816894531,26.884885787963867,-16.724206924438477,-12.241952896118164,0.013417316600680351
42.18000030517578,24.362668991088867,-21.2939510345459,-12.187349319458008,0.01226448081433773
42.189998626708984,21.464153289794922,-25.256465911865234,-12.128066062927246,0.010841657407581806
42.20000076293945,18.424591064453125,-27.873245239257812,-12.061654090881348,0.010130325332283974
42.209999084472656,15.358458518981934,-29.344701766967773,-11.995844841003418,0.009271481074392796
42.220001220703125,12.004459381103516,-32.339168548583984,-11.932853698730469,0.008560307323932648
42.22999954223633,8.115262985229492,-33.16276550292969,-11.855084419250488,0.007030029781162739
42.2400016784668,4.261847019195557,-33.1954345703125,-11.789838790893555,0.005608000792562962
42.25,0.4483381509780884,-33.186622619628906,-11.714423179626465,0.004225472919642925
42.2599983215332,-3.5402512550354004,-33.4358024597168,-11.62694263458252,0.0029912516474723816
42.27000045776367,-8.152000427246094,-33.213993072509766,-11.549461364746094,0.0012726092245429754
42.279998779296875,-11.610164642333984,-32.78873825073242,-11.46900749206543,-0.0008208536310121417
42.290000915527344,-14.820840835571289,-31.283512115478516,-11.38127326965332,-0.0019059731857851148
42.29999923706055,-18.295560836791992,-29.287200927734375,-11.289917945861816,-0.003437920706346631
42.310001373291016,-21.855512619018555,-27.435148239135742,-11.200908660888672,-0.0051951101049780846
42.31999969482422,-24.266199111938477,-26.10427474975586,-11.109345436096191,-0.006765207275748253
42.33000183105469,-26.367692947387695,-24.991512298583984,-11.010527610778809,-0.007998871617019176
42.34000015258789,-28.621131896972656,-22.219167709350586,-10.909716606140137,-0.008709091693162918
42.349998474121094,-30.764633178710938,-19.636510848999023,-10.808126449584961,-0.009569047950208187
42.36000061035156,-32.72641372680664,-16.93525505065918,-10.701469421386719,-0.01027910877019167
42.369998931884766,-34.54563903808594,-12.325384140014648,-10.59388542175293,-0.010802474804222584
42.380001068115234,-35.0697021484375,-10.772696495056152,-10.486610412597656,-0.011662670411169529
42.38999938964844,-35.508235931396484,-7.410016059875488,-10.36983585357666,-0.012035583145916462
42.400001525878906,-35.98854446411133,-4.220666885375977,-10.254578590393066,-0.012372571974992752
42.40999984741211,-36.4028434753418,-1.6415828466415405,-10.150883674621582,-0.012558870017528534
42.41999816894531,-36.55188751220703,0.794510006904602,-10.04586410522461,-0.012558870017528534
42.43000030517578,-36.237449645996094,4.898040771484375,-9.922393798828125,-0.012558870017528534
42.439998626708984,-35.73809051513672,7.4362077713012695,-9.80122184753418,-0.013233482837677002
42.45000076293945,-35.35000991821289,9.04581356048584,-9.680049896240234,-0.012255897745490074
42.459999084472656,-34.68741226196289,11.601228713989258,-9.555706977844238,-0.011174831539392471
42.470001220703125,-33.43922805786133,15.594019889831543,-9.4399995803833,-0.010989011265337467
42.47999954223633,-31.762226104736328,17.590330123901367,-9.315547943115234,-0.010989011265337467
42.4900016784668,-31.07914924621582,19.796985626220703,-9.189422607421875,-0.010989011265337467
42.5,-29.626131057739258,22.01511001586914,-9.057921409606934,-0.00963787641376257
42.5099983215332,-27.844318389892578,24.233234405517578,-8.924681663513184,-0.008895865641534328
42.52000045776367,-26.036521911621094,26.396373748779297,-8.790486335754395,-0.008557923138141632
42.529998779296875,-24.154436111450195,28.38628578186035,-8.659078598022461,-0.007696535903960466
42.540000915527344,-22.58224868774414,29.938974380493164,-8.528104782104492,-0.006649804767221212
42.54999923706055,-20.682641983032227,31.578275680541992,-8.394116401672363,-0.005941254086792469
42.560001373291016,-18.576435089111328,33.181148529052734,-8.255743026733398,-0.005756148602813482
42.56999969482422,-16.276628494262695,34.35072326660156,-8.111987113952637,-0.004741128999739885
42.58000183105469,-13.7780179977417,34.737056732177734,-7.972173690795898,-0.0041862898506224155
42.59000015258789,-11.472142219543457,35.73521041870117,-7.832107067108154,-0.00384779111482203
42.599998474121094,-9.077481269836426,36.63941955566406,-7.690555572509766,-0.0033244253136217594
42.61000061035156,-6.280890464782715,37.25444030761719,-7.546727180480957,-0.0021237442269921303
42.619998931884766,-3.520258903503418,37.613739013671875,-7.407338619232178,-0.0012311214813962579
42.630001068115234,-1.1836298704147339,37.85182189941406,-7.255873680114746,-0.00036893904325552285
42.63999938964844,1.3318697214126587,38.184539794921875,-7.104409217834473,0.0006777923554182053
42.650001525878906,3.1773314476013184,37.50441360473633,-6.949618339538574,0.0007075968314893544
42.65999984741211,5.386641979217529,36.65267562866211,-6.791518211364746,0.0012013965751975775
42.66999816894531,7.750549793243408,36.06242370605469,-6.633062839508057,0.0015698587521910667
42.68000030517578,10.078734397888184,35.93503952026367,-6.472761631011963,0.0022482869680970907
42.689998626708984,12.489420890808105,36.15685272216797,-6.311975955963135,0.001937843975611031
42.70000076293945,14.386847496032715,33.77177429199219,-6.146395206451416,0.0022486047819256783
42.709999084472656,15.882560729980469,31.99365997314453,-5.9830427169799805,0.002276978688314557
42.720001220703125,17.2988338470459,30.554641723632812,-5.81752872467041,0.002432676963508129
42.72999954223633,18.82469367980957,29.007169723510742,-5.650428295135498,0.0029560427647083998
42.7400016784668,20.49214744567871,27.00599479675293,-5.485534191131592,0.0034794083330780268
42.75,21.959524154663086,27.227807998657227,-5.318803787231445,0.004002774134278297
42.7599983215332,23.001325607299805,24.92784881591797,-5.152976989746094,0.0038464399985969067
42.77000045776367,24.18721580505371,22.814332962036133,-4.992325305938721,0.0036630036775022745
42.779998779296875,25.188032150268555,21.567869186401367,-4.825966835021973,0.004003012552857399
42.790000915527344,25.572696685791016,20.90243148803711,-4.656540870666504,0.003846201580017805
42.79999923706055,26.516010284423828,20.236995697021484,-4.485630035400391,0.004003171343356371
42.810001373291016,27.459321975708008,17.623580932617188,-4.317044258117676,0.0031655477359890938
42.81999969482422,28.132326126098633,16.027130126953125,-4.1512579917907715,0.0029567580204457045
42.83000183105469,28.785709381103516,15.13987922668457,-3.9788217544555664,0.0031397175043821335
42.84000015258789,29.512386322021484,14.134305000305176,-3.806385040283203,0.0024587458465248346
42.849998474121094,29.72201156616211,12.58161735534668,-3.6317522525787354,0.0027742753736674786
42.86000061035156,29.73367691040039,10.924195289611816,-3.4569852352142334,0.0031397175043821335
42.869998931884766,30.62779426574707,9.260601997375488,-3.2822182178497314,0.0024582690093666315
42.880001068115234,31.134946823120117,7.861753940582275,-3.106538772583008,0.0017523412825539708
42.88999938964844,30.82050895690918,6.77974796295166,-2.928905963897705,0.0019107419066131115
42.900001525878906,30.514869689941406,5.7862467765808105,-2.754586696624756,0.001752182375639677
42.90999984741211,31.038930892944336,5.231715679168701,-2.5792429447174072,0.0019109008135274053
42.91999816894531,31.400110244750977,4.418652534484863,-2.3994863033294678,0.0017520233523100615
42.93000030517578,31.486658096313477,3.6519718170166016,-2.2189347743988037,0.0015698587521910667
42.939998626708984,31.381847381591797,2.8833584785461426,-2.0351786613464355,0.0012285781558603048
42.95000076293945,31.301130294799805,2.080685615539551,-1.8483470678329468,0.0010465724626556039
42.959999084472656,31.51075553894043,3.6333730220794678,-1.664676547050476,0.0010465724626556039
42.970001220703125,31.36688232421875,2.3806748390197754,-1.4821093082427979,0.0007050535059534013
42.97999954223633,31.221160888671875,0.8766558766365051,-1.2982966899871826,0.0005232862313278019
42.9900016784668,31.116348266601562,-0.24558143317699432,-1.1097733974456787,0.0005232862313278019
43,31.041465759277344,-0.8635766506195068,-0.9280392527580261,0.00018152882694266737
43.0099983215332,31.146278381347656,-0.5308579802513123,-0.7527326941490173,-0.0003418368869461119
43.02000045776367,31.537012100219727,-0.09729086607694626,-0.5720941424369812,-0.0008652025717310607
43.029998779296875,31.67291259765625,-0.2533118426799774,-0.3903365135192871,-0.0003625807585194707
43.040000915527344,31.487443923950195,-1.0403783321380615,-0.20513111352920532,-0.00034207533462904394
43.04999923706055,31.19957733154297,-1.8201091289520264,-0.019878141582012177,-0.0012075959239155054
43.060001373291016,31.409202575683594,-0.9328593015670776,0.16024726629257202,-0.0015698587521910667
43.06999969482422,31.721067428588867,-0.5865293145179749,0.34063830971717834,-0.0015698587521910667
43.08000183105469,31.56888771057129,-0.41839319467544556,0.5203291177749634,-0.0015698587521910667
43.09000015258789,31.414348602294922,-0.25108832120895386,0.7014362215995789,-0.0025972770527005196
43.099998474121094,31.299028396606445,-0.12079375237226486,0.8847497701644897,-0.0024546131025999784
43.11000061035156,30.927738189697266,-0.14404727518558502,1.066689372062683,-0.002435776637867093
43.119998931884766,31.66142463684082,1.8522651195526123,1.2453192472457886,-0.0022737199906259775
43.130001068115234,31.971599578857422,1.6975324153900146,1.4271551370620728,-0.002778726164251566
43.13999938964844,32.18122482299805,2.306779146194458,1.611451268196106,-0.0034825876355171204
43.150001525878906,32.17627716064453,3.3675265312194824,1.7927403450012207,-0.0036630036775022745
43.15999984741211,31.74573516845703,3.562074661254883,1.9741462469100952,-0.0033199747558683157
43.16999816894531,31.22167205810547,4.449324607849121,2.156034469604492,-0.003482826054096222
43.18000030517578,31.61395835876465,7.178860187530518,2.3337643146514893,-0.004349379800260067
43.189998626708984,31.6007022857666,8.609794616699219,2.506643295288086,-0.0047095762565732
43.20000076293945,31.414348602294922,9.209503173828125,2.681887626647949,-0.00436622928828001
43.209999084472656,31.35967445373535,9.971362113952637,2.859955310821533,-0.004529716446995735
43.220001220703125,31.045236587524414,11.191330909729004,3.0358872413635254,-0.0047095762565732
43.22999954223633,30.139394760131836,12.932788848876953,3.2118191719055176,-0.005396747030317783
43.2400016784668,29.937055587768555,13.923235893249512,3.3866126537323,-0.005412483587861061
43.25,29.744104385375977,15.271337509155273,3.5689167976379395,-0.004889118019491434
43.2599983215332,29.345829010009766,16.819536209106445,3.7447354793548584,-0.0053972238674759865
43.27000045776367,29.33483123779297,16.613725662231445,3.9118783473968506,-0.005756148602813482
43.279998779296875,27.6578311920166,18.831850051879883,4.079998016357422,-0.00541216554120183
43.290000915527344,26.953189849853516,20.44978904724121,4.248110294342041,-0.005576924420893192
43.29999923706055,25.855222702026367,22.72944450378418,4.412817001342773,-0.006100290454924107
43.310001373291016,24.467031478881836,25.18062400817871,4.580165863037109,-0.005935213528573513
43.31999969482422,23.664764404296875,26.39253044128418,4.751559257507324,-0.0061004492454230785
43.33000183105469,21.987764358520508,27.5015926361084,4.918760299682617,-0.005935054738074541
43.34000015258789,20.926502227783203,29.355266571044922,5.081750869750977,-0.005756148602813482
43.349998474121094,19.348264694213867,31.485946655273438,5.24465799331665,-0.00610068766400218
43.36000061035156,17.62998390197754,33.33245086669922,5.406631946563721,-0.006279435008764267
43.369998931884766,16.31402587890625,34.53702163696289,5.571915626525879,-0.00593473669141531
43.380001068115234,14.6370267868042,35.64608383178711,5.738602638244629,-0.005756148602813482
43.38999938964844,12.58044719696045,35.95185089111328,5.903401851654053,-0.005756148602813482
43.400001525878906,10.272923469543457,35.950103759765625,6.074353218078613,-0.005411211866885424
43.40999984741211,8.137965202331543,36.37409210205078,6.23505163192749,-0.0041978140361607075
43.41999816894531,6.291697978973389,37.32401657104492,6.3944244384765625,-0.003317908151075244
43.43000030517578,4.195448398590088,37.656734466552734,6.542393684387207,-0.0031397175043821335
43.439998626708984,1.488234281539917,38.63593673706055,6.698259353637695,-0.0031397175043821335
43.45000076293945,-1.236890196800232,38.89739990234375,6.8501200675964355,-0.002103715669363737
43.459999084472656,-4.067789554595947,38.225852966308594,7.001584529876709,-0.0012244452955201268
43.470001220703125,-6.803617477416992,37.135536193847656,7.152106761932373,-0.0007010795525275171
43.47999954223633,-9.020469665527344,36.666847229003906,7.297123432159424,0.0001678585249464959
43.4900016784668,-11.64078140258789,35.55778884887695,7.433064937591553,0.001214589923620224
43.5,-14.008224487304688,34.53791427612305,7.570428371429443,0.0015698587521910667
43.5099983215332,-16.314098358154297,33.66635513305664,7.70954704284668,0.0022614803165197372
43.52000045776367,-18.584623336791992,33.22665786743164,7.850094318389893,0.0029623215086758137
43.529998779296875,-20.840085983276367,33.229732513427734,7.991666793823242,0.0034856873098760843
43.540000915527344,-23.565210342407227,31.34432601928711,8.131117820739746,0.004355102311819792
43.54999923706055,-25.195667266845703,29.07281494140625,8.268601417541504,0.004017318598926067
43.560001373291016,-26.663042068481445,27.238218307495117,8.40184497833252,0.0050478363409638405
43.56999969482422,-28.172698974609375,24.969680786132812,8.530071258544922,0.005756148602813482
43.58000183105469,-29.709260940551758,21.962909698486328,8.667816162109375,0.006448883097618818
43.59000015258789,-31.071823120117188,20.521127700805664,8.804466247558594,0.007495614234358072
43.599998474121094,-31.94361114501953,18.767763137817383,8.931877136230469,0.008195819333195686
43.61000061035156,-33.37158966064453,16.525449752807617,9.062370300292969,0.00906579103320837
43.619998931884766,-34.40879440307617,13.929283142089844,9.192692756652832,0.009072466753423214
43.630001068115234,-34.84695816040039,11.05189323425293,9.3092041015625,0.009589395485818386
43.63999938964844,-35.682708740234375,7.837357521057129,9.427949905395508,0.009942438453435898
43.650001525878906,-35.47308349609375,5.286513805389404,9.547847747802734,0.010289361700415611
43.65999984741211,-35.66654586791992,2.820974826812744,9.66685962677002,0.010812727734446526
43.66999816894531,-35.644100189208984,0.14339040219783783,9.784770011901855,0.010989011265337467
43.68000030517578,-35.39301681518555,-2.974806070327759,9.891138076782227,0.011336172930896282
43.689998626708984,-35.266578674316406,-6.566073417663574,9.986395835876465,0.011165056377649307
43.70000076293945,-34.84733200073242,-9.227823257446289,10.083662033081055,0.010294369421899319
43.709999084472656,-33.465030670166016,-11.704292297363281,10.188651084899902,0.009595038369297981
43.720001220703125,-32.08208465576172,-14.544713973999023,10.295140266418457,0.0094191525131464
43.72999954223633,-30.708505630493164,-17.936071395874023,10.398319244384766,0.009071593172848225
43.7400016784668,-29.06561851501465,-21.44373893737793,10.500680923461914,0.00854822713881731
43.75,-26.96936798095703,-22.55280113220215,10.601319313049316,0.0073294248431921005
43.7599983215332,-24.306222915649414,-24.661619186401367,10.697233200073242,0.005759327672421932
43.77000045776367,-21.791135787963867,-26.953826904296875,10.792685508728027,0.004884985275566578
43.779998779296875,-18.925024032592773,-29.138286590576172,10.884980201721191,0.004013662692159414
43.790000915527344,-15.52942943572998,-31.045408248901367,10.978189468383789,0.0029669313225895166
43.79999923706055,-12.385054588317871,-32.59809494018555,11.069744110107422,0.000875852711033076
43.810001373291016,-8.835020065307617,-32.8630485534668,11.148263931274414,-0.0003481951716821641
43.81999969482422,-5.1175055503845215,-33.003440856933594,11.234447479248047,-0.0012198355980217457
43.83000183105469,-1.396730899810791,-32.89224624633789,11.309014320373535,-0.00365998363122344
43.84000015258789,2.383726119995117,-32.52989196777344,11.385794639587402,-0.005058009643107653
43.849998474121094,6.453738212585449,-32.10871124267578,11.45119857788086,-0.006278401706367731
43.86000061035156,10.017362594604492,-32.33052444458008,11.523143768310547,-0.007499906234443188
43.869998931884766,13.245476722717285,-30.866008758544922,11.595624923706055,-0.008546637371182442
43.880001068115234,16.211627960205078,-28.792020797729492,11.664424896240234,-0.009593368507921696
43.88999938964844,19.07650375366211,-25.94542694091797,11.73120403289795,-0.01098893117159605
43.900001525878906,21.97985076904297,-21.941579818725586,11.797615051269531,-0.01221011858433485
43.90999984741211,24.600162506103516,-18.836206436157227,11.857964515686035,-0.012907859869301319
43.91999816894531,27.038854598999023,-14.385576248168945,11.917560577392578,-0.014478432945907116
43.93000030517578,28.587121963500977,-10.429484367370605,11.980476379394531,-0.014477003365755081
43.939998626708984,29.67711639404297,-6.437441349029541,12.039976119995117,-0.0141287287697196
43.95000076293945,30.760452270507812,-1.6873210668563843,12.095589637756348,-0.014827343635261059
43.959999084472656,31.494140625,3.5252718925476074,12.149038314819336,-0.015524688176810741
43.970001220703125,30.66394805908203,6.772786617279053,12.19538402557373,-0.01499965414404869
43.97999954223633,29.42754554748535,11.273747444152832,12.24335765838623,-0.015001560561358929
43.9900016784668,27.77216911315918,16.63363265991211,12.286917686462402,-0.014476049691438675
44,25.513072967529297,21.87789535522461,12.326181411743164,-0.0141287287697196
44.0099983215332,22.368698120117188,25.759614944458008,12.362408638000488,-0.0141287287697196
44.02000045776367,19.119647979736328,28.86600685119629,12.400857925415039,-0.012729271315038204
44.029998779296875,15.710052490234375,31.88651466369629,12.436990737915039,-0.011335696093738079
44.040000915527344,12.139771461486816,34.35020446777344,12.463244438171387,-0.009588917717337608
44.04999923706055,8.221214294433594,35.75102615356445,12.490944862365723,-0.008195661008358002
44.060001373291016,3.7006871700286865,35.75102615356445,12.511128425598145,-0.006448565050959587
44.06999969482422,-1.0158747434616089,35.75102615356445,12.530680656433105,-0.003654578933492303
44.08000183105469,-5.383886337280273,36.94967269897461,12.557276725769043,-0.0019157490460202098
44.09000015258789,-9.430527687072754,36.932613372802734,12.581684112548828,0.0001822441117838025
44.099998474121094,-13.155799865722656,35.328182220458984,12.601646423339844,0.002448572777211666
44.11000061035156,-16.64206886291504,32.72453689575195,12.620287895202637,0.004191455896943808
44.119998931884766,-20.310504913330078,30.506410598754883,12.634722709655762,0.006112211849540472
44.130001068115234,-23.320451736450195,28.68644142150879,12.647904396057129,0.00715345935896039
44.13999938964844,-25.837602615356445,26.17547607421875,12.659920692443848,0.008378461003303528
44.150001525878906,-28.143476486206055,23.053144454956055,12.663668632507324,0.010299456305801868
44.15999984741211,-30.346050262451172,19.65877342224121,12.664022445678711,0.010989011265337467
44.16999816894531,-32.12786102294922,16.44249153137207,12.665770530700684,0.011691124178469181
44.18000030517578,-33.606666564941406,14.188084602355957,12.667427062988281,0.012386719696223736
44.189998626708984,-34.69137954711914,10.917192459106445,12.660929679870605,0.012910084798932076
44.20000076293945,-35.3743782043457,6.596213340759277,12.6511869430542,0.013784745708107948
44.209999084472656,-35.82122039794922,2.2185652256011963,12.64867877960205,0.014480102807283401
44.220001220703125,-36.314056396484375,-0.4927462935447693,12.641688346862793,0.014300561510026455
44.22999954223633,-35.78999328613281,-4.818089485168457,12.633550643920898,0.0141287287697196
44.2400016784668,-35.18246841430664,-8.613526344299316,12.625394821166992,0.0141287287697196
44.25,-34.08163070678711,-12.398282051086426,12.617238998413086,0.013073652051389217
44.2599983215332,-32.476158142089844,-16.060806274414062,12.604273796081543,0.012558870017528534
44.27000045776367,-30.579479217529297,-19.28772735595703,12.594792366027832,0.011151464655995369
44.279998779296875,-28.588041305541992,-22.614913940429688,12.5849609375,0.009761863388121128
44.290000915527344,-25.873422622680664,-25.368183135986328,12.578354835510254,0.008011111989617348
44.29999923706055,-22.779775619506836,-27.820650100708008,12.565837860107422,0.006973917596042156
44.310001373291016,-19.44767189025879,-29.711002349853516,12.554884910583496,0.0053940447978675365
44.31999969482422,-15.903923034667969,-30.984895706176758,12.544925689697266,0.0036528303753584623
44.33000183105469,-11.92104721069336,-32.53758239746094,12.533059120178223,0.0017304052598774433
44.34000015258789,-7.8408427238464355,-33.266357421875,12.5209379196167,-0.0007154652266763151
44.349998474121094,-3.607435703277588,-32.92954635620117,12.504626274108887,-0.0029798068571835756
44.36000061035156,0.5930960774421692,-32.66523742675781,12.486943244934082,-0.004368136636912823
44.369998931884766,4.7525434494018555,-32.94733428955078,12.465970993041992,-0.006472805980592966
44.380001068115234,9.154667854309082,-33.0582389831543,12.444122314453125,-0.007678732741624117
44.38999938964844,13.452529907226562,-31.40395736694336,12.419118881225586,-0.008554902859032154
44.400001525878906,16.71253776550293,-30.16252326965332,12.397860527038574,-0.01066028792411089
44.40999984741211,19.81325340270996,-28.116836547851562,12.373393058776855,-0.011865261010825634
44.41999816894531,22.908178329467773,-24.710933685302734,12.348925590515137,-0.012388627044856548
44.43000030517578,25.614154815673828,-20.12040901184082,12.315363883972168,-0.013265115208923817
44.439998626708984,28.02484130859375,-16.571407318115234,12.28587532043457,-0.013605441898107529
44.45000076293945,30.001903533935547,-11.554131507873535,12.250669479370117,-0.015371851623058319
44.459999084472656,31.328231811523438,-6.9552531242370605,12.209794998168945,-0.01586851291358471
44.470001220703125,32.007049560546875,-2.851722240447998,12.16963005065918,-0.01534514594823122
44.47999954223633,32.136783599853516,1.5476833581924438,12.129188537597656,-0.01482178084552288
44.4900016784668,31.717533111572266,7.980245590209961,12.088409423828125,-0.015005613677203655
44.5,30.17439079284668,11.439722061157227,12.04340934753418,-0.015175300650298595
44.5099983215332,28.428203582763672,16.009300231933594,11.993714332580566,-0.014467784203588963
44.52000045776367,26.288650512695312,20.90694236755371,11.944768905639648,-0.013774890452623367
44.529998779296875,23.5266056060791,25.14658546447754,11.892984390258789,-0.012543689459562302
44.540000915527344,20.172605514526367,29.028305053710938,11.834272384643555,-0.011327589862048626
44.54999923706055,17.321556091308594,32.05851745605469,11.774063110351562,-0.010280857793986797
44.560001373291016,14.034899711608887,34.40861892700195,11.712977409362793,-0.009234125725924969
44.56999969482422,10.111236572265625,36.29722595214844,11.651122093200684,-0.007833159528672695
44.58000183105469,5.790652275085449,37.615692138671875,11.58309268951416,-0.00590874720364809
44.59000015258789,1.7029653787612915,37.92259979248047,11.52191162109375,-0.004524073097854853
44.599998474121094,-2.384721517562866,37.257164001464844,11.448678970336914,-0.002768394071608782
44.61000061035156,-6.638513565063477,36.67960739135742,11.377561569213867,-0.0006749311578460038
44.619998931884766,-10.408581733703613,36.063087463378906,11.304159164428711,0.0010638987878337502
44.630001068115234,-13.933144569396973,34.603538513183594,11.229631423950195,0.0019245711155235767
44.63999938964844,-17.70513916015625,31.692028045654297,11.152935028076172,0.003512312425300479
44.650001525878906,-20.43026351928711,30.693872451782227,11.0740327835083,0.004896032623946667
44.65999984741211,-22.52549171447754,28.457895278930664,10.996685981750488,0.005232862196862698
44.66999816894531,-24.844505310058594,27.05782127380371,10.915395736694336,0.00594292301684618
44.68000030517578,-27.15477752685547,25.021963119506836,10.82858943939209,0.006279435008764267
44.689998626708984,-29.113065719604492,21.25734519958496,10.740795135498047,0.007345003075897694
44.70000076293945,-30.89487648010254,18.706501007080078,10.649253845214844,0.008204562589526176
44.709999084472656,-31.998266220092773,15.950552940368652,10.555510520935059,0.008372579701244831
44.720001220703125,-33.1912841796875,13.331216812133789,10.460594177246094,0.008728006854653358
44.72999954223633,-34.20914840698242,11.084975242614746,10.362367630004883,0.009962387382984161
44.7400016784668,-34.94283676147461,8.801578521728516,10.262613296508789,0.010821311734616756
44.75,-35.67652130126953,5.1416730880737305,10.16242790222168,0.010633344762027264
44.7599983215332,-35.16400909423828,2.690535068511963,10.06182861328125,0.010465724393725395
44.77000045776367,-35.592506408691406,-0.5893556475639343,9.967848777770996,0.010821550153195858
44.779998779296875,-35.88691329956055,-3.0925073623657227,9.877716064453125,0.010989011265337467
44.790000915527344,-35.538578033447266,-5.514863967895508,9.778486251831055,0.010989011265337467
44.79999923706055,-34.58929443359375,-9.948307991027832,9.668817520141602,0.010276883840560913
44.810001373291016,-33.54117202758789,-12.499151229858398,9.556979179382324,0.009586295112967491
44.81999969482422,-32.49304962158203,-14.86733341217041,9.446292877197266,0.0094191525131464
44.83000183105469,-31.321237564086914,-16.869173049926758,9.325567245483398,0.009062849916517735
44.84000015258789,-29.95136833190918,-18.88094711303711,9.209663391113281,0.007826721295714378
44.849998474121094,-28.32756996154785,-21.307231903076172,9.08935832977295,0.007326007355004549
44.86000061035156,-26.33613395690918,-23.636260986328125,8.96818733215332,0.006612926721572876
44.869998931884766,-24.43794059753418,-25.274627685546875,8.84354305267334,0.00449633551761508
44.880001068115234,-22.413766860961914,-26.754541397094727,8.715292930603027,0.004019702784717083
44.88999938964844,-20.45043182373047,-27.915035247802734,8.587453842163086,0.0038295111153274775
44.900001525878906,-18.490102767944336,-28.71236801147461,8.457727432250977,0.002949286950752139
44.90999984741211,-15.76497745513916,-29.59961700439453,8.327309608459473,0.002259493339806795
44.91999816894531,-13.340385437011719,-30.910877227783203,8.194072723388672,0.0013791103847324848
44.93000030517578,-10.702574729919434,-31.600875854492188,8.058575630187988,0.00033237895695492625
44.939998626708984,-8.284876823425293,-31.719202041625977,7.9231438636779785,-0.00035717623541131616
44.95000076293945,-5.920949935913086,-31.780628204345703,7.784822463989258,-0.001237797667272389
44.959999084472656,-2.797255039215088,-32.67030715942383,7.64811372756958,-0.0022845291532576084
44.970001220703125,-0.5961928963661194,-33.6684684753418,7.508630752563477,-0.0029738459270447493
44.97999954223633,1.9354304075241089,-33.26750183105469,7.374080657958984,-0.0038547057192772627
44.9900016784668,4.381231784820557,-32.49115753173828,7.235844612121582,-0.003828716231510043
45,6.619706153869629,-31.786136627197266,7.091497421264648,-0.004378309939056635
45.0099983215332,8.734416007995605,-31.231605529785156,6.949343681335449,-0.004351843614131212
45.02000045776367,11.040290832519531,-30.677072525024414,6.8002095222473145,-0.0049019139260053635
45.029998779296875,12.80872917175293,-30.406883239746094,6.647760391235352,-0.0055907536298036575
45.040000915527344,14.485729217529297,-29.358417510986328,6.5013885498046875,-0.005398177541792393
45.04999923706055,16.20336151123047,-28.1066951751709,6.3547682762146,-0.005590912885963917
45.060001373291016,17.888195037841797,-27.415864944458008,6.199690341949463,-0.006114278919994831
45.06999969482422,19.041133880615234,-27.19405174255371,6.042400360107422,-0.006279435008764267
45.08000183105469,20.290576934814453,-24.62356948852539,5.887496471405029,-0.0066377236507833
45.09000015258789,21.90850257873535,-23.832721710205078,5.735902786254883,-0.006085983943194151
45.099998474121094,23.45248794555664,-22.685361862182617,5.5809006690979,-0.005756148602813482
45.11000061035156,24.710237503051758,-20.390182495117188,5.41878604888916,-0.006114676129072905
45.119998931884766,25.967987060546875,-19.392024993896484,5.257723808288574,-0.005920827854424715
45.130001068115234,26.915424346923828,-17.627708435058594,5.10014009475708,-0.005756148602813482
45.13999938964844,27.93770408630371,-15.602531433105469,4.942640781402588,-0.005756148602813482
45.150001525878906,29.040327072143555,-14.302640914916992,4.78920841217041,-0.005756148602813482
45.15999984741211,29.862958908081055,-13.303279876708984,4.63357400894165,-0.006115073338150978
45.16999816894531,29.90186309814453,-11.225465774536133,4.468100547790527,-0.005561426281929016
45.18000030517578,30.63555145263672,-9.672778129577637,4.299760818481445,-0.005232862196862698
45.189998626708984,31.11153793334961,-8.21098518371582,4.140501499176025,-0.005232862196862698
45.20000076293945,31.469356536865234,-6.769204139709473,3.973890542984009,-0.004873619880527258
45.209999084472656,31.74683380126953,-5.327422618865967,3.807279109954834,-0.0047095762565732
45.220001220703125,31.86902618408203,-3.9781570434570312,3.630262613296509,-0.004350174684077501
45.22999954223633,31.3449649810791,-3.3127198219299316,3.45863676071167,-0.003826808650046587
45.2400016784668,31.93489646911621,-0.9773713946342468,3.2883975505828857,-0.004741685464978218
45.25,32.39513397216797,0.5607486963272095,3.115379571914673,-0.004513582214713097
45.2599983215332,32.5778923034668,1.1873470544815063,2.9454123973846436,-0.0038265702314674854
45.27000045776367,32.519622802734375,1.6065340042114258,2.771390438079834,-0.0033032046630978584
45.279998779296875,32.20518493652344,3.3810338973999023,2.5970280170440674,-0.0031397175043821335
45.290000915527344,31.79098129272461,4.416574001312256,2.4306561946868896,-0.0034996753092855215
45.29999923706055,31.74820899963379,4.538328170776367,2.26407790184021,-0.0036630036775022745
45.310001373291016,31.8530216217041,4.800538063049316,2.089177370071411,-0.0029427697882056236
45.31999969482422,31.878767013549805,5.79998254776001,1.9140489101409912,-0.0022562346421182156
45.33000183105469,31.67479705810547,7.427667140960693,1.7463197708129883,-0.0020931449253112078
45.34000015258789,31.779611587524414,7.0949482917785645,1.5766621828079224,-0.0028138556517660618
45.349998474121094,31.719966888427734,7.893340587615967,1.3972347974777222,-0.0031397175043821335
45.36000061035156,31.8461856842041,8.574592590332031,1.2183870077133179,-0.0024186887312680483
45.369998931884766,31.927608489990234,8.555079460144043,1.0426576137542725,-0.0020931449253112078
45.380001068115234,31.534812927246094,8.039989471435547,0.872218906879425,-0.0017324716318398714
45.38999938964844,31.43000030517578,10.369020462036133,0.699573814868927,-0.001930611440911889
45.400001525878906,31.414348602294922,10.811169624328613,0.5247222185134888,-0.0020931449253112078
45.40999984741211,31.60841941833496,9.895304679870605,0.34762507677078247,-0.0006494980189017951
45.41999816894531,31.842416763305664,9.364027976989746,0.17625559866428375,0
45.43000030517578,31.947229385375977,10.139768600463867,0.0028166756965219975,0.0003610706771723926
45.439998626708984,32.052040100097656,9.030706405639648,-0.18100295960903168,0.0005232862313278019
45.45000076293945,31.484203338623047,9.44683837890625,-0.3643361032009125,-0.00019917305326089263
45.459999084472656,31.499935150146484,9.091925621032715,-0.5409727096557617,0.00019933198927901685
45.470001220703125,32.05013656616211,8.41537094116211,-0.7157396674156189,0.0008846748387441039
45.47999954223633,32.79790496826172,7.644824981689453,-0.8951521515846252,0.000685104401782155
45.4900016784668,33.21715545654297,6.092137336730957,-1.0719231367111206,0.0008848338038660586
45.5,33.018253326416016,6.065662860870361,-1.246825933456421,0.0010465724626556039
45.5099983215332,32.80862808227539,5.483805179595947,-1.4233466386795044,0.0010465724626556039
45.52000045776367,32.76125717163086,5.222530364990234,-1.6014972925186157,0.0017701444448903203
45.529998779296875,32.895687103271484,5.287656784057617,-1.7790652513504028,0.0020931449253112078
45.540000915527344,33.074440002441406,4.922271251678467,-1.9510114192962646,0.0024550899397581816
45.54999923706055,32.655189514160156,3.924114942550659,-2.1200101375579834,0.002616431098431349
45.560001373291016,32.91984176635742,2.2927520275115967,-2.2944979667663574,0.002254327293485403
45.56999969482422,33.09502029418945,1.809560775756836,-2.4659266471862793,0.0028175117913633585
45.58000183105469,32.948829650878906,1.4023851156234741,-2.627255439758301,0.0031397175043821335
45.59000015258789,32.638282775878906,-0.44056612253189087,-2.7863235473632812,0.0031397175043821335
45.599998474121094,33.1623420715332,-1.1060035228729248,-2.965402364730835,0.0031397175043821335
45.61000061035156,32.66978073120117,-2.94496488571167,-3.1320135593414307,0.0038647199980914593
45.619998931884766,32.17680740356445,-3.9346632957458496,-3.297489643096924,0.003461128333583474
45.630001068115234,31.974958419799805,-5.16042947769165,-3.472593069076538,0.003502377774566412
45.63999938964844,31.965707778930664,-7.2681884765625,-3.634368896484375,0.004025743342936039
45.650001525878906,31.441646575927734,-8.377251625061035,-3.804431438446045,0.003823470789939165
45.65999984741211,30.917585372924805,-10.117088317871094,-3.971543788909912,0.004388801287859678
45.66999816894531,30.019107818603516,-11.178459167480469,-4.139466285705566,0.0047095762565732
45.68000030517578,29.17263412475586,-12.38155460357666,-4.30535364151001,0.005072633735835552
45.689998626708984,28.439987182617188,-13.770635604858398,-4.471037864685059,0.005232862196862698
45.70000076293945,27.39628028869629,-14.367247581481934,-4.633809566497803,0.005232862196862698
45.709999084472656,26.662593841552734,-17.91624641418457,-4.795164108276367,0.0055961585603654385
45.720001220703125,25.847089767456055,-19.47408676147461,-4.957763671875,0.00430264649912715
45.72999954223633,24.89389991760254,-20.836320877075195,-5.113809585571289,0.0043899137526750565
45.7400016784668,23.681398391723633,-22.708635330200195,-5.265714168548584,0.0047095762565732
45.75,22.15123748779297,-24.87757110595703,-5.425351619720459,0.005073190201073885
45.7599983215332,21.103113174438477,-25.210290908813477,-5.5794148445129395,0.0048691690899431705
45.77000045776367,19.256258010864258,-26.29427146911621,-5.733548164367676,0.0047095762565732
45.779998779296875,17.779043197631836,-27.650270462036133,-5.884716987609863,0.004345723893493414
45.790000915527344,16.5862979888916,-28.670827865600586,-6.041592597961426,0.0041862898506224155
45.79999923706055,15.23652172088623,-29.21453094482422,-6.192972660064697,0.0041862898506224155
45.810001373291016,13.349897384643555,-30.989032745361328,-6.339776992797852,0.0038221990689635277
45.81999969482422,11.27191162109375,-30.839908599853516,-6.488829612731934,0.004027173854410648
45.83000183105469,9.104451179504395,-31.41139793395996,-6.633714199066162,0.003822040045633912
45.84000015258789,6.576206207275391,-32.3600959777832,-6.781189918518066,0.002934345044195652
45.849998474121094,3.8641610145568848,-33.105953216552734,-6.930098056793213,0.0022520222701132298
45.86000061035156,1.9775358438491821,-33.32776641845703,-7.073095321655273,0.002457633148878813
45.869998931884766,-0.42215338349342346,-33.11526107788086,-7.208369731903076,0.001887295744381845
45.880001068115234,-2.754697561264038,-33.22419357299805,-7.349475860595703,0.0012052115052938461
45.88999938964844,-5.275263786315918,-33.332420349121094,-7.4895853996276855,0.0010465724626556039
45.900001525878906,-7.854373931884766,-33.05431365966797,-7.622128486633301,0.0006817663088440895
45.90999984741211,-10.088566780090332,-32.02109909057617,-7.753725528717041,-0.00020648507052101195
45.91999816894531,-13.023316383361816,-30.246601104736328,-7.886197090148926,-0.0005232862313278019
45.93000030517578,-15.192386627197266,-29.91244888305664,-8.015802383422852,-0.0019834646955132484
45.939998626708984,-17.486852645874023,-28.886384963989258,-8.145110130310059,-0.002616431098431349
45.95000076293945,-19.93008041381836,-27.3413028717041,-8.275487899780273,-0.003346838289871812
45.959999084472656,-22.212623596191406,-26.10880470275879,-8.402227401733398,-0.0043935696594417095
45.970001220703125,-24.308876037597656,-23.89067840576172,-8.527079582214355,-0.0050749387592077255
45.97999954223633,-26.129100799560547,-22.15934181213379,-8.647757530212402,-0.0059637464582920074
45.9900016784668,-27.70829963684082,-20.138423919677734,-8.773299217224121,-0.007375999353826046
46,-29.30487823486328,-18.376018524169922,-8.894439697265625,-0.008580495603382587
46.0099983215332,-30.882112503051758,-16.97176742553711,-9.012117385864258,-0.009627226740121841
46.02000045776367,-31.510986328125,-14.199111938476562,-9.128679275512695,-0.01067395880818367
46.029998779296875,-33.92079162597656,-8.49505615234375,-9.243087768554688,-0.010623171925544739
46.040000915527344,-34.64899826049805,-6.793434143066406,-9.35033893585205,-0.011563480831682682
46.04999923706055,-35.04900360107422,-5.946914196014404,-9.37191390991211,-0.012035583145916462
46.060001373291016,-35.734317779541016,-3.9833109378814697,-9.456795692443848,-0.011669505387544632
46.06999969482422,-35.939701080322266,-1.4122685194015503,-9.564542770385742,-0.011146140284836292
46.08000183105469,-35.73007583618164,3.134887218475342,-9.669403076171875,-0.010989011265337467
46.09000015258789,-35.35764694213867,5.614785671234131,-9.775625228881836,-0.012087959796190262
46.099998474121094,-34.93839645385742,8.403837203979492,-9.881577491760254,-0.011459683068096638
46.11000061035156,-34.35683059692383,11.506281852722168,-9.983654022216797,-0.010989011265337467
46.119998931884766,-33.39753341674805,13.799570083618164,-10.080709457397461,-0.0113555658608675
46.130001068115234,-32.244598388671875,18.34672737121582,-10.170754432678223,-0.010779028758406639
46.13999938964844,-31.00332260131836,20.744041442871094,-10.25644588470459,-0.009732297621667385
46.150001525878906,-29.55397605895996,22.199724197387695,-10.348489761352539,-0.0094191525131464
46.15999984741211,-27.74541664123535,24.434307098388672,-10.440286636352539,-0.009786024689674377
46.16999816894531,-25.454801559448242,28.048246383666992,-10.529682159423828,-0.00920853391289711
46.18000030517578,-22.624862670898438,28.713685989379883,-10.610869407653809,-0.00779477134346962
46.189998626708984,-19.985462188720703,30.891225814819336,-10.689425468444824,-0.007326007355004549
46.20000076293945,-17.365150451660156,33.51991271972656,-10.77680778503418,-0.00622443575412035
46.209999084472656,-14.281557083129883,35.65528869628906,-10.851378440856934,-0.005756148602813482
46.220001220703125,-10.613120079040527,36.916778564453125,-10.933666229248047,-0.003919401206076145
46.22999954223633,-6.944683074951172,37.91493225097656,-11.005977630615234,-0.0020374306477606297
46.2400016784668,-3.2762463092803955,38.047950744628906,-11.08096694946289,-0.00046733341878280044
46.25,0.31446006894111633,37.912105560302734,-11.152112007141113,0
46.2599983215332,4.250908374786377,38.08479309082031,-11.218596458435059,0.0014706695219501853
46.27000045776367,8.375476837158203,37.69492721557617,-11.283843040466309,0.0035641323775053024
46.279998779296875,12.017991065979004,34.857086181640625,-11.35201644897461,0.005289768800139427
46.290000915527344,15.057552337646484,33.082584381103516,-11.415224075317383,0.007227771915495396
46.29999923706055,18.605093002319336,30.949745178222656,-11.469223976135254,0.008217278867959976
46.310001373291016,21.79198455810547,27.71253776550293,-11.51932430267334,0.009476774372160435
46.31999969482422,24.621923446655273,23.908912658691406,-11.575718879699707,0.010678727179765701
46.33000183105469,27.395593643188477,20.35174560546875,-11.632940292358398,0.011725458316504955
46.34000015258789,29.701467514038086,15.80458927154541,-11.676410675048828,0.01277218945324421
46.349998474121094,31.549365997314453,11.838958740234375,-11.722774505615234,0.013082155957818031
46.36000061035156,32.25716781616211,7.460043430328369,-11.772127151489258,0.013819080777466297
46.369998931884766,32.02073669433594,0.6806113719940186,-11.810285568237305,0.014497269876301289
46.380001068115234,31.21430778503418,-8.285629272460938,-11.857686996459961,0.013914772309362888
46.38999938964844,30.061368942260742,-12.943690299987793,-11.941239356994629,0.013605441898107529
46.400001525878906,27.923152923583984,-16.142162322998047,-11.941239356994629,0.013605441898107529
46.40999984741211,24.981510162353516,-20.42299461364746,-11.977023124694824,0.013236582279205322
46.41999816894531,21.930673599243164,-24.509838104248047,-12.013141632080078,0.01234427746385336
46.43000030517578,18.975147247314453,-27.464927673339844,-12.046168327331543,0.012035583145916462
46.439998626708984,15.619203567504883,-29.237369537353516,-12.07201099395752,0.010928289033472538
46.45000076293945,11.950767517089844,-30.679149627685547,-12.100105285644531,0.010096547193825245
46.459999084472656,8.039358139038086,-31.606735229492188,-12.124163627624512,0.00883466750383377
46.470001220703125,3.8869221210479736,-32.14385223388672,-12.14708423614502,0.007633906789124012
46.47999954223633,-0.31423795223236084,-32.34091567993164,-12.169665336608887,0.006217759568244219
46.4900016784668,-4.30469274520874,-32.30220031738281,-12.188506126403809,0.0046476623974740505
46.5,-8.392379760742188,-33.189449310302734,-12.202427864074707,0.0030775652267038822
46.5099983215332,-12.128374099731445,-31.471723556518555,-12.214614868164062,0.001507468055933714
46.52000045776367,-16.05062484741211,-30.462158203125,-12.225536346435547,-0.000802096736151725
46.529998779296875,-19.787464141845703,-29.209108352661133,-12.230810165405273,-0.0030491119250655174
46.540000915527344,-22.8737850189209,-26.41427993774414,-12.232559204101562,-0.004032896365970373
46.54999923706055,-25.59891128540039,-24.861591339111328,-12.238961219787598,-0.005666179116815329
46.560001373291016,-27.94461441040039,-21.60260772705078,-12.246212005615234,-0.0070195384323596954
46.56999969482422,-29.828174591064453,-18.38794708251953,-12.249543190002441,-0.009176663123071194
46.58000183105469,-31.59700584411621,-15.233986854553223,-12.251054763793945,-0.010682860389351845
46.59000015258789,-33.37640380859375,-12.017705917358398,-12.244065284729004,-0.012099881656467915
46.599998474121094,-34.73896408081055,-8.801424980163574,-12.23707389831543,-0.012929239310324192
46.61000061035156,-35.38901138305664,-3.538729667663574,-12.232370376586914,-0.013452604413032532
46.619998931884766,-35.78593063354492,-0.4241909086704254,-12.227709770202637,-0.015087557025253773
46.630001068115234,-35.836124420166016,2.4640469551086426,-12.214890480041504,-0.014957371167838573
46.63999938964844,-35.4278564453125,5.752000331878662,-12.204740524291992,-0.015022702515125275
46.650001525878906,-34.49626541137695,8.714134216308594,-12.199005126953125,-0.014433766715228558
46.65999984741211,-33.867393493652344,13.704915046691895,-12.191006660461426,-0.014499574899673462
46.66999816894531,-32.648765563964844,16.82356834411621,-12.184002876281738,-0.014281089417636395
46.68000030517578,-30.80795669555664,20.434162139892578,-12.176046371459961,-0.0141287287697196
46.689998626708984,-28.783447265625,23.86277961730957,-12.164130210876465,-0.0133865587413311
46.70000076293945,-27.030563354492188,25.641082763671875,-12.151909828186035,-0.012710991315543652
46.709999084472656,-24.619874954223633,28.413738250732422,-12.139324188232422,-0.011816381476819515
46.720001220703125,-22.391555786132812,31.475849151611328,-12.123251914978027,-0.010769650340080261
46.72999954223633,-19.05636978149414,33.80471420288086,-12.106978416442871,-0.009351515211164951
46.7400016784668,-15.453681945800781,35.37722396850586,-12.091979026794434,-0.0066669718362390995
46.75,-12.3252534866333,36.599124908447266,-12.073393821716309,-0.005756148602813482
46.7599983215332,-8.761629104614258,38.37362289428711,-12.051471710205078,-0.005012866109609604
46.77000045776367,-4.70742654800415,38.07172393798828,-12.030499458312988,-0.0028509721159934998
46.779998779296875,-0.39880290627479553,37.00468063354492,-12.009068489074707,-0.0013495443854480982
46.790000915527344,4.150848388671875,36.81856918334961,-11.982122421264648,0.00044094654731452465
46.79999923706055,8.66976547241211,37.535499572753906,-11.949499130249023,0.0021624499931931496
46.810001373291016,12.546884536743164,36.97498321533203,-11.92594051361084,0.0041045863181352615
46.81999969482422,16.005695343017578,33.758705139160156,-11.895140647888184,0.005825930740684271
46.83000183105469,19.061614990234375,30.28663444519043,-11.859644889831543,0.006279435008764267
46.84000015258789,22.10858154296875,26.44078254699707,-11.82636833190918,0.008513097651302814
46.849998474121094,25.09476661682129,22.872894287109375,-11.789318084716797,0.009791509248316288
46.86000061035156,27.636228561401367,20.346654891967773,-11.754986763000488,0.010314874351024628
46.869998931884766,29.10360336303711,15.134061813354492,-11.716269493103027,0.011583271436393261
46.880001068115234,30.39595603942871,9.828869819641113,-11.670825958251953,0.012408178299665451
46.88999938964844,31.338502883911133,5.172428607940674,-11.627522468566895,0.012931544333696365
46.900001525878906,31.570772171020508,0.9171779751777649,-11.582723617553711,0.013454909436404705
46.90999984741211,30.955997467041016,-3.497688055038452,-11.530567169189453,0.013232608325779438
46.91999816894531,30.431934356689453,-8.488469123840332,-11.478068351745605,0.013082155957818031
46.93000030517578,29.057884216308594,-11.98023796081543,-11.428743362426758,0.013082155957818031
46.939998626708984,27.31061553955078,-15.677632331848145,-11.379629135131836,0.012336011976003647
46.95000076293945,25.150972366333008,-19.800094604492188,-11.3306245803833,0.012035583145916462
46.959999084472656,22.551340103149414,-23.679943084716797,-11.272509574890137,0.011662352830171585
46.970001220703125,19.61659049987793,-25.343536376953125,-11.208879470825195,0.010765676386654377
46.97999954223633,16.681840896606445,-27.650747299194336,-11.140379905700684,0.010839114896953106
46.9900016784668,13.516375541687012,-29.247385025024414,-11.075115203857422,0.00949513353407383
47,10.424495697021484,-30.522777557373047,-11.008703231811523,0.008148767985403538
47.0099983215332,7.405848503112793,-31.565195083618164,-10.938924789428711,0.007849293760955334
47.02000045776367,4.139183044433594,-32.08273696899414,-10.86795711517334,0.0067281704396009445
47.029998779296875,0.36593353748321533,-31.52820587158203,-10.791892051696777,0.00590564776211977
47.040000915527344,-2.9042866230010986,-31.949512481689453,-10.718741416931152,0.004260681569576263
47.04999923706055,-6.582974910736084,-31.986751556396484,-10.643879890441895,0.003289057407528162
47.060001373291016,-10.321680068969727,-31.580055236816406,-10.562457084655762,0.002017640508711338
47.06999969482422,-13.329957008361816,-31.081817626953125,-10.478568077087402,0.0008216483984142542
47.08000183105469,-16.055082321166992,-29.08550453186035,-10.395369529724121,-0.00022508302936330438
47.09000015258789,-18.78020668029785,-27.569433212280273,-10.30762767791748,-0.001646078540943563
47.099998474121094,-21.704233169555664,-25.987340927124023,-10.218976020812988,-0.003216175828129053
47.11000061035156,-24.409151077270508,-24.19095802307129,-10.13341999053955,-0.004411849658936262
47.119998931884766,-26.558130264282227,-22.047685623168945,-10.044109344482422,-0.0054585812613368034
47.130001068115234,-28.44475555419922,-19.16412353515625,-9.948974609375,-0.0061307307332754135
47.13999938964844,-30.33138084411621,-16.900863647460938,-9.85163402557373,-0.007028758060187101
47.150001525878906,-31.925073623657227,-15.302667617797852,-9.752087593078613,-0.008075488731265068
47.15999984741211,-33.44121170043945,-13.352612495422363,-9.650528907775879,-0.008747399784624577
47.16999816894531,-34.67329025268555,-10.562335014343262,-9.546939849853516,-0.009270765818655491
47.18000030517578,-34.778106689453125,-7.346053600311279,-9.436004638671875,-0.0094191525131464
47.189998626708984,-35.19682312011719,-4.794087886810303,-9.339215278625488,-0.009794211015105247
47.20000076293945,-35.776405334472656,-3.006683349609375,-9.23085880279541,-0.011067853309214115
47.209999084472656,-36.126800537109375,-0.7467895746231079,-9.119168281555176,-0.010386643931269646
47.220001220703125,-36.137939453125,2.368061065673828,-9.009417533874512,-0.010317735373973846
47.22999954223633,-35.90128707885742,5.8492536544799805,-8.896932601928711,-0.01009034737944603
47.2400016784668,-35.27241516113281,6.736503601074219,-8.782990455627441,-0.009942438453435898
47.25,-34.90483474731445,9.65131950378418,-8.666215896606445,-0.009942438453435898
47.2599983215332,-34.590396881103516,12.050734519958496,-8.552552223205566,-0.009566823951900005
47.27000045776367,-34.16148376464844,14.06749439239502,-8.434036254882812,-0.0094191525131464
47.279998779296875,-33.49154281616211,16.43501091003418,-8.316450119018555,-0.009794926270842552
47.290000915527344,-32.5482292175293,18.320419311523438,-8.197951316833496,-0.00919073075056076
47.29999923706055,-31.134765625,19.310344696044922,-8.072285652160645,-0.008895865641534328
47.310001373291016,-29.876073837280273,20.71282958984375,-7.943450927734375,-0.008519853465259075
47.31999969482422,-28.72313690185547,22.90125846862793,-7.816582202911377,-0.007620395626872778
47.33000183105469,-27.508337020874023,25.45752716064453,-7.694869041442871,-0.008078350685536861
47.34000015258789,-26.04096031188965,26.677494049072266,-7.576141834259033,-0.007243826519697905
47.349998474121094,-24.876476287841797,28.965795516967773,-7.446506500244141,-0.006802720949053764
47.36000061035156,-23.494060516357422,30.080718994140625,-7.311720848083496,-0.007179131265729666
47.369998931884766,-21.71454429626465,31.571874618530273,-7.177924156188965,-0.006196538917720318
47.380001068115234,-19.866273880004883,33.28864669799805,-7.036139011383057,-0.005379579495638609
47.38999938964844,-18.67633819580078,33.30495834350586,-6.900986194610596,-0.004102916922420263
47.400001525878906,-16.265649795532227,33.85948944091797,-6.761180877685547,-0.0036630036775022745
47.40999984741211,-14.7726469039917,35.64988708496094,-6.620265960693359,-0.004039810970425606
47.41999816894531,-13.161161422729492,36.25990295410156,-6.478248119354248,-0.003055629087612033
47.43000030517578,-11.2745361328125,36.39869689941406,-6.332194805145264,-0.002616431098431349
47.439998626708984,-9.397927284240723,37.81360626220703,-6.186305999755859,-0.0018623394425958395
47.45000076293945,-7.616115570068359,37.92451477050781,-6.0406670570373535,-0.0015698587521910667
47.459999084472656,-5.563228130340576,38.51347732543945,-5.89027738571167,-0.0008154491079039872
47.470001220703125,-3.532866954803467,38.62116241455078,-5.7427568435668945,-0.0005232862313278019
47.47999954223633,-1.541429877281189,38.22404479980469,-5.595610618591309,-0.00014592247316613793
47.4900016784668,0.365265816450119,37.63034439086914,-5.444051742553711,0.00037744324072264135
47.5,1.832640528678894,37.408531188964844,-5.293521881103516,0.0005232862313278019
47.5099983215332,3.7864696979522705,38.216190338134766,-5.145270347595215,0.0009008884080685675
47.52000045776367,5.413802623748779,38.33289337158203,-4.992868423461914,0.0006688907742500305
47.529998779296875,6.977879047393799,37.85527420043945,-4.838536739349365,0.0009010473731905222
47.540000915527344,8.53547477722168,37.35689163208008,-4.686160087585449,0.0014244131743907928
47.54999923706055,9.688411712646484,37.800514221191406,-4.529348850250244,0.0015698587521910667
47.560001373291016,10.945572853088379,35.81792068481445,-4.378530025482178,0.0019478582544252276
47.56999969482422,12.602088928222656,35.34062957763672,-4.2236247062683105,0.0009589077089913189
47.58000183105469,13.886351585388184,34.872650146484375,-4.058424472808838,0.0012796033406630158
47.59000015258789,14.848104476928711,34.2136344909668,-3.898803949356079,0.001948096789419651
47.599998474121094,16.09316635131836,34.05574417114258,-3.7368786334991455,0.0017148274928331375
47.61000061035156,17.14129066467285,33.16849136352539,-3.574927806854248,0.0019482556963339448
47.619998931884766,17.495929718017578,32.64814758300781,-3.414005994796753,0.0024716213811188936
47.630001068115234,18.327713012695312,32.13868713378906,-3.252253532409668,0.002237875247374177
47.63999938964844,19.245750427246094,31.46433448791504,-3.08939790725708,0.0020931449253112078
47.650001525878906,19.60001564025879,30.506845474243164,-2.9262821674346924,0.002471859799697995
47.65999984741211,20.22888946533203,29.065065383911133,-2.7608227729797363,0.0022376368287950754
47.66999816894531,20.857765197753906,29.80263328552246,-2.6028428077697754,0.0020931449253112078
47.68000030517578,21.555789947509766,28.75206756591797,-2.441009759902954,0.0017141916323453188
47.689998626708984,22.110763549804688,27.63764190673828,-2.2738547325134277,0.0015698587521910667
47.70000076293945,22.425199508666992,27.4104061126709,-2.107875108718872,0.0015698587521910667
47.709999084472656,22.73963737487793,25.30318832397461,-1.9384334087371826,0.0008114751544781029
47.720001220703125,22.85297203063965,25.536701202392578,-1.7681105136871338,0.0012818287359550595
47.72999954223633,23.262109756469727,25.305891036987305,-1.6017416715621948,0.0004318065184634179
47.7400016784668,23.734561920166016,25.95449447631836,-1.4296116828918457,0.00037943021743558347
47.75,24.01810646057129,27.125898361206055,-1.257311224937439,0.0005232862313278019
47.7599983215332,23.915964126586914,26.53745460510254,-1.0943864583969116,0.0005232862313278019
47.77000045776367,23.915964126586914,24.652048110961914,-0.9253446459770203,0.0005232862313278019
47.779998779296875,23.915964126586914,24.87479591369629,-0.755431056022644,0.00014353811275213957
47.790000915527344,23.798877716064453,24.78388023376465,-0.5911501049995422,-0.0003798276011366397
47.79999923706055,23.657400131225586,24.440189361572266,-0.41430920362472534,-0.0005232862313278019
47.810001373291016,23.647796630859375,25.0048828125,-0.2501712739467621,-0.0005232862313278019
47.81999969482422,23.542984008789062,25.670320510864258,-0.0778929814696312,-0.0005232862313278019
47.83000183105469,24.067792892456055,25.764705657958984,0.0890156477689743,-0.0009034317336045206
47.84000015258789,23.84547996520996,25.833988189697266,0.26072171330451965,-0.0010465724626556039
47.849998474121094,23.521852493286133,26.118453979492188,0.4309939444065094,-0.001426876988261938
47.86000061035156,23.670930862426758,26.51551055908203,0.5999353528022766,-0.0011894747149199247
47.869998931884766,22.93724250793457,26.071884155273438,0.7688766717910767,-0.0010465724626556039
47.880001068115234,22.68794822692871,27.165922164916992,0.938464879989624,-0.0014271154068410397
47.88999938964844,22.043872833251953,27.313236236572266,1.1068167686462402,-0.002711725886911154
47.900001525878906,21.684757232666016,27.792125701904297,1.2739508152008057,-0.001997611951082945
47.90999984741211,21.659696578979492,28.73725128173828,1.4444938898086548,-0.0015698587521910667
47.91999816894531,20.821197509765625,27.960906982421875,1.617663860321045,-0.00195071951020509
47.93000030517578,19.982698440551758,29.16179847717285,1.7857462167739868,-0.0028550256974995136
47.939998626708984,19.144197463989258,30.21385955810547,1.9502394199371338,-0.0027586976066231728
47.95000076293945,18.47031021118164,31.09589385986328,2.119394302368164,-0.002616431098431349
47.959999084472656,17.885446548461914,31.550552368164062,2.288135290145874,-0.002616431098431349
47.970001220703125,17.12210464477539,31.286867141723633,2.4479355812072754,-0.00223517301492393
47.97999954223633,15.864355087280273,32.17411804199219,2.6099140644073486,-0.0028558203484863043
47.9900016784668,15.210519790649414,33.335235595703125,2.7730300426483154,-0.0031397175043821335
48,14.501047134399414,33.574256896972656,2.9327518939971924,-0.0039027107413858175
48.0099983215332,13.66254711151123,33.84170150756836,3.0913033485412598,-0.0038047137204557657
48.02000045776367,12.759730339050293,35.271888732910156,3.2527809143066406,-0.004044659435749054
48.029998779296875,11.397168159484863,35.826419830322266,3.4175682067871094,-0.0041862898506224155
48.040000915527344,9.941399574279785,34.80295181274414,3.5785958766937256,-0.003804475301876664
48.04999923706055,8.474024772644043,35.619483947753906,3.7382164001464844,-0.002899215556681156
48.060001373291016,6.962384223937988,37.27069091796875,3.897836923599243,-0.002616431098431349
48.06999969482422,5.409992694854736,38.371150970458984,4.056759357452393,-0.002234378131106496
48.08000183105469,3.942617893218994,38.4820556640625,4.215850830078125,-0.0020931449253112078
48.09000015258789,1.9745509624481201,38.38104248046875,4.373748302459717,-0.0024753569159656763
48.099998474121094,0.4371243715286255,38.270137786865234,4.528336524963379,-0.002616431098431349
48.11000061035156,-1.2326287031173706,38.050880432128906,4.680966377258301,-0.001851689419709146
48.119998931884766,-3.1706089973449707,37.74644470214844,4.833207607269287,-0.0015698587521910667
48.130001068115234,-4.95693826675415,37.52702331542969,4.984345436096191,-0.0008047989686019719
48.13999938964844,-6.948375225067139,37.416114807128906,5.1335859298706055,-0.0005232862313278019
48.150001525878906,-8.27900505065918,36.256370544433594,5.280442714691162,-0.00014059740351513028
48.15999984741211,-10.071382522583008,36.1063117980957,5.432790279388428,0
48.16999816894531,-12.242613792419434,36.174346923828125,5.582773208618164,0
48.18000030517578,-14.101666450500488,34.617733001708984,5.728360176086426,0.0007658544927835464
48.189998626708984,-15.673852920532227,34.174110412597656,5.870504379272461,0.001429579220712185
48.20000076293945,-18.051841735839844,33.82522201538086,6.014889240264893,0.0019529449054971337
48.209999084472656,-19.98177146911621,31.977886199951172,6.163597583770752,0.0024763105902820826
48.220001220703125,-21.43217658996582,30.064302444458008,6.30874490737915,0.002616431098431349
48.22999954223633,-22.706050872802734,29.49271011352539,6.44573974609375,0.002616431098431349
48.2400016784668,-24.068613052368164,28.827272415161133,6.5765275955200195,0.002999835414811969
48.25,-25.72057342529297,26.834867477416992,6.713966369628906,0.003523200983181596
48.2599983215332,-27.037593841552734,24.803831100463867,6.851199150085449,0.0036630036775022745
48.27000045776367,-28.380634307861328,22.908096313476562,6.989101886749268,0.004430288914591074
48.279998779296875,-29.860597610473633,21.27997398376465,7.125787734985352,0.0050932979211211205
48.290000915527344,-31.013534545898438,20.17091178894043,7.25583028793335,0.005616663955152035
48.29999923706055,-31.339284896850586,17.63951873779297,7.382666110992432,0.005756148602813482
48.310001373291016,-32.521934509277344,15.422745704650879,7.50994873046875,0.006524069234728813
48.31999969482422,-33.60810089111328,14.410396575927734,7.6357808113098145,0.006802720949053764
48.33000183105469,-34.31180191040039,13.077651023864746,7.762561321258545,0.007186840754002333
48.34000015258789,-34.93515396118164,8.548055648803711,7.889092445373535,0.008094404824078083
48.349998474121094,-35.45922088623047,6.329930305480957,8.006757736206055,0.008756858296692371
48.36000061035156,-35.63983917236328,3.8392467498779297,8.13051986694336,0.008895865641534328
48.369998931884766,-35.867431640625,1.6781648397445679,8.255599021911621,0.008511428721249104
48.380001068115234,-35.812660217285156,-0.5197818875312805,8.368661880493164,0.008757096715271473
48.38999938964844,-35.15367889404297,-3.2660880088806152,8.48983383178711,0.008895865641534328
48.400001525878906,-35.048866271972656,-5.81693172454834,8.60212516784668,0.00928054191172123
48.40999984741211,-34.94404983520508,-9.15328311920166,8.717120170593262,0.0094191525131464
48.41999816894531,-33.88270950317383,-11.57923412322998,8.824577331542969,0.0094191525131464
48.43000030517578,-32.44208526611328,-13.78946304321289,8.933375358581543,0.0094191525131464
48.439998626708984,-31.203718185424805,-16.533254623413086,9.035996437072754,0.00864916481077671
48.45000076293945,-30.050779342651367,-19.638628005981445,9.137797355651855,0.008372579701244831
48.459999084472656,-28.399211883544922,-21.372190475463867,9.239588737487793,0.007602274417877197
48.470001220703125,-26.19542121887207,-23.672836303710938,9.340276718139648,0.006170311011373997
48.47999954223633,-23.937091827392578,-25.901247024536133,9.43924617767334,0.006526771932840347
48.4900016784668,-21.76189422607422,-27.89803695678711,9.53766918182373,0.005646547768265009
48.5,-19.336437225341797,-30.20167350769043,9.632774353027344,0.004461921285837889
48.5099983215332,-16.087249755859375,-31.088924407958984,9.725922584533691,0.003415189916267991
48.52000045776367,-12.755874633789062,-31.0195369720459,9.81981372833252,0.0019828288350254297
48.529998779296875,-9.632749557495117,-31.541858673095703,9.901619911193848,0.0007984407129697502
48.540000915527344,-6.432011604309082,-32.410011291503906,9.979142189025879,-0.00024829074391163886
48.54999923706055,-2.676319122314453,-32.567359924316406,10.052395820617676,-0.0012950222007930279
48.560001373291016,0.8873053193092346,-33.2327995300293,10.137207984924316,-0.0027277010958641768
48.56999969482422,4.094446182250977,-33.42672348022461,10.21964168548584,-0.004297798499464989
48.58000183105469,7.562076091766357,-33.12717056274414,10.296538352966309,-0.005867895670235157
48.59000015258789,11.069788932800293,-32.104949951171875,10.37575912475586,-0.0066656204871833324
48.599998474121094,14.193286895751953,-30.230703353881836,10.450589179992676,-0.007188986521214247
48.61000061035156,16.603973388671875,-27.790767669677734,10.525156021118164,-0.008485041558742523
48.619998931884766,19.59098243713379,-25.554105758666992,10.593870162963867,-0.009668714366853237
48.630001068115234,22.41579246520996,-23.108745574951172,10.663274765014648,-0.011101949959993362
48.63999938964844,24.952463150024414,-20.45819664001465,10.72977352142334,-0.011898879893124104
48.650001525878906,27.235694885253906,-17.20633888244629,10.795809745788574,-0.012808908708393574
48.65999984741211,29.436756134033203,-12.215558052062988,10.86076545715332,-0.013855640776455402
48.66999816894531,30.7109432220459,-9.077329635620117,10.926178932189941,-0.0141287287697196
48.68000030517578,31.576112747192383,-4.476497650146484,10.98775577545166,-0.015289432369172573
48.689998626708984,31.985525131225586,0.6823776364326477,11.044304847717285,-0.014924625866115093
48.70000076293945,32.090335845947266,5.362945079803467,11.099268913269043,-0.014652014710009098
48.709999084472656,32.12366485595703,8.76577377319336,11.152863502502441,-0.014652014710009098
48.720001220703125,30.76110076904297,13.645648956298828,11.20467472076416,-0.014264795929193497
48.72999954223633,29.056745529174805,17.98302459716797,11.252150535583496,-0.014516026712954044
48.7400016784668,26.66514778137207,22.455556869506836,11.298055648803711,-0.013877258636057377
48.75,23.944734573364258,26.340993881225586,11.339625358581543,-0.013605441898107529
48.7599983215332,21.3449649810791,28.78093147277832,11.372794151306152,-0.012055293656885624
48.77000045776367,18.09577751159668,31.220869064331055,11.411290168762207,-0.011512297205626965
48.779998779296875,14.384686470031738,34.051815032958984,11.45090389251709,-0.010736905038356781
48.790000915527344,10.611437797546387,35.49818801879883,11.480162620544434,-0.008914622478187084
48.79999923706055,6.620982646942139,36.39345932006836,11.51364517211914,-0.007596869952976704
48.810001373291016,2.3236706256866455,37.673648834228516,11.545380592346191,-0.005774269346147776
48.81999969482422,-1.9736416339874268,39.22633743286133,11.570083618164062,-0.004456834401935339
48.83000183105469,-5.675071716308594,39.09762191772461,11.592482566833496,-0.0026339164469391108
48.84000015258789,-9.867413520812988,38.00466537475586,11.617143630981445,-0.0017049721209332347
48.849998474121094,-13.614681243896484,36.45627975463867,11.63965892791748,-0.000016849460735102184
48.86000061035156,-16.783761978149414,34.62822723388672,11.655609130859375,0.001688281656242907
48.869998931884766,-20.334484100341797,32.28706359863281,11.676946640014648,0.00364679004997015
48.880001068115234,-22.954795837402344,29.07077980041504,11.697786331176758,0.00496327131986618
48.88999938964844,-25.656885147094727,26.546743392944336,11.71070384979248,0.00639857305213809
48.900001525878906,-27.866252899169922,24.21771240234375,11.720005989074707,0.00758002046495676
48.90999984741211,-29.6152286529541,21.50648307800293,11.725422859191895,0.008626751601696014
48.91999816894531,-31.29222869873047,18.046010971069336,11.729391098022461,0.009284675121307373
48.93000030517578,-32.96923065185547,15.606072425842285,11.733426094055176,0.0101969288662076
48.939998626708984,-34.113975524902344,12.884536743164062,11.74297046661377,0.011243660002946854
48.95000076293945,-34.905147552490234,9.772013664245605,11.75121021270752,0.011512297205626965
48.959999084472656,-35.65332794189453,6.276503562927246,11.746468544006348,0.011512297205626965
48.970001220703125,-36.39775848388672,2.651384115219116,11.753018379211426,0.01190150249749422
48.97999954223633,-35.97850799560547,-0.12127175182104111,11.746027946472168,0.01242486946284771
48.9900016784668,-35.84618377685547,-4.917961597442627,11.73903751373291,0.012169504538178444
49,-35.029659271240234,-7.8000898361206055,11.735280990600586,0.011256694793701172
49.0099983215332,-33.68991470336914,-10.624406814575195,11.726703643798828,0.011768058873713017
49.02000045776367,-32.095497131347656,-14.428841590881348,11.718337059020996,0.011645980179309845
49.029998779296875,-30.418498992919922,-17.534215927124023,11.711074829101562,0.010732931084930897
49.040000915527344,-27.818336486816406,-20.53105354309082,11.700761795043945,0.010465724393725395
49.04999923706055,-25.198022842407227,-23.1122989654541,11.694491386413574,0.00929619837552309
49.060001373291016,-22.57771110534668,-25.04146957397461,11.686755180358887,0.008116023615002632
49.06999969482422,-19.86990737915039,-26.575828552246094,11.67949390411377,0.006679291371256113
49.08000183105469,-16.916383743286133,-28.35032844543457,11.66841983795166,0.00471911346539855
49.09000015258789,-13.562382698059082,-30.124826431274414,11.656675338745117,0.003405970288440585
49.099998474121094,-10.208383560180664,-31.179487228393555,11.646963119506836,0.0019689996261149645
49.11000061035156,-6.430420398712158,-32.19491195678711,11.6306791305542,0.0003989024553447962
49.119998931884766,-2.414926052093506,-32.654659271240234,11.617368698120117,-0.0019519911147654057
49.130001068115234,1.451509714126587,-31.952131271362305,11.602981567382812,-0.003397386521100998
49.13999938964844,5.224759578704834,-31.841224670410156,11.580314636230469,-0.004444118123501539
49.150001525878906,8.998008728027344,-31.63300323486328,11.559008598327637,-0.0054908497259020805
49.15999984741211,12.163769721984863,-30.196998596191406,11.528694152832031,-0.006928297225385904
49.16999816894531,15.12279224395752,-28.18084144592285,11.512330055236816,-0.00810759887099266
49.18000030517578,18.267166137695312,-26.3347110748291,11.493688583374023,-0.009154330007731915
49.189998626708984,21.411540985107422,-24.67111587524414,11.466012001037598,-0.010201061144471169
49.20000076293945,23.764705657958984,-20.286588668823242,11.43271255493164,-0.010856758803129196
49.209999084472656,26.070581436157227,-16.920812606811523,11.408979415893555,-0.01255346555262804
49.220001220703125,28.126649856567383,-14.354446411132812,11.37363052368164,-0.013082155957818031
49.22999954223633,29.831987380981445,-11.111337661743164,11.339591026306152,-0.013082155957818031
49.2400016784668,31.287109375,-4.707952499389648,11.308608055114746,-0.013473507948219776
49.25,31.496732711791992,-1.269858717918396,11.270734786987305,-0.013605441898107529
49.2599983215332,31.543630599975586,3.8040239810943604,11.226005554199219,-0.013996953144669533
49.27000045776367,30.974693298339844,8.566716194152832,11.181304931640625,-0.014911908656358719
49.279998779296875,29.991416931152344,12.910408973693848,11.1393404006958,-0.014391961507499218
49.290000915527344,29.04156494140625,17.638792037963867,11.09856128692627,-0.01334522943943739
49.29999923706055,26.735689163208008,20.522354125976562,11.054192543029785,-0.013865813612937927
49.310001373291016,24.076631546020508,24.90079116821289,11.005252838134766,-0.013344911858439445
49.31999969482422,21.542984008789062,28.140575408935547,10.957023620605469,-0.013082155957818031
49.33000183105469,18.896160125732422,30.511253356933594,10.903804779052734,-0.012298021465539932
49.34000015258789,15.826826095581055,33.014198303222656,10.847679138183594,-0.011251290328800678
49.349998474121094,12.577638626098633,35.89775848388672,10.79058837890625,-0.010596784763038158
49.36000061035156,9.137993812561035,36.46371841430664,10.733574867248535,-0.009681113064289093
49.369998931884766,5.46690559387207,37.3205451965332,10.677572250366211,-0.008241997100412846
49.380001068115234,1.6936566829681396,37.596946716308594,10.61582088470459,-0.006279435008764267
49.38999938964844,-2.0795929431915283,37.16691589355469,10.55518913269043,-0.004185971803963184
49.400001525878906,-5.852842330932617,38.05416488647461,10.487205505371094,-0.00287775625474751
49.40999984741211,-9.421769142150879,37.968505859375,10.421448707580566,-0.0010456187883391976
49.41999816894531,-12.44155502319336,37.19993591308594,10.356202125549316,-0.00013050364213995636
49.43000030517578,-15.165050506591797,35.80757141113281,10.28311538696289,0.0011785862734541297
49.439998626708984,-17.87161636352539,33.78968811035156,10.208191871643066,0.0019628002773970366
49.45000076293945,-20.776397705078125,31.13246726989746,10.13437271118164,0.0032722081523388624
49.459999084472656,-22.977458953857422,28.581623077392578,10.05754280090332,0.004449204541742802
49.470001220703125,-25.263145446777344,27.015762329101562,9.983304977416992,0.005495936144143343
49.47999954223633,-27.147945404052734,25.748538970947266,9.911150932312012,0.005756148602813482
49.4900016784668,-28.720130920410156,24.037710189819336,9.831085205078125,0.006542826537042856
49.5,-30.24746322631836,21.39969253540039,9.745015144348145,0.007196139544248581
49.5099983215332,-31.400400161743164,18.959754943847656,9.657365798950195,0.007719505578279495
49.52000045776367,-32.91956329345703,17.101093292236328,9.562140464782715,0.008242870680987835
49.529998779296875,-34.02214431762695,14.048833847045898,9.467262268066406,0.00876623671501875
49.540000915527344,-34.86064529418945,10.909337997436523,9.370176315307617,0.009289602749049664
49.54999923706055,-35.51768493652344,8.576004981994629,9.271270751953125,0.0094191525131464
49.560001373291016,-35.30805587768555,5.692442893981934,9.173602104187012,0.0094191525131464
49.56999969482422,-36.378787994384766,4.68474817276001,9.079178810119629,0.0094191525131464
49.58000183105469,-36.64350128173828,1.839443325996399,8.973153114318848,0.009025097824633121
49.59000015258789,-36.29094314575195,-1.1913081407546997,8.869344711303711,0.008895865641534328
49.599998474121094,-35.83761978149414,-3.5468759536743164,8.760417938232422,0.009290079586207867
49.61000061035156,-35.93756103515625,-5.987457752227783,8.64991283416748,0.008630567230284214
49.619998931884766,-35.20387268066406,-8.538300514221191,8.541072845458984,0.008372579701244831
49.630001068115234,-34.6320915222168,-10.832171440124512,8.437880516052246,0.008767031133174896
49.63999938964844,-33.59969711303711,-12.990530967712402,8.325334548950195,0.008501335047185421
49.650001525878906,-32.2603645324707,-14.962259292602539,8.206184387207031,0.00758335879072547
49.65999984741211,-31.189617156982422,-16.681711196899414,8.090901374816895,0.006931317038834095
49.66999816894531,-29.827054977416992,-19.12164878845215,7.975372791290283,0.006407951470464468
49.68000030517578,-28.025074005126953,-22.119544982910156,7.858184814453125,0.005489736795425415
49.689998626708984,-26.328689575195312,-24.41971206665039,7.74088191986084,0.005232862196862698
49.70000076293945,-24.639671325683594,-25.534883499145508,7.619165420532227,0.0048378542996943
49.709999084472656,-22.781993865966797,-25.703351974487305,7.4992499351501465,0.004314488731324673
49.720001220703125,-21.10499382019043,-26.923322677612305,7.388514518737793,0.0033959560096263885
49.72999954223633,-19.33317756652832,-29.046249389648438,7.271191120147705,0.0027444709558039904
49.7400016784668,-16.847902297973633,-30.892194747924805,7.143122673034668,0.0014304534997791052
49.75,-14.660233497619629,-31.584917068481445,7.020653247833252,0.0014419779181480408
49.7599983215332,-13.19063949584961,-31.347497940063477,6.887057781219482,0.00038340414175763726
49.77000045776367,-11.304015159606934,-32.34565353393555,6.761225700378418,0
49.779998779296875,-9.112143516540527,-31.728843688964844,6.631915092468262,-0.00039564381586387753
49.790000915527344,-7.065638542175293,-32.12643814086914,6.496003150939941,-0.0013147328281775117
49.79999923706055,-4.968584060668945,-32.5675048828125,6.361755847930908,-0.0015698587521910667
49.810001373291016,-2.8808772563934326,-32.918304443359375,6.223873138427734,-0.0015698587521910667
49.81999969482422,-1.0990649461746216,-33.85505676269531,6.083400726318359,-0.0019658205565065145
49.83000183105469,0.6827471852302551,-33.18961715698242,5.943272113800049,-0.0020931449253112078
49.84000015258789,3.1382505893707275,-32.88060760498047,5.80503511428833,-0.002885386347770691
49.849998474121094,4.922183990478516,-32.78522491455078,5.659564018249512,-0.0031397175043821335
49.86000061035156,6.180934906005859,-32.859867095947266,5.511256694793701,-0.003932276740670204
49.869998931884766,7.680714130401611,-32.96738815307617,5.365055084228516,-0.0037899308372288942
49.880001068115234,9.462526321411133,-32.08013916015625,5.216172695159912,-0.0036630036775022745
49.88999938964844,10.69747543334961,-31.482219696044922,5.067850589752197,-0.004059521947056055
49.900001525878906,12.183782577514648,-31.562641143798828,4.924873352050781,-0.004582887515425682
49.90999984741211,13.607559204101562,-31.113113403320312,4.777560234069824,-0.0047095762565732
49.91999816894531,14.602481842041016,-29.563791275024414,4.624937534332275,-0.0047095762565732
49.93000030517578,15.336169242858887,-29.120166778564453,4.476727485656738,-0.003915904089808464
49.939998626708984,16.658313751220703,-28.365205764770508,4.33123779296875,-0.0036630036775022745
49.95000076293945,17.726449966430664,-27.7446346282959,4.179987907409668,-0.004853988531976938
49.959999084472656,18.522354125976562,-26.722164154052734,4.030580520629883,-0.004041639156639576
49.970001220703125,19.225229263305664,-25.691486358642578,3.874455451965332,-0.004854465369135141
49.97999954223633,20.169326782226562,-26.352354049682617,3.725222587585449,-0.005630095489323139
49.9900016784668,21.53188705444336,-24.577852249145508,3.5728275775909424,-0.00496152276173234
50,22.250139236450195,-23.39990234375,3.4181478023529053,-0.0047095762565732
50.0099983215332,22.88633918762207,-22.342418670654297,3.2651140689849854,-0.0047095762565732
50.02000045776367,23.43043327331543,-21.63458824157715,3.108879566192627,-0.005107127130031586
50.029998779296875,23.58514976501465,-21.77342414855957,2.9499106407165527,-0.004039969760924578
50.040000915527344,24.423648834228516,-20.7752685546875,2.791067600250244,-0.0036630036775022745
50.04999923706055,24.99973487854004,-20.887794494628906,2.6361899375915527,-0.004060793202370405
50.060001373291016,25.334793090820312,-19.82056427001953,2.482252836227417,-0.003390551544725895
50.06999969482422,25.582948684692383,-18.27273941040039,2.330251693725586,-0.0035376660525798798
50.08000183105469,25.89738655090332,-17.496395111083984,2.175288438796997,-0.0028669473249465227
50.09000015258789,26.211824417114258,-16.72005271911621,2.0119338035583496,-0.002616431098431349
50.099998474121094,26.24304962158203,-16.54306411743164,1.8464876413345337,-0.0022182438988238573
50.11000061035156,26.802520751953125,-16.580156326293945,1.6844841241836548,-0.0028896783478558064
50.119998931884766,27.595556259155273,-16.73917007446289,1.5287126302719116,-0.0019446791848167777
50.130001068115234,28.119304656982422,-16.87212371826172,1.3661004304885864,-0.0015698587521910667
50.13999938964844,27.804866790771484,-16.650312423706055,1.2000199556350708,-0.002366868779063225
50.150001525878906,27.591766357421875,-15.785130500793457,1.0308808088302612,-0.002217846689745784
50.15999984741211,27.074674606323242,-15.711235046386719,0.8721814751625061,-0.0024918089620769024
50.16999816894531,27.179351806640625,-15.045963287353516,0.7055702805519104,-0.0014202006859704852
50.18000030517578,27.822364807128906,-14.172927856445312,0.5423734188079834,-0.0010465724626556039
50.189998626708984,27.923721313476562,-15.167426109313965,0.3824862241744995,-0.0010465724626556039
50.20000076293945,27.923721313476562,-16.054676055908203,0.2198227494955063,-0.0006475905538536608
50.209999084472656,28.091320037841797,-15.877875328063965,0.06051669642329216,-0.0005232862313278019
50.220001220703125,27.944971084594727,-15.748141288757324,-0.10506316274404526,-0.0009224271052516997
50.22999954223633,27.700016021728516,-16.154132843017578,-0.2695246934890747,-0.0002481317787896842
50.2400016784668,27.711328506469727,-16.998388290405273,-0.435707688331604,-0.00039929980994202197
50.25,26.872827529907227,-16.443857192993164,-0.5999593734741211,-0.0001239069242728874
50.2599983215332,27.032373428344727,-17.137409210205078,-0.7541936039924622,0.00039945877506397665
50.27000045776367,27.21428871154785,-18.164886474609375,-0.9085556864738464,0.0005232862313278019
50.279998779296875,27.151935577392578,-19.05284309387207,-1.0719376802444458,0.00012366849114187062
50.290000915527344,26.768211364746094,-19.55238914489746,-1.2385488748550415,0.00039969722274690866
50.29999923706055,26.034523010253906,-19.774200439453125,-1.4012048244476318,0.0009230629075318575
50.310001373291016,25.88681983947754,-19.47930335998535,-1.5581666231155396,0.0006467162747867405
50.31999969482422,25.196456909179688,-19.843629837036133,-1.7201173305511475,0.0005232862313278019
50.33000183105469,24.496763229370117,-20.818408966064453,-1.881858229637146,0.00092330138431862
50.34000015258789,24.00475311279297,-22.020963668823242,-2.0430877208709717,0.0014466671273112297
50.349998474121094,23.27106475830078,-22.797306060791016,-2.207282543182373,0.0015698587521910667
50.36000061035156,22.746570587158203,-23.46297264099121,-2.3703742027282715,0.0007693515508435667
50.369998931884766,22.14238166809082,-24.128408432006836,-2.53232479095459,0.0009236192563548684
50.380001068115234,21.34653663635254,-25.264986038208008,-2.6796185970306396,0.001446985057555139
50.38999938964844,20.46559715270996,-26.4876766204834,-2.8317506313323975,0.0015698587521910667
50.400001525878906,19.698328018188477,-26.9241943359375,-2.9893991947174072,0.001970430137589574
50.40999984741211,18.440576553344727,-27.256914138793945,-3.148796319961548,0.0024937959387898445
50.41999816894531,17.531063079833984,-27.589632034301758,-3.3022572994232178,0.002616431098431349
50.43000030517578,16.629974365234375,-28.38594627380371,-3.45699405670166,0.00221562129445374
50.439998626708984,15.762901306152344,-29.45467185974121,-3.6116068363189697,0.0016922556096687913
50.45000076293945,14.974617958068848,-30.33728790283203,-3.765401840209961,0.0023717964068055153
50.459999084472656,13.821681022644043,-30.44819450378418,-3.919196844100952,0.002616431098431349
50.470001220703125,12.668743133544922,-30.85746955871582,-4.070709705352783,0.002616431098431349
50.47999954223633,11.237720489501953,-31.22753143310547,-4.217300891876221,0.0018140166066586971
50.4900016784668,9.530378341674805,-31.893945693969727,-4.3628435134887695,0.0019711453933268785
50.5,7.7466607093811035,-32.71989059448242,-4.5112080574035645,0.0016917786560952663
50.5099983215332,6.384099006652832,-32.38717269897461,-4.6573662757873535,0.0015698587521910667
50.52000045776367,4.113220691680908,-33.01557922363281,-4.803668022155762,0.00197138381190598
50.529998779296875,2.495431900024414,-33.84281539916992,-4.9547038078308105,0.0012899355497211218
50.540000915527344,0.6650134325027466,-34.06998825073242,-5.097188472747803,0.0010465724626556039
50.54999923706055,-1.448263168334961,-33.50990676879883,-5.234186172485352,0.0010465724626556039
50.560001373291016,-3.0387144088745117,-32.6741943359375,-5.380908489227295,0.0006447292980737984
50.56999969482422,-5.239776611328125,-33.56144332885742,-5.520721912384033,0.0001213636205648072
50.58000183105469,-7.107293128967285,-34.09575653076172,-5.667236804962158,0.0008040042011998594
50.59000015258789,-9.006937980651855,-33.79127883911133,-5.803491592407227,0.00024240932543762028
50.599998474121094,-11.067268371582031,-32.794681549072266,-5.9386444091796875,-0.0004021610366180539
50.61000061035156,-13.228425025939941,-31.585269927978516,-6.078453540802002,-0.0009255267796106637
50.619998931884766,-15.010236740112305,-30.476205825805664,-6.218563079833984,-0.001851212466135621
50.630001068115234,-17.24364471435547,-30.70512580871582,-6.358376502990723,-0.0024955442640930414
50.63999938964844,-19.351972579956055,-28.849395751953125,-6.493716716766357,-0.0038238679990172386
50.650001525878906,-21.260652542114258,-27.25315284729004,-6.629274368286133,-0.0045888484455645084
50.65999984741211,-23.00864601135254,-27.764667510986328,-6.760540008544922,-0.0051122140139341354
50.66999816894531,-24.580833435058594,-26.322887420654297,-6.887491703033447,-0.0056355795823037624
50.68000030517578,-26.347524642944336,-24.3665771484375,-7.012167930603027,-0.006158945616334677
50.689998626708984,-27.83820915222168,-21.908185958862305,-7.1339192390441895,-0.007085187826305628
50.70000076293945,-29.249082565307617,-19.757640838623047,-7.259335041046143,-0.006923051550984383
50.709999084472656,-30.644933700561523,-18.053586959838867,-7.384145736694336,-0.007608791813254356
50.720001220703125,-31.79787254333496,-15.835461616516113,-7.5022358894348145,-0.007849293760955334
50.72999954223633,-32.84662628173828,-14.27878475189209,-7.61644983291626,-0.008252487517893314
50.7400016784668,-33.81503677368164,-12.979143142700195,-7.72480583190918,-0.009582401253283024
50.75,-34.75834655761719,-11.408438682556152,-7.834263801574707,-0.009942438453435898
50.7599983215332,-35.51701736450195,-9.164836883544922,-7.96237850189209,-0.01034587062895298
50.77000045776367,-35.82514953613281,-6.112826824188232,-8.0718994140625,-0.011272748932242393
50.779998779296875,-36.03477478027344,-3.894702196121216,-8.179207801818848,-0.011512297205626965
50.790000915527344,-35.89781188964844,-0.8514200448989868,-8.289529800415039,-0.01110862661153078
50.79999923706055,-35.81254196166992,2.299069404602051,-8.397268295288086,-0.01220026332885027
50.810001373291016,-35.5485954284668,4.446872234344482,-8.499855995178223,-0.012155039235949516
50.81999969482422,-34.920799255371094,5.282669544219971,-8.60379695892334,-0.012035583145916462
50.83000183105469,-35.025611877441406,8.831668853759766,-8.707063674926758,-0.012035583145916462
50.84000015258789,-34.10105514526367,12.974787712097168,-8.813268661499023,-0.012035583145916462
50.849998474121094,-32.983821868896484,15.434174537658691,-8.912874221801758,-0.012439731508493423
50.86000061035156,-32.054080963134766,16.892393112182617,-9.005472183227539,-0.011346187442541122
50.869998931884766,-31.284021377563477,18.45802879333496,-9.100811958312988,-0.011393317952752113
50.880001068115234,-29.921459197998047,21.00887107849121,-9.19643497467041,-0.011107911355793476
50.88999938964844,-27.955827713012695,23.985136032104492,-9.289015769958496,-0.010180079378187656
50.900001525878906,-26.04043197631836,26.496828079223633,-9.383100509643555,-0.010751529596745968
50.90999984741211,-23.844377517700195,28.33473014831543,-9.471866607666016,-0.009775136597454548
50.91999816894531,-21.464384078979492,29.808990478515625,-9.554349899291992,-0.009014447219669819
50.93000030517578,-19.45189666748047,31.69439697265625,-9.637153625488281,-0.00808629859238863
50.939998626708984,-16.621957778930664,33.579803466796875,-9.725822448730469,-0.007039566989988089
50.95000076293945,-13.460123062133789,35.377410888671875,-9.805429458618164,-0.006397778168320656
50.959999084472656,-10.210936546325684,36.90428924560547,-9.892812728881836,-0.005874412599951029
50.970001220703125,-6.893681049346924,38.01908493041992,-9.966306686401367,-0.004540843423455954
50.97999954223633,-3.3966126441955566,38.52260208129883,-10.036422729492188,-0.0037811086513102055
50.9900016784668,0.48144909739494324,37.41353988647461,-10.110465049743652,-0.002041960833594203
51,4.1796979904174805,37.350948333740234,-10.173370361328125,-0.001164518529549241
51.0099983215332,8.109881401062012,36.70020294189453,-10.2357759475708,0.000980525859631598
51.02000045776367,11.78790283203125,35.11430740356445,-10.299540519714355,0.0019753577653318644
51.029998779296875,14.843960762023926,32.837642669677734,-10.365979194641113,0.0029043022077530622
51.040000915527344,17.98833465576172,30.841331481933594,-10.427037239074707,0.00435669207945466
51.04999923706055,20.74535369873047,29.459835052490234,-10.482802391052246,0.005926789250224829
51.060001373291016,23.398107528686523,26.827157974243164,-10.539965629577637,0.006279435008764267
51.06999969482422,26.066320419311523,23.20540428161621,-10.59615421295166,0.007903020828962326
51.08000183105469,28.533723831176758,19.07708168029785,-10.646677017211914,0.008778555318713188
51.09000015258789,30.10590934753418,14.862645149230957,-10.695691108703613,0.009301921352744102
51.099998474121094,31.055469512939453,12.954110145568848,-10.74519157409668,0.01063755713403225
51.11000061035156,31.60227394104004,7.124831199645996,-10.790340423583984,0.011395225301384926
51.119998931884766,31.747364044189453,1.9994957447052002,-10.833697319030762,0.011512297205626965
51.130001068115234,31.55146598815918,-1.9059748649597168,-10.874817848205566,0.011918670497834682
51.13999938964844,31.079191207885742,-7.12349271774292,-10.92375659942627,0.011629130691289902
51.150001525878906,29.716629028320312,-10.561586380004883,-10.961039543151855,0.011105764657258987
51.15999984741211,27.83666229248047,-14.82090950012207,-10.998323440551758,0.011395622976124287
51.16999816894531,25.78346061706543,-18.407543182373047,-11.03446102142334,0.011105606332421303
51.18000030517578,23.50074005126953,-21.599323272705078,-11.065154075622559,0.010582240298390388
51.189998626708984,20.777835845947266,-24.863357543945312,-11.09646987915039,0.009652024134993553
51.20000076293945,17.31902313232422,-26.083328247070312,-11.138501167297363,0.009012222290039062
51.209999084472656,14.978212356567383,-29.373544692993164,-11.16299057006836,0.008895865641534328
51.220001220703125,11.746700286865234,-30.451061248779297,-11.184144973754883,0.007267510984092951
51.22999954223633,8.017677307128906,-31.352399826049805,-11.210159301757812,0.006395552773028612
51.2400016784668,4.270213603973389,-33.2278938293457,-11.231698989868164,0.006279435008764267
51.25,0.1825263649225235,-32.673362731933594,-11.247220039367676,0.004650126211345196
51.2599983215332,-3.1043670177459717,-32.86026382446289,-11.261792182922363,0.0037788832560181618
51.27000045776367,-6.88295841217041,-32.52189254760742,-11.278522491455078,0.0020330592524260283
51.279998779296875,-10.354241371154785,-31.91322898864746,-11.29576587677002,0.00034716195659711957
51.290000915527344,-13.582571983337402,-31.050106048583984,-11.31131649017334,-0.0008152901427820325
51.29999923706055,-17.64362907409668,-29.591886520385742,-11.324204444885254,-0.003085195319727063
51.310001373291016,-20.473567962646484,-27.373762130737305,-11.329986572265625,-0.00447861198335886
51.31999969482422,-23.055818557739258,-25.85453224182129,-11.338433265686035,-0.006341109983623028
51.33000183105469,-25.455135345458984,-23.908966064453125,-11.342780113220215,-0.008026610128581524
51.34000015258789,-27.727388381958008,-21.64691162109375,-11.344921112060547,-0.009188665077090263
51.349998474121094,-29.882692337036133,-19.64529800415039,-11.344986915588379,-0.010643518529832363
51.36000061035156,-31.5596923828125,-16.429018020629883,-11.34731674194336,-0.010580809786915779
51.369998931884766,-32.78921890258789,-12.644554138183594,-11.342829704284668,-0.01128228660672903
51.380001068115234,-33.74708557128906,-8.831640243530273,-11.33924388885498,-0.012329017743468285
51.38999938964844,-34.50447463989258,-5.704508304595947,-11.330686569213867,-0.013375748880207539
51.400001525878906,-35.11726760864258,-3.44411563873291,-11.325167655944824,-0.014013961888849735
51.40999984741211,-35.64133071899414,-0.3387409448623657,-11.315174102783203,-0.0141287287697196
51.41999816894531,-35.49040603637695,4.2971272468566895,-11.306830406188965,-0.0141287287697196
51.43000030517578,-34.77708435058594,8.076272010803223,-11.29907512664795,-0.014946243725717068
51.439998626708984,-33.97623062133789,10.850736618041992,-11.293028831481934,-0.013948788866400719
51.45000076293945,-33.27830505371094,13.128438949584961,-11.283238410949707,-0.014423275366425514
51.459999084472656,-32.33499526977539,16.012001037597656,-11.271574020385742,-0.013425026088953018
51.470001220703125,-30.668167114257812,18.67682647705078,-11.260183334350586,-0.013491231016814709
51.47999954223633,-28.912277221679688,22.089859008789062,-11.248024940490723,-0.012377976439893246
51.4900016784668,-27.40256118774414,25.058767318725586,-11.237523078918457,-0.011626348830759525
51.5,-25.575775146484375,27.356107711791992,-11.223711967468262,-0.011512297205626965
51.5099983215332,-22.37590217590332,29.58003044128418,-11.206320762634277,-0.010284116491675377
51.52000045776367,-20.07002830505371,31.909061431884766,-11.18638801574707,-0.008714019320905209
51.529998779296875,-17.163400650024414,32.69430160522461,-11.17065715789795,-0.007553474511951208
51.540000915527344,-13.75572681427002,34.1117057800293,-11.150935173034668,-0.006916375365108252
51.54999923706055,-10.087289810180664,35.94573974609375,-11.132113456726074,-0.00557358656078577
51.560001373291016,-6.443676948547363,37.14528274536133,-11.104150772094727,-0.004003489390015602
51.56999969482422,-2.9848647117614746,37.36709213256836,-11.085193634033203,-0.002843262627720833
51.58000183105469,1.0304728746414185,36.4111442565918,-11.060169219970703,-0.002206481294706464
51.59000015258789,5.18644380569458,35.663352966308594,-11.034536361694336,-0.0008630566881038249
51.599998474121094,9.203686714172363,35.062461853027344,-11.004203796386719,0.001117149367928505
51.61000061035156,12.744804382324219,34.13092803955078,-10.97889232635498,0.0023902354296296835
51.619998931884766,15.26030445098877,32.02370834350586,-10.953142166137695,0.0038472346495836973
51.630001068115234,18.672983169555664,29.49456024169922,-10.92785358428955,0.00500698434188962
51.63999938964844,22.207012176513672,26.227407455444336,-10.892999649047852,0.005643289070576429
51.650001525878906,25.21242332458496,22.571014404296875,-10.849164009094238,0.0073981741443276405
51.65999984741211,27.439170837402344,18.911418914794922,-10.812823295593262,0.008670465089380741
51.66999816894531,29.112558364868164,15.576584815979004,-10.7789306640625,0.009717196226119995
51.68000030517578,30.579933166503906,11.805771827697754,-10.73715591430664,0.01035318337380886
51.689998626708984,31.800859451293945,7.0787811279296875,-10.69409465789795,0.010876549407839775
51.70000076293945,32.665401458740234,2.4541966915130615,-10.645279884338379,0.010578107088804245
51.709999084472656,32.92897415161133,-1.4494658708572388,-10.59984016418457,0.011287691071629524
51.720001220703125,32.35247802734375,-4.619634628295898,-10.553018569946289,0.010690171271562576
51.72999954223633,31.199539184570312,-9.721321105957031,-10.49942398071289,0.010465724393725395
51.7400016784668,29.95751953125,-11.618136405944824,-10.445901870727539,0.010876946151256561
51.75,28.441322326660156,-15.820478439331055,-10.393436431884766,0.010166408494114876
51.7599983215332,26.403047561645508,-20.280292510986328,-10.337512016296387,0.009942438453435898
51.77000045776367,23.829750061035156,-22.541933059692383,-10.280471801757812,0.00953097827732563
51.779998779296875,21.523874282836914,-26.312746047973633,-10.221274375915527,0.0094191525131464
51.790000915527344,18.92995834350586,-28.254819869995117,-10.161853790283203,0.008595914579927921
51.79999923706055,16.238101959228516,-29.499391555786133,-10.103362083435059,0.007137484382838011
51.810001373291016,13.37175464630127,-30.646982192993164,-10.039033889770508,0.006802720949053764
51.81999969482422,10.35479736328125,-31.930021286010742,-9.967788696289062,0.005979006178677082
51.83000183105469,7.420047760009766,-33.03908157348633,-9.895130157470703,0.0053442115895450115
51.84000015258789,3.86761736869812,-33.167755126953125,-9.81948471069336,0.004408829379826784
51.849998474121094,0.5394229292869568,-33.61082077026367,-9.743281364440918,0.00336209824308753
51.86000061035156,-2.8717844486236572,-33.70817947387695,-9.667598724365234,0.0023153668735176325
51.869998931884766,-6.1991143226623535,-33.21918487548828,-9.587227821350098,0.0008563805022276938
51.880001068115234,-8.939438819885254,-32.33193588256836,-9.501740455627441,0.0005232862313278019
51.88999938964844,-11.979001998901367,-31.44468879699707,-9.416266441345215,-0.0003015412949025631
51.900001525878906,-14.591517448425293,-30.64781379699707,-9.33362102508545,-0.0017607660265639424
51.90999984741211,-17.28983497619629,-29.935951232910156,-9.24966812133789,-0.0025057175662368536
51.91999816894531,-20.083303451538086,-28.84602928161621,-9.14961051940918,-0.0034417356364428997
51.93000030517578,-22.652435302734375,-26.947925567626953,-9.056652069091797,-0.004488467238843441
51.939998626708984,-24.014999389648438,-24.95161247253418,-8.966214179992676,-0.005535198375582695
51.95000076293945,-25.839269638061523,-23.34614372253418,-8.883471488952637,-0.006581929977983236
51.959999084472656,-27.454408645629883,-21.86527442932129,-8.779776573181152,-0.007215691264718771
51.970001220703125,-28.965185165405273,-20.05609130859375,-8.687124252319336,-0.008565155789256096
51.97999954223633,-30.499509811401367,-17.887319564819336,-8.585698127746582,-0.008895865641534328
51.9900016784668,-31.862070083618164,-16.445539474487305,-8.486109733581543,-0.009309074841439724
52,-32.7282600402832,-13.533112525939941,-8.387993812561035,-0.009832439944148064
52.0099983215332,-33.791175842285156,-10.30118465423584,-8.283269882202148,-0.010769173502922058
52.02000045776367,-34.692440032958984,-7.985951900482178,-8.180054664611816,-0.010989011265337467
52.029998779296875,-35.32131576538086,-6.574406147003174,-8.075757026672363,-0.009748431853950024
52.040000915527344,-35.93903350830078,-4.564815521240234,-7.96973180770874,-0.0094191525131464
52.04999923706055,-35.729408264160156,-1.5703469514846802,-7.861878871917725,-0.009832837618887424
52.060001373291016,-35.84672927856445,1.5106106996536255,-7.754548072814941,-0.01076996885240078
52.06999969482422,-35.94182205200195,3.2828660011291504,-7.651144504547119,-0.009747478179633617
52.08000183105469,-35.909027099609375,4.364747524261475,-7.542577266693115,-0.009833076037466526
52.09000015258789,-35.77090835571289,6.466791152954102,-7.42249059677124,-0.01035644207149744
52.099998474121094,-35.24684524536133,9.793978691101074,-7.306613445281982,-0.009637558832764626
52.11000061035156,-34.63411331176758,12.652042388916016,-7.193785667419434,-0.009004989638924599
52.119998931884766,-33.941036224365234,13.386741638183594,-7.071909427642822,-0.009724349714815617
52.130001068115234,-33.286808013916016,13.883191108703613,-6.946648597717285,-0.00911379512399435
52.13999938964844,-32.76274490356445,16.05287742614746,-6.826327800750732,-0.008067064918577671
52.150001525878906,-32.238685607910156,17.938283920288086,-6.6993303298950195,-0.007849293760955334
52.15999984741211,-30.854206085205078,19.115568161010742,-6.574644565582275,-0.007849293760955334
52.16999816894531,-30.0981502532959,19.998828887939453,-6.448883533477783,-0.008678571321070194
52.18000030517578,-29.2122802734375,21.36766815185547,-6.322019577026367,-0.007236991077661514
52.189998626708984,-27.922439575195312,23.216583251953125,-6.1959919929504395,-0.006802720949053764
52.20000076293945,-27.29356575012207,24.10383415222168,-6.061079025268555,-0.006802720949053764
52.209999084472656,-26.049484252929688,24.88258934020996,-5.928672790527344,-0.006387764122337103
52.220001220703125,-24.947864532470703,25.989343643188477,-5.795042991638184,-0.005864398553967476
52.22999954223633,-24.006927490234375,27.71970558166504,-5.660612106323242,-0.005756148602813482
52.2400016784668,-22.93543243408203,29.537200927734375,-5.52596378326416,-0.005340952891856432
52.25,-21.291013717651367,30.283994674682617,-5.387218475341797,-0.005232862196862698
52.2599983215332,-20.347702026367188,30.394901275634766,-5.252053260803223,-0.005232862196862698
52.27000045776367,-18.894407272338867,31.495132446289062,-5.123631000518799,-0.004401994403451681
52.279998779296875,-17.745908737182617,33.59455871582031,-4.98900842666626,-0.004601803608238697
52.290000915527344,-16.69106674194336,35.18801498413086,-4.846864700317383,-0.0038783904165029526
52.29999923706055,-15.212104797363281,34.75665283203125,-4.704720497131348,-0.0036630036775022745
52.310001373291016,-13.639917373657227,34.42393493652344,-4.56189489364624,-0.0032472519669681787
52.31999969482422,-12.803165435791016,35.939422607421875,-4.417745590209961,-0.0023080548271536827
52.33000183105469,-11.73218059539795,36.35767364501953,-4.281452655792236,-0.0033408773597329855
52.34000015258789,-10.345462799072266,36.297889709472656,-4.133608341217041,-0.0028310229536145926
52.349998474121094,-8.884391784667969,36.61101150512695,-3.9891340732574463,-0.002616431098431349
52.36000061035156,-7.941079616546631,36.83282470703125,-3.8400802612304688,-0.0017841326771304011
52.369998931884766,-6.701181411743164,36.95002746582031,-3.696361541748047,-0.0015698587521910667
52.380001068115234,-5.889782905578613,37.533233642578125,-3.5479462146759033,-0.0019861669279634953
52.38999938964844,-5.161064147949219,38.25675582885742,-3.4016897678375244,-0.0016767572378739715
52.400001525878906,-4.220756530761719,38.3835563659668,-3.2524609565734863,-0.0015698587521910667
52.40999984741211,-2.967916488647461,36.857887268066406,-3.102997064590454,-0.0011533120414242148
52.41999816894531,-2.23422908782959,38.188758850097656,-2.9530889987945557,-0.000629946356639266
52.43000030517578,-1.744515061378479,36.85200500488281,-2.8006539344787598,-0.0009399918490089476
52.439998626708984,-0.8704295754432678,36.609745025634766,-2.6507585048675537,-0.0010465724626556039
52.45000076293945,0.12824469804763794,37.015403747558594,-2.504542112350464,-0.0014634371036663651
52.459999084472656,0.5633235573768616,35.54442596435547,-2.3578505516052246,-0.0007359706214629114
52.470001220703125,1.192198395729065,36.43167495727539,-2.2066311836242676,-0.000940309779252857
52.47999954223633,1.9093303680419922,36.478431701660156,-2.049701452255249,-0.0010465724626556039
52.4900016784668,2.260296106338501,36.435020446777344,-1.890905499458313,-0.0010465724626556039
52.5,2.6796441078186035,36.435020446777344,-1.733235478401184,-0.0010465724626556039
52.5099983215332,3.578415632247925,36.48215103149414,-1.5796031951904297,-0.0006292310426943004
52.52000045776367,4.2072906494140625,36.81486892700195,-1.4175715446472168,-0.0013581281527876854
52.529998779296875,4.074650287628174,36.64397048950195,-1.2629835605621338,-0.0015698587521910667
52.540000915527344,4.289341926574707,36.197662353515625,-1.112434983253479,-0.0019874386489391327
52.54999923706055,4.801090717315674,36.083580017089844,-0.952814519405365,-0.001257826224900782
52.560001373291016,5.2121710777282715,36.48111343383789,-0.7988658547401428,-0.0010465724626556039
52.56999969482422,4.79292106628418,36.70292282104492,-0.6429259181022644,-0.0014643907779827714
52.58000183105469,5.292768478393555,37.78921127319336,-0.491853803396225,-0.0015698587521910667
52.59000015258789,5.4285712242126465,38.15877151489258,-0.3377593755722046,-0.0011518814135342836
52.599998474121094,5.2690253257751465,37.875762939453125,-0.179252028465271,-0.001882685930468142
52.61000061035156,4.8971638679504395,37.33184814453125,-0.022106410935521126,-0.0020931449253112078
52.619998931884766,4.407037258148193,37.141456604003906,0.1378340721130371,-0.001674929284490645
52.630001068115234,4.721474647521973,37.695987701416016,0.292071670293808,-0.0028247442096471786
52.63999938964844,4.274652004241943,37.71350860595703,0.441206157207489,-0.0023029681760817766
52.650001525878906,3.9463493824005127,38.36591339111328,0.5978472232818604,-0.002511599101126194
52.65999984741211,3.6989588737487793,38.7183952331543,0.7600659132003784,-0.0030349649023264647
52.66999816894531,3.174896478652954,37.588531494140625,0.9183254241943359,-0.0023024913389235735
52.68000030517578,2.650834083557129,38.143062591552734,1.0748423337936401,-0.0020931449253112078
52.689998626708984,2.03525447845459,38.21340560913086,1.2324625253677368,-0.0012556008296087384
52.70000076293945,1.2722855806350708,37.858680725097656,1.3917219638824463,-0.002721978584304452
52.709999084472656,0.3912087678909302,37.52941131591797,1.5520235300064087,-0.0018829244654625654
52.720001220703125,-0.37103354930877686,37.62520980834961,1.7049418687820435,-0.001988869160413742
52.72999954223633,-0.2662210464477539,38.17974090576172,1.8596546649932861,-0.0020931449253112078
52.7400016784668,-1.2443530559539795,37.48419189453125,2.0111398696899414,-0.001254806062206626
52.75,-2.218498468399048,37.56893539428711,2.1637697219848633,-0.0014658214058727026
52.7599983215332,-3.2608296871185303,38.06494903564453,2.3107807636260986,-0.0015698587521910667
52.77000045776367,-4.38872766494751,38.301536560058594,2.4586470127105713,-0.0015698587521910667
52.779998779296875,-5.43685245513916,37.53302764892578,2.6066160202026367,-0.0011503713903948665
52.790000915527344,-6.4849772453308105,38.198463439941406,2.757399797439575,-0.0010465724626556039
52.79999923706055,-7.452190399169922,38.435821533203125,2.9079883098602295,-0.0006269261357374489
52.810001373291016,-8.508386611938477,37.949493408203125,3.0574734210968018,-0.0009430120117031038
52.81999969482422,-9.597379684448242,37.05282974243164,3.199835777282715,-0.0010465724626556039
52.83000183105469,-10.533190727233887,36.48265075683594,3.3460805416107178,-0.0010465724626556039
52.84000015258789,-11.371689796447754,37.14808654785156,3.494401693344116,-0.0006266082637012005
52.849998474121094,-12.825101852416992,36.23334503173828,3.641174554824829,-0.0005232862313278019
52.86000061035156,-14.58741283416748,35.8851432800293,3.7896487712860107,-0.00094340939540416
52.869998931884766,-16.240610122680664,35.48945999145508,3.9370110034942627,-0.000626369786914438
52.880001068115234,-17.411752700805664,34.261512756347656,4.081866264343262,-0.00010300409485353157
52.88999938964844,-18.04062843322754,34.37241744995117,4.2262282371521,0.0008407232235185802
52.900001525878906,-19.332942962646484,32.477577209472656,4.369266033172607,0.0006261313683353364
52.90999984741211,-20.695505142211914,30.965517044067383,4.518001556396484,0.00010276566172251478
52.91999816894531,-21.874719619750977,30.133563995361328,4.658980369567871,0.0008412001188844442
52.93000030517578,-22.967601776123047,29.68779945373535,4.799313068389893,0.0010465724626556039
52.939998626708984,-24.644601821899414,28.800548553466797,4.929825305938721,0.0014673315454274416
52.95000076293945,-25.101085662841797,26.944692611694336,5.062648296356201,0.0019906971137970686
52.959999084472656,-26.44721031188965,25.7131290435791,5.197697639465332,0.0025140629149973392
52.970001220703125,-27.596513748168945,24.882484436035156,5.338107109069824,0.00303742871619761
52.97999954223633,-28.338586807250977,23.648094177246094,5.470181465148926,0.0031397175043821335
52.9900016784668,-29.375225067138672,21.005109786987305,5.596964359283447,0.0035608739126473665
53,-30.108911514282227,21.781452178955078,5.72799015045166,0.004084239713847637
53.0099983215332,-31.263460159301758,19.61862564086914,5.86000919342041,0.004607605282217264
53.02000045776367,-32.103294372558594,17.303621292114258,5.993892192840576,0.004288181196898222
53.029998779296875,-32.76828384399414,15.455495834350586,6.121565818786621,0.004607764072716236
53.040000915527344,-33.6793098449707,13.772098541259766,6.24637508392334,0.005552683491259813
53.04999923706055,-34.30818557739258,12.884848594665527,6.37281608581543,0.0053345151245594025
53.060001373291016,-35.21037673950195,10.069571495056152,6.498154163360596,0.00565457483753562
53.06999969482422,-35.487342834472656,7.880809783935547,6.62238883972168,0.005756148602813482
53.08000183105469,-35.55118942260742,6.127984046936035,6.745149612426758,0.006599891930818558
53.09000015258789,-35.91870880126953,4.0927910804748535,6.86570405960083,0.007224672008305788
53.099998474121094,-36.547584533691406,1.320135474205017,6.985039234161377,0.007748038042336702
53.11000061035156,-36.68627166748047,-1.0375728607177734,7.106395721435547,0.007849293760955334
53.119998931884766,-36.12898254394531,-2.743849992752075,7.2281174659729,0.007004914339631796
53.130001068115234,-35.48686981201172,-4.8090500831604,7.343772888183594,0.007647259626537561
53.13999938964844,-34.969112396240234,-7.503529071807861,7.443973064422607,0.007426945026963949
53.150001525878906,-34.13092803955078,-9.942967414855957,7.554651737213135,0.007748435717076063
53.15999984741211,-33.502052307128906,-12.050186157226562,7.663132667541504,0.0070042782463133335
53.16999816894531,-32.470680236816406,-14.412943840026855,7.76836633682251,0.006802720949053764
53.18000030517578,-31.429800033569336,-16.319297790527344,7.872247695922852,0.006380054634064436
53.189998626708984,-30.202451705932617,-18.29538917541504,7.975942611694336,0.006702180951833725
53.20000076293945,-28.351274490356445,-21.376638412475586,8.076217651367188,0.006379895843565464
53.209999084472656,-26.988712310791016,-22.596607208251953,8.176838874816895,0.00585652980953455
53.220001220703125,-25.27642250061035,-24.279151916503906,8.276741027832031,0.005756148602813482
53.22999954223633,-23.242761611938477,-26.386764526367188,8.371760368347168,0.004910021089017391
53.2400016784668,-20.8492374420166,-28.104846954345703,8.466840744018555,0.004286432638764381
53.25,-18.22226905822754,-28.903820037841797,8.565256118774414,0.0033398442901670933
53.2599983215332,-16.2308292388916,-30.567413330078125,8.661872863769531,0.0027164150960743427
53.27000045776367,-13.767569541931152,-31.232498168945312,8.754237174987793,0.0017696676077321172
53.279998779296875,-11.112279891967773,-32.230777740478516,8.84511661529541,-0.000547447707504034
53.290000915527344,-8.114607810974121,-32.970088958740234,8.935696601867676,-0.0010465724626556039
53.29999923706055,-4.844427108764648,-32.925785064697266,9.024702072143555,-0.002317433012649417
53.310001373291016,-1.9096777439117432,-32.26034927368164,9.11057186126709,-0.0038875301834195852
53.31999969482422,1.4302603006362915,-32.13084411621094,9.19389820098877,-0.004610069096088409
53.33000183105469,4.553778648376465,-32.42640686035156,9.272011756896973,-0.005133434664458036
53.34000015258789,7.698055267333984,-32.14981460571289,9.351239204406738,-0.0060807387344539165
53.349998474121094,10.752032279968262,-31.151660919189453,9.429313659667969,-0.006703452207148075
53.36000061035156,13.281200408935547,-30.17158317565918,9.499732971191406,-0.007226818241178989
53.369998931884766,16.2159481048584,-29.72795867919922,9.565519332885742,-0.008174360729753971
53.380001068115234,18.983179092407227,-27.334487915039062,9.636574745178223,-0.009221091866493225
53.38999938964844,21.35256576538086,-24.639135360717773,9.710623741149902,-0.009843488223850727
53.400001525878906,23.622913360595703,-21.57247543334961,9.774214744567871,-0.010366853326559067
53.40999984741211,26.181127548217773,-17.644166946411133,9.838330268859863,-0.010890219360589981
53.41999816894531,28.172565460205078,-15.31513500213623,9.89753532409668,-0.011838158592581749
53.43000030517578,29.619848251342773,-12.218384742736816,9.95097827911377,-0.012460237368941307
53.439998626708984,30.7175235748291,-8.30138111114502,10.002215385437012,-0.012983602471649647
53.45000076293945,31.619083404541016,-4.196935653686523,10.053919792175293,-0.012657343409955502
53.459999084472656,32.215633392333984,-0.48098450899124146,10.110825538635254,-0.013408653438091278
53.470001220703125,31.58675765991211,2.957108736038208,10.170520782470703,-0.013180471025407314
53.47999954223633,31.836505889892578,6.601803302764893,10.225399017333984,-0.013082155957818031
53.4900016784668,30.907312393188477,11.500235557556152,10.277254104614258,-0.013932417146861553
53.5,29.342567443847656,15.852822303771973,10.327128410339355,-0.01370351854711771
53.5099983215332,27.66556739807129,19.24004554748535,10.374917984008789,-0.012754864059388638
53.52000045776367,25.988569259643555,23.565387725830078,10.415696144104004,-0.012558870017528534
53.529998779296875,22.638654708862305,26.89500617980957,10.456594467163086,-0.012133421376347542
53.540000915527344,19.845264434814453,29.205272674560547,10.500869750976562,-0.011610055342316628
53.54999923706055,17.002485275268555,31.495838165283203,10.531425476074219,-0.010661082342267036
53.560001373291016,13.93177604675293,33.585269927978516,10.562800407409668,-0.010040038265287876
53.56999969482422,10.760692596435547,34.618751525878906,10.594259262084961,-0.009090906009078026
53.58000183105469,7.197068214416504,36.17144012451172,10.627631187438965,-0.008044174872338772
53.59000015258789,3.198345184326172,37.07957458496094,10.653359413146973,-0.006145593244582415
53.599998474121094,-0.8267920017242432,37.194053649902344,10.677495002746582,-0.005330143962055445
53.61000061035156,-4.73350715637207,36.17634201049805,10.705821990966797,-0.0035285260528326035
53.619998931884766,-8.493146896362305,34.23183822631836,10.730435371398926,-0.002287390409037471
53.630001068115234,-12.16158390045166,34.12092971801758,10.75011157989502,-0.00038817283348180354
53.63999938964844,-15.078402519226074,32.41939163208008,10.77051067352295,0.000852645025588572
53.650001525878906,-17.908340454101562,31.195682525634766,10.793172836303711,0.0018993763951584697
53.65999984741211,-20.738279342651367,29.54636573791504,10.810463905334473,0.00337258935905993
53.66999816894531,-23.486045837402344,27.123716354370117,10.820622444152832,0.0049426862969994545
53.68000030517578,-25.8967342376709,25.681936264038086,10.836297035217285,0.0056595029309391975
53.689998626708984,-27.70211410522461,23.492904663085938,10.852505683898926,0.0061828684993088245
53.70000076293945,-29.483924865722656,19.981060028076172,10.856950759887695,0.007559833116829395
53.709999084472656,-31.31768226623535,16.812908172607422,10.86075210571289,0.007849293760955334
53.720001220703125,-32.874610900878906,14.687381744384766,10.866395950317383,0.008276252076029778
53.72999954223633,-33.497474670410156,13.08700180053711,10.869773864746094,0.008372579701244831
53.7400016784668,-33.916725158691406,9.870721817016602,10.868608474731445,0.009653931483626366
53.75,-35.00275421142578,6.389861583709717,10.870841026306152,0.010796831920742989
53.7599983215332,-35.553977966308594,2.467060089111328,10.86353588104248,0.010561734437942505
53.77000045776367,-35.588382720947266,-1.0192235708236694,10.865467071533203,0.010038369335234165
53.779998779296875,-35.63357162475586,-3.204805850982666,10.85949420928955,0.010797308757901192
53.790000915527344,-35.1095085144043,-7.197430610656738,10.854878425598145,0.011416525579988956
53.79999923706055,-34.40488815307617,-10.234769821166992,10.848913192749023,0.011084702797234058
53.810001373291016,-33.47377014160156,-12.700516700744629,10.84496784210205,0.01013366412371397
53.81999969482422,-32.136268615722656,-15.487302780151367,10.839140892028809,0.009942438453435898
53.83000183105469,-30.286975860595703,-18.87944984436035,10.827797889709473,0.009514606557786465
53.84000015258789,-28.085914611816406,-20.875762939453125,10.817270278930664,0.008991239592432976
53.849998474121094,-25.982065200805664,-23.077802658081055,10.811306953430176,0.008039883337914944
53.86000061035156,-23.667587280273438,-25.911699295043945,10.805742263793945,0.006137009244412184
53.869998931884766,-21.063812255859375,-28.04657745361328,10.796022415161133,0.005756148602813482
53.880001068115234,-18.16246795654297,-29.120290756225586,10.781532287597656,0.0044714584946632385
53.88999938964844,-15.01809310913086,-30.4511661529541,10.768715858459473,0.0029013613238930702
53.900001525878906,-10.832269668579102,-31.1208438873291,10.755491256713867,0.0009028753847815096
53.90999984741211,-7.59586763381958,-32.03919982910156,10.740201950073242,0.0005232862313278019
53.91999816894531,-4.385094165802002,-32.57004165649414,10.724051475524902,-0.0011909054592251778
53.93000030517578,-1.0799564123153687,-32.680946350097656,10.70995807647705,-0.00242711347527802
53.939998626708984,1.9174411296844482,-32.78522491455078,10.688986778259277,-0.003902551718056202
53.95000076293945,5.900315761566162,-32.78522491455078,10.674745559692383,-0.006330221425741911
53.959999084472656,9.79658317565918,-32.14373016357422,10.651224136352539,-0.006802720949053764
53.970001220703125,13.239684104919434,-30.644136428833008,10.631747245788574,-0.008518502116203308
53.97999954223633,16.195722579956055,-28.886966705322266,10.610297203063965,-0.00975391548126936
53.9900016784668,18.8160343170166,-27.388517379760742,10.582913398742676,-0.010371542535722256
54,21.43634605407715,-24.72676658630371,10.55784797668457,-0.011753275990486145
54.0099983215332,24.430816650390625,-22.065017700195312,10.533044815063477,-0.011177057400345802
54.02000045776367,26.71061134338379,-19.037839889526367,10.505346298217773,-0.01227703969925642
54.029998779296875,28.41883659362793,-15.39682388305664,10.473711013793945,-0.012129447422921658
54.040000915527344,29.80569076538086,-11.459288597106934,10.442748069763184,-0.012035583145916462
54.04999923706055,30.853816986083984,-8.686633110046387,10.410257339477539,-0.01332432683557272
54.060001373291016,32.20336151123047,-4.63821268081665,10.373573303222656,-0.013175781816244125
54.06999969482422,32.349884033203125,0.028265712782740593,10.337510108947754,-0.013511896133422852
54.08000183105469,32.138511657714844,4.417384624481201,10.297365188598633,-0.013605441898107529
54.09000015258789,31.898386001586914,8.21319580078125,10.256872177124023,-0.014465239830315113
54.099998474121094,31.253957748413086,11.773167610168457,10.209296226501465,-0.014222036115825176
54.11000061035156,29.99620819091797,15.765791893005371,10.162692070007324,-0.013698670081794262
54.119998931884766,28.157915115356445,19.582902908325195,10.11601734161377,-0.012745167128741741
54.130001068115234,25.932619094848633,22.92066764831543,10.068231582641602,-0.012558870017528534
54.13999938964844,23.48793601989746,26.130964279174805,10.018132209777832,-0.011698276735842228
54.150001525878906,20.953386306762695,29.61953353881836,9.978034019470215,-0.011942672543227673
54.15999984741211,18.228261947631836,31.394033432006836,9.931074142456055,-0.010313762351870537
54.16999816894531,15.233535766601562,33.26362609863281,9.88725471496582,-0.009081368334591389
54.18000030517578,12.259371757507324,35.49502944946289,9.83488941192627,-0.008895865641534328
54.189998626708984,9.079058647155762,36.852294921875,9.774083137512207,-0.007603784557431936
54.20000076293945,5.56480598449707,36.65888977050781,9.711166381835938,-0.006033687386661768
54.209999084472656,2.3156185150146484,37.21342086791992,9.643811225891113,-0.004894443321973085
54.220001220703125,-1.611167073249817,37.460670471191406,9.58068561553955,-0.003847711719572544
54.22999954223633,-5.015402793884277,37.83555221557617,9.51565170288086,-0.0032319920137524605
54.2400016784668,-7.920478343963623,38.025962829589844,9.44735050201416,-0.0014153525698930025
54.25,-10.470621109008789,37.56856155395508,9.376194953918457,-0.00018423108849674463
54.2599983215332,-12.776495933532715,35.90496826171875,9.297828674316406,0.00043125016964040697
54.27000045776367,-15.601032257080078,35.00971984863281,9.223143577575684,0.0018172751879319549
54.279998779296875,-18.351707458496094,33.03215026855469,9.149862289428711,0.002955963369458914
54.290000915527344,-20.58370018005371,31.398855209350586,9.068119049072266,0.0031397175043821335
54.29999923706055,-22.36551284790039,30.079845428466797,8.989689826965332,0.004002853762358427
54.310001373291016,-24.129770278930664,28.009782791137695,8.908933639526367,0.0041862898506224155
54.31999969482422,-25.597143173217773,26.56800079345703,8.82492733001709,0.005049743689596653
54.33000183105469,-27.92646598815918,23.302095413208008,8.73870849609375,0.00566466897726059
54.34000015258789,-29.454368591308594,21.275028228759766,8.652490615844727,0.006188034545630217
54.349998474121094,-30.330121994018555,19.835886001586914,8.55966854095459,0.006279435008764267
54.36000061035156,-31.29900550842285,17.39594841003418,8.469575881958008,0.006711479742079973
54.369998931884766,-32.451942443847656,14.956012725830078,8.381814956665039,0.0072348453104496
54.380001068115234,-33.51175308227539,13.99420166015625,8.28711223602295,0.0077582113444805145
54.38999938964844,-34.285247802734375,11.328981399536133,8.186995506286621,0.006552443373948336
54.400001525878906,-34.86993408203125,8.37042236328125,8.091169357299805,0.007144160568714142
54.40999984741211,-35.17710494995117,6.3949737548828125,7.9943132400512695,0.007326007355004549
54.41999816894531,-34.5482292175293,4.509567737579346,7.896613597869873,0.007326007355004549
54.43000030517578,-35.12007522583008,0.5066149830818176,7.791430950164795,0.007758609019219875
54.439998626708984,-35.29541015625,-0.3975294530391693,7.685482978820801,0.0069839321076869965
54.45000076293945,-35.03981018066406,-1.7957541942596436,7.5827956199646,0.007668241858482361
54.459999084472656,-34.54240036010742,-4.645443916320801,7.476634502410889,0.007416453678160906
54.470001220703125,-34.11661148071289,-6.436090469360352,7.376792907714844,0.006893088109791279
54.47999954223633,-33.3829231262207,-8.986933708190918,7.274796485900879,0.005936723668128252
54.4900016784668,-32.649234771728516,-10.839215278625488,7.163642406463623,0.0066223046742379665
54.5,-31.85749626159668,-12.87137508392334,7.050626277923584,0.005936405621469021
54.5099983215332,-31.08616065979004,-14.98719596862793,6.937168121337891,0.005756148602813482
54.52000045776367,-30.43906021118164,-16.525442123413086,6.819735050201416,0.005756148602813482
54.529998779296875,-29.60055923461914,-16.74725341796875,6.707883834838867,0.005322752520442009
54.540000915527344,-28.493694305419922,-19.24080467224121,6.593729496002197,0.004365911241620779
54.54999923706055,-27.145803451538086,-20.74910545349121,6.4740986824035645,0.0037527349777519703
54.560001373291016,-25.678428649902344,-22.014728546142578,6.3561482429504395,0.004096637945622206
54.56999969482422,-24.24314308166504,-24.164941787719727,6.229775428771973,0.0037525759544223547
54.58000183105469,-22.985393524169922,-25.939441680908203,6.109752178192139,0.0027954166289418936
54.59000015258789,-22.01680564880371,-26.694028854370117,5.985335826873779,0.002616431098431349
54.599998474121094,-20.64198875427246,-27.9682559967041,5.859119415283203,0.001314573804847896
54.61000061035156,-19.259592056274414,-28.567028045654297,5.730412483215332,0.001480604405514896
54.619998931884766,-17.945812225341797,-28.450136184692383,5.6018900871276855,-0.00016658686217851937
54.630001068115234,-16.059185028076172,-29.891918182373047,5.470728397369385,-0.0000890953597263433
54.63999938964844,-14.58584213256836,-30.677736282348633,5.33770751953125,-0.0008685407228767872
54.650001525878906,-13.433866500854492,-31.620948791503906,5.207214832305908,-0.0010465724626556039
54.65999984741211,-12.113842010498047,-31.81352424621582,5.0779500007629395,-0.0010465724626556039
54.66999816894531,-10.63138484954834,-31.543834686279297,4.9499101638793945,-0.0006120636826381087
54.68000030517578,-9.362754821777344,-31.958677291870117,4.819702625274658,-0.0005232862313278019
54.689998626708984,-7.895380020141602,-31.84777069091797,4.690151691436768,-0.0005232862313278019
54.70000076293945,-6.342222690582275,-32.37225341796875,4.557394027709961,-0.0009580334299243987
54.709999084472656,-5.383159637451172,-32.71330261230469,4.411489009857178,-0.001916225883178413
54.720001220703125,-4.453830242156982,-32.98014831542969,4.275285243988037,-0.0020931449253112078
54.72999954223633,-2.8263204097747803,-33.40375900268555,4.142462253570557,-0.0020931449253112078
54.7400016784668,-1.5685707330703735,-32.84922790527344,4.003932952880859,-0.0020931449253112078
54.75,-0.6816807389259338,-33.275753021240234,3.8739194869995117,-0.0020931449253112078
54.7599983215332,0.566288948059082,-33.39700698852539,3.734416961669922,-0.003398817265406251
54.77000045776367,1.7710139751434326,-33.0081787109375,3.5877044200897217,-0.0036630036775022745
54.779998779296875,2.609513998031616,-32.517818450927734,3.439735174179077,-0.003227620618417859
54.790000915527344,3.4480137825012207,-33.29416275024414,3.3009161949157715,-0.0027042548172175884
54.79999923706055,4.884398460388184,-32.9106559753418,3.1603732109069824,-0.002616431098431349
54.810001373291016,5.750353813171387,-33.023868560791016,3.0184805393218994,-0.002616431098431349
54.81999969482422,6.429935932159424,-33.41024398803711,2.8742709159851074,-0.002616431098431349
54.83000183105469,7.294810771942139,-33.74281692504883,2.728050947189331,-0.002180650597438216
54.84000015258789,8.533117294311523,-33.718502044677734,2.5797996520996094,-0.0020931449253112078
54.849998474121094,8.637930870056152,-32.27672576904297,2.4343223571777344,-0.0025290842168033123
54.86000061035156,9.645953178405762,-31.530014038085938,2.295213460922241,-0.0017443934921175241
54.869998931884766,10.442583084106445,-31.58539581298828,2.1507394313812256,-0.0028781539294868708
54.880001068115234,10.895002365112305,-31.894237518310547,2.0051658153533936,-0.0022673618514090776
54.88999938964844,11.410365104675293,-31.73686408996582,1.8553922176361084,-0.0020931449253112078
54.900001525878906,11.829615592956543,-32.2913932800293,1.7045762538909912,-0.0020931449253112078
54.90999984741211,12.248865127563477,-31.621074676513672,1.565124273300171,-0.0016567286802455783
54.91999816894531,12.668115615844727,-31.280439376831055,1.4159897565841675,-0.002006354508921504
54.93000030517578,12.886852264404297,-31.068267822265625,1.2668554782867432,-0.0016565697733312845
54.939998626708984,12.828937530517578,-30.71223258972168,1.110937237739563,-0.002006513299420476
54.95000076293945,13.038561820983887,-31.48857879638672,0.9644308090209961,-0.0025298791006207466
54.959999084472656,13.440136909484863,-30.944705963134766,0.8177847862243652,-0.0017428038408979774
54.970001220703125,13.35885238647461,-30.58191680908203,0.6624756455421448,-0.0028805381152778864
54.97999954223633,13.279590606689453,-30.55918312072754,0.5104840397834778,-0.0018287996063008904
54.9900016784668,13.398955345153809,-30.804872512817383,0.3610056936740875,-0.002006910741329193
55,13.189330101013184,-31.13759422302246,0.20959319174289703,-0.0020931449253112078
55.0099983215332,12.773890495300293,-31.688093185424805,0.05766085907816887,-0.0016559339128434658
55.02000045776367,12.98214054107666,-31.910633087158203,-0.09253265708684921,-0.0006952776457183063
55.029998779296875,12.969650268554688,-32.36417007446289,-0.24568302929401398,-0.0013980262447148561
55.040000915527344,12.550399780273438,-32.453834533691406,-0.4004141688346863,-0.0011324092047289014
55.04999923706055,12.151260375976562,-30.8753604888916,-0.549179196357727,-0.0006090435199439526
55.060001373291016,12.151260375976562,-30.98626708984375,-0.6963696479797363,-0.0009608946857042611
55.06999969482422,12.2366304397583,-31.0971736907959,-0.8486732840538025,-0.0006088845548219979
55.08000183105469,12.0978422164917,-31.72360610961914,-0.9993450045585632,-0.0013988211285322905
55.09000015258789,11.564825057983398,-32.066444396972656,-1.1467070579528809,-0.0006941649480722845
55.099998474121094,10.693272590637207,-31.36902618408203,-1.2927271127700806,-0.0005232862313278019
55.11000061035156,10.378835678100586,-32.14537048339844,-1.4497812986373901,-0.0005232862313278019
55.119998931884766,9.602884292602539,-32.531036376953125,-1.6033917665481567,-0.00008520091796526685
55.130001068115234,8.764384269714355,-32.5766487121582,-1.7443703413009644,-0.0008763296063989401
55.13999938964844,8.0559720993042,-32.46574401855469,-1.8954291343688965,-0.0010465724626556039
55.150001525878906,7.36187744140625,-32.41481018066406,-2.039486885070801,-0.0006082486943341792
55.15999984741211,5.894502639770508,-32.63662338256836,-2.1867809295654297,-0.0005232862313278019
55.16999816894531,5.1217732429504395,-32.858436584472656,-2.3356845378875732,-0.000084803526988253
55.18000030517578,4.238555431365967,-32.051795959472656,-2.480456590652466,-0.0008771243738010526
55.189998626708984,3.4964234828948975,-31.896209716796875,-2.6172807216644287,-0.0010465724626556039
55.20000076293945,2.7657604217529297,-32.75773239135742,-2.758755922317505,-0.0010465724626556039
55.209999084472656,1.4004878997802734,-33.192752838134766,-2.9030213356018066,-0.000607771857175976
55.220001220703125,-0.17169927060604095,-32.97093963623047,-3.0475802421569824,-0.0009621663484722376
55.22999954223633,-1.4170962572097778,-33.00847244262695,-3.190967082977295,-0.0001686533069005236
55.2400016784668,-2.6844887733459473,-32.877159118652344,-3.3319456577301025,-0.0008780781063251197
55.25,-4.014293670654297,-33.02970886230469,-3.47292423248291,-0.0010465724626556039
55.2599983215332,-5.263755798339844,-34.0479850769043,-3.6146578788757324,-0.0006073744734749198
55.27000045776367,-6.416692733764648,-32.717105865478516,-3.757335662841797,-0.0009625637321732938
55.279998779296875,-7.924150466918945,-33.07432556152344,-3.8980607986450195,-0.0014859294751659036
55.290000915527344,-9.111377716064453,-32.65351867675781,-4.037299156188965,-0.0020092951599508524
55.29999923706055,-10.372210502624512,-31.922435760498047,-4.173876762390137,-0.0025326607283204794
55.310001373291016,-12.077921867370605,-31.827634811401367,-4.312661170959473,-0.0021768356673419476
55.31999969482422,-13.335672378540039,-31.827634811401367,-4.4536027908325195,-0.002532819751650095
55.33000183105469,-14.880109786987305,-30.513092041015625,-4.587591171264648,-0.002616431098431349
55.34000015258789,-16.096834182739258,-30.04924774169922,-4.723797798156738,-0.0030562651809304953
55.349998474121094,-17.284828186035156,-30.14791488647461,-4.858021259307861,-0.002699804026633501
55.36000061035156,-18.713848114013672,-29.92435646057129,-4.982152938842773,-0.0034964168444275856
55.369998931884766,-20.390846252441406,-28.038949966430664,-5.1128034591674805,-0.00322293140925467
55.380001068115234,-21.965351104736328,-27.021177291870117,-5.240455150604248,-0.003579869167879224
55.38999938964844,-23.459514617919922,-25.362529754638672,-5.3662872314453125,-0.004983697086572647
55.400001525878906,-24.819780349731445,-23.873804092407227,-5.493595600128174,-0.004792551975697279
55.40999984741211,-26.048444747924805,-22.918622970581055,-5.622434139251709,-0.005590356420725584
55.41999816894531,-27.210613250732422,-22.28107452392578,-5.748689651489258,-0.005756148602813482
55.43000030517578,-28.57317352294922,-19.841135025024414,-5.873848915100098,-0.00619669770821929
55.439998626708984,-29.850778579711914,-19.019344329833984,-5.997902870178223,-0.006279435008764267
55.45000076293945,-30.745601654052734,-17.93567657470703,-6.114908695220947,-0.007601559162139893
55.459999084472656,-31.62660026550293,-16.306766510009766,-6.231161594390869,-0.007408505771309137
55.470001220703125,-32.908329010009766,-14.520047187805176,-6.354554653167725,-0.007766874507069588
55.47999954223633,-33.53720474243164,-12.634641647338867,-6.470822811126709,-0.007849293760955334
55.4900016784668,-34.34986114501953,-10.165840148925781,-6.586893558502197,-0.008290319703519344
55.5,-34.64899826049805,-8.043035507202148,-6.70570707321167,-0.009695895947515965
55.5099983215332,-34.906700134277344,-6.293971538543701,-6.8142924308776855,-0.009060068055987358
55.52000045776367,-35.53557586669922,-4.584847927093506,-6.927308082580566,-0.009337130934000015
55.529998779296875,-36.164451599121094,-2.1449105739593506,-7.036841869354248,-0.009860496036708355
55.540000915527344,-36.20038986206055,0.7132992744445801,-7.14306640625,-0.009942438453435898
55.54999923706055,-35.82862854003906,2.574080228805542,-7.250128746032715,-0.010383941233158112
55.560001373291016,-35.7036247253418,4.279775619506836,-7.363169193267822,-0.011348889209330082
55.56999969482422,-35.789344787597656,6.5718793869018555,-7.46821928024292,-0.011070635169744492
55.58000183105469,-35.15670394897461,9.777188301086426,-7.569046497344971,-0.010105527937412262
55.59000015258789,-34.108577728271484,11.773500442504883,-7.664510250091553,-0.010826080106198788
55.599998474121094,-33.54816436767578,13.76981258392334,-7.75844669342041,-0.010547110810875893
55.61000061035156,-33.12891387939453,15.525650978088379,-7.852820873260498,-0.010465724393725395
55.619998931884766,-32.3215217590332,17.420595169067383,-7.950213432312012,-0.010907784104347229
55.630001068115234,-30.676023483276367,20.040679931640625,-8.048245429992676,-0.009662594646215439
55.63999938964844,-29.41827392578125,22.147897720336914,-8.143304824829102,-0.0094191525131464
55.650001525878906,-28.336957931518555,23.97507667541504,-8.235589027404785,-0.008976854383945465
55.65999984741211,-26.460113525390625,25.614669799804688,-8.324494361877441,-0.009780620224773884
55.66999816894531,-24.245813369750977,27.333600997924805,-8.413619041442871,-0.008172611705958843
55.68000030517578,-22.433229446411133,29.235902786254883,-8.500072479248047,-0.007849293760955334
55.689998626708984,-21.07066535949707,30.5667781829834,-8.583477973937988,-0.007849293760955334
55.70000076293945,-18.566301345825195,32.6024284362793,-8.669882774353027,-0.006963903550058603
55.709999084472656,-16.37006950378418,34.03654098510742,-8.747108459472656,-0.0072454954497516155
55.720001220703125,-13.91653060913086,35.19449996948242,-8.832160949707031,-0.005997445434331894
55.72999954223633,-10.94218921661377,36.483482360839844,-8.909165382385254,-0.005313214845955372
55.7400016784668,-8.217063903808594,38.03616714477539,-8.983885765075684,-0.0039038234390318394
55.75,-5.389856815338135,38.18462371826172,-9.055374145507812,-0.0036630036775022745
55.7599983215332,-1.861405372619629,38.377655029296875,-9.126446723937988,-0.0023334878496825695
55.77000045776367,1.5398452281951904,38.09337615966797,-9.197518348693848,-0.0016498935874551535
55.779998779296875,4.780116081237793,37.31703186035156,-9.269431114196777,-0.0002398660290054977
55.790000915527344,8.536555290222168,36.509559631347656,-9.338552474975586,0.0008868207223713398
55.79999923706055,11.890554428100586,34.95687484741211,-9.402544975280762,0.0019335522083565593
55.810001373291016,14.652737617492676,33.135807037353516,-9.463641166687012,0.003867422230541706
55.81999969482422,17.513349533081055,31.568239212036133,-9.523040771484375,0.003742641070857644
55.83000183105469,20.410491943359375,29.446182250976562,-9.579702377319336,0.0049941884353756905
55.84000015258789,23.00853157043457,25.84518814086914,-9.637279510498047,0.006564285606145859
55.849998474121094,25.419219970703125,22.73981285095215,-9.694955825805664,0.006802720949053764
55.86000061035156,27.829906463623047,19.053661346435547,-9.743327140808105,0.0085785873234272
55.869998931884766,29.77153968811035,14.715621948242188,-9.790438652038574,0.008007774129509926
55.880001068115234,31.150775909423828,10.77773380279541,-9.84481143951416,0.008737544529139996
55.88999938964844,31.949546813964844,7.836817741394043,-9.891621589660645,0.009784276597201824
55.900001525878906,32.054359436035156,4.6205363273620605,-9.932792663574219,0.010386723093688488
55.90999984741211,31.76552963256836,0.2588060200214386,-9.978196144104004,0.010910089127719402
55.91999816894531,31.67291259765625,-4.568638801574707,-10.022470474243164,0.010100123472511768
55.93000030517578,31.227680206298828,-8.564837455749512,-10.063326835632324,0.010831484571099281
55.939998626708984,30.209367752075195,-11.951021194458008,-10.101950645446777,0.010099805891513824
55.95000076293945,28.94631576538086,-16.93394660949707,-10.138368606567383,0.009053073823451996
55.959999084472656,26.64044189453125,-20.372039794921875,-10.167810440063477,0.009785388596355915
55.970001220703125,24.334566116333008,-23.12553596496582,-10.202908515930176,0.009497597813606262
55.97999954223633,21.577468872070312,-25.557016372680664,-10.235212326049805,0.008529311046004295
55.9900016784668,18.592758178710938,-27.683311462402344,-10.263200759887695,0.007927579805254936
56,15.979910850524902,-29.2679386138916,-10.29211711883545,0.007404214236885309
56.0099983215332,13.464410781860352,-29.82246971130371,-10.317255020141602,0.007326007355004549
56.02000045776367,10.334274291992188,-30.562820434570312,-10.338809967041016,0.006880769040435553
56.029998779296875,6.831746578216553,-32.00933837890625,-10.360946655273438,0.0059120855294167995
56.040000915527344,3.31877064704895,-32.825496673583984,-10.378955841064453,0.003974559251219034
56.04999923706055,-0.01678810641169548,-32.0862922668457,-10.39338493347168,0.0036630036775022745
56.060001373291016,-3.894850015640259,-32.97353744506836,-10.412186622619629,0.0027718909550458193
56.06999969482422,-7.109747886657715,-32.256858825683594,-10.42795181274414,0.0017251597018912435
56.08000183105469,-10.605461120605469,-31.443960189819336,-10.441510200500488,-0.00021300229127518833
56.09000015258789,-13.99911117553711,-30.71607780456543,-10.452415466308594,-0.0018606703961268067
56.099998474121094,-17.102657318115234,-29.915233612060547,-10.458940505981445,-0.0029848935082554817
56.11000061035156,-20.45665740966797,-28.58435821533203,-10.473806381225586,-0.004031624644994736
56.119998931884766,-22.997295379638672,-26.82316017150879,-10.476136207580566,-0.0059704226441681385
56.130001068115234,-25.512794494628906,-25.37541389465332,-10.480724334716797,-0.0071716601960361
56.13999938964844,-27.7646427154541,-22.928619384765625,-10.485384941101074,-0.007772199809551239
56.150001525878906,-29.699560165405273,-19.529136657714844,-10.48200511932373,-0.009188109077513218
56.15999984741211,-31.462419509887695,-16.610870361328125,-10.48017406463623,-0.010758206248283386
56.16999816894531,-32.72016906738281,-15.723620414733887,-10.48165225982666,-0.011435441672801971
56.18000030517578,-34.314449310302734,-12.076619148254395,-10.474969863891602,-0.011958806775510311
56.189998626708984,-35.45448684692383,-8.635117530822754,-10.469786643981934,-0.012482172809541225
56.20000076293945,-36.2585563659668,-5.415595054626465,-10.464673042297363,-0.01300553884357214
56.209999084472656,-37.05175018310547,-1.3574492931365967,-10.455781936645508,-0.01352890394628048
56.220001220703125,-36.52769088745117,2.302456855773926,-10.447583198547363,-0.013605441898107529
56.22999954223633,-36.18575668334961,5.384203910827637,-10.438697814941406,-0.013158534653484821
56.2400016784668,-35.87131881713867,8.308204650878906,-10.42767333984375,-0.01487010344862938
56.25,-35.346256256103516,11.191766738891602,-10.420676231384277,-0.015175300650298595
56.2599983215332,-34.4901008605957,13.869829177856445,-10.413745880126953,-0.013386717066168785
56.27000045776367,-33.54678726196289,15.53342342376709,-10.40302848815918,-0.013976606540381908
56.279998779296875,-32.4074821472168,18.441362380981445,-10.397727966308594,-0.013234118930995464
56.290000915527344,-30.66632080078125,21.202421188354492,-10.384440422058105,-0.013529540039598942
56.29999923706055,-28.9201717376709,23.96799087524414,-10.376361846923828,-0.011815587058663368
56.310001373291016,-27.329858779907227,26.331205368041992,-10.36923599243164,-0.011064753867685795
56.31999969482422,-25.33771514892578,27.001007080078125,-10.351760864257812,-0.010989011265337467
56.33000183105469,-22.717403411865234,31.54816436767578,-10.33540153503418,-0.010093607008457184
56.34000015258789,-20.097089767456055,33.37089538574219,-10.312752723693848,-0.008599093183875084
56.349998474121094,-17.364795684814453,34.191314697265625,-10.293427467346191,-0.0074768573977053165
56.36000061035156,-14.408777236938477,35.02351760864258,-10.277583122253418,-0.007326007355004549
56.369998931884766,-11.145489692687988,36.24348449707031,-10.262436866760254,-0.0059819468297064304
56.380001068115234,-7.686677932739258,37.46345520019531,-10.240012168884277,-0.004411849658936262
56.38999938964844,-4.315258502960205,37.66621017456055,-10.21437931060791,-0.0032899316865950823
56.400001525878906,-0.7095679044723511,37.732791900634766,-10.190116882324219,-0.002691458910703659
56.40999984741211,3.02522873878479,37.68094253540039,-10.166192054748535,-0.001719755120575428
56.41999816894531,6.665700435638428,37.12628936767578,-10.141724586486816,-0.0002246061631012708
56.43000030517578,10.12451171875,35.12997817993164,-10.116257667541504,0.001345491036772728
56.439998626708984,13.394673347473145,34.13175964355469,-10.08814811706543,0.0024670115672051907
56.45000076293945,16.15487289428711,32.727088928222656,-10.057855606079102,0.0030650871340185404
56.459999084472656,18.715757369995117,30.439184188842773,-10.026307106018066,0.004485923796892166
56.470001220703125,21.356985092163086,27.267414093017578,-9.991605758666992,0.00515839084982872
56.47999954223633,24.082109451293945,23.829322814941406,-9.956486701965332,0.006579545326530933
56.4900016784668,26.300945281982422,20.712663650512695,-9.915184020996094,0.0072516947984695435
56.5,28.194854736328125,17.769792556762695,-9.878668785095215,0.00822411384433508
56.5099983215332,29.610441207885742,14.166556358337402,-9.835562705993652,0.008372579701244831
56.52000045776367,30.630720138549805,10.224283218383789,-9.793619155883789,0.008821791969239712
56.529998779296875,31.55376434326172,7.279958248138428,-9.749460220336914,0.009345158003270626
56.540000915527344,31.868202209472656,2.5109901428222656,-9.699957847595215,0.009868523105978966
56.54999923706055,31.93147850036621,-1.106335997581482,-9.649857521057129,0.009492987766861916
56.560001373291016,31.63522720336914,-4.2454376220703125,-9.59791374206543,0.008969621732831001
56.56999969482422,30.902482986450195,-7.6815361976623535,-9.548924446105957,0.00934547558426857
56.58000183105469,29.759855270385742,-11.886871337890625,-9.496365547180176,0.0094191525131464
56.59000015258789,28.711729049682617,-14.9922456741333,-9.441605567932129,0.0094191525131464
56.599998474121094,26.757076263427734,-18.481313705444336,-9.384147644042969,0.008519455790519714
56.61000061035156,24.396095275878906,-20.62969970703125,-9.323501586914062,0.00747272465378046
56.619998931884766,21.92230796813965,-22.710920333862305,-9.261199951171875,0.006425993051379919
56.630001068115234,19.5633487701416,-25.544048309326172,-9.198284149169922,0.006279435008764267
56.63999938964844,17.467100143432617,-26.431299209594727,-9.133661270141602,0.005379102658480406
56.650001525878906,15.566021919250488,-28.867433547973633,-9.064624786376953,0.005232862196862698
56.65999984741211,13.460051536560059,-29.94831657409668,-8.99299430847168,0.0043322122655808926
56.66999816894531,10.772534370422363,-30.597835540771484,-8.92260456085205,0.004636694677174091
56.68000030517578,7.595873832702637,-31.51066780090332,-8.849291801452637,0.003808608278632164
56.689998626708984,4.6611247062683105,-32.50882339477539,-8.770416259765625,0.0036630036775022745
56.70000076293945,1.5173389911651611,-33.617576599121094,-8.694684028625488,0.002761717652902007
56.709999084472656,-0.8265563249588013,-33.11730194091797,-8.618951797485352,0.0017149863997474313
56.720001220703125,-3.3118515014648438,-32.70723342895508,-8.53858470916748,0.0015698587521910667
56.72999954223633,-6.11068058013916,-32.488975524902344,-8.448319435119629,0.00021721466328017414
56.7400016784668,-8.835805892944336,-31.55403709411621,-8.371931076049805,0
56.75,-11.560930252075195,-31.55403709411621,-8.281792640686035,-0.0009020806173793972
56.7599983215332,-13.242289543151855,-30.265512466430664,-8.194051742553711,-0.0014976923121139407
56.77000045776367,-15.834853172302246,-29.10969352722168,-8.112080574035645,-0.0024722572416067123
56.779998779296875,-18.73236846923828,-28.141939163208008,-8.020662307739258,-0.00351898861117661
56.790000915527344,-20.801477432250977,-27.176471710205078,-7.928311824798584,-0.004114361945539713
56.79999923706055,-22.688100814819336,-27.176471710205078,-7.837934494018555,-0.005089165177196264
56.810001373291016,-24.292985916137695,-25.685876846313477,-7.748259544372559,-0.006135896779596806
56.81999969482422,-25.865175247192383,-23.067039489746094,-7.660250663757324,-0.007182628381997347
56.83000183105469,-27.30244255065918,-21.341707229614258,-7.572867393493652,-0.007326007355004549
56.84000015258789,-28.539690017700195,-21.062103271484375,-7.482154369354248,-0.007326007355004549
56.849998474121094,-29.692626953125,-19.17669677734375,-7.382615089416504,-0.007777842693030834
56.86000061035156,-31.148099899291992,-17.07787322998047,-7.277467250823975,-0.008301207795739174
56.869998931884766,-32.539100646972656,-15.13228702545166,-7.175859451293945,-0.008372579701244831
56.880001068115234,-33.3306999206543,-13.35672664642334,-7.076809406280518,-0.008372579701244831
56.88999938964844,-33.59519577026367,-11.489919662475586,-6.971318244934082,-0.009276886470615864
56.900001525878906,-34.01741409301758,-9.059395790100098,-6.870579242706299,-0.009871385060250759
56.90999984741211,-34.54147720336914,-6.95217752456665,-6.7563982009887695,-0.009490126743912697
56.91999816894531,-35.14884567260742,-4.668656349182129,-6.650254249572754,-0.0094191525131464
56.93000030517578,-35.6012077331543,-3.398024320602417,-6.540970325469971,-0.00987162347882986
56.939998626708984,-35.743804931640625,-2.408907651901245,-6.432474136352539,-0.009489888325333595
56.95000076293945,-35.5440788269043,-0.24932196736335754,-6.322193145751953,-0.0094191525131464
56.959999084472656,-35.439266204833984,2.4124279022216797,-6.201600551605225,-0.008966442197561264
56.970001220703125,-35.0637321472168,4.405768394470215,-6.083970069885254,-0.008895865641534328
56.97999954223633,-34.77602005004883,6.0127973556518555,-5.9662933349609375,-0.00980160292237997
56.9900016784668,-34.64899826049805,7.5419816970825195,-5.8481669425964355,-0.009036542847752571
57,-34.598506927490234,9.223384857177734,-5.729837417602539,-0.008442838676273823
57.0099983215332,-34.2840690612793,10.997884750366211,-5.6104044914245605,-0.008372579701244831
57.02000045776367,-33.96963119506836,12.258271217346191,-5.490927219390869,-0.007919393479824066
57.029998779296875,-33.65519332885742,13.0166597366333,-5.368345737457275,-0.007396027911454439
57.040000915527344,-33.00312423706055,14.694009780883789,-5.242616653442383,-0.007779352832585573
57.04999923706055,-32.09757995605469,17.18558692932129,-5.124194622039795,-0.007395869120955467
57.060001373291016,-31.678329467773438,17.961931228637695,-5.0078349113464355,-0.006872503086924553
57.06999969482422,-31.05086898803711,18.297643661499023,-4.877342700958252,-0.006802720949053764
57.08000183105469,-30.262723922729492,19.64154624938965,-4.747640132904053,-0.006349057890474796
57.09000015258789,-29.920713424682617,20.95490264892578,-4.6230692863464355,-0.006279435008764267
57.099998474121094,-29.53439712524414,22.440261840820312,-4.499430179595947,-0.006733256857842207
57.11000061035156,-28.055591583251953,24.93732452392578,-4.371267795562744,-0.0054410165175795555
57.119998931884766,-28.055591583251953,24.826417922973633,-4.241967678070068,-0.005686843302100897
57.130001068115234,-27.363046646118164,25.448320388793945,-4.112639904022217,-0.006210209336131811
57.13999938964844,-26.586647033691406,25.830413818359375,-3.978243827819824,-0.006733574904501438
57.150001525878906,-26.00347137451172,26.29966163635254,-3.8459463119506836,-0.00589428236708045
57.15999984741211,-25.636402130126953,27.325185775756836,-3.710728406906128,-0.005301849450916052
57.16999816894531,-24.902713775634766,27.768810272216797,-3.5777227878570557,-0.004324105568230152
57.18000030517578,-24.075525283813477,28.11349868774414,-3.443000078201294,-0.004640747793018818
57.189998626708984,-23.789270401000977,29.322744369506836,-3.3045690059661865,-0.0047095762565732
57.20000076293945,-23.388225555419922,29.99616241455078,-3.166682720184326,-0.004254959523677826
57.209999084472656,-22.505186080932617,29.734638214111328,-3.028622627258301,-0.0037315937224775553
57.220001220703125,-21.876310348510742,31.17641830444336,-2.891921281814575,-0.0036630036775022745
57.22999954223633,-21.54873275756836,32.08684158325195,-2.757727861404419,-0.0036630036775022745
57.2400016784668,-21.006406784057617,32.250675201416016,-2.623384475708008,-0.0036630036775022745
57.25,-20.120067596435547,32.35771560668945,-2.489894151687622,-0.003207989502698183
57.2599983215332,-19.129268646240234,32.86199951171875,-2.348101854324341,-0.004049904644489288
57.27000045776367,-18.59754753112793,33.827735900878906,-2.2042558193206787,-0.004641463048756123
57.279998779296875,-17.75904655456543,33.495018005371094,-2.0635719299316406,-0.0042543234303593636
57.290000915527344,-17.169233322143555,34.30259704589844,-1.9245812892913818,-0.0037309578619897366
57.29999923706055,-16.878873825073242,34.11338806152344,-1.7811304330825806,-0.003207592060789466
57.310001373291016,-16.74010467529297,34.22282028198242,-1.6308308839797974,-0.003595208516344428
57.31999969482422,-16.51150894165039,36.614566802978516,-1.4872926473617554,-0.0032074330374598503
57.33000183105469,-16.09225845336914,34.063720703125,-1.3503739833831787,-0.0022284172009676695
57.34000015258789,-16.032320022583008,36.26540756225586,-1.204024314880371,-0.0020931449253112078
57.349998474121094,-15.966961860656738,35.801979064941406,-1.0598199367523193,-0.0030047630425542593
57.36000061035156,-15.657710075378418,34.073177337646484,-0.9173904657363892,-0.0022279403638094664
57.369998931884766,-15.12734317779541,33.8380241394043,-0.7752467393875122,-0.0020931449253112078
57.380001068115234,-15.12734317779541,34.72527313232422,-0.6338585615158081,-0.0016370975645259023
57.38999938964844,-15.3208646774292,35.30536651611328,-0.49010494351387024,-0.0015698587521910667
57.400001525878906,-15.313617706298828,35.0949592590332,-0.34509769082069397,-0.0015698587521910667
57.40999984741211,-15.352267265319824,35.04644012451172,-0.20062367618083954,-0.002482430310919881
57.41999816894531,-15.56189250946045,35.50213623046875,-0.05564158037304878,-0.001703700516372919
57.43000030517578,-15.771516799926758,35.613040924072266,0.088658906519413,-0.0011134138330817223
57.439998626708984,-15.981141090393066,36.601722717285156,0.23195567727088928,-0.0015030967770144343
57.45000076293945,-16.269989013671875,35.755638122558594,0.37791725993156433,-0.0011132549261674285
57.459999084472656,-16.529674530029297,34.60354232788086,0.5239397883415222,-0.00150325580034405
57.470001220703125,-16.769582748413086,34.06877136230469,0.6680434346199036,-0.001113095902837813
57.47999954223633,-17.084020614624023,34.39533996582031,0.8146446943283081,-0.0010465724626556039
57.4900016784668,-17.39845848083496,34.61715316772461,0.9515623450279236,-0.0015034942189231515
57.5,-17.79905128479004,33.74498748779297,1.0971884727478027,-0.0015698587521910667
57.5099983215332,-17.663131713867188,32.70119857788086,1.2416625022888184,-0.0020269392989575863
57.52000045776367,-17.548439025878906,32.21497344970703,1.388369083404541,-0.0011788246920332313
57.529998779296875,-18.279279708862305,32.61813735961914,1.533064365386963,-0.0005893328343518078
57.540000915527344,-19.746654510498047,32.72904586791992,1.672575831413269,-0.0009806053712964058
57.54999923706055,-20.09697151184082,31.657947540283203,1.811224341392517,-0.0005891738692298532
57.560001373291016,-20.512451171875,31.67230796813965,1.9516103267669678,-0.0000658081698929891
57.56999969482422,-21.036514282226562,31.16987419128418,2.094202756881714,-0.0009151150588877499
57.58000183105469,-21.52121925354004,29.687320709228516,2.2337865829467773,-0.0005889354506507516
57.59000015258789,-21.835657119750977,30.907289505004883,2.365805149078369,-0.0005232862313278019
57.599998474121094,-22.850238800048828,29.798871994018555,2.5001797676086426,-0.00006549025420099497
57.61000061035156,-23.29395866394043,29.058561325073242,2.6388745307922363,0.0004578754596877843
57.619998931884766,-23.503583908081055,28.449979782104492,2.77586030960083,0.00006533130363095552
57.630001068115234,-24.03253746032715,27.7000675201416,2.911742925643921,0
57.63999938964844,-25.48064613342285,26.70191192626953,3.0480172634124756,0.0004581138782668859
57.650001525878906,-26.004709243774414,25.70375633239746,3.1844828128814697,0.0005232862313278019
57.65999984741211,-26.61125373840332,25.578386306762695,3.3159751892089844,0.0005232862313278019
57.66999816894531,-27.356155395507812,24.952661514282227,3.4496238231658936,0.0009816385572776198
57.68000030517578,-28.261741638183594,23.73269271850586,3.576970338821411,0.0010465724626556039
57.689998626708984,-29.264501571655273,22.54152488708496,3.7166552543640137,0.0015050837537273765
57.70000076293945,-29.788562774658203,21.65427589416504,3.8541336059570312,0.0015698587521910667
57.709999084472656,-30.223209381103516,19.253198623657227,3.9892866611480713,0.0015698587521910667
57.720001220703125,-30.447622299194336,18.103322982788086,4.1178059577941895,0.0015698587521910667
57.72999954223633,-30.876239776611328,17.9671688079834,4.2490997314453125,0.0029463462997227907
57.7400016784668,-31.787540435791016,17.763933181762695,4.3807573318481445,0.0031397175043821335
57.75,-32.5212287902832,16.43305778503418,4.507815361022949,0.002680729143321514
57.7599983215332,-32.96587371826172,14.796334266662598,4.634505748748779,0.003534566378220916
57.77000045776367,-33.09761047363281,12.828512191772461,4.755928993225098,0.002744709374383092
57.779998779296875,-33.71391677856445,11.12260913848877,4.874770641326904,0.003534884424880147
57.790000915527344,-34.80121994018555,10.072543144226074,4.992267608642578,0.0036630036775022745
57.79999923706055,-34.906028747558594,9.628918647766113,5.113052845001221,0.004122389014810324
57.810001373291016,-35.01084518432617,7.218156814575195,5.2366228103637695,0.0041862898506224155
57.81999969482422,-35.115657806396484,6.696251392364502,5.35847282409668,0.004645834676921368
57.83000183105469,-35.32915115356445,4.737157344818115,5.477094650268555,0.0047095762565732
57.84000015258789,-35.58384704589844,1.677229642868042,5.592728137969971,0.0047095762565732
57.849998474121094,-35.667057037353516,0.6847882270812988,5.709159851074219,0.005169359035789967
57.86000061035156,-35.35261917114258,-0.2024616301059723,5.820834159851074,0.004773000255227089
57.869998931884766,-35.20966720581055,-2.541363477706909,5.939776420593262,0.0051695178262889385
57.880001068115234,-35.22740173339844,-4.684428691864014,6.052330017089844,0.00477284099906683
57.88999938964844,-35.111392974853516,-6.38104248046875,6.161169052124023,0.005169677082449198
57.900001525878906,-34.57500076293945,-7.972880840301514,6.280010223388672,0.004772682208567858
57.90999984741211,-33.94612503051758,-9.85828685760498,6.390753746032715,0.00516983587294817
57.91999816894531,-33.039222717285156,-11.743692398071289,6.499249458312988,0.0047725229524075985
57.93000030517578,-32.232322692871094,-14.350810050964355,6.610703945159912,0.0047095762565732
57.939998626708984,-31.279956817626953,-15.910646438598633,6.715755939483643,0.004249077755957842
57.95000076293945,-30.06073760986328,-16.241682052612305,6.821269989013672,0.003725712187588215
57.959999084472656,-29.012611389160156,-20.012495040893555,6.922210216522217,0.0036630036775022745
57.970001220703125,-27.566055297851562,-21.464519500732422,7.02595853805542,0.004123740363866091
57.97999954223633,-26.173818588256836,-23.27243423461914,7.1283650398254395,0.002803841372951865
57.9900016784668,-24.608583450317383,-24.893447875976562,7.223931312561035,0.0030773268081247807
58,-22.852968215942383,-26.196582794189453,7.318375110626221,0.002678742166608572
58.0099983215332,-21.169055938720703,-27.710866928100586,7.410236835479736,0.002155376598238945
58.02000045776367,-19.07280731201172,-26.93452262878418,7.495502948760986,0.0020931449253112078
58.029998779296875,-16.56620216369629,-28.763446807861328,7.582705974578857,0.0016319314017891884
58.040000915527344,-14.233893394470215,-30.52194595336914,7.67450475692749,0.0006472726236097515
58.04999923706055,-11.905729293823242,-31.210325241088867,7.76131010055542,0.0005232862313278019
58.060001373291016,-9.058469772338867,-31.125974655151367,7.84469747543335,-0.0008610697113908827
58.06999969482422,-6.018908500671387,-32.56775665283203,7.9354095458984375,-0.0015081040328368545
58.08000183105469,-3.5133655071258545,-32.87940216064453,8.024283409118652,-0.0020314697176218033
58.09000015258789,-0.7154791951179504,-33.33173370361328,8.104848861694336,-0.0039399066008627415
58.099998474121094,2.284019708633423,-33.40367889404297,8.189902305603027,-0.0041862898506224155
58.11000061035156,5.07843017578125,-32.631927490234375,8.272663116455078,-0.00557183800265193
58.119998931884766,7.0698676109313965,-32.521018981933594,8.345625877380371,-0.005756148602813482
58.130001068115234,10.308469772338867,-31.191953659057617,8.426043510437012,-0.00621815724298358
58.13999938964844,13.162208557128906,-30.128276824951172,8.503758430480957,-0.006741522811353207
58.150001525878906,15.453550338745117,-29.39021110534668,8.57706069946289,-0.008189222775399685
58.15999984741211,17.497854232788086,-28.525819778442383,8.648460388183594,-0.008834825828671455
58.16999816894531,20.118165969848633,-26.529508590698242,8.715658187866211,-0.008895865641534328
58.18000030517578,22.018402099609375,-25.512836456298828,8.78304386138916,-0.010283082723617554
58.189998626708984,24.297016143798828,-22.191904067993164,8.851134300231934,-0.010928209871053696
58.20000076293945,26.3302059173584,-18.544883728027344,8.915763854980469,-0.01145157590508461
58.209999084472656,28.154497146606445,-15.359772682189941,8.975404739379883,-0.011512297205626965
58.220001220703125,30.310665130615234,-12.25439739227295,9.034823417663574,-0.012437744997441769
58.22999954223633,31.568416595458984,-9.149023056030273,9.096124649047852,-0.013021673075854778
58.2400016784668,32.57017517089844,-5.953356742858887,9.1530122756958,-0.012156390585005283
58.25,32.90488052368164,-2.2218821048736572,9.2080078125,-0.013887432403862476
58.2599983215332,32.87284851074219,1.5350902080535889,9.265902519226074,-0.01366568636149168
58.27000045776367,32.90613555908203,4.77921724319458,9.317010879516602,-0.01314232125878334
58.279998779296875,32.38207244873047,9.104560852050781,9.36673355102539,-0.012618956156075
58.290000915527344,31.67348289489746,12.941766738891602,9.412334442138672,-0.012558870017528534
58.29999923706055,30.261863708496094,16.353904724121094,9.463600158691406,-0.013485588133335114
58.310001373291016,28.3067569732666,19.157608032226562,9.506916046142578,-0.01267856452614069
58.31999969482422,26.03028106689453,21.994163513183594,9.548951148986816,-0.012558870017528534
58.33000183105469,23.409969329833984,27.650381088256836,9.591906547546387,-0.011631674133241177
58.34000015258789,21.38483238220215,29.422969818115234,9.626465797424316,-0.011048619635403156
58.349998474121094,18.720863342285156,31.529150009155273,9.663530349731445,-0.010525253601372242
58.36000061035156,15.685602188110352,33.698646545410156,9.695368766784668,-0.010465724393725395
58.369998931884766,12.438085556030273,35.44939422607422,9.726025581359863,-0.009073976427316666
58.380001068115234,8.87446117401123,36.44615936279297,9.758888244628906,-0.007967875339090824
58.38999938964844,5.310836315155029,37.33340835571289,9.79139518737793,-0.006457069423049688
58.400001525878906,1.7472116947174072,37.52941131591797,9.817065238952637,-0.005351126194000244
58.40999984741211,-1.6448478698730469,37.347869873046875,9.837905883789062,-0.0038401612546294928
58.41999816894531,-5.188499450683594,37.5690803527832,9.861863136291504,-0.003198690479621291
58.43000030517578,-9.28201961517334,38.687931060791016,9.887481689453125,-0.002210932085290551
58.439998626708984,-12.216768264770508,36.02618408203125,9.908134460449219,-0.00023525625874754041
58.45000076293945,-15.24010944366455,35.520484924316406,9.922654151916504,0.0013936549657955766
58.459999084472656,-17.959068298339844,33.10272216796875,9.939173698425293,0.001105227624066174
58.470001220703125,-20.47456932067871,30.521642684936523,9.955485343933105,0.002905414905399084
58.47999954223633,-22.94452667236328,29.885255813598633,9.9638090133667,0.0040692975744605064
58.4900016784668,-25.145587921142578,28.110755920410156,9.97433853149414,0.0041862898506224155
58.5,-27.06007957458496,25.426563262939453,9.987154960632324,0.005581136792898178
58.5099983215332,-28.733545303344727,22.653907775878906,9.994345664978027,0.007151234429329634
58.52000045776367,-30.4920654296875,20.078418731689453,10.006651878356934,0.007326007355004549
58.529998779296875,-32.218143463134766,17.679189682006836,10.005450248718262,0.007326007355004549
58.540000915527344,-32.95183181762695,15.017439842224121,10.005712509155273,0.007791274692863226
58.54999923706055,-33.48060607910156,12.355690956115723,10.009510040283203,0.008314640261232853
58.560001373291016,-34.316612243652344,9.693941116333008,10.010908126831055,0.009303431957960129
58.56999969482422,-34.88531494140625,7.202073097229004,10.007893562316895,0.008953646756708622
58.58000183105469,-35.18207550048828,4.104677677154541,10.003924369812012,0.00982703547924757
58.59000015258789,-35.67410659790039,-0.8614363074302673,10.001688957214355,0.008545445278286934
58.599998474121094,-35.464481353759766,-2.8577487468719482,9.997115135192871,0.008838322944939137
58.61000061035156,-35.509613037109375,-5.662759780883789,9.989465713500977,0.009361689910292625
58.619998931884766,-34.949493408203125,-8.017600059509277,9.983363151550293,0.008021444082260132
58.630001068115234,-33.9013671875,-10.435988426208496,9.97946834564209,0.00831527542322874
58.63999938964844,-32.83022689819336,-13.801017761230469,9.97713851928711,0.008372579701244831
58.650001525878906,-31.572477340698242,-16.573673248291016,9.974807739257812,0.008372579701244831
58.65999984741211,-30.039173126220703,-19.540712356567383,9.971887588500977,0.007440138608217239
58.66999816894531,-28.332225799560547,-21.537002563476562,9.965791702270508,0.006393407005816698
58.68000030517578,-26.29294776916504,-23.1604061126709,9.957343101501465,0.006745814345777035
58.689998626708984,-23.845378875732422,-25.22142791748047,9.944583892822266,0.0058698030188679695
58.70000076293945,-21.225067138671875,-28.104991912841797,9.937592506408691,0.003889994230121374
58.709999084472656,-18.604753494262695,-29.21160125732422,9.928372383117676,0.0031963856890797615
58.720001220703125,-15.612874984741211,-29.502052307128906,9.9116849899292,0.0022063222713768482
58.72999954223633,-12.468500137329102,-30.45139503479004,9.89618968963623,0.0011595907853916287
58.7400016784668,-9.324124336242676,-32.125526428222656,9.885686874389648,-0.0008208536310121417
58.75,-6.182460308074951,-32.78618240356445,9.8702974319458,-0.0019804444164037704
58.7599983215332,-3.3525235652923584,-32.89708709716797,9.85684585571289,-0.003494191449135542
58.77000045776367,-0.035111263394355774,-33.26590347290039,9.840736389160156,-0.0031959088519215584
58.779998779296875,3.366925001144409,-32.98860549926758,9.823456764221191,-0.005942764226347208
58.790000915527344,6.753230571746826,-32.20390701293945,9.805286407470703,-0.006279435008764267
58.79999923706055,10.157191276550293,-31.566463470458984,9.783249855041504,-0.007681435439735651
58.810001373291016,12.882315635681152,-29.902870178222656,9.759774208068848,-0.00831670593470335
58.81999969482422,15.431083679199219,-28.892410278320312,9.73763656616211,-0.008840071968734264
58.83000183105469,17.88287353515625,-27.128801345825195,9.71475601196289,-0.009363438002765179
58.84000015258789,20.332799911499023,-24.882808685302734,9.688738822937012,-0.009886803105473518
58.849998474121094,22.74492073059082,-22.71308135986328,9.660430908203125,-0.009942438453435898
58.86000061035156,24.5267333984375,-20.1622371673584,9.638526916503906,-0.011345868930220604
58.869998931884766,26.784099578857422,-16.906909942626953,9.610486030578613,-0.01104440726339817
58.880001068115234,28.454206466674805,-13.280732154846191,9.572537422180176,-0.011456980369985104
58.88999938964844,29.862939834594727,-9.900762557983398,9.543405532836914,-0.012448394671082497
58.900001525878906,31.156705856323242,-6.925349712371826,9.504956245422363,-0.012090741656720638
58.90999984741211,31.785581588745117,-3.5981621742248535,9.464300155639648,-0.012971999123692513
58.91999816894531,32.21036911010742,0.7008102536201477,9.430814743041992,-0.013082155957818031
58.93000030517578,32.009033203125,3.8769845962524414,9.390351295471191,-0.013082155957818031
58.939998626708984,31.642885208129883,7.0991668701171875,9.349325180053711,-0.013082155957818031
58.95000076293945,31.01348114013672,10.849967002868652,9.306833267211914,-0.013082155957818031
58.959999084472656,29.57108497619629,14.807348251342773,9.261341094970703,-0.012613550759851933
58.970001220703125,28.732585906982422,17.912723541259766,9.214004516601562,-0.012090184725821018
58.97999954223633,26.37298011779785,20.66042137145996,9.168917655944824,-0.011566819623112679
58.9900016784668,24.3682861328125,24.46564483642578,9.12215518951416,-0.011981140822172165
59,22.33185577392578,27.957061767578125,9.07369613647461,-0.01062881387770176
59.0099983215332,19.254058837890625,29.353147506713867,9.022241592407227,-0.010465724393725395
59.02000045776367,16.738557815551758,32.23670959472656,8.96610164642334,-0.00905847828835249
59.029998779296875,14.588812828063965,33.9592170715332,8.912226676940918,-0.009365027770400047
59.040000915527344,12.157721519470215,34.94500732421875,8.854537010192871,-0.007542188744992018
59.04999923706055,9.367415428161621,35.97019958496094,8.794166564941406,-0.007326007355004549
59.060001373291016,6.381938457489014,37.23673629760742,8.730611801147461,-0.00638720765709877
59.06999969482422,3.656813859939575,37.125831604003906,8.668889045715332,-0.0058099557645618916
59.08000183105469,0.24309276044368744,37.4312858581543,8.596807479858398,-0.003877913346514106
59.09000015258789,-2.62451171875,37.68580627441406,8.528066635131836,-0.0031933654099702835
59.099998474121094,-5.294254779815674,37.959922790527344,8.454704284667969,-0.0031397175043821335
59.11000061035156,-8.06930160522461,37.73798751831055,8.38239574432373,-0.0022001229226589203
59.119998931884766,-10.999632835388184,35.755184173583984,8.305002212524414,-0.0006835148087702692
59.130001068115234,-12.991069793701172,36.642433166503906,8.234694480895996,-0.000053330051741795614
59.13999938964844,-15.467508316040039,34.87815856933594,8.157785415649414,0
59.150001525878906,-17.7496395111084,32.864078521728516,8.078557968139648,-0.0004701151337940246
59.15999984741211,-19.645397186279297,31.210145950317383,7.997762203216553,0.0013574922922998667
59.16999816894531,-21.374361038208008,29.46613121032715,7.9176483154296875,0.0015698587521910667
59.18000030517578,-23.78504753112793,29.577037811279297,7.835780620574951,0.002510565798729658
59.189998626708984,-25.493608474731445,28.109176635742188,7.7512946128845215,0.003086864249780774
59.20000076293945,-26.812610626220703,26.33467674255371,7.665168762207031,0.0036102300509810448
59.209999084472656,-27.926721572875977,24.601261138916016,7.577311038970947,0.0036630036775022745
59.220001220703125,-28.98920249938965,22.937665939331055,7.492062091827393,0.0036630036775022745
59.22999954223633,-30.142141342163086,21.274072647094727,7.411782741546631,0.004604505840688944
59.2400016784668,-31.579174041748047,19.710683822631836,7.326461315155029,0.0047095762565732
59.25,-32.7656364440918,17.935062408447266,7.233479022979736,0.0047095762565732
59.2599983215332,-33.40193176269531,15.807560920715332,7.140280723571777,0.004238586872816086
59.27000045776367,-33.698341369628906,13.502781867980957,7.041317462921143,0.00465735886245966
59.279998779296875,-34.74646759033203,11.72828197479248,6.954646110534668,0.0047095762565732
59.290000915527344,-35.38806915283203,9.631162643432617,6.855611324310303,0.005180804058909416
59.29999923706055,-35.86262130737305,6.952414512634277,6.760010242462158,0.004761555232107639
59.310001373291016,-36.12379837036133,4.793659687042236,6.66230583190918,0.005652349907904863
59.31999969482422,-36.08750534057617,3.411602020263672,6.56341552734375,0.005756148602813482
59.33000183105469,-35.69451141357422,2.136066198348999,6.4567108154296875,0.005756148602813482
59.34000015258789,-36.008949279785156,-0.6365898251533508,6.350149154663086,0.005756148602813482
59.349998474121094,-36.15520095825195,-2.1634883880615234,6.2424540519714355,0.005756148602813482
59.36000061035156,-35.66377639770508,-3.635817050933838,6.134871482849121,0.004340795800089836
59.369998931884766,-35.071998596191406,-5.15062141418457,6.028392314910889,0.005130017176270485
59.380001068115234,-35.1447639465332,-6.438417911529541,5.921717643737793,0.005232862196862698
59.38999938964844,-34.93513488769531,-8.323823928833008,5.810414791107178,0.005232862196862698
59.400001525878906,-34.72550964355469,-10.305548667907715,5.696645736694336,0.004760760348290205
59.40999984741211,-34.11655044555664,-12.513137817382812,5.582939624786377,0.004237394314259291
59.41999816894531,-33.44639587402344,-14.218708038330078,5.468437671661377,0.0041862898506224155
59.43000030517578,-32.93906784057617,-15.274654388427734,5.355712413787842,0.0041862898506224155
59.439998626708984,-31.995752334594727,-17.71459197998047,5.238869667053223,0.0037138699553906918
59.45000076293945,-31.15039825439453,-18.807029724121094,5.124688625335693,0.003190504154190421
59.459999084472656,-30.75282859802246,-19.183095932006836,5.010199069976807,0.0031397175043821335
59.470001220703125,-29.95498275756836,-19.812686920166016,4.8936872482299805,0.0021944004110991955
59.47999954223633,-28.683996200561523,-21.006681442260742,4.7770843505859375,0.0020931449253112078
59.4900016784668,-28.05449104309082,-22.116159439086914,4.657077789306641,0.0020931449253112078
59.5,-26.58711814880371,-23.779752731323242,4.532536029815674,0.001620248076505959
59.5099983215332,-25.602270126342773,-25.18805694580078,4.410013198852539,0.0015698587521910667
59.52000045776367,-24.595916748046875,-25.926891326904297,4.284646034240723,-0.0003223646490368992
59.529998779296875,-23.474458694458008,-26.2153263092041,4.159761905670166,0.0008961197454482317
59.540000915527344,-22.468400955200195,-26.68120765686035,4.033322334289551,0.0005733576836064458
59.54999923706055,-22.049150466918945,-27.457550048828125,3.907149314880371,0.00004999195516575128
59.560001373291016,-20.931072235107422,-28.326326370239258,3.7820794582366943,-0.0004733737441711128
59.56999969482422,-19.799089431762695,-29.346654891967773,3.6581130027770996,-0.0005232862313278019
59.58000183105469,-19.135101318359375,-29.967954635620117,3.5320560932159424,-0.00004975352203473449
59.59000015258789,-18.995664596557617,-29.81991195678711,3.4010093212127686,-0.0004736121918540448
59.599998474121094,-17.947540283203125,-30.152631759643555,3.268566370010376,-0.000996977905742824
59.61000061035156,-16.616558074951172,-29.98651123046875,3.1407923698425293,-0.0010465724626556039
59.619998931884766,-15.672891616821289,-30.798952102661133,3.014160633087158,-0.0010465724626556039
59.630001068115234,-14.848511695861816,-31.55403709411621,2.8829843997955322,-0.0015205026138573885
59.63999938964844,-13.946950912475586,-31.55403709411621,2.753044843673706,-0.0015698587521910667
59.650001525878906,-13.213263511657715,-31.55403709411621,2.6152873039245605,-0.002043947810307145
59.65999984741211,-12.783231735229492,-31.55403709411621,2.4871249198913574,-0.0016189764719456434
59.66999816894531,-12.210484504699707,-31.6352481842041,2.358471632003784,-0.0015698587521910667
59.68000030517578,-11.320216178894043,-31.69083595275879,2.223358392715454,-0.0025185137055814266
59.689998626708984,-10.473174095153809,-31.720260620117188,2.0905354022979736,-0.0016676172381266952
59.70000076293945,-10.443126678466797,-31.81703758239746,1.9565893411636353,-0.0015698587521910667
59.709999084472656,-9.4998140335083,-31.484317779541016,1.817294955253601,-0.0015698587521910667
59.720001220703125,-9.393312454223633,-32.30270004272461,1.6794801950454712,-0.0025191495660692453
59.72999954223633,-9.083647727966309,-32.534610748291016,1.5438718795776367,-0.003565880935639143
59.7400016784668,-8.420031547546387,-32.458595275878906,1.4060919284820557,-0.0027133948169648647
59.75,-7.71715784072876,-32.98274612426758,1.2706985473632812,-0.0021415473893284798
59.7599983215332,-7.29790735244751,-32.20640182495117,1.1314473152160645,-0.0020931449253112078
59.77000045776367,-7.422338962554932,-32.197113037109375,0.9948236346244812,-0.0020931449253112078
59.779998779296875,-7.433533191680908,-32.587974548339844,0.8563476204872131,-0.0020931449253112078
59.790000915527344,-7.203699588775635,-32.78973388671875,0.7175686955451965,-0.0020931449253112078
59.79999923706055,-6.9048752784729,-32.620849609375,0.5855981707572937,-0.002568426076322794
59.810001373291016,-7.21931266784668,-33.28628921508789,0.45184576511383057,-0.002616431098431349
59.81999969482422,-7.631296634674072,-32.919551849365234,0.3116282820701599,-0.002616431098431349
59.83000183105469,-7.392861366271973,-32.166629791259766,0.17457345128059387,-0.0016653918428346515
59.84000015258789,-7.160435199737549,-31.999427795410156,0.03995267301797867,-0.002521056914702058
59.849998474121094,-7.216975688934326,-32.79256057739258,-0.10180585086345673,-0.002616431098431349
59.86000061035156,-7.112163066864014,-34.01253128051758,-0.24584800004959106,-0.0030921893194317818
59.869998931884766,-8.052136421203613,-32.80033493041992,-0.37793293595314026,-0.0017122046556323767
59.880001068115234,-8.435388565063477,-32.42696762084961,-0.5165906548500061,-0.0020457757636904716
59.88999938964844,-8.533936500549316,-31.963455200195312,-0.6564042568206787,-0.003045138204470277
59.900001525878906,-8.75141716003418,-31.976112365722656,-0.7995554804801941,-0.0021875654347240925
59.90999984741211,-9.458710670471191,-33.61713409423828,-0.9355096817016602,-0.0025693003553897142
59.91999816894531,-9.773147583007812,-31.620824813842773,-1.0706628561019897,-0.003568901214748621
59.93000030517578,-10.17452621459961,-32.29239273071289,-1.207669734954834,-0.0031866892240941525
59.939998626708984,-10.531304359436035,-32.12419509887695,-1.3442879915237427,-0.0031397175043821335
59.95000076293945,-11.111750602722168,-31.578081130981445,-1.4846220016479492,-0.0031397175043821335
59.959999084472656,-12.011032104492188,-31.907161712646484,-1.6252832412719727,-0.0031397175043821335
59.970001220703125,-11.906219482421875,-31.463537216186523,-1.7596616744995117,-0.0021864527370780706
59.97999954223633,-13.115638732910156,-32.21188735961914,-1.8926243782043457,-0.0020931449253112078
59.9900016784668,-13.853568077087402,-31.556922912597656,-2.0249993801116943,-0.003523519029840827
60,-14.227884292602539,-30.63814926147461,-2.1567955017089844,-0.002709261840209365
60.0099983215332,-14.644640922546387,-30.394683837890625,-2.2919487953186035,-0.002616431098431349
60.02000045776367,-15.48314094543457,-30.061965942382812,-2.42562198638916,-0.002139401389285922
60.029998779296875,-16.926477432250977,-29.729246139526367,-2.5533416271209717,-0.0030473635997623205
60.040000915527344,-17.859498977661133,-29.800399780273438,-2.675071954727173,-0.0026625285390764475
60.04999923706055,-18.28199005126953,-30.296619415283203,-2.8037872314453125,-0.002616431098431349
60.060001373291016,-18.742952346801758,-30.406217575073242,-2.935812473297119,-0.002616431098431349
60.06999969482422,-20.19277000427246,-28.684354782104492,-3.0705416202545166,-0.0035712854005396366
60.08000183105469,-21.03127098083496,-28.79526138305664,-3.1975390911102295,-0.0036630036775022745
60.09000015258789,-21.53669548034668,-28.025070190429688,-3.3233723640441895,-0.004140589851886034
60.099998474121094,-22.602731704711914,-27.213565826416016,-3.451408624649048,-0.0051416209898889065
60.11000061035156,-23.90028953552246,-26.330181121826172,-3.580610752105713,-0.0037996270693838596
60.119998931884766,-24.65369415283203,-25.166213989257812,-3.7118947505950928,-0.0036630036775022745
60.130001068115234,-25.59700584411621,-25.609840393066406,-3.843552589416504,-0.004618811886757612
60.13999938964844,-26.720722198486328,-24.621784210205078,-3.9692296981811523,-0.00518755940720439
60.150001525878906,-27.28207778930664,-23.33226203918457,-4.094316482543945,-0.004754799418151379
60.15999984741211,-27.863052368164062,-22.263347625732422,-4.22014856338501,-0.005665861070156097
60.16999816894531,-28.98240852355957,-21.402469635009766,-4.342637062072754,-0.005277926567941904
60.18000030517578,-29.92572021484375,-19.517061233520508,-4.462643623352051,-0.006667766720056534
60.189998626708984,-30.67476463317871,-17.42609405517578,-4.583195209503174,-0.005845959298312664
60.20000076293945,-31.33578872680664,-16.549089431762695,-4.704367160797119,-0.0067130690440535545
60.209999084472656,-32.10924530029297,-15.451436042785645,-4.824275016784668,-0.006802720949053764
60.220001220703125,-32.88648986816406,-13.6559476852417,-4.941951274871826,-0.007759959902614355
60.22999954223633,-33.09611892700195,-12.546884536743164,-5.057545185089111,-0.007370594888925552
60.2400016784668,-33.826072692871094,-11.437822341918945,-5.166594505310059,-0.00780478585511446
60.25,-34.63935470581055,-9.739192962646484,-5.274479866027832,-0.007849293760955334
60.2599983215332,-35.25735092163086,-7.737124443054199,-5.386890411376953,-0.009765042923390865
60.27000045776367,-35.891197204589844,-6.213799953460693,-5.50421667098999,-0.009942438453435898
60.279998779296875,-36.93896484375,-5.913063049316406,-5.613737106323242,-0.00946334283798933
60.290000915527344,-36.31009292602539,-2.5858752727508545,-5.723258018493652,-0.009898328222334385
60.29999923706055,-36.71955871582031,0.19195468723773956,-5.8316874504089355,-0.00898392777889967
60.310001373291016,-36.85196304321289,1.1463676691055298,-5.940042972564697,-0.009854535572230816
60.31999969482422,-36.7175178527832,1.720037817955017,-6.046463489532471,-0.009463024325668812
60.33000183105469,-36.6388053894043,3.882927656173706,-6.152488708496094,-0.0094191525131464
60.34000015258789,-36.00992965698242,7.210114479064941,-6.255138874053955,-0.0094191525131464
60.349998474121094,-35.661441802978516,8.856086730957031,-6.359631061553955,-0.0094191525131464
60.36000061035156,-34.795074462890625,11.173895835876465,-6.4620561599731445,-0.00989888422191143
60.369998931884766,-34.04282760620117,13.239906311035156,-6.562256336212158,-0.009462627582252026
60.380001068115234,-33.712890625,14.179232597351074,-6.658282279968262,-0.00989904347807169
60.38999938964844,-32.874393463134766,14.401044845581055,-6.75192928314209,-0.009462468326091766
60.400001525878906,-32.63825607299805,17.70354461669922,-6.847940921783447,-0.0094191525131464
60.40999984741211,-31.517547607421875,20.01690673828125,-6.943002700805664,-0.008939022198319435
60.41999816894531,-30.101625442504883,22.01120376586914,-7.034698009490967,-0.00985628366470337
60.43000030517578,-28.84699821472168,23.8614501953125,-7.125863552093506,-0.008501573465764523
60.439998626708984,-27.891117095947266,24.957212448120117,-7.217007637023926,-0.008852947503328323
60.45000076293945,-26.423742294311523,25.511743545532227,-7.304554462432861,-0.00793497171252966
60.459999084472656,-24.7906551361084,27.644397735595703,-7.393102645874023,-0.00832981988787651
60.470001220703125,-23.172042846679688,30.071680068969727,-7.481454849243164,-0.008853185921907425
60.47999954223633,-21.599855422973633,31.50350570678711,-7.564177989959717,-0.007453808560967445
60.4900016784668,-19.952096939086914,31.309768676757812,-7.637760639190674,-0.006845241878181696
60.5,-17.54140853881836,33.63880157470703,-7.715485095977783,-0.006802720949053764
60.5099983215332,-15.040932655334473,36.442874908447266,-7.793547630310059,-0.005840872414410114
60.52000045776367,-12.656070709228516,37.59852600097656,-7.869696140289307,-0.005275144707411528
60.529998779296875,-10.1051025390625,38.18489456176758,-7.947218894958496,-0.004751779139041901
60.540000915527344,-7.219489574432373,39.273136138916016,-8.019449234008789,-0.003747250884771347
60.54999923706055,-4.599177360534668,39.05132293701172,-8.090898513793945,-0.003181761596351862
60.560001373291016,-1.6887015104293823,38.72716522216797,-8.16384506225586,-0.0026583957951515913
60.56999969482422,1.8240584135055542,39.00606155395508,-8.233362197875977,-0.0016536290058866143
60.58000183105469,5.310620307922363,38.59996795654297,-8.299187660217285,-0.0010883781360462308
60.59000015258789,8.3151273727417,37.07194519042969,-8.366004943847656,-0.000565012451261282
60.599998474121094,10.83062744140625,35.630165100097656,-8.432899475097656,-0.00004164671554462984
60.61000061035156,13.553434371948242,35.394866943359375,-8.494580268859863,0.0014451569877564907
60.619998931884766,16.120189666748047,32.99457931518555,-8.551671028137207,0.0015698587521910667
60.630001068115234,18.580974578857422,30.583942413330078,-8.609314918518066,0.0025336146354675293
60.63999938964844,20.87068748474121,28.553424835205078,-8.66766357421875,0.005026218015700579
60.650001525878906,22.890993118286133,25.922222137451172,-8.721715927124023,0.005714899394661188
60.65999984741211,25.406494140625,23.815004348754883,-8.778806686401367,0.006238264963030815
60.66999816894531,27.405296325683594,19.79420280456543,-8.835782051086426,0.006761630531400442
60.68000030517578,29.04533576965332,15.945025444030762,-8.888213157653809,0.006802720949053764
60.689998626708984,30.28965187072754,12.703619956970215,-8.934983253479004,0.0077674309723079205
60.70000076293945,31.102739334106445,9.793168067932129,-8.982657432556152,0.008331728167831898
60.709999084472656,31.73161506652832,6.687793731689453,-9.027402877807617,0.008855093270540237
60.720001220703125,32.26744079589844,3.680877685546875,-9.071676254272461,0.007930679246783257
60.72999954223633,31.968555450439453,-0.9826080799102783,-9.115950584411621,0.00929731223732233
60.7400016784668,31.411304473876953,-5.454433917999268,-9.156112670898438,0.00845364760607481
60.75,30.920116424560547,-8.511244773864746,-9.193039894104004,0.00788974855095148
60.7599983215332,29.66236686706543,-11.838431358337402,-9.229857444763184,0.0083322050049901
60.77000045776367,28.00469207763672,-14.95403003692627,-9.265867233276367,0.00885557010769844
60.779998779296875,26.17667007446289,-18.139305114746094,-9.299095153808594,0.008412796072661877
60.790000915527344,23.932756423950195,-20.22140121459961,-9.332606315612793,0.006923130713403225
60.79999923706055,21.471872329711914,-21.952136993408203,-9.367822647094727,0.007769179530441761
60.810001373291016,19.472030639648438,-26.139892578125,-9.398106575012207,0.007365984842181206
60.81999969482422,17.061342239379883,-29.023454666137695,-9.422063827514648,0.005875843111425638
60.83000183105469,14.815543174743652,-29.377140045166016,-9.447430610656738,0.005756148602813482
60.84000015258789,12.32461166381836,-29.964588165283203,-9.47108268737793,0.005756148602813482
60.849998474121094,9.49897575378418,-31.330913543701172,-9.491456985473633,0.004305269103497267
60.86000061035156,6.441346168518066,-32.65798568725586,-9.5154447555542,0.0027351719327270985
60.869998931884766,3.1921586990356445,-32.768890380859375,-9.53288459777832,0.0031002166215330362
60.880001068115234,-0.41453370451927185,-32.690650939941406,-9.5480318069458,0.0016881227493286133
60.88999938964844,-3.5637195110321045,-32.37370681762695,-9.568784713745117,0.0015698587521910667
60.900001525878906,-6.474529266357422,-32.14401626586914,-9.582340240478516,-0.0003662367817014456
60.90999984741211,-9.561990737915039,-32.20423889160156,-9.589171409606934,-0.0014914929633960128
60.91999816894531,-12.915990829467773,-31.98242950439453,-9.598740577697754,-0.0015698587521910667
60.93000030517578,-15.403210639953613,-29.926267623901367,-9.607479095458984,-0.0030226458329707384
60.939998626708984,-18.316770553588867,-28.848377227783203,-9.610762596130371,-0.0041084010154008865
60.95000076293945,-21.176931381225586,-27.24126434326172,-9.617177963256836,-0.006123974919319153
60.959999084472656,-23.715330123901367,-24.939228057861328,-9.624434471130371,-0.006279435008764267
60.970001220703125,-26.335641860961914,-24.71741485595703,-9.62838077545166,-0.007733175531029701
60.97999954223633,-27.717058181762695,-20.999801635742188,-9.628453254699707,-0.008818612433969975
60.9900016784668,-29.47347640991211,-18.47925567626953,-9.624113082885742,-0.009865344502031803
61,-31.19719886779785,-16.42949676513672,-9.619766235351562,-0.011396894231438637
61.0099983215332,-32.50090408325195,-14.338486671447754,-9.619009017944336,-0.011027399450540543
61.02000045776367,-33.15122604370117,-11.981090545654297,-9.615728378295898,-0.011473988182842731
61.029998779296875,-34.19934844970703,-9.097528457641602,-9.609902381896973,-0.012482412159442902
61.040000915527344,-35.33317565917969,-6.486026287078857,-9.604463577270508,-0.012558870017528534
61.04999923706055,-35.81254196166992,-3.2224488258361816,-9.600181579589844,-0.0130440853536129
61.060001373291016,-35.77577590942383,-0.035156771540641785,-9.58983325958252,-0.013082155957818031
61.06999969482422,-35.63408279418945,2.2411744594573975,-9.581737518310547,-0.013567530550062656
61.08000183105469,-35.2148323059082,5.7901740074157715,-9.582902908325195,-0.013605441898107529
61.09000015258789,-34.98085403442383,8.064885139465332,-9.568517684936523,-0.014576510526239872
61.099998474121094,-34.36223220825195,10.96552848815918,-9.562809944152832,-0.013195174746215343
61.11000061035156,-33.56742858886719,13.784109115600586,-9.554203033447266,-0.013082155957818031
61.119998931884766,-32.77606201171875,16.1761474609375,-9.543956756591797,-0.013082155957818031
61.130001068115234,-31.727935791015625,19.8360538482666,-9.533470153808594,-0.012596304528415203
61.13999938964844,-30.580244064331055,21.283445358276367,-9.520581245422363,-0.013044800609350204
61.150001525878906,-29.202009201049805,23.647367477416992,-9.509556770324707,-0.011624122969806194
61.15999984741211,-27.380231857299805,25.616436004638672,-9.496848106384277,-0.011998387053608894
61.16999816894531,-25.20532989501953,27.22373390197754,-9.480470657348633,-0.011063244193792343
61.18000030517578,-23.110769271850586,30.30051612854004,-9.467423439025879,-0.009530263021588326
61.189998626708984,-21.11933135986328,31.631389617919922,-9.454349517822266,-0.008932823315262794
61.20000076293945,-18.799768447875977,33.396270751953125,-9.433252334594727,-0.007923049852252007
61.209999084472656,-16.331518173217773,34.61168670654297,-9.41179084777832,-0.007362805772572756
61.220001220703125,-13.48510456085205,35.45220184326172,-9.394926071166992,-0.006352873053401709
61.22999954223633,-9.999073028564453,36.65392303466797,-9.377824783325195,-0.006279435008764267
61.2400016784668,-7.37876033782959,37.65208053588867,-9.353540420532227,-0.004819256719201803
61.25,-4.046736717224121,38.085418701171875,-9.329514503479004,-0.0047095762565732
61.2599983215332,-0.652418851852417,38.28165054321289,-9.299456596374512,-0.0032489208970218897
61.27000045776367,2.5815088748931885,38.096099853515625,-9.273823738098145,-0.0021657883189618587
61.279998779296875,5.745502948760986,37.430660247802734,-9.249353408813477,-0.0011190568329766393
61.290000915527344,9.623564720153809,36.76522445678711,-9.224885940551758,0.0004147981235291809
61.29999923706055,12.734455108642578,36.302730560302734,-9.197304725646973,0.0024720982182770967
61.310001373291016,15.274031639099121,34.498680114746094,-9.163483619689941,0.0035909961443394423
61.31999969482422,17.673818588256836,31.85999870300293,-9.130358695983887,0.0036630036775022745
61.33000183105469,20.36920928955078,29.261960983276367,-9.090063095092773,0.005125327967107296
61.34000015258789,23.723209381103516,27.709274291992188,-9.052488327026367,0.005720383487641811
61.349998474121094,25.534774780273438,23.545207977294922,-9.016806602478027,0.0067313495092093945
61.36000061035156,27.55166244506836,21.154895782470703,-8.982022285461426,0.00729040103033185
61.369998931884766,29.216800689697266,17.612712860107422,-8.94460391998291,0.005862729158252478
61.380001068115234,30.415712356567383,13.178354263305664,-8.900565147399902,0.007707504089921713
61.38999938964844,31.48363494873047,10.649392127990723,-8.856645584106445,0.008337211795151234
61.400001525878906,32.951011657714844,6.324049472808838,-8.81610107421875,0.007884582504630089
61.40999984741211,33.48017883300781,3.7134616374969482,-8.770038604736328,0.008337371051311493
61.41999816894531,33.490509033203125,0.6586877107620239,-8.718164443969727,0.009348893538117409
61.43000030517578,33.280879974365234,-2.424243688583374,-8.66364574432373,0.00795444380491972
61.439998626708984,33.02373123168945,-4.810297012329102,-8.618512153625488,0.008337609469890594
61.45000076293945,32.39485549926758,-10.24470329284668,-8.567642211914062,0.006907394155859947
61.459999084472656,31.21263885498047,-12.45877456665039,-8.509627342224121,0.007779670413583517
61.470001220703125,29.819379806518555,-14.950206756591797,-8.457197189331055,0.007360739633440971
61.47999954223633,28.092300415039062,-17.833768844604492,-8.39210319519043,0.007326007355004549
61.4900016784668,26.052494049072266,-20.87659454345703,-8.327945709228516,0.006348581053316593
61.5,24.270681381225586,-24.64740562438965,-8.262837409973145,0.006279435008764267
61.5099983215332,22.290555953979492,-25.58534049987793,-8.198556900024414,0.0057905628345906734
61.52000045776367,20.373804092407227,-27.310028076171875,-8.132667541503906,0.005756148602813482
61.529998779296875,18.336530685424805,-28.779613494873047,-8.067097663879395,0.003800024511292577
61.540000915527344,16.135469436645508,-29.610443115234375,-7.996391296386719,0.004152114037424326
61.54999923706055,13.929302215576172,-30.614002227783203,-7.921553134918213,0.0036970998626202345
61.560001373291016,11.308989524841309,-32.055782318115234,-7.847789287567139,0.0036630036775022745
61.56999969482422,8.933534622192383,-33.15210723876953,-7.77614688873291,0.0026843056548386812
61.58000183105469,6.5705108642578125,-33.72696304321289,-7.704009532928467,0.0016375744016841054
61.59000015258789,3.8983912467956543,-33.741302490234375,-7.632490158081055,0.0010803508339449763
61.599998474121094,0.7148764729499817,-33.29767608642578,-7.561705112457275,0.0010465724626556039
61.61000061035156,-1.6958105564117432,-32.85404968261719,-7.484709739685059,0.0005569056374952197
61.619998931884766,-3.575188636779785,-32.78522491455078,-7.402556419372559,0.0005232862313278019
61.630001068115234,-5.933734893798828,-32.58180236816406,-7.321717739105225,-0.00045636534923687577
61.63999938964844,-8.42119026184082,-32.16525650024414,-7.238994598388672,-0.0015030967770144343
61.650001525878906,-10.593148231506348,-31.610727310180664,-7.1557745933532715,-0.00254982803016901
61.65999984741211,-13.213459968566895,-31.056194305419922,-7.067376136779785,-0.003106495598331094
61.66999816894531,-15.069899559020996,-30.905803680419922,-6.983488082885742,-0.003629861166700721
61.68000030517578,-16.85171127319336,-30.04347038269043,-6.895036697387695,-0.0036630036775022745
61.689998626708984,-18.819700241088867,-28.97125244140625,-6.807567119598389,-0.004643609281629324
61.70000076293945,-20.822097778320312,-27.897144317626953,-6.716116428375244,-0.0051999581046402454
61.709999084472656,-22.07984733581543,-26.122644424438477,-6.625027179718018,-0.006213785614818335
61.720001220703125,-23.849679946899414,-24.673255920410156,-6.530575752258301,-0.006279435008764267
61.72999954223633,-25.39765167236328,-24.71608543395996,-6.43337345123291,-0.006770055275410414
61.7400016784668,-26.70459747314453,-23.6296329498291,-6.337812423706055,-0.0077841212041676044
61.75,-27.915546417236328,-21.551050186157227,-6.242023468017578,-0.006867734249681234
61.7599983215332,-29.264501571655273,-20.886112213134766,-6.1433820724487305,-0.0072935800999403
61.77000045776367,-30.312625885009766,-17.780736923217773,-6.044349670410156,-0.007326007355004549
61.779998779296875,-31.0212345123291,-15.573500633239746,-5.9433488845825195,-0.0068349894136190414
61.790000915527344,-31.9521541595459,-14.216401100158691,-5.837568759918213,-0.008276013657450676
61.79999923706055,-32.70976257324219,-12.758723258972168,-5.73197078704834,-0.008372579701244831
61.810001373291016,-32.83592224121094,-10.402052879333496,-5.629440784454346,-0.008372579701244831
61.81999969482422,-33.988861083984375,-9.625709533691406,-5.525264739990234,-0.00886391568928957
61.83000183105469,-34.13187026977539,-8.752217292785645,-5.415744304656982,-0.007913035340607166
61.84000015258789,-34.333892822265625,-7.864966869354248,-5.306524753570557,-0.008832283318042755
61.849998474121094,-34.77694320678711,-6.387983322143555,-5.199512004852295,-0.008404291234910488
61.86000061035156,-35.29541015625,-4.351024150848389,-5.094624996185303,-0.008372579701244831
61.869998931884766,-35.29541015625,-3.68558669090271,-4.98859977722168,-0.0073891133069992065
61.880001068115234,-35.69038772583008,-1.7663289308547974,-4.875793933868408,-0.008309632539749146
61.88999938964844,-35.88681411743164,-0.47734782099723816,-4.752096652984619,-0.007880687713623047
61.900001525878906,-35.74260711669922,0.5735079646110535,-4.64453649520874,-0.00834126491099596
61.90999984741211,-35.50069808959961,1.8166054487228394,-4.532121181488037,-0.007880528457462788
61.91999816894531,-35.80735778808594,3.476541757583618,-4.413527488708496,-0.007849293760955334
61.93000030517578,-35.17848205566406,4.696510314941406,-4.301727294921875,-0.007849293760955334
61.939998626708984,-35.03684616088867,5.057199954986572,-4.18881893157959,-0.008341583423316479
61.95000076293945,-35.03684616088867,5.588352680206299,-4.069291114807129,-0.008372579701244831
61.959999084472656,-34.84324645996094,6.714600563049316,-3.948859453201294,-0.006895233877003193
61.970001220703125,-34.24555587768555,8.345193862915039,-3.8260061740875244,-0.006802720949053764
61.97999954223633,-34.03593444824219,9.565162658691406,-3.702587604522705,-0.005817505996674299
61.9900016784668,-33.650028228759766,9.759233474731445,-3.5819482803344727,-0.006248835939913988
62,-33.230777740478516,11.308762550354004,-3.4619338512420654,-0.006772201042622328
62.0099983215332,-33.08592224121094,13.195955276489258,-3.3476154804229736,-0.005817029159516096
62.02000045776367,-33.311988830566406,13.909957885742188,-3.228092908859253,-0.005756148602813482
62.029998779296875,-32.99755096435547,14.24267578125,-3.1022608280181885,-0.005756148602813482
62.040000915527344,-32.77818298339844,13.770602226257324,-2.9762885570526123,-0.004769979976117611
62.04999923706055,-32.63916015625,16.054914474487305,-2.849759817123413,-0.0047095762565732
62.060001373291016,-32.626609802246094,17.713457107543945,-2.7296721935272217,-0.005202819127589464
62.06999969482422,-32.57979202270508,17.215864181518555,-2.6038401126861572,-0.004246216733008623
62.08000183105469,-31.950916290283203,18.214021682739258,-2.4813661575317383,-0.0041862898506224155
62.09000015258789,-31.934066772460938,18.672504425048828,-2.3526837825775146,-0.0041862898506224155
62.099998474121094,-31.70146369934082,18.459794998168945,-2.224351644515991,-0.004679851233959198
62.11000061035156,-31.493154525756836,18.633811950683594,-2.101792097091675,-0.0047095762565732
62.119998931884766,-31.302560806274414,19.682464599609375,-1.9745169878005981,-0.0037221356760710478
62.130001068115234,-30.875062942504883,21.382776260375977,-1.8419493436813354,-0.004650603048503399
62.13999938964844,-30.246187210083008,21.271869659423828,-1.7102057933807373,-0.004215696826577187
62.150001525878906,-29.870712280273438,21.697229385375977,-1.5790268182754517,-0.0041862898506224155
62.15999984741211,-29.796260833740234,21.55342674255371,-1.447993516921997,-0.003198213642463088
62.16999816894531,-29.723440170288086,21.41427993774414,-1.3191883563995361,-0.003633835120126605
62.18000030517578,-29.37053108215332,22.254732131958008,-1.191690444946289,-0.003168806666508317
62.189998626708984,-29.580154418945312,22.69835662841797,-1.062650442123413,-0.004128270782530308
62.20000076293945,-29.789779663085938,23.23869514465332,-0.9314041137695312,-0.0036919338162988424
62.209999084472656,-29.731687545776367,23.014202117919922,-0.7995262145996094,-0.0026741325855255127
62.220001220703125,-29.35222625732422,22.663257598876953,-0.6707049012184143,-0.003605461213737726
62.22999954223633,-28.903244018554688,22.698022842407227,-0.5431338548660278,-0.0031684092245996
62.2400016784668,-29.322494506835938,22.365304946899414,-0.4125118851661682,-0.002645043423399329
62.25,-29.250085830688477,21.82448959350586,-0.28071919083595276,-0.002616431098431349
62.2599983215332,-29.145273208618164,22.91123390197754,-0.1467311829328537,-0.0021215982269495726
62.27000045776367,-28.94167709350586,23.326889038085938,-0.012743210420012474,-0.0030829699244350195
62.279998779296875,-28.826614379882812,22.56064224243164,0.11791831254959106,-0.00214973371475935
62.290000915527344,-29.34751319885254,22.890493392944336,0.24945791065692902,-0.0020931449253112078
62.29999923706055,-29.137887954711914,22.557775497436523,0.38505592942237854,-0.0020931449253112078
62.310001373291016,-29.493824005126953,22.310548782348633,0.5213741660118103,-0.002588375238701701
62.31999969482422,-29.848913192749023,21.850339889526367,0.6542472243309021,-0.0016258115647360682
62.33000183105469,-30.090391159057617,21.218608856201172,0.7859049439430237,-0.0010744694154709578
62.34000015258789,-30.38267707824707,20.70314598083496,0.9160876274108887,-0.0010465724626556039
62.349998474121094,-30.38267707824707,20.70314598083496,1.1224400997161865,-0.0015421208227053285
62.36000061035156,-30.38267707824707,21.074453353881836,1.2464908361434937,-0.00008297552267322317
62.369998931884766,-30.82547378540039,21.049537658691406,1.3071993589401245,0
62.380001068115234,-31.326440811157227,20.55265235900879,1.4363418817520142,-0.0004957866622135043
62.38999938964844,-31.531471252441406,19.82175636291504,1.5672625303268433,-0.0010191523469984531
62.400001525878906,-32.36996841430664,19.378131866455078,1.6989203691482544,-0.0005506268353201449
62.40999984741211,-32.6405143737793,19.33515739440918,1.828751802444458,-0.0005232862313278019
62.41999816894531,-32.63957214355469,18.518186569213867,1.9543888568878174,0.0004689229535870254
62.43000030517578,-32.854793548583984,17.443349838256836,2.082993984222412,-0.0004690819187089801
62.439998626708984,-33.33492660522461,16.511131286621094,2.208017349243164,0.00046924088383093476
62.45000076293945,-33.23011016845703,15.402069091796875,2.335383892059326,0.0005232862313278019
62.459999084472656,-33.53166580200195,15.152992248535156,2.447234869003296,0.001019708695821464
62.470001220703125,-33.76898193359375,14.686363220214844,2.5672061443328857,0.000550070486497134
62.47999954223633,-34.24186706542969,13.908980369567871,2.6981945037841797,0.000026704765332397074
62.4900016784668,-34.778282165527344,12.761723518371582,2.825706958770752,0.0004966609412804246
62.5,-34.77457046508789,11.26009464263916,2.9488067626953125,0.0010200266260653734
62.5099983215332,-34.66975784301758,11.149188041687012,3.064755439758301,0.0020402122754603624
62.52000045776367,-34.901161193847656,10.415694236755371,3.1865928173065186,0.0015962455654516816
62.529998779296875,-35.394351959228516,9.024056434631348,3.3096823692321777,0.0020668376237154007
62.540000915527344,-35.81254196166992,7.546802997589111,3.434199810028076,0.0020931449253112078
62.54999923706055,-35.80189895629883,6.670815944671631,3.5573720932006836,0.0025902825873345137
62.560001373291016,-35.69708251953125,5.894472122192383,3.6797499656677246,0.0016219966346397996
62.56999969482422,-35.95621871948242,3.5777018070220947,3.80379319190979,0.0015698587521910667
62.58000183105469,-36.07110595703125,2.997610569000244,3.9265427589416504,0.002067234832793474
62.59000015258789,-36.323387145996094,2.528841018676758,4.045714378356934,0.0015956892166286707
62.599998474121094,-36.74134063720703,0.6069232225418091,4.1609015464782715,0.0015698587521910667
62.61000061035156,-36.112464904785156,-0.9457641243934631,4.272184371948242,0.0020674734842032194
62.619998931884766,-36.46278381347656,-2.4984514713287354,4.38869571685791,0.0020931449253112078
62.630001068115234,-36.29444122314453,-3.740260362625122,4.504356861114502,0.003586465958505869
62.63999938964844,-36.07110595703125,-4.901149749755859,4.614502429962158,0.002169444225728512
62.650001525878906,-35.97306823730469,-6.380460739135742,4.719732284545898,0.003586942795664072
62.65999984741211,-35.55370330810547,-8.708370208740234,4.833913326263428,0.0036630036775022745
62.66999816894531,-34.82001495361328,-8.042932510375977,4.9400482177734375,0.0031649121083319187
62.68000030517578,-33.925559997558594,-10.864754676818848,5.043898582458496,0.0036378884688019753
62.689998626708984,-33.26180648803711,-13.444899559020996,5.1465678215026855,0.0036630036775022745
62.70000076293945,-32.874000549316406,-14.720331192016602,5.251989364624023,0.0036630036775022745
62.709999084472656,-32.53864669799805,-15.614957809448242,5.361622333526611,0.0041614132933318615
62.720001220703125,-31.909774780273438,-16.613115310668945,5.464747905731201,0.0031893120612949133
62.72999954223633,-30.931640625,-18.073223114013672,5.568060398101807,0.0036382859107106924
62.7400016784668,-30.009204864501953,-19.492916107177734,5.672920227050781,0.0036630036775022745
62.75,-29.017208099365234,-21.79831886291504,5.773199558258057,0.0026655488181859255
62.7599983215332,-27.6899356842041,-25.29071044921875,5.8716816902160645,0.002616431098431349
62.77000045776367,-25.908124923706055,-25.512523651123047,5.973473072052002,0.003115317551419139
62.779998779296875,-24.22056007385254,-25.834064483642578,6.074824333190918,0.0021417858079075813
62.790000915527344,-22.89244270324707,-27.052785873413086,6.1735076904296875,0.0015940996818244457
62.79999923706055,-21.739505767822266,-28.428733825683594,6.271637439727783,0.001070733880624175
62.810001373291016,-20.315689086914062,-29.38279151916504,6.363430500030518,0.0010465724626556039
62.81999969482422,-17.800189971923828,-30.159135818481445,6.451256275177002,0.0005472887423820794
62.83000183105469,-15.790586471557617,-31.791973114013672,6.5411295890808105,0.0005232862313278019
62.84000015258789,-13.645730018615723,-32.1568603515625,6.6318135261535645,-0.00047559913946315646
62.849998474121094,-11.392428398132324,-32.1565055847168,6.7202911376953125,-0.00202185264788568
62.86000061035156,-9.003246307373047,-32.29679870605469,6.806509494781494,-0.0020931449253112078
62.869998931884766,-6.409328460693359,-32.539554595947266,6.89728307723999,-0.0020931449253112078
62.880001068115234,-4.627516269683838,-33.42680740356445,6.982777118682861,-0.0025929054245352745
62.88999938964844,-2.260211229324341,-32.98648452758789,7.058694839477539,-0.0036161113530397415
62.900001525878906,0.43280380964279175,-32.5858154296875,7.134215354919434,-0.004162922967225313
62.90999984741211,3.228039264678955,-32.364749908447266,7.211730003356934,-0.0046862890012562275
62.91999816894531,5.932700157165527,-31.986087799072266,7.289792537689209,-0.0052096545696258545
62.93000030517578,8.448199272155762,-32.2078971862793,7.367855072021484,-0.0057330201379954815
62.939998626708984,11.05427360534668,-32.046348571777344,7.440978050231934,-0.006256386172026396
62.95000076293945,13.145750999450684,-30.985166549682617,7.511528491973877,-0.006779751740396023
62.959999084472656,15.05246639251709,-29.652753829956055,7.5826005935668945,-0.00730311730876565
62.970001220703125,17.1143856048584,-28.545623779296875,7.654712677001953,-0.008326958864927292
62.97999954223633,19.00101089477539,-26.882030487060547,7.725823879241943,-0.008372579701244831
62.9900016784668,21.180156707763672,-25.424787521362305,7.794985294342041,-0.00937385018914938
63,23.308181762695312,-23.287458419799805,7.864212989807129,-0.00891843717545271
63.0099983215332,25.161596298217773,-20.487789154052734,7.925691604614258,-0.010899041779339314
63.02000045776367,26.830171585083008,-17.628477096557617,7.9862775802612305,-0.010989011265337467
63.029998779296875,28.821609497070312,-15.964882850646973,8.046714782714844,-0.011489964090287685
63.040000915527344,29.55977439880371,-13.63822078704834,8.105613708496094,-0.012013329192996025
63.04999923706055,30.453401565551758,-9.955290794372559,8.158369064331055,-0.011534471996128559
63.060001373291016,31.56321144104004,-6.086664199829102,8.225946426391602,-0.012013488449156284
63.06999969482422,32.4486083984375,-2.7222588062286377,8.281112670898438,-0.012035583145916462
63.08000183105469,32.435489654541016,0.01583889126777649,8.333739280700684,-0.012536933645606041
63.09000015258789,32.22586441040039,3.897557020187378,8.38215160369873,-0.012057439424097538
63.099998474121094,31.321025848388672,7.319504261016846,8.432748794555664,-0.0125370929017663
63.11000061035156,30.772354125976562,9.986075401306152,8.4857759475708,-0.012057281099259853
63.119998931884766,30.107187271118164,12.766565322875977,8.53445816040039,-0.01253725215792656
63.130001068115234,28.599336624145508,16.508825302124023,8.576520919799805,-0.011555374599993229
63.13999938964844,26.81752586364746,20.057825088500977,8.623085021972656,-0.012014123611152172
63.150001525878906,24.941877365112305,23.110374450683594,8.671184539794922,-0.011533676646649837
63.15999984741211,22.985889434814453,26.912212371826172,8.714909553527832,-0.011010311543941498
63.16999816894531,20.635295867919922,29.939037322998047,8.755325317382812,-0.010486945509910583
63.18000030517578,17.927906036376953,31.402429580688477,8.789299011230469,-0.00996357947587967
63.189998626708984,15.72684383392334,32.955116271972656,8.819182395935059,-0.009942438453435898
63.20000076293945,13.425015449523926,34.61442947387695,8.854005813598633,-0.008937830105423927
63.209999084472656,10.356171607971191,35.38996124267578,8.885201454162598,-0.007891098968684673
63.220001220703125,6.8985185623168945,35.99810791015625,8.914694786071777,-0.007849293760955334
63.22999954223633,3.499035596847534,36.80339813232422,8.940741539001465,-0.00684420857578516
63.2400016784668,0.5671727657318115,37.684539794921875,8.969792366027832,-0.005797477439045906
63.25,-2.2627642154693604,38.3499755859375,8.997669219970703,-0.0052534472197294235
63.2599983215332,-5.592077732086182,37.25404739379883,9.018641471862793,-0.003724520094692707
63.27000045776367,-8.815852165222168,36.75834655761719,9.039613723754883,-0.0026572830975055695
63.279998779296875,-11.855414390563965,36.40168762207031,9.065864562988281,-0.0006046721828170121
63.290000915527344,-14.816421508789062,34.65835952758789,9.084712028503418,0.00048275222070515156
63.29999923706055,-17.01748275756836,33.21657943725586,9.09846019744873,0.0010263848816975951
63.310001373291016,-19.579195022583008,31.106969833374023,9.11475658416748,0.0025561070069670677
63.31999969482422,-22.199506759643555,29.862003326416016,9.132233619689941,0.002616431098431349
63.33000183105469,-25.314481735229492,28.14971923828125,9.14821720123291,0.004126442596316338
63.34000015258789,-28.572721481323242,25.35430908203125,9.162679672241211,0.003682873211801052
63.349998474121094,-28.572721481323242,25.35430908203125,9.17603874206543,0.004669995978474617
63.36000061035156,-29.64076042175293,23.5049991607666,9.182687759399414,0.006723878439515829
63.369998931884766,-31.15682029724121,20.50967788696289,9.1881742477417,0.006802720949053764
63.380001068115234,-32.40043258666992,17.886850357055664,9.19662094116211,0.005795252043753862
63.38999938964844,-33.205169677734375,15.822273254394531,9.195911407470703,0.0072675906121730804
63.400001525878906,-34.2532958984375,12.384181022644043,9.193129539489746,0.007326007355004549
63.40999984741211,-34.78128433227539,10.266987800598145,9.19495677947998,0.00883792620152235
63.41999816894531,-35.78268814086914,7.654675006866455,9.194388389587402,0.00839181337505579
63.43000030517578,-36.38475799560547,4.765439987182617,9.19063949584961,0.00786844827234745
63.439998626708984,-36.33648681640625,1.058237075805664,9.184945106506348,0.008353505283594131
63.45000076293945,-35.94182205200195,-4.057456016540527,9.181434631347656,0.009381162002682686
63.459999084472656,-35.94182205200195,-4.057456016540527,9.17327880859375,0.008914781734347343
63.470001220703125,-35.76884460449219,-5.521742820739746,9.157373428344727,0.009400316514074802
63.47999954223633,-35.37316131591797,-8.608747482299805,9.155693054199219,0.0094191525131464
63.4900016784668,-34.548702239990234,-11.96565055847168,9.15176010131836,0.008409935049712658
63.5,-33.264617919921875,-14.252975463867188,9.14617919921875,0.00786789134144783
63.5099983215332,-32.53092956542969,-17.025630950927734,9.13863468170166,0.007344525773078203
63.52000045776367,-30.86302375793457,-18.71089744567871,9.130478858947754,0.006821159739047289
63.529998779296875,-29.2191162109375,-20.92023277282715,9.123058319091797,0.006802720949053764
63.540000915527344,-27.380035400390625,-23.094532012939453,9.113372802734375,0.0057927086018025875
63.54999923706055,-25.218997955322266,-25.012229919433594,9.102945327758789,0.0047459774650633335
63.560001373291016,-23.22756004333496,-28.006698608398438,9.094724655151367,0.003699245862662792
63.56999969482422,-20.633995056152344,-28.3464412689209,9.08626937866211,0.002652514260262251
63.58000183105469,-17.786029815673828,-29.050031661987305,9.074930191040039,0.002111107110977173
63.59000015258789,-15.365425109863281,-30.100492477416992,9.061386108398438,0.000071530623245053
63.599998474121094,-13.074633598327637,-31.377483367919922,9.046238899230957,0
63.61000061035156,-9.628193855285645,-32.78522491455078,9.030852317810059,-0.0015166876837611198
63.619998931884766,-6.693443775177002,-32.78522491455078,9.014183044433594,-0.0015698587521910667
63.630001068115234,-3.675877094268799,-33.223384857177734,8.99600887298584,-0.0030870232731103897
63.63999938964844,-0.8113560080528259,-33.037044525146484,8.981917381286621,-0.0031397175043821335
63.650001525878906,1.981522798538208,-32.690860748291016,8.965605735778809,-0.005163238849490881
63.65999984741211,4.925679683685303,-33.195621490478516,8.952768325805664,-0.005232862196862698
63.66999816894531,7.965241432189941,-33.195621490478516,8.933374404907227,-0.006750980392098427
63.68000030517578,10.556056022644043,-31.866079330444336,8.907361030578613,-0.007308839820325375
63.689998626708984,13.332673072814941,-30.10616683959961,8.884453773498535,-0.008338403888046741
63.70000076293945,16.18580436706543,-28.73894691467285,8.861405372619629,-0.008878856897354126
63.709999084472656,18.714853286743164,-27.994230270385742,8.838103294372559,-0.009402223862707615
63.720001220703125,20.182228088378906,-26.2197322845459,8.812440872192383,-0.009925588965415955
63.72999954223633,22.906469345092773,-23.729110717773438,8.78056812286377,-0.010448954068124294
63.7400016784668,25.375347137451172,-21.560317993164062,8.748929977416992,-0.009959128685295582
63.75,27.20380210876465,-19.15986442565918,8.716795921325684,-0.011969138868153095
63.7599983215332,28.43828010559082,-16.17780113220215,8.682381629943848,-0.011528829112648964
63.77000045776367,29.591215133666992,-12.850614547729492,8.64907169342041,-0.011512297205626965
63.779998779296875,30.847766876220703,-10.07162094116211,8.615200996398926,-0.012019210495054722
63.790000915527344,32.10551834106445,-6.880234718322754,8.579082489013672,-0.012035583145916462
63.79999923706055,32.543148040771484,-3.0323681831359863,8.539461135864258,-0.012542656622827053
63.810001373291016,32.34952926635742,1.0053294897079468,8.491661071777344,-0.0120517173781991
63.81999969482422,32.4256706237793,4.417468070983887,8.452877044677734,-0.012035583145916462
63.83000183105469,32.00642013549805,9.297342300415039,8.411885261535645,-0.012542895041406155
63.84000015258789,31.242862701416016,11.900178909301758,8.36904239654541,-0.012558870017528534
63.849998474121094,30.157934188842773,14.92004108428955,8.332923889160156,-0.01154392957687378
63.86000061035156,28.64022445678711,18.383464813232422,8.286476135253906,-0.012019846588373184
63.869998931884766,26.674121856689453,21.274385452270508,8.235528945922852,-0.0115279546007514
63.880001068115234,24.892309188842773,22.60525894165039,8.189383506774902,-0.011512297205626965
63.88999938964844,23.203506469726562,24.72347068786621,8.135286331176758,-0.011512297205626965
63.900001525878906,21.389427185058594,27.8118896484375,8.079361915588379,-0.011004430241882801
63.90999984741211,19.5909423828125,31.174362182617188,8.026788711547852,-0.009973117150366306
63.91999816894531,17.75714683532715,33.69904327392578,7.974747180938721,-0.009942438453435898
63.93000030517578,15.241646766662598,33.69904327392578,7.919459819793701,-0.008926226757466793
63.939998626708984,12.726147651672363,34.756568908691406,7.858453750610352,-0.007879495620727539
63.95000076293945,9.908760070800781,36.1850700378418,7.794963359832764,-0.006832764018326998
63.959999084472656,7.382026672363281,36.8203125,7.7304606437683105,-0.006294377148151398
63.970001220703125,4.967392444610596,36.936790466308594,7.66498327255249,-0.0052625872194767
63.97999954223633,1.6195788383483887,38.334930419921875,7.598876953125,-0.0037073525600135326
63.9900016784668,-1.419983148574829,37.55858612060547,7.531715393066406,-0.0036630036775022745
64,-3.7179040908813477,37.654197692871094,7.469441890716553,-0.002645679283887148
64.01000213623047,-6.335565090179443,37.86431121826172,7.401865005493164,-0.0015989479143172503
64.0199966430664,-9.007017135620117,37.79816818237305,7.332556247711182,-0.0010610375320538878
64.02999877929688,-10.902636528015137,37.259368896484375,7.253501892089844,-0.0015554731944575906
64.04000091552734,-12.894073486328125,35.70668029785156,7.189015865325928,-0.0005518984980881214
64.05000305175781,-14.974847793579102,34.910240173339844,7.110953330993652,0.0004948329296894372
64.05999755859375,-16.876497268676758,33.28386688232422,7.03743839263916,0.0005232862313278019
64.06999969482422,-18.941089630126953,31.963401794433594,6.952210426330566,0.0010325047187507153
64.08000183105469,-21.281391143798828,31.770954132080078,6.868018627166748,0.001555870519950986
64.08999633789062,-22.643953323364258,29.885547637939453,6.788887023925781,0.002079236088320613
64.0999984741211,-23.71770668029785,28.611339569091797,6.710824489593506,0.0020931449253112078
64.11000061035156,-24.837631225585938,27.543319702148438,6.625313758850098,0.0020931449253112078
64.12000274658203,-26.321874618530273,26.194595336914062,6.539828300476074,0.0015835290541872382
64.12999725341797,-27.979904174804688,24.516849517822266,6.454532623291016,0.0030989451333880424
64.13999938964844,-28.818405151367188,23.18597412109375,6.366388320922852,0.0026299424935132265
64.1500015258789,-29.656904220581055,21.3090877532959,6.277834415435791,0.0036361399106681347
64.16000366210938,-30.731599807739258,20.17346954345703,6.18423318862915,0.0036630036775022745
64.16999816894531,-31.450441360473633,18.59721565246582,6.08743143081665,0.0036630036775022745
64.18000030517578,-31.88404655456543,16.88347816467285,5.998111724853516,0.004173096269369125
64.19000244140625,-32.61241149902344,16.41169548034668,5.908233165740967,0.003676117630675435
64.19999694824219,-33.24128723144531,15.41353988647461,5.814212322235107,0.0026424999814480543
64.20999908447266,-34.12715530395508,13.236997604370117,5.717925548553467,0.004147424828261137
64.22000122070312,-34.70329666137695,11.574089050292969,5.622817039489746,0.0036758792120963335
64.2300033569336,-34.94428634643555,10.503886222839355,5.522872447967529,0.0036630036775022745
64.23999786376953,-35.134883880615234,9.414960861206055,5.426075458526611,0.004684143234044313
64.25,-35.973384857177734,7.640460968017578,5.324710369110107,0.0036882779095321894
64.26000213623047,-35.97850799560547,5.474038124084473,5.227850914001465,0.0036630036775022745
64.2699966430664,-36.214332580566406,3.1117374897003174,5.124760150909424,0.00417381152510643
64.27999877929688,-36.4152946472168,1.4571212530136108,5.019059181213379,0.0026536269579082727
64.29000091552734,-36.17617416381836,0.7807739973068237,4.91585636138916,0.0031273984350264072
64.30000305175781,-35.33767318725586,-0.43919461965560913,4.7298383712768555,0.002628670772537589
64.30999755859375,-35.29541015625,-0.5006844997406006,4.6661224365234375,0.003127557225525379
64.31999969482422,-35.67070770263672,-1.9303089380264282,4.599677085876465,0.0031397175043821335
64.33000183105469,-35.891231536865234,-3.3913121223449707,4.490909099578857,0.0031397175043821335
64.33999633789062,-35.838661193847656,-4.278562068939209,4.378524303436279,0.0021169884130358696
64.3499984741211,-35.9401741027832,-5.193741321563721,4.270089626312256,0.0020931449253112078
64.36000061035156,-35.83536148071289,-7.8554911613464355,4.161169528961182,0.0026046682614833117
64.37000274658203,-35.40258026123047,-9.476130485534668,4.047879695892334,0.002616431098431349
64.37999725341797,-34.878517150878906,-10.44180679321289,3.934877395629883,0.0021047487389296293
64.38999938964844,-34.42055892944336,-11.037297248840332,3.8198533058166504,0.0020931449253112078
64.4000015258789,-34.088958740234375,-11.453678131103516,3.704892158508301,0.0015813036588951945
64.41000366210938,-33.56489562988281,-11.564584732055664,3.5888006687164307,0.0015698587521910667
64.41999816894531,-33.3076057434082,-13.08691120147705,3.480036497116089,0.0015698587521910667
64.43000030517578,-33.03352737426758,-14.656805038452148,3.3678135871887207,0.0010577789507806301
64.44000244140625,-32.67910385131836,-15.675492286682129,3.250162363052368,-0.0004899053019471467
64.44999694824219,-32.29088592529297,-16.123126983642578,3.1348161697387695,0.0015256687765941024
64.45999908447266,-32.081260681152344,-17.23219108581543,3.0105443000793457,0.0005452223122119904
64.47000122070312,-31.584064483642578,-18.239822387695312,2.8964154720306396,0.0005232862313278019
64.4800033569336,-30.560291290283203,-18.784751892089844,2.780423641204834,0.0005232862313278019
64.48999786376953,-29.86554718017578,-19.46498680114746,2.658331871032715,-0.0010143836261704564
64.5,-29.730863571166992,-20.40778350830078,2.5374345779418945,0.0004913358716294169
64.51000213623047,-29.101987838745117,-20.740501403808594,2.4254910945892334,0.000010570636732154526
64.5199966430664,-28.678691864013672,-21.617050170898438,2.311924695968628,-0.0005127950571477413
64.52999877929688,-28.651042938232422,-21.758441925048828,2.1920006275177,-0.000010411679795652162
64.54000091552734,-28.325057983398438,-21.932437896728516,2.065319061279297,-0.000512954022269696
64.55000305175781,-27.73826789855957,-22.593677520751953,1.9398554563522339,-0.0010363197652623057
64.55999755859375,-27.513914108276367,-23.761693954467773,1.8193519115447998,-0.0010465724626556039
64.56999969482422,-26.989850997924805,-23.872600555419922,1.6964401006698608,-0.002072957344353199
64.58000183105469,-26.721546173095703,-24.43454933166504,1.5706079006195068,-0.002606416819617152
64.58999633789062,-26.69426727294922,-24.32819366455078,1.4460207223892212,-0.002616431098431349
64.5999984741211,-26.508583068847656,-23.931720733642578,1.3226044178009033,-0.002616431098431349
64.61000061035156,-25.8933162689209,-24.03009605407715,1.192821741104126,-0.0015894104726612568
64.62000274658203,-26.207754135131836,-24.03009605407715,1.0718101263046265,-0.0010562688112258911
64.62999725341797,-25.784713745117188,-24.322729110717773,0.9423551559448242,-0.002073911251500249
64.63999938964844,-25.463796615600586,-24.655447006225586,0.8107160329818726,-0.0010656473459675908
64.6500015258789,-25.210926055908203,-25.262720108032227,0.6907094120979309,-0.00258805719204247
64.66000366210938,-24.934038162231445,-25.943016052246094,0.5729129314422607,-0.0015886157052591443
64.66999816894531,-24.829225540161133,-25.166671752929688,0.44689080119132996,-0.002083845902234316
64.68000030517578,-25.319116592407227,-25.229366302490234,0.31793081760406494,-0.0020931449253112078
64.69000244140625,-25.17135238647461,-25.340272903442383,0.19320052862167358,-0.0020931449253112078
64.69999694824219,-24.80228042602539,-25.557369232177734,0.06626827269792557,-0.0015789192402735353
64.70999908447266,-24.61638069152832,-25.64527130126953,-0.05712001025676727,-0.0025984689127653837
64.72000122070312,-24.82229232788086,-24.991615295410156,-0.18122699856758118,-0.002616431098431349
64.7300033569336,-24.71748161315918,-25.3243350982666,-0.3117626905441284,-0.0021019671112298965
64.73999786376953,-25.183725357055664,-25.57073211669922,-0.4408702850341797,-0.0026076885405927896
64.75,-25.52705192565918,-25.188243865966797,-0.5666337609291077,-0.002101808087900281
64.76000213623047,-25.566585540771484,-24.508216857910156,-0.6911996006965637,-0.0031225502025336027
64.7699966430664,-25.502620697021484,-24.40743064880371,-0.8140689730644226,-0.0026249352376908064
64.77999877929688,-25.921871185302734,-25.738306045532227,-0.9395385980606079,-0.003131292760372162
64.79000091552734,-26.252609252929688,-24.353090286254883,-1.0651077032089233,-0.0031397175043821335
64.80000305175781,-25.99066734313965,-24.16182518005371,-1.1925537586212158,-0.00210967636667192
64.80999755859375,-25.99494743347168,-24.085996627807617,-1.3170440196990967,-0.0026082447730004787
64.81999969482422,-26.92225456237793,-22.789949417114258,-1.440430998802185,-0.002616431098431349
64.83000183105469,-27.131879806518555,-23.677200317382812,-1.5630866289138794,-0.0036469490732997656
64.83999633789062,-27.723283767700195,-22.847553253173828,-1.6924140453338623,-0.0036630036775022745
64.8499984741211,-27.997283935546875,-21.92449951171875,-1.8148034811019897,-0.0031475857831537724
64.86000061035156,-28.195106506347656,-21.529335021972656,-1.9393293857574463,-0.00417071208357811
64.87000274658203,-28.59768295288086,-21.68120002746582,-2.053670644760132,-0.0041862898506224155
64.87999725341797,-29.331371307373047,-21.570293426513672,-2.1812472343444824,-0.0041862898506224155
64.88999938964844,-29.86030387878418,-21.567716598510742,-2.3071956634521484,-0.0047020260244607925
64.9000015258789,-30.228551864624023,-19.836544036865234,-2.429321765899658,-0.0047095762565732
64.91000366210938,-30.70330047607422,-18.808027267456055,-2.5449981689453125,-0.005225470755249262
64.91999816894531,-31.24527359008789,-18.32485580444336,-2.6543984413146973,-0.005232862196862698
64.93000030517578,-31.546218872070312,-16.10051918029785,-2.769524335861206,-0.005232862196862698
64.94000244140625,-31.546218872070312,-16.21142578125,-2.887099504470825,-0.005232862196862698
64.94999694824219,-31.970417022705078,-15.693924903869629,-3.0023555755615234,-0.005232862196862698
64.95999908447266,-32.735958099365234,-15.60340404510498,-3.120769739151001,-0.005232862196862698
64.97000122070312,-33.35617446899414,-15.100408554077148,-3.238631248474121,-0.006265605799853802
64.9800033569336,-33.42475509643555,-13.235076904296875,-3.3518896102905273,-0.005762983579188585
64.98999786376953,-34.05363082885742,-13.345982551574707,-3.467820882797241,-0.007305740378797054
65,-34.22364044189453,-11.903162956237793,-3.58131742477417,-0.006809397134929895
65.01000213623047,-34.12654495239258,-10.168354988098145,-3.6928346157073975,-0.0057693421840667725
65.0199966430664,-34.430908203125,-8.439177513122559,-3.819157123565674,-0.007823225110769272
65.02999877929688,-35.29541015625,-7.0670318603515625,-4.03694486618042,-0.007849293760955334
65.04000091552734,-35.29541015625,-7.0670318603515625,-4.03694486618042,-0.007849293760955334
65.05000305175781,-35.29541015625,-5.187049865722656,-4.144643306732178,-0.007332286331802607
65.05999755859375,-35.22117614746094,-3.819143772125244,-4.25416374206543,-0.007326007355004549
65.06999969482422,-35.564247131347656,-2.8153975009918213,-4.370838642120361,-0.008877506479620934
65.08000183105469,-36.14979934692383,-1.7407894134521484,-4.479874134063721,-0.00734412856400013
65.08999633789062,-35.94099807739258,-0.08068712800741196,-4.587962627410889,-0.007843333296477795
65.0999984741211,-35.836185455322266,1.1392815113067627,-4.691299915313721,-0.008366698399186134
65.11000061035156,-35.65020751953125,4.076977252960205,-4.797311782836914,-0.008372579701244831
65.12000274658203,-35.553977966308594,5.655266284942627,-4.902104377746582,-0.008372579701244831
65.12999725341797,-35.521751403808594,6.269084453582764,-5.005284786224365,-0.007854936644434929
65.13999938964844,-35.4091796875,8.216146469116211,-5.103091716766357,-0.008367015980184078
65.1500015258789,-35.199554443359375,9.547021865844727,-5.194608688354492,-0.008372579701244831
65.16000366210938,-34.98992919921875,9.945676803588867,-5.290603160858154,-0.008372579701244831
65.16999816894531,-34.52578353881836,11.379416465759277,-5.393895149230957,-0.008372579701244831
65.18000030517578,-33.857749938964844,13.55610466003418,-5.492671012878418,-0.008372579701244831
65.19000244140625,-33.109371185302734,15.47679615020752,-5.5823845863342285,-0.008372579701244831
65.19999694824219,-32.270870208740234,16.25313949584961,-5.6731858253479,-0.008372579701244831
65.20999908447266,-32.287662506103516,17.93450164794922,-5.769191741943359,-0.008372579701244831
65.22000122070312,-31.404603958129883,19.55967140197754,-5.867476463317871,-0.008372579701244831
65.2300033569336,-30.31859588623047,21.64885139465332,-5.957126617431641,-0.008372579701244831
65.23999786376953,-29.52004051208496,23.872400283813477,-6.0445098876953125,-0.009409614838659763
65.25,-28.47191619873047,23.983306884765625,-6.133028507232666,-0.008900554850697517
65.26000213623047,-26.710037231445312,26.144180297851562,-6.224796772003174,-0.007858512923121452
65.2699966430664,-25.548185348510742,26.804298400878906,-6.311783790588379,-0.007330537773668766
65.27999877929688,-24.33974838256836,28.374004364013672,-6.39325475692749,-0.007844842970371246
65.29000091552734,-22.958036422729492,30.401592254638672,-6.478973388671875,-0.006811463739722967
65.30000305175781,-21.77242088317871,29.920541763305664,-6.560576915740967,-0.006802720949053764
65.30999755859375,-19.780982971191406,31.251415252685547,-6.642096042633057,-0.006283647380769253
65.31999969482422,-17.789546966552734,32.93963623046875,-6.729030609130859,-0.005241128150373697
65.33000183105469,-16.0978946685791,33.825931549072266,-6.80914306640625,-0.005752095021307468
65.33999633789062,-14.453083038330078,34.46080017089844,-6.885427474975586,-0.005236836150288582
65.3499984741211,-12.384523391723633,35.8093147277832,-6.9616899490356445,-0.004713470581918955
65.36000061035156,-9.659399032592773,36.36384582519531,-7.033670902252197,-0.003670633537694812
65.37000274658203,-7.299714088439941,36.048336029052734,-7.107858180999756,-0.003143453039228916
65.37999725341797,-4.7262797355651855,37.091064453125,-7.182929039001465,-0.0015808268217369914
65.38999938964844,-2.0859951972961426,37.89920425415039,-7.2549872398376465,-0.003128987969830632
65.4000015258789,0.4833541810512543,37.483734130859375,-7.321115493774414,-0.0015803498681634665
65.41000366210938,3.313291311264038,38.81460952758789,-7.3811163902282715,-0.0010499900672584772
65.41999816894531,5.356889247894287,37.54530715942383,-7.445446968078613,-0.000006676191787846619
65.43000030517578,7.86508321762085,36.181640625,-7.512875080108643,0
65.44000244140625,10.590208053588867,35.11187744140625,-7.572295665740967,0.0010402142070233822
65.44999694824219,13.24068546295166,34.36186218261719,-7.630591869354248,0.00208694557659328
65.45999908447266,15.649723052978516,33.69075012207031,-7.686722278594971,0.003133677178993821
65.47000122070312,17.641159057617188,31.583532333374023,-7.737644195556641,0.003660063026472926
65.4800033569336,20.11712646484375,29.21996307373047,-7.789621829986572,0.0036630036775022745
65.48999786376953,22.343442916870117,27.256484985351562,-7.842051982879639,0.005224517080932856
65.5,24.261882781982422,25.703798294067383,-7.893666744232178,0.005232862196862698
65.51000213623047,26.245975494384766,23.99567222595215,-7.944178581237793,0.005753525998443365
65.5199966430664,28.132600784301758,20.2248592376709,-7.996352195739746,0.005756148602813482
65.52999877929688,29.317726135253906,17.474687576293945,-8.046170234680176,0.006797793321311474
65.54000091552734,30.68193817138672,14.321807861328125,-8.09164047241211,0.006802720949053764
65.55000305175781,32.09913635253906,10.854809761047363,-8.137431144714355,0.00628174003213644
65.55999755859375,33.123573303222656,7.6031599044799805,-8.182982444763184,0.007842617109417915
65.56999969482422,33.33319854736328,4.830503463745117,-8.225308418273926,0.007328153122216463
65.58000183105469,33.54282760620117,1.4571212530136108,-8.2661771774292,0.007326007355004549
65.58999633789062,33.191253662109375,-2.5747995376586914,-8.303712844848633,0.007326007355004549
65.5999984741211,32.33397674560547,-6.223442554473877,-8.347373008728027,0.006804628297686577
65.61000061035156,31.24466896057129,-9.287858963012695,-8.37784481048584,0.007324179168790579
65.62000274658203,30.406169891357422,-13.50229549407959,-8.41840648651123,0.006282932125031948
65.62999725341797,29.263011932373047,-15.675056457519531,-8.455604553222656,0.00732266902923584
65.63999938964844,27.570497512817383,-17.70071029663086,-8.483567237854004,0.006804310716688633
65.6500015258789,25.63125991821289,-20.031049728393555,-8.513757705688477,0.006802720949053764
65.66000366210938,23.61168098449707,-22.633243560791016,-8.548257827758789,0.005759009625762701
65.66999816894531,21.500741958618164,-25.080951690673828,-8.572320938110352,0.005234213545918465
65.68000030517578,18.985240936279297,-27.74270248413086,-8.600028038024902,0.004710847977548838
65.69000244140625,16.973833084106445,-28.715360641479492,-8.623090744018555,0.00523167010396719
65.69999694824219,14.729938507080078,-29.395904541015625,-8.644866943359375,0.005232862196862698
65.70999908447266,12.249512672424316,-29.91244888305664,-8.663291931152344,0.0036661033518612385
65.72000122070312,9.764591217041016,-30.035886764526367,-8.678922653198242,0.0031406711786985397
65.7300033569336,6.6202168464660645,-31.255855560302734,-8.69592571258545,0.0020948934834450483
65.73999786376953,3.475841999053955,-31.417238235473633,-8.711225509643555,0.0010481619974598289
65.75,0.3979448974132538,-32.05031967163086,-8.725351333618164,0.0005240015452727675
65.76000213623047,-2.4735872745513916,-32.915122985839844,-8.740229606628418,-0.0015673154266551137
65.7699966430664,-5.251736640930176,-33.432106018066406,-8.751087188720703,-0.0015698587521910667
65.77999877929688,-8.815361022949219,-33.21029281616211,-8.761500358581543,-0.0026154774241149426
65.79000091552734,-11.204425811767578,-33.40276336669922,-8.76948070526123,-0.0031393200624734163
65.80000305175781,-13.583710670471191,-31.837982177734375,-8.779646873474121,-0.0041856542229652405
65.80999755859375,-16.239099502563477,-30.078590393066406,-8.7823486328125,-0.0052323853597044945
65.81999969482422,-18.9536190032959,-29.150775909423828,-8.787740707397461,-0.006279116962105036
65.83000183105469,-20.94505500793457,-28.818058013916016,-8.78541088104248,-0.006802641320973635
