Time (s),Signal strength,Ax (m/s²),Ay (m/s²),Az (m/s²),Bx (µT),By (µT),Bz (µT),ωx (rad/s),ωy (rad/s),ωz (rad/s),Voltage (mV)
0.009999999776482582,37,0.029628867283463478,0.02150949276983738,9.824728965759277,27.01874351501465,-0.9980232119560242,-102.96306610107422,-1.1404907703399658,-1.7952269315719604,-0.15611043572425842,-0.0047095762565732
0.019999999552965164,36,0.044011712074279785,0.007777406368404627,9.81067180633545,27.179054260253906,-0.9300258159637451,-101.86046600341797,-1.1305721998214722,-1.7434300184249878,-0.2178259789943695,-0.0047095762565732
0.029999999329447746,35,0.048276498913764954,0.02171521820127964,9.819464683532715,27.166126251220703,-0.9355095028877258,-100.6552734375,-1.1502398252487183,-1.621123194694519,-0.3422967195510864,-0.0047095762565732
0.03999999910593033,34,0.04016132280230522,0.021166618913412094,9.804433822631836,27.080799102783203,-0.9190585017204285,-100.1176528930664,-1.0592057704925537,-1.4056854248046875,-0.4123290777206421,-0.0047095762565732
0.05000000074505806,33,0.058325495570898056,0.012491919100284576,9.785806655883789,27.28377342224121,-0.6799709796905518,-100.63748931884766,-0.8392303586006165,-1.075160026550293,-0.39372336864471436,-0.0041862898506224155
0.05999999865889549,33,0.05749671161174774,0.01775502786040306,9.78255558013916,27.388492584228516,-0.8576415181159973,-100.63748931884766,-0.5814991593360901,-0.7423635721206665,-0.3353809416294098,-0.0047095762565732
0.07000000029802322,33,0.04772397503256798,0.026018280535936356,9.796822547912598,27.233352661132812,-0.8148689866065979,-100.63748931884766,-0.33249080181121826,-0.428101509809494,-0.2441059798002243,-0.0047095762565732
0.07999999821186066,34,0.039608802646398544,0.021166620776057243,9.805545806884766,26.775693893432617,-0.8313199877738953,-101.35978698730469,-0.10074066370725632,-0.12997323274612427,-0.08519018441438675,-0.0047095762565732
0.09000000357627869,34,0.04138723015785217,0.015697786584496498,9.803668975830078,26.409822463989258,-0.9201552271842957,-101.58686828613281,-0.002964863320812583,-0.003713330253958702,-0.0000769660618971102,-0.005232862196862698
0.10000000149011612,34,0.025295022875070572,0.008051705546677113,9.793087005615234,26.475757598876953,-0.9541539549827576,-100.15869140625,0.000568878895137459,-0.001384272938594222,0.0033764641266316175,-0.0047095762565732
0.10999999940395355,33,0.030941108241677284,0.012903367169201374,9.807074546813965,26.266321182250977,-0.5988128781318665,-99.60466003417969,0.0009079754236154258,-0.0028343566227704287,0.005165644455701113,-0.005232862196862698
0.11999999731779099,34,0.03739871457219124,0.01610923558473587,9.813573837280273,26.61538314819336,-0.9541539549827576,-100.5280532836914,-0.0023179028648883104,-0.006747351493686438,0.004420524463057518,-0.0047095762565732
0.12999999523162842,34,0.028523823246359825,0.011257573030889034,9.806448936462402,26.280540466308594,-0.9333160519599915,-100.91108703613281,-0.0030674845911562443,-0.005422198213636875,0.0017568321200087667,-0.0047095762565732
0.14000000059604645,35,0.026538196951150894,0.007365958299487829,9.811366081237793,25.987070083618164,-0.9651212692260742,-100.95759582519531,-0.00341996643692255,-0.0027718914207071066,0.0034121584612876177,-0.0047095762565732
0.15000000596046448,36,0.03423897549510002,0.007365958299487829,9.813157081604004,26.204265594482422,-1.2941408157348633,-100.84268188476562,-0.002844394650310278,-0.004819855559617281,0.009243725799024105,-0.0047095762565732
0.1599999964237213,36,0.03644906356930733,0.010657545179128647,9.803321838378906,25.994827270507812,-1.116470217704773,-99.73461151123047,0.0016129392897710204,0.00032013311283662915,0.00853430014103651,-0.0047095762565732
0.17000000178813934,37,0.043873582035303116,0.02288098819553852,9.799394607543945,25.98448371887207,-1.2765930891036987,-98.52120971679688,0.0012738427612930536,0.0014935854123905301,0.008378136903047562,-0.005232862196862698
0.18000000715255737,37,0.043873582035303116,0.021560925990343094,9.807890892028809,25.60956573486328,-1.4542635679244995,-99.60328674316406,0.005008365958929062,-0.0037133304867893457,0.0013552705058827996,-0.0047095762565732
0.1899999976158142,38,0.04256134107708931,0.009971797466278076,9.803339004516602,25.28765106201172,-1.4180715084075928,-100.74419403076172,-0.00057334074517712,-0.0027897385880351067,0.005772448610514402,-0.0047095762565732
0.20000000298023224,38,0.04181889072060585,0.018303625285625458,9.806222915649414,25.182933807373047,-1.2612388134002686,-101.10260772705078,0.000591187970712781,-0.008612382225692272,0.0034433910623192787,-0.0047095762565732
0.20999999344348907,39,0.047240518033504486,0.024595357477664948,9.804607391357422,25.078214645385742,-1.442199468612671,-101.85089111328125,-0.00395538192242384,-0.005297267809510231,0.002256553154438734,-0.0047095762565732
0.2199999988079071,40,0.037795837968587875,0.02373817376792431,9.821879386901855,24.973495483398438,-1.886375904083252,-100.410400390625,-0.0010552146704867482,-0.0072024548426270485,0.0010920246131718159,-0.0047095762565732
0.23000000417232513,40,0.024604368954896927,0.013674831949174404,9.808847427368164,24.542984008789062,-1.846893548965454,-100.8659439086914,-0.000613496929872781,-0.0034277753438800573,0.0039966534823179245,-0.0047095762565732
0.23999999463558197,40,0.031234635040163994,0.023206718266010284,9.799185752868652,24.24692726135254,-1.9105039834976196,-101.20109558105469,-0.0015683213714510202,-0.0035437822807580233,0.008445064537227154,-0.0047095762565732
0.25,40,0.04042031988501549,0.013503395020961761,9.805545806884766,24.07756805419922,-2.122173309326172,-101.01368713378906,-0.0009481316083110869,-0.0091701066121459,0.006856665015220642,-0.0047095762565732
0.25999999046325684,40,0.03423897549510002,0.010931843891739845,9.812774658203125,23.82546615600586,-2.1846871376037598,-100.84542083740234,-0.000613496929872781,-0.009518126957118511,0.006682654842734337,-0.0047095762565732
0.27000001072883606,40,0.036103736609220505,0.015080614015460014,9.821184158325195,24.34906005859375,-1.9181811809539795,-99.95896911621094,-0.000613496929872781,-0.006421640515327454,0.0032426100224256516,-0.0047095762565732
0.2800000011920929,41,0.0371224507689476,0.014069137163460255,9.813295364379883,24.081445693969727,-1.8008308410644531,-100.83995056152344,0.00009146681259153411,-0.0043379818089306355,0.0016497488832101226,-0.0047095762565732
0.28999999165534973,41,0.040247656404972076,0.014943464659154415,9.80636215209961,23.725919723510742,-2.08817458152771,-100.986328125,-0.0006715002818964422,-0.002530954545363784,0.002171779051423073,-0.0047095762565732
0.30000001192092896,41,0.04247501119971275,0.010091803967952728,9.8048677444458,23.48933219909668,-2.325068712234497,-101.25308227539062,-0.00010039041080744937,-0.0031020643655210733,0.003911879379302263,-0.0047095762565732
0.3100000023841858,40,0.03423897549510002,0.015869224444031715,9.801774978637695,23.441497802734375,-2.1188831329345703,-102.44869995117188,-0.0007473506848327816,-0.004007808864116669,0.005852760747075081,-0.0041862898506224155
0.3199999928474426,40,0.032028887420892715,0.017720740288496017,9.802122116088867,23.755653381347656,-2.296553611755371,-100.67578887939453,-0.002929168753325939,-0.0012236481998115778,0.006307864096015692,-0.0047095762565732
0.33000001311302185,39,0.029421672224998474,0.007365958299487829,9.815241813659668,24.06981086730957,-2.474224090576172,-100.10123443603516,-0.00022085889941081405,0.0003067477373406291,0.006294478662312031,-0.0047095762565732
0.3400000035762787,38,0.024725232273340225,0.012029038742184639,9.808152198791504,23.54621696472168,-2.533447742462158,-99.9534912109375,-0.0003770217299461365,-0.0026826555840671062,0.004295594058930874,-0.0041862898506224155
0.3499999940395355,37,0.029456203803420067,0.016932131722569466,9.812861442565918,23.056236267089844,-2.6102190017700195,-99.66621398925781,-0.0017289458774030209,-0.0054668160155415535,0.00393418874591589,-0.0047095762565732
0.36000001430511475,36,0.03408357873558998,0.016932131722569466,9.809924125671387,23.119585037231445,-2.665055513381958,-99.17647552490234,0.0026569992769509554,-0.00361517071723938,0.005852760747075081,-0.0047095762565732
0.3700000047683716,50,0.026866257190704346,0.02200666069984436,9.800992965698242,23.01486587524414,-2.220879077911377,-99.39808654785156,0.000613496929872781,-0.00801003910601139,0.005424428265541792,-0.0047095762565732
0.3799999952316284,34,0.01410644594579935,0.021286627277731895,9.80290412902832,23.21266746520996,-1.9477930068969727,-99.72640991210938,0.0005331846186891198,-0.0026692701503634453,0.0024930282961577177,-0.0047095762565732
0.38999998569488525,32,0.021496430039405823,0.016932131722569466,9.811539649963379,23.345829010009766,-2.457773208618164,-99.7359848022461,-0.00057780253700912,-0.003833798924461007,0.007079754490405321,-0.0047095762565732
0.4000000059604645,31,0.03423897549510002,0.0196751207113266,9.8034086227417,23.45054817199707,-2.9063363075256348,-99.29685974121094,0.0017512548947706819,-0.004998327698558569,0.007079754490405321,-0.0041862898506224155
0.4099999964237213,32,0.03423897549510002,0.01890365406870842,9.808099746704102,23.528118133544922,-2.9260776042938232,-98.60739135742188,-0.005998884327709675,-0.0028031240217387676,0.0026001115329563618,-0.0047095762565732
0.41999998688697815,33,0.03423897549510002,0.019812269136309624,9.802574157714844,23.53587532043457,-2.7549874782562256,-98.16416931152344,-0.0046335747465491295,-0.004703849088400602,0.00005688781675416976,-0.0047095762565732
0.4300000071525574,34,0.03720878064632416,0.01286907959729433,9.791001319885254,23.85003089904785,-2.843822717666626,-97.72093963623047,-0.002304517664015293,-0.0030529845971614122,0.0036977133713662624,-0.0047095762565732
0.4399999976158142,35,0.05728951096534729,0.007365958299487829,9.803234100341797,23.99870491027832,-3.0028488636016846,-97.3652572631836,-0.004638036713004112,-0.005386503878980875,0.005558282136917114,-0.0047095762565732
0.44999998807907104,36,0.05863628908991814,-0.0018916291883215308,9.797882080078125,24.277956008911133,-2.983107566833496,-97.09439849853516,-0.003781371982768178,-0.0062699392437934875,0.00411266041919589,-0.0041862898506224155
0.46000000834465027,36,0.040800176560878754,0.005634446628391743,9.810184478759766,24.595991134643555,-2.862467050552368,-96.94391632080078,-0.0038750695530325174,-0.010307864286005497,0.005821527913212776,-0.0041862898506224155
0.4699999988079071,36,0.04073111340403557,0.015372056514024734,9.807022094726562,24.68260955810547,-2.862467050552368,-96.98222351074219,-0.005039598327130079,-0.00867930892854929,0.010060234926640987,-0.0047095762565732
0.47999998927116394,36,0.05713411793112755,0.007057372014969587,9.81070613861084,24.577892303466797,-2.862467050552368,-97.42544555664062,-0.003473508171737194,-0.008317903615534306,0.00857445690780878,-0.0047095762565732
0.49000000953674316,36,0.052990201860666275,0.01602351665496826,9.808430671691895,24.5623779296875,-2.9381415843963623,-96.54720306396484,-0.0006001116125844419,-0.008710541762411594,0.003372002160176635,-0.0047095762565732
0.5,36,0.04178435727953911,0.018286483362317085,9.819446563720703,24.82094383239746,-2.9173035621643066,-96.39672088623047,0.0011712214909493923,-0.0035928618162870407,0.005964306183159351,-0.0047095762565732
0.5099999904632568,49,0.03905627876520157,0.0239267535507679,9.821393013000488,25.279895782470703,-2.9984617233276367,-96.3310546875,0.001840490847826004,0.001092023798264563,0.011987730860710144,-0.0047095762565732
0.5199999809265137,36,0.03905627876520157,0.026498304679989815,9.820089340209961,25.756946563720703,-3.3011598587036133,-95.7400894165039,0.0005421082023531199,-0.0006391530041582882,0.010689347982406616,-0.0047095762565732
0.5299999713897705,36,0.03539581969380379,0.03013276681303978,9.81640625,25.966384887695312,-3.3011598587036133,-96.84815979003906,-0.001840490847826004,-0.004556609783321619,0.007566090207546949,-0.0041862898506224155
0.5400000214576721,36,0.015591349452733994,0.023875322192907333,9.811488151550293,25.98448371887207,-3.220001697540283,-96.13406372070312,-0.0012247629929333925,-0.0062699392437934875,0.005237033125013113,-0.005232862196862698
0.550000011920929,35,0.0025552771985530853,0.0179436095058918,9.814216613769531,25.91337776184082,-3.1914865970611572,-96.60192108154297,0.0001226993917953223,-0.005288344342261553,0.004625767003744841,-0.0041862898506224155
0.5600000023841858,35,0.01212081965059042,0.005411578807979822,9.815241813659668,25.994827270507812,-3.3888983726501465,-96.3310546875,-0.0011087562888860703,-0.001361963921226561,0.008984941989183426,-0.0047095762565732
0.5699999928474426,35,0.03859008848667145,-0.0013258878607302904,9.803356170654297,26.24304962158203,-3.7398524284362793,-94.89466857910156,0.0024651421699672937,-0.0010005584917962551,0.006214166060090065,-0.0047095762565732
0.5799999833106995,34,0.03586200997233391,0.009731786325573921,9.820854187011719,26.24304962158203,-3.7398524284362793,-95.55950927734375,-0.0028934746515005827,0.0020290010143071413,0.0090697156265378,-0.0047095762565732
0.5899999737739563,34,0.0423886775970459,0.012149045243859291,9.796231269836426,26.24304962158203,-3.9131362438201904,-95.79206848144531,0.0006001114961691201,-0.0037936426233500242,-0.0002465140714775771,-0.0041862898506224155
0.6000000238418579,34,0.04801750183105469,0.003920078277587891,9.811853408813477,25.932771682739258,-4.156610488891602,-94.7004165649414,-0.0017066368600353599,-0.0026558847166597843,0.0089983269572258,-0.0047095762565732
0.6100000143051147,32,0.057116854935884476,0.0025828713551163673,9.806761741638184,25.83193016052246,-4.2882184982299805,-94.7756576538086,-0.002938092453405261,-0.002588957780972123,0.007338538765907288,-0.0041862898506224155
0.6200000047683716,32,0.06688958406448364,0.011086137033998966,9.805545806884766,26.04136848449707,-4.312346458435059,-96.04651641845703,-0.004102621227502823,-0.0077646407298743725,0.007079754490405321,-0.0041862898506224155
0.6299999952316284,31,0.0592578761279583,0.03807029128074646,9.818681716918945,26.24304962158203,-4.414342403411865,-96.25992584228516,-0.005267150234431028,-0.0009425547905266285,0.0041617401875555515,-0.0041862898506224155
0.6399999856948853,31,0.045064959675073624,0.036458782851696014,9.820089340209961,26.24304962158203,-4.858519077301025,-96.25992584228516,-0.001880647148936987,0.0001818174496293068,0.006129391957074404,-0.0041862898506224155
0.6499999761581421,30,0.025916609913110733,0.01823505200445652,9.824607849121094,26.24304962158203,-5.231407642364502,-94.74829864501953,-0.0023089793976396322,-0.002678193850442767,0.004536530934274197,-0.0041862898506224155
0.6600000262260437,30,0.03827929496765137,0.016932131722569466,9.79741382598877,26.361989974975586,-5.738097667694092,-93.68263244628906,-0.0022822085302323103,-0.005386503878980875,0.007325153332203627,-0.0041862898506224155
0.6700000166893005,30,0.0483110286295414,0.012337625958025455,9.81447696685791,26.396894454956055,-6.15266227722168,-93.60875701904297,-0.001840490847826004,-0.005547128152102232,0.008088120259344578,-0.0041862898506224155
0.6800000071525574,30,0.029905129224061966,0.021475207060575485,9.80106258392334,26.13445281982422,-6.170209884643555,-94.18605041503906,-0.0031611823942512274,-0.004382599610835314,0.003778025507926941,-0.0047095762565732
0.6899999976158142,30,0.01037692092359066,0.01696641929447651,9.824625015258789,26.343889236450195,-6.347880840301514,-93.96443939208984,-0.0030987171921879053,-0.00022866777726449072,0.0033363078255206347,-0.0047095762565732
0.699999988079071,30,0.015142425894737244,0.0122347641736269,9.81013298034668,26.19133758544922,-6.602322578430176,-94.22161865234375,-0.0007696598186157644,0.0030105961486697197,0.0021048523485660553,-0.0047095762565732
0.7099999785423279,30,0.024759765714406967,0.016469251364469528,9.796631813049316,26.245635986328125,-6.756961822509766,-94.41450500488281,-0.00033240378252230585,0.00042721620411612093,0.000574456003960222,-0.0041862898506224155
0.7200000286102295,30,0.02919720858335495,0.002360003534704447,9.819863319396973,26.496442794799805,-6.986178398132324,-94.74419403076172,-0.000609035138040781,-0.003820413490757346,0.008315672166645527,-0.0041862898506224155
0.7300000190734863,31,0.02372378669679165,-0.0019087728578597307,9.814946174621582,26.793792724609375,-7.487384796142578,-95.17784118652344,-0.0002476296795066446,-0.00487785879522562,0.01251868437975645,-0.0047095762565732
0.7400000095367432,31,0.011240236461162567,0.003662923350930214,9.809663772583008,27.00322914123535,-8.28690242767334,-94.4021987915039,-0.005807027220726013,-0.0027897385880351067,0.009618517011404037,-0.0047095762565732
0.75,31,0.027194317430257797,0.01650354079902172,9.802000999450684,27.01874351501465,-8.017106056213379,-94.24214172363281,-0.005409927573055029,-0.007496933452785015,0.0056296708062291145,-0.0041862898506224155
0.7599999904632568,31,0.05400891602039337,0.014137712307274342,9.81574535369873,26.801549911499023,-7.600348472595215,-94.82080078125,0.0009347462328150868,-0.007336308714002371,0.004947016481310129,-0.0041862898506224155
0.7699999809265137,31,0.058325495570898056,0.029018428176641464,9.817795753479004,26.77440071105957,-7.359067440032959,-95.20109558105469,0.0026748464442789555,-0.0062699392437934875,0.007177914027124643,-0.0047095762565732
0.7799999713897705,31,0.057686641812324524,0.012149045243859291,9.800054550170898,26.995471954345703,-7.457773208618164,-94.83174133300781,-0.0016977133927866817,-0.006234244909137487,0.008199664764106274,-0.0041862898506224155
0.7900000214576721,32,0.05350819230079651,0.013554827310144901,9.79798698425293,26.89075469970703,-7.901949405670166,-93.94528198242188,0.002960401587188244,-0.005069716367870569,0.004706079140305519,-0.0041862898506224155
0.800000011920929,33,0.05350819230079651,0.02171521820127964,9.808830261230469,27.0963134765625,-7.995171546936035,-93.71546173095703,-0.00034578912891447544,-0.0061807031743228436,0.002350250957533717,-0.0041862898506224155
0.8100000023841858,34,0.052662141621112823,0.02171521820127964,9.801548957824707,27.069164276123047,-8.21780776977539,-93.91108703613281,0.00046179586206562817,-0.004119353834539652,0.00539765739813447,-0.0047095762565732
0.8199999928474426,36,0.0413699671626091,0.019897988066077232,9.805545806884766,26.910146713256836,-8.57643985748291,-94.99043273925781,-0.002424985868856311,-0.0017902962863445282,0.009904071688652039,-0.0047095762565732
0.8299999833106995,52,0.01015245821326971,0.012149045243859291,9.805545806884766,26.81964874267578,-9.02061653137207,-95.63065338134766,-0.00021639713668264449,-0.00041160141699947417,0.010760736651718616,-0.0041862898506224155
0.8399999737739563,37,0.01015245821326971,0.013194809667766094,9.808725357055664,27.023914337158203,-9.473566055297852,-93.49111938476562,0.000613496929872781,-0.00013497007603291422,0.010760736651718616,-0.0041862898506224155
0.8500000238418579,52,0.013519391417503357,0.01804647035896778,9.820089340209961,27.12863540649414,-10.095412254333496,-92.8262710571289,0.000613496929872781,-0.002611266914755106,0.009109871461987495,-0.0041862898506224155
0.8600000143051147,39,0.024604368954896927,0.02171521820127964,9.821288108825684,27.233352661132812,-10.210569381713867,-91.89056396484375,-0.00014947015733923763,-0.0015270503936335444,0.0052548800595104694,-0.0041862898506224155
0.8700000047683716,38,0.023343928158283234,0.0204637311398983,9.82366943359375,27.2165470123291,-10.622941017150879,-91.7934341430664,-0.000613496929872781,-0.00293697789311409,0.002698271069675684,-0.0041862898506224155
0.8799999952316284,40,0.023775584995746613,0.015612068586051464,9.813400268554688,27.07562828063965,-11.180081367492676,-91.96443176269531,-0.002527607372030616,-0.005680982023477554,0.0040858895517885685,-0.0041862898506224155
0.8899999856948853,40,0.037036117166280746,0.014926320873200893,9.798665046691895,26.94763946533203,-11.456457138061523,-91.55814361572266,-0.004870050121098757,-0.00511879613623023,0.006428332533687353,-0.0041862898506224155
0.8999999761581421,40,0.04680885747075081,0.01734357886016369,9.801114082336426,27.47123146057129,-11.811798095703125,-92.33379364013672,-0.004495259374380112,-0.003302845172584057,0.011697713285684586,-0.0041862898506224155
0.9100000262260437,40,0.05350819230079651,0.011943320743739605,9.798733711242676,26.893341064453125,-11.699931144714355,-92.13816833496094,-0.0035181259736418724,-0.004391523543745279,0.014968209899961948,-0.0041862898506224155
0.9200000166893005,41,0.047085121273994446,0.01852649450302124,9.813626289367676,26.832576751708984,-11.978501319885254,-91.37893676757812,-0.0023535971995443106,-0.008273285813629627,0.007592861074954271,-0.0036630036775022745
0.9300000071525574,41,0.03758864104747772,0.005497296806424856,9.813764572143555,27.01874351501465,-12.294360160827637,-90.8331069946289,-0.0007651979103684425,-0.009299498982727528,0.0037244842387735844,-0.0041862898506224155
0.9399999976158142,42,0.0456174798309803,-0.00005725532173528336,9.811314582824707,27.14544105529785,-12.3557767868042,-90.80985260009766,-0.00692247599363327,-0.006970441434532404,0.0040992749854922295,-0.0041862898506224155
0.949999988079071,42,0.04687792435288429,0.013949131593108177,9.799498558044434,27.87847328186035,-12.711118698120117,-90.14501190185547,-0.0030674845911562443,-0.005645287688821554,0.0027741214726120234,-0.0036630036775022745
0.9599999785423279,42,0.038227494806051254,0.020669452846050262,9.811227798461914,27.235939025878906,-13.316514015197754,-89.06430053710938,-0.0030674845911562443,-0.008447295054793358,0.005714444909244776,-0.0047095762565732
0.9700000286102295,42,0.03137276694178581,0.018749361857771873,9.814199447631836,27.38719940185547,-13.563279151916504,-88.50205993652344,-0.002915783552452922,-0.006345789879560471,0.004853318445384502,-0.0047095762565732
0.9800000190734863,42,0.028178496286273003,0.011377579532563686,9.801480293273926,27.616029739379883,-13.777141571044922,-88.16963195800781,-0.0006536531145684421,-0.007537089753895998,0.008293363265693188,-0.0041862898506224155
0.9900000095367432,42,0.026054739952087402,0.008634590543806553,9.797952651977539,27.511310577392578,-14.11164379119873,-87.88919830322266,-0.004147239029407501,-0.01103067584335804,0.007128834258764982,-0.0041862898506224155
1,42,0.02344752475619316,0.0042286645621061325,9.80721378326416,27.406591415405273,-14.37814998626709,-87.77838897705078,-0.0031790295615792274,-0.005600669886916876,0.0037334077060222626,-0.0047095762565732
1.0099999904632568,42,0.019061880186200142,0.012149045243859291,9.810758590698242,27.930185317993164,-14.99999713897705,-87.44596862792969,-0.0030674845911562443,-0.00925488118082285,0.005504740867763758,-0.0041862898506224155
1.0199999809265137,43,0.029421672224998474,0.014429154805839062,9.810168266296387,27.812538146972656,-15.213860511779785,-87.02873229980469,-0.0010864472715184093,-0.00796988420188427,0.007833797484636307,-0.0041862898506224155
1.0299999713897705,43,0.029421672224998474,0.014583447948098183,9.793816566467285,27.943115234375,-15.302695274353027,-86.11492156982422,0.0012426101602613926,-0.006568879820406437,0.005522587802261114,-0.0036630036775022745
1.0399999618530273,43,0.029421672224998474,0.014566304162144661,9.791210174560547,28.311569213867188,-15.523138046264648,-85.01505279541016,0.00010931405995506793,-0.0062699392437934875,0.0028945901431143284,-0.0041862898506224155
1.0499999523162842,43,0.029421672224998474,0.02190379798412323,9.807873725891113,28.305105209350586,-16.034215927124023,-84.44733428955078,-0.0022197433281689882,-0.007073062937706709,0.002974902279675007,-0.0036630036775022745
1.059999942779541,43,0.031994353979825974,0.01628067158162594,9.805545806884766,28.20038604736328,-16.211885452270508,-83.67169189453125,-0.0038081426173448563,-0.008978249505162239,0.004139431286603212,-0.0036630036775022745
1.0700000524520874,43,0.03159722685813904,0.007365958299487829,9.80820369720459,28.268905639648438,-16.60999870300293,-83.17100524902344,-0.006329057272523642,-0.009272728115320206,0.0032693808898329735,-0.0036630036775022745
1.0800000429153442,43,0.029421672224998474,0.007365958299487829,9.807665824890137,28.311569213867188,-17.10681915283203,-82.92476654052734,-0.00674400432035327,-0.005645287688821554,0.004018962383270264,-0.0036630036775022745
1.090000033378601,43,0.04610094055533409,0.015646355226635933,9.808342933654785,28.311569213867188,-17.544414520263672,-83.13133239746094,-0.004968209657818079,-0.002588957780972123,0.005852760747075081,-0.0036630036775022745
1.100000023841858,42,0.04692972078919411,0.018886512145400047,9.807526588439941,28.28571319580078,-17.843822479248047,-83.5239486694336,-0.0028220857493579388,-0.004552148282527924,0.004871165845543146,-0.0041862898506224155
1.1100000143051147,42,0.050728313624858856,0.022726695984601974,9.814355850219727,28.076274871826172,-18.376834869384766,-81.1969985961914,-0.00018516452109906822,-0.005783603526651859,0.0033987730275839567,-0.0036630036775022745
1.1200000047683716,42,0.04936427250504494,0.02056659199297428,9.814077377319336,28.146087646484375,-19.304668426513672,-81.62791442871094,-0.00048410482122562826,-0.0022230905015021563,0.00303290574811399,-0.0036630036775022745
1.1299999952316284,41,0.040817443281412125,0.010863268747925758,9.816544532775879,28.113767623901367,-20.04935073852539,-81.31600952148438,-0.0015504740877076983,-0.0028789746575057507,0.0024751811288297176,-0.0041862898506224155
1.1399999856948853,40,0.035931073129177094,0.010468964464962482,9.80121898651123,27.877178192138672,-20.410175323486328,-80.75513458251953,0.002103736624121666,-0.006533185485750437,0.003639710135757923,-0.0041862898506224155
1.149999976158142,40,0.03423897549510002,0.024835368618369102,9.807074546813965,27.61344337463379,-20.492429733276367,-80.41860961914062,-0.0011266034562140703,-0.0031243732664734125,0.004625767003744841,-0.0047095762565732
1.159999966621399,40,0.030975641682744026,0.01832077093422413,9.808673858642578,28.032318115234375,-20.93660545349121,-79.08892822265625,0.0028354711830615997,-0.006153932772576809,0.004625767003744841,-0.0041862898506224155
1.1699999570846558,40,0.0027624729555100203,0.012149045243859291,9.80889892578125,28.152551651000977,-21.296335220336914,-77.96990966796875,0.0006670384900644422,-0.005096487235277891,0.00441160099580884,-0.0041862898506224155
1.1799999475479126,40,0.031700827181339264,0.012149045243859291,9.806970596313477,28.107301712036133,-21.460844039916992,-77.49658966064453,0.001831567264162004,-0.006261015776544809,-0.0002465140714775771,-0.0041862898506224155
1.190000057220459,39,0.02786770462989807,0.015594924800097942,9.809038162231445,28.35552406311035,-21.89185905456543,-76.42134857177734,-0.0027819296810775995,-0.007425544783473015,0.007807027082890272,-0.0041862898506224155
1.2000000476837158,39,0.026866257190704346,0.02044658549129963,9.803269386291504,28.88041114807129,-22.6036376953125,-74.37210083007812,-0.0008812046144157648,-0.005310653243213892,0.00939988810569048,-0.0036630036775022745
1.2100000381469727,38,0.029421672224998474,0.01813218928873539,9.807960510253906,29.08855628967285,-23.047815322875977,-72.16963958740234,0.0024785276036709547,-0.0019509209087118506,0.010564417578279972,-0.0041862898506224155
1.2200000286102295,37,0.033099398016929626,0.00962892360985279,9.806693077087402,29.193275451660156,-23.49199104309082,-71.06156921386719,0.00016285557649098337,0.002510874764993787,0.010760736651718616,-0.0041862898506224155
1.2300000190734863,36,0.041732557117938995,0.01852649450302124,9.798004150390625,29.46088981628418,-23.659791946411133,-70.55677795410156,-0.006047964096069336,-0.0018884559394791722,0.009854991920292377,-0.0041862898506224155
1.2400000095367432,36,0.05150529742240906,0.010348958894610405,9.792009353637695,29.547508239746094,-23.845138549804688,-69.98358917236328,-0.004602342378348112,-0.00297267222777009,0.0044740657322108746,-0.0041862898506224155
1.25,34,0.0457383468747139,0.015080614015460014,9.81054973602295,29.41046905517578,-24.248737335205078,-68.31874084472656,0.0008365866960957646,-0.0018081434536725283,0.0037334077060222626,-0.0041862898506224155
1.2599999904632568,32,0.043873582035303116,0.005154423415660858,9.807283401489258,29.22430419921875,-24.913354873657227,-64.92475891113281,0.0016307863406836987,-0.001361963921226561,0.002470719628036022,-0.0041862898506224155
1.2699999809265137,30,0.043873582035303116,0.022555258125066757,9.79744815826416,29.329021453857422,-25.0021915435791,-64.81395721435547,-0.00004238706242176704,-0.001361963921226561,0.0029124373104423285,-0.0036630036775022745
1.2799999713897705,29,0.039781466126441956,0.018372200429439545,9.80820369720459,29.433740615844727,-25.314760208129883,-62.65663528442383,0.0023535974323749542,-0.004329058341681957,0.005219185724854469,-0.0041862898506224155
1.2899999618530273,28,0.026572730392217636,0.004537250846624374,9.785266876220703,29.411762237548828,-25.938798904418945,-60.778385162353516,0.002335750265046954,-0.008027886971831322,0.00479085324332118,-0.0036630036775022745
1.2999999523162842,28,0.03729511424899101,0.015183476731181145,9.802591323852539,29.462182998657227,-26.475101470947266,-59.46101379394531,-0.0023089793976396322,-0.007318461313843727,0.004335750360041857,-0.0041862898506224155
1.309999942779541,27,0.02615833841264248,0.016932131722569466,9.83150577545166,29.73367691040039,-26.491552352905273,-58.45827865600586,-0.004285554867237806,-0.005448969081044197,0.0038226437754929066,-0.0041862898506224155
1.3200000524520874,27,0.02023598924279213,0.012594780884683132,9.799464225769043,29.73367691040039,-26.04737663269043,-58.125858306884766,-0.005030674859881401,-0.00592638086527586,0.001092024496756494,-0.0041862898506224155
1.3300000429153442,27,0.028661953285336494,0.012149045243859291,9.800314903259277,30.111181259155273,-25.68326187133789,-55.79616928100586,-0.00033240378252230585,-0.004480759147554636,0.005469046533107758,-0.0041862898506224155
1.340000033378601,28,0.029421672224998474,0.003200043924152851,9.805233001708984,30.04136848449707,-25.505590438842773,-54.355674743652344,0.000613496929872781,-0.001714445766992867,0.008744004182517529,-0.0041862898506224155
1.350000023841858,28,0.024846097454428673,0.01621209643781185,9.810150146484375,29.817710876464844,-25.263212203979492,-53.134063720703125,0.0007696598186157644,0.0016943662194535136,0.010604573413729668,-0.0036630036775022745
1.3600000143051147,27,0.04318292811512947,0.003097181674093008,9.801044464111328,29.816417694091797,-24.81903648376465,-51.690834045410156,0.0019341885345056653,-0.0027763531543314457,0.009065253660082817,-0.0036630036775022745
1.3700000047683716,26,0.034446172416210175,0.007263096049427986,9.800697326660156,30.235292434692383,-24.374860763549805,-51.13679885864258,0.0030987171921879053,-0.00501171313226223,0.0033987730275839567,-0.0036630036775022745
1.3799999952316284,24,0.03427350893616676,0.0027200207114219666,9.805510520935059,29.847444534301758,-24.01622772216797,-49.94254684448242,0.004263245966285467,-0.003847184358164668,0.0033987730275839567,-0.0036630036775022745
1.3899999856948853,23,0.03905627876520157,0.017034992575645447,9.805441856384277,29.73367691040039,-23.466766357421875,-49.046512603759766,-0.0013720022980123758,-0.008349135518074036,0.0067986613139510155,-0.0041862898506224155
1.399999976158142,21,0.03940160572528839,0.021200908347964287,9.80052375793457,29.47511100769043,-23.064266204833984,-48.489742279052734,0.00030117115238681436,-0.009794757701456547,0.006008923519402742,-0.0041862898506224155
1.409999966621399,18,0.04869088903069496,0.008806027472019196,9.796823501586914,29.005815505981445,-22.633249282836914,-47.95622634887695,-0.0024116006679832935,-0.0039007256273180246,0.01291132252663374,-0.0041862898506224155
1.4199999570846558,19,0.04744771495461464,0.03513871878385544,9.81586742401123,28.699417114257812,-21.506906509399414,-46.87551498413086,-0.0021215840242803097,-0.002588957780972123,0.01538761891424656,-0.0041862898506224155
1.4299999475479126,20,0.029421672224998474,0.02133805677294731,9.82379150390625,28.699417114257812,-21.506906509399414,-46.87551498413086,0.003460122738033533,-0.0008220866438932717,0.012134970165789127,-0.0047095762565732
1.440000057220459,48,0.029421672224998474,0.016932131722569466,9.810393333435059,28.037490844726562,-21.29633331298828,-46.262657165527344,0.003058561123907566,-0.00013497007603291422,0.0058349138125777245,-0.0047095762565732
1.4500000476837158,22,0.02993966080248356,0.01796075329184532,9.810914993286133,27.606979370117188,-20.832416534423828,-45.9794807434082,0.001840490847826004,-0.00013497007603291422,0.0033987730275839567,-0.0047095762565732
1.4600000381469727,24,0.0336519218981266,0.026498304679989815,9.81406021118164,27.435033798217773,-20.38166046142578,-45.912452697753906,0.0011444506235420704,0.0005610701045952737,0.00479085324332118,-0.0047095762565732
1.4700000286102295,26,0.028109433129429817,0.023892465978860855,9.806205749511719,27.09372901916504,-20.231407165527344,-45.55540466308594,0.000613496929872781,-0.0008087012683972716,0.0064863357692956924,-0.005232862196862698
1.4800000190734863,27,0.020512251183390617,0.007365958299487829,9.809663772583008,26.465415954589844,-19.4318904876709,-46.109439849853516,0.001755716628395021,-0.0020178479608148336,0.005937534850090742,-0.0047095762565732
1.4900000095367432,29,0.026987120509147644,0.008943176828324795,9.802349090576172,26.104717254638672,-18.93507194519043,-46.285911560058594,0.0005242609768174589,-0.0023792535066604614,0.005134411621838808,-0.0041862898506224155
1.5,30,0.04078291356563568,0.015217763371765614,9.787022590637207,25.919841766357422,-18.819913864135742,-45.09712600708008,-0.0026213049422949553,-0.003369772108271718,0.006745120044797659,-0.0047095762565732
1.5099999904632568,31,0.044028982520103455,0.008291716687381268,9.792878150939941,25.734968185424805,-18.806753158569336,-44.332420349121094,0.00007808133523212746,-0.002588957780972123,0.009074177592992783,-0.0047095762565732
1.5199999809265137,32,0.027608707547187805,0.013143378309905529,9.800697326660156,25.374271392822266,-18.615922927856445,-45.20656967163086,0.0036519798450171947,-0.0035527057480067015,0.010439487174153328,-0.0047095762565732
1.5299999713897705,33,0.04119730368256569,0.017995039001107216,9.802851676940918,24.74595832824707,-18.349416732788086,-44.09849548339844,0.0015817066887393594,-0.005752371158450842,0.010568879544734955,-0.0041862898506224155
1.5399999618530273,34,0.04755131155252457,0.022846700623631477,9.804658889770508,24.787328720092773,-18.24522590637207,-43.09165573120117,0.00041717791464179754,-0.0034233136102557182,0.014049080200493336,-0.0041862898506224155
1.5499999523162842,34,0.045082226395606995,0.022898131981492043,9.795884132385254,24.53652000427246,-18.216711044311523,-42.69630432128906,-0.0008812046726234257,-0.0006926945643499494,0.01158616878092289,-0.0041862898506224155
1.559999942779541,35,0.043580055236816406,0.013417677022516727,9.81850814819336,24.443437576293945,-18.29567527770996,-42.24076461791992,-0.0027819296810775995,0.00427328422665596,0.008235359564423561,-0.0041862898506224155
1.5700000524520874,36,0.030768446624279022,0.016932131722569466,9.79798698425293,24.6257266998291,-18.380125045776367,-41.3775634765625,0.001813720096834004,-0.003807028057053685,0.007070831023156643,-0.0047095762565732
1.5800000429153442,36,0.03707065060734749,0.0183379128575325,9.796700477600098,24.311569213867188,-18.113618850708008,-40.6019172668457,-0.0016798662254586816,-0.0026424992829561234,0.005906302481889725,-0.0041862898506224155
1.590000033378601,36,0.0423886775970459,0.02171521820127964,9.802922248840332,23.997411727905273,-18.193679809570312,-39.71819305419922,-0.00406246492639184,-0.0014779706252738833,0.0069637480191886425,-0.0036630036775022745
1.600000023841858,37,0.037502311170101166,0.01862935535609722,9.795536994934082,23.993534088134766,-18.019298553466797,-37.35430908203125,-0.002197434427216649,-0.006604574155062437,0.003934188280254602,-0.0036630036775022745
1.6100000143051147,37,0.03423897549510002,0.010537538677453995,9.811975479125977,24.25727081298828,-17.84272575378418,-35.53899002075195,-0.0047986614517867565,-0.00651087611913681,0.004384830128401518,-0.0036630036775022745
1.6200000047683716,38,0.03423897549510002,0.007365958299487829,9.805545806884766,24.704587936401367,-17.85040283203125,-34.6429557800293,-0.0018271055305376649,-0.004422755911946297,0.007396542001515627,-0.0031397175043821335
1.6299999952316284,38,0.03423897549510002,0.007365958299487829,9.796683311462402,25.208789825439453,-18.09716796875,-33.41176223754883,-0.0014746235683560371,-0.002093698363751173,0.007445621769875288,-0.0031397175043821335
1.6399999856948853,39,0.03423897549510002,0.012817648239433765,9.790514945983887,25.208789825439453,-17.83066177368164,-31.86046600341797,-0.001041829353198409,-0.004556609783321619,0.0022877859883010387,-0.0031397175043821335
1.649999976158142,39,0.03423897549510002,0.010400389321148396,9.803633689880371,25.544923782348633,-17.778018951416016,-29.59781265258789,0.0001226993917953223,-0.004797546658664942,0.003398772794753313,-0.0031397175043821335
1.659999966621399,40,0.03817569464445114,0.0008342161308974028,9.800697326660156,26.142210006713867,-17.929367065429688,-27.600547790527344,0.0012872281949967146,-0.0044896830804646015,0.005179029423743486,-0.0031397175043821335
1.6699999570846558,40,0.04183615744113922,0.01417199894785881,9.806848526000977,26.840333938598633,-18.047815322875977,-25.975378036499023,-0.0006045732880011201,-0.006265477742999792,0.002791968872770667,-0.0031397175043821335
1.6799999475479126,40,0.04116277024149895,0.01484060287475586,9.811001777648926,27.51001739501953,-17.861370086669922,-24.172367095947266,-0.004165086429566145,-0.005850530695170164,0.004237590357661247,-0.0031397175043821335
1.690000057220459,41,0.03952246904373169,0.016469251364469528,9.809925079345703,28.557207107543945,-17.594863891601562,-20.0725040435791,-0.003089793724939227,-0.003329616039991379,0.009279419668018818,-0.002616431098431349
1.7000000476837158,42,0.03872821852564812,0.01948653906583786,9.803947448730469,29.242403030395508,-17.40513038635254,-18.46238136291504,0.00103736761957407,-0.002165087265893817,0.008641383610665798,-0.002616431098431349
1.7100000381469727,42,0.03693252056837082,0.016932131722569466,9.802643775939941,29.738847732543945,-17.171525955200195,-15.429549217224121,0.0014790853019803762,-0.0028075857553631067,0.005348578095436096,-0.0020931449253112078
1.7200000286102295,42,0.036569930613040924,0.01929795928299427,9.810445785522461,29.950870513916016,-16.869924545288086,-12.073871612548828,0.0003145566151943058,-0.0062699392437934875,0.0076776351779699326,-0.002616431098431349
1.7300000190734863,42,0.03896994888782501,0.01928081549704075,9.815415382385254,30.081445693969727,-16.45755386352539,-9.875513076782227,-0.000613496929872781,-0.00603346386924386,0.008587841875851154,-0.0020931449253112078
1.7400000095367432,42,0.03675985708832741,0.016932131722569466,9.817326545715332,31.442790985107422,-15.746870994567871,-7.770178318023682,-0.0007875069859437644,-0.0052169556729495525,0.005147797055542469,-0.0020931449253112078
1.75,43,0.03905627876520157,0.016932131722569466,9.810393333435059,32.12540054321289,-16.27001190185547,-5.6648430824279785,-0.0013943113153800368,-0.005712214857339859,0.008418292738497257,-0.002616431098431349
1.7599999904632568,43,0.03639726713299751,0.014292005449533463,9.821097373962402,33.04330825805664,-15.786354064941406,-3.17647123336792,0.003018404822796583,-0.00013497007603291422,0.009533742442727089,-0.0020931449253112078
1.7699999809265137,44,0.0396951325237751,0.014857746660709381,9.813312530517578,34.04266357421875,-15.052640914916992,-0.5171003937721252,0.001853876281529665,-0.00013497007603291422,0.009533742442727089,-0.0020931449253112078
1.7799999713897705,44,0.03268500789999962,0.014154856093227863,9.800697326660156,34.96186065673828,-14.628205299377441,2.363884687423706,-0.0016129392897710204,-0.0024372567422688007,0.008382598869502544,-0.0020931449253112078
1.7899999618530273,44,0.03893541544675827,0.009303194470703602,9.794928550720215,35.79961013793945,-14.27286434173584,6.020519256591797,-0.001840490847826004,-0.0036776361521333456,0.008306748233735561,-0.0020931449253112078
1.7999999523162842,45,0.034014515578746796,0.013194809667766094,9.808725357055664,36.12023162841797,-14.443954467773438,7.707249641418457,0.0012381484266370535,-0.008947016671299934,0.008306748233735561,-0.0020931449253112078
1.809999942779541,45,0.042630407959222794,0.013949131593108177,9.820089340209961,37.065284729003906,-14.1533203125,11.288644790649414,0.0028042385820299387,-0.007059677038341761,0.010234244167804718,-0.0020931449253112078
1.8200000524520874,46,0.04428797587752342,0.00604589469730854,9.816996574401855,38.380088806152344,-13.939457893371582,15.614226341247559,0.0003636363835539669,-0.004467373713850975,0.008056888356804848,-0.0015698587521910667
1.8300000429153442,46,0.042198747396469116,0.005703021306544542,9.818404197692871,39.727210998535156,-14.116031646728516,20.581396102905273,0.0010641382541507483,-0.0012994988355785608,0.009596208110451698,-0.0005232862313278019
1.840000033378601,47,0.040662046521902084,0.016932131722569466,9.81362533569336,40.82094192504883,-14.711556434631348,26.919288635253906,0.00028778589330613613,-0.004793085157871246,0.007655326277017593,0.0005232862313278019
1.850000023841858,47,0.042336881160736084,0.02171521820127964,9.803790092468262,42.81060028076172,-14.800392150878906,33.678524017333984,-0.0013273843796923757,-0.006069158669561148,0.005852760747075081,0.0015698587521910667
1.8600000143051147,48,0.043873582035303116,0.018389344215393066,9.814181327819824,43.69101333618164,-14.310153007507324,39.896034240722656,-0.001840490847826004,-0.005042945500463247,0.007155605126172304,0.0020931449253112078
1.8700000047683716,48,0.04045484960079193,0.016932131722569466,9.826971054077148,44.19779968261719,-13.482120513916016,46.56908416748047,-0.0012515337439253926,-0.005042945500463247,0.008895705454051495,0.0020931449253112078
1.8799999952316284,48,0.03905627876520157,0.013469108380377293,9.808725357055664,44.50807571411133,-12.904143333435059,52.779754638671875,-0.0011399888899177313,-0.004516453482210636,0.008480758406221867,0.0020931449253112078
1.8899999856948853,48,0.03194255381822586,0.015680642798542976,9.807856559753418,44.5778923034668,-13.091684341430664,57.19972610473633,-0.0027685442473739386,-0.003815951757133007,0.006151700858026743,0.0010465724626556039
1.899999976158142,48,0.029421672224998474,0.020532304421067238,9.803094863891602,44.36845397949219,-13.358189582824707,60.63474655151367,-0.0046960399486124516,-0.004619074985384941,0.005428890231996775,0.0005232862313278019
1.909999966621399,48,0.018336694687604904,0.014377723447978497,9.796978950500488,43.608272552490234,-12.30094051361084,63.38987350463867,-0.005860568955540657,-0.005591746419668198,0.006401561666280031,-0.0010465724626556039
1.9199999570846558,48,0.02249787747859955,0.012149045243859291,9.811001777648926,42.50161361694336,-11.855667114257812,66.68946838378906,-0.004535415675491095,-0.0032626891043037176,0.005179029423743486,-0.0015698587521910667
1.9299999475479126,48,0.02843749150633812,0.008343148045241833,9.811384201049805,41.6716194152832,-11.710898399353027,70.48152923583984,0.0028533183503896,-0.00179029640275985,0.007722252979874611,-0.0020931449253112078
1.940000057220459,48,0.03332386165857315,0.011240430176258087,9.810393333435059,41.44408416748047,-11.386266708374023,74.22161102294922,0.001840490847826004,-0.0035125496797263622,0.009850529953837395,-0.0020931449253112078
1.9500000476837158,49,0.018353961408138275,0.020035138353705406,9.814390182495117,41.12992858886719,-11.208595275878906,76.77017211914062,0.0016620190581306815,-0.0015404358273372054,0.00411266041919589,-0.0015698587521910667
1.9600000381469727,49,0.031131038442254066,0.0136919766664505,9.798977851867676,41.20878982543945,-10.78087043762207,81.7099838256836,-0.0005867261788807809,-0.003815951757133007,0.013187953270971775,-0.0005232862313278019
1.9700000286102295,48,0.03423897549510002,0.012149045243859291,9.816527366638184,41.829345703125,-10.774290084838867,87.74281311035156,0.00057780253700912,-0.003815951757133007,0.012023425661027431,0.0005232862313278019
1.9800000190734863,48,0.030060525983572006,0.01629781536757946,9.807474136352539,43.4531364440918,-10.993636131286621,93.49384307861328,0.0017423314275220037,-0.003815951757133007,0.010858896188437939,0.0010465724626556039
1.9900000095367432,48,0.037916701287031174,0.01271478645503521,9.805545806884766,45.76987838745117,-11.32265567779541,98.97400665283203,-0.0034913551062345505,-0.005948689766228199,0.012893474660813808,0.0015698587521910667
2,48,0.034739699214696884,0.016434965655207634,9.796857833862305,47.445377349853516,-11.855667114257812,106.06565856933594,-0.002286670496687293,-0.008277746848762035,0.008195203728973866,0.0020931449253112078
2.009999990463257,48,0.03423897549510002,0.008223142474889755,9.80467700958252,50.58694076538086,-12.388678550720215,112.16004943847656,-0.001840490847826004,-0.009665366262197495,0.003313998691737652,0.002616431098431349
2.0199999809265137,47,0.05205782130360603,0.020635167136788368,9.805545806884766,53.888816833496094,-13.057684898376465,119.69630432128906,-0.0027194644790142775,-0.00291913072578609,0.004808700643479824,0.0031397175043821335
2.0299999713897705,46,0.044460635632276535,0.02171521820127964,9.828309059143066,57.68455123901367,-13.6268892288208,126.26264953613281,0.0018315671477466822,0.0006815385422669351,0.007485778070986271,0.0047095762565732
2.0399999618530273,46,0.03468789905309677,0.00803456176072359,9.80667495727539,61.90433120727539,-14.334280967712402,132.50067138671875,0.0042944783344864845,-0.0004160632088314742,0.0060446178540587425,0.005232862196862698
2.049999952316284,46,0.03423897549510002,0.03050992824137211,9.814929008483887,66.19133758544922,-15.628424644470215,140.80575561523438,0.0015281649539247155,-0.0020535422954708338,0.003242610255256295,0.006279435008764267
2.059999942779541,46,0.03423897549510002,0.021886654198169708,9.820002555847168,70.38008880615234,-16.339107513427734,147.34336853027344,0.00001561628596391529,-0.0038471841253340244,0.0053173452615737915,0.005756148602813482
2.069999933242798,46,0.03403178229928017,0.021663786843419075,9.819880485534668,74.22236633300781,-17.49067497253418,153.97264099121094,-0.0016530953580513597,-0.005609593354165554,0.006606804206967354,0.005756148602813482
2.0799999237060547,46,0.015090626664459705,0.016932131722569466,9.800819396972656,77.68196105957031,-18.83965492248535,160.424072265625,-0.003790295450016856,-0.004757390357553959,0.005634132772684097,0.005232862196862698
2.0899999141693115,46,0.020356854423880577,0.016743550077080727,9.804590225219727,81.41564178466797,-20.03838348388672,167.45416259765625,-0.0030674845911562443,-0.0034723933786153793,0.007521472405642271,0.0047095762565732
2.0999999046325684,46,0.03346199169754982,0.01189188938587904,9.782868385314941,86.02326202392578,-20.81596565246582,175.99725341796875,-0.0030674845911562443,-0.005042945500463247,0.010582264512777328,0.005756148602813482
2.109999895095825,46,0.020771246403455734,0.008017417974770069,9.809402465820312,90.63089752197266,-21.43781280517578,186.19151306152344,-0.004017847124487162,-0.005993308033794165,0.015351925045251846,0.006802720949053764
2.119999885559082,46,0.03344472497701645,0.016537826508283615,9.797449111938477,96.0762710571289,-21.58587074279785,195.20382690429688,-0.006239821668714285,-0.007706637494266033,0.01240713894367218,0.0094191525131464
2.130000114440918,46,0.025536751374602318,0.014000562950968742,9.814303398132324,101.21525573730469,-21.90721321105957,206.31600952148438,-0.0042944783344864845,-0.003048522863537073,0.004625767003744841,0.011512297205626965
2.140000104904175,46,0.03530948981642723,0.03021848388016224,9.803929328918457,105.96121215820312,-22.425968170166016,219.17373657226562,-0.004035694058984518,0.0005744554800912738,0.0042375908233225346,0.013082155957818031
2.1500000953674316,46,0.04266493767499924,0.019915131852030754,9.792217254638672,110.25080108642578,-22.91620635986328,232.6798858642578,-0.0015727831050753593,-0.004083659499883652,0.0013463468058034778,0.0141287287697196
2.1600000858306885,46,0.034912362694740295,0.008703164756298065,9.803407669067383,113.601806640625,-22.82737159729004,245.6443328857422,0.003063022857531905,-0.008715002797544003,0.008315672166645527,0.0141287287697196
2.1700000762939453,46,0.03905627876520157,0.01619495451450348,9.820836067199707,116.65416717529297,-22.316293716430664,256.92340087890625,0.0018984941998496652,-0.006385945715010166,0.010644730180501938,0.013605441898107529
2.180000066757202,45,0.03905627876520157,0.014566304162144661,9.820037841796875,119.54104614257812,-21.46523094177246,268.9083557128906,-0.002585610607638955,-0.002950363326817751,0.012973787263035774,0.013082155957818031
2.190000057220459,45,0.040817443281412125,0.023000992834568024,9.801167488098145,122.11634826660156,-20.744678497314453,281.634765625,-0.004111544694751501,0.0005432229954749346,0.004862242378294468,0.012558870017528534
2.200000047683716,45,0.046791594475507736,0.00830886047333479,9.821114540100098,124.54944610595703,-20.432109832763672,294.6019287109375,-0.0003680979716591537,0.001092023798264563,-0.0005276073352433741,0.012558870017528534
2.2100000381469727,44,0.037018854171037674,0.012149045243859291,9.805545806884766,127.38331604003906,-20.52204132080078,306.94390869140625,-0.002143892925232649,-0.0007462360663339496,0.006762967444956303,0.013605441898107529
2.2200000286102295,44,0.030509451404213905,0.011068993248045444,9.805545806884766,130.73431396484375,-20.6997127532959,322.67852783203125,0.0012158392928540707,-0.003075293730944395,0.006107083056122065,0.015175300650298595
2.2300000190734863,44,0.03770950809121132,0.010811837390065193,9.79157543182373,134.2482147216797,-21.153759002685547,337.2927551269531,0.0014790853019803762,-0.0014333527069538832,0.007008365821093321,0.017791731283068657
2.240000009536743,44,0.04378725215792656,0.02171521820127964,9.785614967346191,136.9553985595703,-21.735027313232422,352.3091735839844,0.0020769659895449877,0.0005967644392512739,0.008306748233735561,0.018315019086003304
2.25,44,0.02812669798731804,0.01785789057612419,9.836406707763672,138.81576538085938,-22.21978187561035,367.0779724121094,0.0017289458774030209,-0.0002465149445924908,0.008306748233735561,0.018315019086003304
2.259999990463257,44,0.025968408212065697,0.011429009959101677,9.728829383850098,140.30899047851562,-22.37771224975586,379.8085021972656,0.000613496929872781,-0.005002789199352264,0.007699944078922272,0.016745159402489662
2.2699999809265137,43,0.03228788077831268,0.020292293280363083,9.845094680786133,140.83258056640625,-22.288875579833984,391,0.0011578360572457314,-0.009268266148865223,0.005991076584905386,0.014652014710009098
2.2799999713897705,43,0.04206061735749245,0.01842363178730011,9.800020217895508,140.8286895751953,-20.932218551635742,401.6333923339844,0.001840490847826004,-0.010432794690132141,0.0026982713025063276,0.012035583145916462
2.2899999618530273,43,0.045548416674137115,0.017034992575645447,9.843374252319336,140.59727478027344,-18.849525451660156,412.89739990234375,0.0005822643870487809,-0.010758506134152412,0.002234244253486395,0.010465724393725395
2.299999952316284,43,0.03741597756743431,0.010623257607221603,9.799463272094727,140.2831268310547,-16.154855728149414,424.7660827636719,-0.0039821527898311615,-0.008880089968442917,0.00743669830262661,0.009942438453435898
2.309999942779541,43,0.030820244923233986,0.015234907157719135,9.817431449890137,139.86941528320312,-12.980914115905762,436.82904052734375,-0.008613497018814087,-0.005975460633635521,0.008306748233735561,0.010989011265337467
2.319999933242798,43,0.03349652513861656,0.022743839770555496,9.775415420532227,138.82223510742188,-9.960515022277832,448.7961730957031,-0.005820412654429674,-0.004578918684273958,0.007842721417546272,0.012035583145916462
2.3299999237060547,43,0.04499589651823044,0.03717881813645363,9.797969818115234,136.83128356933594,-5.418948650360107,459.7647399902344,-0.0016709426417946815,-0.002928054193034768,0.006022308953106403,0.010465724393725395
2.3399999141693115,43,0.035223156213760376,0.023669598624110222,9.805858612060547,134.45765686035156,-0.17766772210597992,468.9247741699219,-0.000613496929872781,-0.005042945500463247,0.00686558848246932,0.007849293760955334
2.3499999046325684,42,0.031407296657562256,0.01609209179878235,9.780228614807129,131.71817016601562,5.48366117477417,478.04925537109375,-0.0007919687777757645,-0.005042945500463247,0.004536530934274197,0.005232862196862698
2.359999895095825,42,0.03423897549510002,0.01763502135872841,9.816875457763672,128.70199584960938,11.434527397155762,488.3529357910156,-0.0054500834085047245,-0.005042945500463247,0.002207473386079073,0.005232862196862698
2.369999885559082,42,0.03423897549510002,0.018475063145160675,9.792253494262695,125.7698745727539,17.741830825805664,499.10125732421875,-0.0032281093299388885,-0.0027495825197547674,0.004465142264962196,0.005232862196862698
2.380000114440918,42,0.03862462192773819,0.01561206765472889,9.813868522644043,123.14026641845703,24.47686004638672,512.6238403320312,0.00018516447744332254,-0.003673174185678363,0.00679419981315732,0.008372579701244831
2.390000104904175,43,0.04613547399640083,0.009320337325334549,9.796648979187012,121.13251495361328,31.357755661010742,526.1724243164062,0.000613496929872781,0.001292804372496903,0.009123257361352444,0.010465724393725395
2.4000000953674316,43,0.037036120891571045,0.009988941252231598,9.817900657653809,119.92113494873047,38.28690719604492,541.004150390625,-0.0013050752459093928,-0.003436699276790023,0.009533742442727089,0.012558870017528534
2.4100000858306885,43,0.03420444205403328,0.0025828713551163673,9.798316955566406,118.85843658447266,45.03180694580078,558.5321655273438,-0.001840490847826004,-0.010423870757222176,0.008636921644210815,0.015175300650298595
2.4200000762939453,43,0.041404496878385544,0.007485963869839907,9.81348705291748,116.58564758300781,51.250274658203125,579.88232421875,0.0014969324693083763,-0.006564417853951454,0.008306748233735561,0.018315019086003304
2.430000066757202,43,0.03651813045144081,0.022229529917240143,9.811384201049805,115.53845977783203,57.468746185302734,599.82763671875,0.0015237032203003764,-0.0030440608970820904,0.005991076584905386,0.020408162847161293
2.440000057220459,43,0.026417333632707596,0.02869269624352455,9.815016746520996,113.9120864868164,63.19587707519531,621.6115112304688,-0.00009592861169949174,-0.002588957780972123,0.0032069156877696514,0.021978022530674934
2.450000047683716,43,0.017110787332057953,0.01852649450302124,9.799081802368164,111.89915466308594,68.44702911376953,644.8070678710938,-0.0012604574440047145,-0.0012950369855389,0.006700502242892981,0.023547880351543427
2.4600000381469727,43,0.014969762414693832,0.00942320004105568,9.819255828857422,109.8009033203125,73.42180633544922,670.306396484375,-0.0006715003401041031,-0.0007194653153419495,0.009591746143996716,0.025641025975346565
2.4700000286102295,43,0.026227403432130814,0.015749217942357063,9.813555717468262,107.92501068115234,78.28142547607422,699.0013427734375,-0.0014746235683560371,-0.001361963921226561,0.0072626881301403046,0.0287807434797287
2.4800000190734863,43,0.03423897549510002,0.018852224573493004,9.813225746154785,106.14479064941406,81.92367553710938,726.4815063476562,-0.004754043649882078,-0.004578918684273958,0.005852760747075081,0.03192045912146568
2.490000009536743,44,0.03423897549510002,0.014000562950968742,9.81977653503418,104.63219451904297,85.94429016113281,757.0765991210938,-0.003535973373800516,-0.009553820826113224,0.005455661099404097,0.03453689068555832
2.5,44,0.04028218612074852,0.015149189159274101,9.798230171203613,103.48933410644531,89.42750549316406,791.906982421875,-0.001059676636941731,-0.006716118659824133,0.003956497646868229,0.0376766100525856
2.509999990463257,44,0.04078290984034538,0.020000850781798363,9.80344295501709,102.42662811279297,92.74073028564453,832.16552734375,-0.0041606249287724495,-0.002178472699597478,0.0024439485277980566,0.045002616941928864
2.5199999809265137,44,0.045375753194093704,0.0028914574068039656,9.797674179077148,101.27860260009766,96.48826599121094,877.7975463867188,0.000613496929872781,-0.0044138324446976185,0.0031890685204416513,0.05389848351478577
2.5299999713897705,44,0.039004482328891754,-0.0005715658189728856,9.816996574401855,100.7550048828125,100.84119415283203,925.2229614257812,-0.00012269942089915276,-0.0015092032263055444,0.002171779051423073,0.061747774481773376
2.5399999618530273,44,0.027643240988254547,-0.0039660148322582245,9.793277740478516,100.32707977294922,106.4926528930664,972.6484375,-0.005182376131415367,-0.0030128282960504293,0.0020870049484074116,0.06488749384880066
2.549999952316284,45,0.024604368954896927,0.006388768553733826,9.823895454406738,100.6192626953125,113.41303253173828,1018.3433227539062,-0.00056887895334512,-0.00865700002759695,0.0008555493550375104,0.06331763416528702
2.559999942779541,45,0.052092354744672775,0.012149045243859291,9.802835464477539,101.20103454589844,120.87519836425781,1060.560791015625,0.001760178478434682,-0.005163413938134909,-0.003802565624937415,0.060177918523550034
2.569999933242798,45,0.05963773652911186,0.0017085436265915632,9.800263404846191,102.09825134277344,128.46786499023438,1100.500732421875,-0.0004082542727701366,-0.005042945500463247,0.0005343001103028655,0.05703819915652275
2.5799999237060547,45,0.044028978794813156,0.015543493442237377,9.816336631774902,104.40206146240234,136.5518798828125,1144.3802490234375,0.002572225173935294,-0.00291913072578609,0.005192414857447147,0.05703819915652275
2.5899999141693115,45,0.009910729713737965,0.02171521820127964,9.8017578125,109.15707397460938,146.10879516601562,1191.8262939453125,-0.0019297266844660044,-0.005587284453213215,0.008851087652146816,0.06227106228470802
2.5999999046325684,45,0.03392818197607994,0.014343435876071453,9.799585342407227,113.81900024414062,156.3610382080078,1244.287353515625,-0.004941439256072044,-0.0034590079449117184,0.008596764877438545,0.07012035697698593
2.609999895095825,45,0.05899888277053833,0.019657976925373077,9.800697326660156,118.10859680175781,167.02346801757812,1299.9302978515625,-0.0037724485155194998,-0.0043379818089306355,0.007432236336171627,0.07692307978868484
2.619999885559082,45,0.04389084875583649,0.033184342086315155,9.808446884155273,121.8888168334961,178.0543975830078,1356.8153076171875,-0.004691578447818756,-0.0058549921959638596,0.007891801185905933,0.08215594291687012
2.630000114440918,45,0.023378459736704826,0.01271478645503521,9.806448936462402,125.13509368896484,189.67208862304688,1413.1505126953125,-0.008519799448549747,-0.003271612338721752,0.008306748233735561,0.0852956548333168
2.640000104904175,45,0.007821504957973957,0.0152863385155797,9.833643913269043,128.38137817382812,203.08621215820312,1467.7784423828125,-0.007680981419980526,-0.004110430367290974,0.006932515185326338,0.08110936731100082
2.6500000953674316,45,0.02968066744506359,0.020960897207260132,9.798646926879883,130.6192626953125,216.71420288085938,1521.072509765625,-0.004272169433534145,-0.0062699392437934875,0.003978806547820568,0.0753532201051712
2.6600000858306885,45,0.038365624845027924,0.00942320004105568,9.815918922424316,133.26309204101562,230.7479705810547,1572.465087890625,-0.0030674845911562443,-0.00402119429782033,0.005544896703213453,0.06907378137111664
2.6700000762939453,45,0.030664846301078796,-0.0009658705675974488,9.807422637939453,136.40464782714844,244.9615936279297,1622.1805419921875,-0.002068042289465666,-0.00036252164863981307,0.010533184744417667,0.06802721321582794
2.680000066757202,45,0.037951234728097916,0.014737741090357304,9.814129829406738,139.46347045898438,258.9273681640625,1670.716796875,-0.004111544694751501,0.0002175118133891374,0.009801450185477734,0.06802721321582794
2.690000057220459,45,0.043390125036239624,-0.004583187401294708,9.810879707336426,141.7672882080078,272.252685546875,1717.255859375,-0.00930507481098175,-0.002861127257347107,0.0073519241996109486,0.067503921687603
2.700000047683716,45,0.06588813662528992,0.010503252036869526,9.805962562561035,143.4376220703125,284.2728576660156,1755.6552734375,-0.006123814731836319,-0.005020636599510908,0.010760736651718616,0.05965463072061539
2.7100000381469727,45,0.06348812580108643,0.007708831690251827,9.814546585083008,146.32708740234375,296.08795166015625,1786.9151611328125,-0.0040446179918944836,-0.0023614061065018177,0.00876185204833746,0.04447932913899422
2.7200000286102295,45,0.04497862607240677,0.007365958299487829,9.787821769714355,151.15061950683594,307.9381408691406,1813.8084716796875,-0.003254879964515567,-0.005145566537976265,0.0013195760548114777,0.037153322249650955
2.7300000190734863,45,0.043873582035303116,0.016520682722330093,9.800071716308594,158.11764526367188,320.055908203125,1839.6497802734375,-0.003669827012345195,0.001092023798264563,0.0041483547538518906,0.03401360660791397
2.740000009536743,45,0.020477717742323875,0.0029943196568638086,9.80540657043457,167.01873779296875,333.2923889160156,1867.3515625,0.0019654210191220045,0.0010295587126165628,0.010698271915316582,0.035060178488492966
2.75,45,0.03878001868724823,0.02615543082356453,9.805545806884766,179.1195831298828,346.611083984375,1896.6949462890625,0.0042944783344864845,-0.000134970061480999,0.009533742442727089,0.03976975381374359
2.759999990463257,45,0.024535303935408592,0.026429731398820877,9.80540657043457,193.64834594726562,361.28753662109375,1932.451416015625,-0.002692693844437599,-0.00013497007603291422,0.006040156353265047,0.04971219226717949
2.7699999809265137,45,0.019510803744196892,0.022263815626502037,9.796683311462402,211.01226806640625,376.891845703125,1973.644287109375,-0.0008633574470877647,-0.00013497007603291422,0.004750697407871485,0.06436420977115631
2.7799999713897705,45,0.011188438162207603,0.04084756597876549,9.824104309082031,230.78085327148438,393.0401306152344,2017.9918212890625,-0.003732292214408517,-0.00013497007603291422,0.008784160949289799,0.07692307978868484
2.7899999618530273,45,0.03451523557305336,0.04002467170357704,9.806379318237305,251.20101928710938,409.7411804199219,2062.425537109375,-0.0003859451680909842,-0.002089236630126834,0.00757947564125061,0.0842490866780281
2.799999952316284,45,0.03905627876520157,0.025469684973359108,9.82043743133545,271.93145751953125,425.4770812988281,2105.8740234375,-0.0012158394092693925,-0.006247630808502436,0.0025064137298613787,0.08372579514980316
2.809999942779541,44,0.03739871457219124,0.011326149106025696,9.82201862335205,292.9023742675781,442.6727294921875,2143.135498046875,-0.005249302834272385,-0.00494032446295023,0.007762409746646881,0.07953950762748718
2.819999933242798,44,0.021237434819340706,0.0030628943350166082,9.792460441589355,313.62506103515625,460.30487060546875,2175.6142578125,-0.008327942341566086,-0.005395427346229553,0.007601785007864237,0.07169021666049957
2.8299999237060547,44,0.034791499376297,0.006817360874265432,9.8049898147583,334.0749816894531,477.742919921875,2202.920654296875,-0.0062933629378676414,-0.0048153940588235855,0.006580033339560032,0.06122449040412903
2.8399999141693115,44,0.03967786580324173,0.005051561165601015,9.801947593688965,354.5998840332031,494.7247009277344,2223.417236328125,-0.003629670711234212,-0.005810374394059181,0.00774456188082695,0.04971219226717949
2.8499999046325684,44,0.04594554007053375,0.019657976925373077,9.809002876281738,375.124755859375,510.2708740234375,2239.59521484375,-0.0024651421699672937,-0.006894590798765421,0.00951143354177475,0.040816325694322586
2.859999895095825,44,0.056806061416864395,0.008874602615833282,9.804520606994629,395.8202819824219,521.9082641601562,2253.6962890625,-0.00022085889941081405,-0.005190184805542231,0.009680981747806072,0.035583462566137314
2.869999885559082,44,0.04620454087853432,0.01775502786040306,9.820767402648926,415.33935546875,530.4923706054688,2264.689453125,0.0004082543309777975,-0.00572560029104352,0.0073519241996109486,0.03663003817200661
2.880000114440918,44,0.03334112837910652,0.019932275637984276,9.801600456237793,434.0155029296875,537.29541015625,2274.120361328125,-0.001425543799996376,-0.007064139004796743,0.004192972555756569,0.03976975381374359
2.890000104904175,44,0.032322414219379425,0.014069137163460255,9.805545806884766,452.69036865234375,543.8494873046875,2283.71142578125,-0.0020234244875609875,-0.004873397294431925,0.002707194536924362,0.03819989413022995
2.9000000953674316,44,0.043873582035303116,0.020686596632003784,9.80971622467041,470.80670166015625,551.6669921875,2289.362548828125,-0.005811489187180996,-0.007786950096487999,0.007659787777811289,0.03192045912146568
2.9100000858306885,44,0.04166349023580551,0.01802932657301426,9.82493782043457,486.7200927734375,559.3287963867188,2293.362548828125,-0.005610708147287369,-0.008723926730453968,0.009533742442727089,0.026164311915636063
2.9200000762939453,43,0.03071664646267891,0.0240467581897974,9.821393013000488,500.64251708984375,564.2882080078125,2288.024658203125,-0.0009436698164790869,-0.008723926730453968,0.008708310313522816,0.0141287287697196
2.930000066757202,43,0.022273415699601173,0.030047046020627022,9.810393333435059,512.2197265625,565.7622680664062,2275.44189453125,-0.0028622420504689217,-0.008210820145905018,0.003809258108958602,2.6352184323563677e-14
2.940000057220459,42,0.033358391374349594,0.029104143381118774,9.80775260925293,522.0206909179688,563.95703125,2260.339111328125,-0.0006938092410564423,-0.0027897385880351067,0.008226435631513596,-0.011512297205626965
2.950000047683716,41,0.042492277920246124,0.030578501522541046,9.802087783813477,533.1209106445312,560.3147583007812,2248.26123046875,-0.003022866789251566,-0.008612382225692272,0.005897378548979759,-0.012558870017528534
2.9600000381469727,40,0.03325479477643967,0.018372200429439545,9.805545806884766,546.677490234375,560.0899047851562,2242.629150390625,-0.004209704231470823,-0.00643948744982481,0.01156385987997055,-0.002616431564092636
2.9700000286102295,38,0.01978706568479538,0.015680642798542976,9.805545806884766,561.4273071289062,560.777587890625,2241.39794921875,0.0011042945552617311,-0.004110430367290974,0.0044294483959674835,0.014128727838397026
2.9800000190734863,38,0.026141071692109108,-0.0005715658771805465,9.808743476867676,576.8080444335938,562.0048217773438,2242.1533203125,-0.0012113775592297316,-0.007885109633207321,0.004416062496602535,0.021454736590385437
2.990000009536743,38,0.03739871084690094,0.0028914574068039656,9.820246696472168,592.5585327148438,563.369140625,2243.6513671875,-0.0027953151147812605,-0.008723926730453968,0.007490239571779966,0.02302459441125393
3,39,0.041145503520965576,0.018286483362317085,9.821097373962402,608.7899169921875,564.2575073242188,2246.42138671875,0.0005019520758651197,-0.0033697718754410744,0.007414388936012983,0.02302459441125393
3.009999990463257,39,0.05171249434351921,0.012149045243859291,9.812774658203125,626.5921020507812,565.2346801757812,2252.515869140625,0.00018070278747472912,-0.004681540187448263,0.00790964812040329,0.026164311915636063
3.0199999809265137,39,0.05428517609834671,0.008446009829640388,9.817431449890137,645.5164794921875,565.5999145507812,2261.91796875,-0.0036832124460488558,-0.00473508145660162,0.006004462018609047,0.035060178488492966
3.0299999713897705,40,0.0573413148522377,0.010263239964842796,9.805545806884766,666.73046875,565.1173095703125,2271.804443359375,-0.004111544694751501,-0.0024060241412371397,0.008150585927069187,0.042909473180770874
3.0399999618530273,39,0.04468509927392006,0.01773788407444954,9.797483444213867,690.967041015625,563.6038818359375,2282.240966796875,-0.0024249861016869545,-0.002646961249411106,0.0049782488495111465,0.050758764147758484
3.049999952316284,40,0.03905627876520157,0.022435253486037254,9.790324211120605,718.537841796875,561.049560546875,2295.169677734375,-0.001840490847826004,-0.006136085372418165,0.001457891776226461,0.060177918523550034
3.059999942779541,40,0.03905627876520157,0.027561213821172714,9.795849800109863,749.7440185546875,558.8286743164062,2309.241943359375,-0.003910764120519161,-0.006653653457760811,0.007539319805800915,0.07012035697698593
3.069999933242798,40,0.041266366839408875,0.012543349526822567,9.802521705627441,782.6826171875,556.5343017578125,2320.83984375,-0.006748466286808252,-0.0047261579893529415,0.012304517440497875,0.07692307978868484
3.0799999237060547,40,0.034756965935230255,0.02094375342130661,9.812686920166016,814.9282836914062,551.7503662109375,2324.632080078125,-0.005963189993053675,-0.007055215071886778,0.010368098504841328,0.0763997882604599
3.0899999141693115,40,0.019907930865883827,0.02440677583217621,9.80106258392334,844.7239990234375,544.0567626953125,2318.454345703125,-0.0036341326776891947,-0.008723926730453968,0.007882878184318542,0.06384091824293137
3.0999999046325684,39,0.010135192424058914,0.01454916037619114,9.793451309204102,871.0782470703125,533.8780517578125,2302.4541015625,-0.001840490847826004,-0.008188511244952679,0.0036664807703346014,0.04029304161667824
3.109999895095825,38,0.017766905948519707,0.021869510412216187,9.803199768066406,894.9541015625,521.4411010742188,2279.849609375,-0.0012247629929333925,-0.0050384835340082645,0.005651980172842741,0.021454736590385437
3.119999885559082,37,0.0319770872592926,0.008737451396882534,9.813261032104492,915.851318359375,507.50384521484375,2257.7373046875,0.0016977133927866817,0.00023535902437288314,0.010332404635846615,0.009942438453435898
3.130000114440918,37,0.04211241751909256,-0.006983302533626556,9.817448616027832,933.97802734375,491.22833251953125,2236.484375,0.000613496929872781,-0.006109314505010843,0.007079754490405321,0.008895865641534328
3.140000104904175,36,0.037916701287031174,0.0010399401653558016,9.817952156066895,947.4091796875,472.6233825683594,2215.978271484375,0.0005242610350251198,-0.003851646091789007,0.007061907090246677,0.010989011265337467
3.1500000953674316,37,0.0404721200466156,0.001879980554804206,9.820089340209961,954.5106811523438,451.85894775390625,2193.80859375,-0.005298383068293333,-0.0061807031743228436,0.005897378548979759,0.003663003444671631
3.1600000858306885,37,0.037364181131124496,0.006234475411474705,9.800141334533691,954.6153564453125,428.8505859375,2162.339111328125,0.00007808156806277111,-0.007389850448817015,0.00809258222579956,-0.011512297205626965
3.1700000762939453,38,0.04102464020252228,0.0035086299758404493,9.806588172912598,947.5526733398438,406.01116943359375,2128.131103515625,0.000613496929872781,-0.0043245963752269745,0.00407696608453989,-0.03087388537824154
3.180000066757202,39,0.05760031193494797,0.0036972106900066137,9.805146217346191,936.2935180664062,387.63323974609375,2091.241943359375,0.000613496929872781,-0.0058059124276041985,0.008373674936592579,-0.05128205195069313
3.190000057220459,40,0.047948434948921204,0.016417821869254112,9.798908233642578,923.1648559570312,372.51806640625,2055.64013671875,0.000613496929872781,-0.005337424110621214,0.004871165845543146,-0.07012035697698593
3.200000047683716,40,0.03905627876520157,0.015543494373559952,9.831974983215332,909.7595825195312,359.10284423828125,2024.013671875,-0.0028667037840932608,-0.002432794775813818,0.007749023847281933,-0.07692307978868484
3.2100000381469727,41,0.03905627876520157,0.024766795337200165,9.820403099060059,896.7123413085938,345.9300231933594,1997.0328369140625,-0.0026793084107339382,-0.001361963921226561,0.008726157248020172,-0.07116692513227463
3.2200000286102295,42,0.03905627876520157,0.024835368618369102,9.808812141418457,887.0782470703125,330.7391662597656,1974.5390625,-0.001840490847826004,-0.002107083797454834,0.01128722820430994,-0.0575614869594574
3.2300000190734863,42,0.029110878705978394,0.02829839289188385,9.803720474243164,881.43505859375,315.9629211425781,1959.7154541015625,-0.0025231456384062767,-0.006002231501042843,0.011166759766638279,-0.039246466010808945
3.240000009536743,42,0.014451771974563599,0.024561069905757904,9.80750846862793,882.791259765625,303.6696472167969,1954.9083251953125,-0.0024472950026392937,-0.007483547553420067,0.009533742442727089,-0.016745159402489662
3.25,48,0.01015245821326971,0.02857269160449505,9.796492576599121,892.4033813476562,295.5033874511719,1960.6484375,-0.0035136642400175333,-0.0023658680729568005,0.011206915602087975,0.009942438453435898
3.259999990463257,42,0.01719711720943451,0.017292149364948273,9.805180549621582,910.3490600585938,292.5882873535156,1976.301025390625,-0.007007250562310219,0.0003379803092684597,0.013214724138379097,0.03976975381374359
3.2699999809265137,42,0.023378459736704826,0.001451388350687921,9.8031644821167,939.25146484375,295.4309997558594,2004.7784423828125,-0.008336865343153477,-0.0034545462112873793,0.01191634126007557,0.07326007634401321
3.2799999713897705,42,0.028264828026294708,0.01233762502670288,9.797014236450195,970.4395751953125,298.7212219238281,2042.837158203125,-0.004526491742581129,-0.0035616292152553797,0.009904071688652039,0.10361067205667496
3.2899999618530273,42,0.025692148134112358,0.016932131722569466,9.814616203308105,999.2139892578125,299.6249084472656,2080.1806640625,0.0003056330024264753,-0.001674289582297206,0.009529280476272106,0.11878597736358643
3.299999952316284,42,0.03220155090093613,0.009388912469148636,9.808621406555176,1024.38134765625,297.3349304199219,2114.71142578125,-0.0008588957134634256,-0.0057791415601968765,0.005852760747075081,0.11826269328594208
3.309999942779541,42,0.038106631487607956,0.007365958299487829,9.805545806884766,1046.4111328125,292.5411071777344,2147.6044921875,-0.001840490847826004,-0.0039988853968679905,0.0053039598278701305,0.11198325455188751
3.319999933242798,43,0.046929724514484406,0.015183476731181145,9.789698600769043,1067.35498046875,288.8988952636719,2182.509033203125,-0.0020814277231693268,-0.00528388237580657,0.0027741214726120234,0.10884353518486023
3.3299999237060547,43,0.04869088903069496,0.020909465849399567,9.798247337341309,1092.4512939453125,290.140380859375,2224.3037109375,-0.004120468162000179,-0.007438930217176676,0.007842721417546272,0.11564625799655914
3.3399999141693115,43,0.060915444046258926,0.013623401522636414,9.804798126220703,1118.4215087890625,296.2403869628906,2267.81396484375,-0.0006268822471611202,-0.00627440121024847,-0.001473508309572935,0.12663526833057404
3.3499999046325684,43,0.05485496670007706,0.012149045243859291,9.809715270996094,1140.981201171875,305.6152648925781,2306.58544921875,0.0005465699941851199,-0.003949805628508329,0.0019709982443600893,0.12663526833057404
3.359999895095825,43,0.06193415820598602,0.02469821833074093,9.8146333694458,1156.2391357421875,316.5584411621094,2335.19287109375,0.0017110988264903426,-0.0027183499187231064,0.002171779051423073,0.09942438453435898
3.369999885559082,43,0.0631427988409996,0.026498304679989815,9.802312850952148,1161.1610107421875,327.9293518066406,2350.37353515625,-0.0012649191776290536,-0.005694367457181215,0.00424205232411623,0.050235480070114136
3.380000114440918,43,0.04138723388314247,0.02217809669673443,9.800697326660156,1156.70458984375,342.0377197265625,2352.536376953125,-0.001840490847826004,-0.00821528211236,0.005598438438028097,-0.002616431564092636
3.390000104904175,44,0.03463610261678696,0.026103999465703964,9.800697326660156,1151.429931640625,359.0337829589844,2348.064453125,-0.000020078139641555026,-0.004172895103693008,0.004032347816973925,-0.04238618537783623
3.4000000953674316,44,0.011792758479714394,0.022040948271751404,9.809733390808105,1146.915283203125,378.47113037109375,2342.0166015625,-0.00023424428945872933,-0.001741216517984867,0.005094255320727825,-0.061747774481773376
3.4100000858306885,44,0.028385693207383156,0.012663355097174644,9.792043685913086,1144.2779541015625,399.14013671875,2336.69775390625,-0.000613496929872781,-0.004503068048506975,0.005852760747075081,-0.06384091824293137
3.4200000762939453,44,0.03404904529452324,0.007554539013653994,9.818942070007324,1144.3865966796875,419.17303466796875,2331.493896484375,-0.0020591188222169876,-0.008438372053205967,0.00802119355648756,-0.0575614869594574
3.430000066757202,43,0.020149657502770424,0.012029039673507214,9.80591106414795,1148.7847900390625,437.4731140136719,2330.8291015625,-0.003727830247953534,-0.007309537846595049,0.006892359349876642,-0.04814233258366585
3.440000057220459,43,0.024587102234363556,0.007365958299487829,9.810341835021973,1155.4996337890625,450.8598327636719,2332.878173828125,-0.002500836504623294,-0.005042945500463247,0.007017289754003286,-0.035060178488492966
3.450000047683716,43,0.034325309097766876,-0.006554710678756237,9.810306549072266,1167.1351318359375,460.8192443847656,2341.61962890625,-0.0011489124735817313,-0.004507530014961958,0.00846291147172451,-0.013082155957818031
3.4600000381469727,43,0.03890088200569153,0.01677783764898777,9.805389404296875,1184.533935546875,468.7957763671875,2358.4814453125,-0.0027863914147019386,-0.002870050957426429,0.010863358154892921,0.01726844534277916
3.4700000286102295,43,0.03513682633638382,0.012371912598609924,9.801827430725098,1207.5811767578125,476.08465576171875,2383.383056640625,-0.0026525375433266163,-0.0001305082259932533,0.016485221683979034,0.05128205195069313
3.4800000190734863,43,0.05262761190533638,0.017806461080908775,9.824051856994629,1238.4732666015625,482.4808044433594,2418.5087890625,0.0002654768468346447,0.0012749574379995465,0.013580591417849064,0.08477237075567245
3.490000009536743,43,0.039781466126441956,0.030561357736587524,9.810758590698242,1276.6800537109375,484.2607727050781,2457.5048828125,-0.000613496929872781,-0.001361963921226561,0.0063078636303544044,0.1140763983130455
3.5,43,0.04825923219323158,0.023000994697213173,9.816110610961914,1319.1971435546875,480.5768737792969,2502.5087890625,-0.0008365867543034256,-0.0020312333945184946,0.00016397098079323769,0.14652015268802643
3.509999990463257,43,0.04487502947449684,0.03507014736533165,9.821914672851562,1364.8804931640625,472.1671142578125,2550.01513671875,-0.001840490847826004,-0.004721696022897959,0.002974902279675007,0.18001046776771545
3.5199999809265137,42,0.05065925046801567,0.025366822257637978,9.795849800109863,1411.8564453125,460.6383056640625,2595.417236328125,-0.001840490847826004,-0.002490798244252801,0.008110429160296917,0.20355834066867828
3.5299999713897705,42,0.028782818466424942,0.01629781536757946,9.797778129577637,1454.372314453125,448.20135498046875,2636.1943359375,-0.0018047965131700039,-0.0015047413762658834,0.005924149416387081,0.20774464309215546
3.5399999618530273,42,0.024604368954896927,0.014960609376430511,9.810393333435059,1485.216552734375,433.0862121582031,2667.45556640625,-0.0006402676226571202,-0.006162856239825487,0.008253206498920918,0.18733647465705872
3.549999952316284,43,0.02538135275244713,0.02819553017616272,9.809612274169922,1499.9534912109375,415.0032958984375,2681.188720703125,0.0005242610350251198,-0.005132181569933891,0.001480200793594122,0.14809000492095947
3.559999942779541,43,0.029421672224998474,0.012989086098968983,9.803842544555664,1497.2657470703125,395.8345947265625,2675.5869140625,-0.00046179586206562817,-0.0018170670373365283,0.008471835404634476,0.08686551451683044
3.569999933242798,43,0.029421672224998474,0.015114901587367058,9.795849800109863,1478.2559814453125,377.5838928222656,2651.8974609375,-0.0016263247234746814,-0.001361963921226561,0.013585053384304047,0.0020931437611579895
3.5799999237060547,43,0.03139003366231918,0.004434388596564531,9.799811363220215,1446.42138671875,361.86004638671875,2614.112060546875,-0.0056419409811496735,-0.005163413938134909,0.013491355814039707,-0.08110936731100082
3.5899999141693115,43,0.04221601411700249,-0.0038460087962448597,9.816301345825195,1408.6632080078125,349.5152282714844,2568.437744140625,-0.0040847742930054665,-0.0018304524710401893,0.010551031678915024,-0.1339612752199173
3.5999999046325684,43,0.05126357078552246,0.010708975605666637,9.818960189819336,1373.935302734375,340.2171325683594,2524.123046875,-0.002242052461951971,-0.001785834552720189,0.007057445589452982,-0.1538461595773697
3.609999895095825,43,0.043873582035303116,0.019349390640854836,9.814043045043945,1344.6141357421875,333.4393310546875,2485.738525390625,-0.004892359022051096,-0.000300056446576491,0.009667596779763699,-0.14965985715389252
3.619999885559082,43,0.03883181884884834,0.018406488001346588,9.807856559753418,1321.5863037109375,328.591796875,2453.540283203125,-0.0032459564972668886,-0.0017099840333685279,0.011287229135632515,-0.13082155585289001
3.630000114440918,43,0.027263382449746132,0.03342435136437416,9.799359321594238,1304.451171875,325.0614013671875,2424.045166015625,0.000024539876903872937,-0.003815951757133007,0.009484662674367428,-0.10570382326841354
3.640000104904175,43,0.035637546330690384,0.022332390770316124,9.80147933959961,1293.7698974609375,322.1298522949219,2399.7783203125,0.001764640212059021,-0.003240379970520735,0.007155605126172304,-0.08372579514980316
3.6500000953674316,43,0.03465336933732033,0.015063471160829067,9.813764572143555,1283.8448486328125,318.91314697265625,2383.069580078125,0.0005019520176574588,-0.00412827730178833,0.009444506838917732,-0.06698063760995865
3.6600000858306885,43,0.026141071692109108,0.024766793474555016,9.81194019317627,1276.8416748046875,316.1811828613281,2372.311767578125,-0.002166201826184988,-0.004467373713850975,0.011737870052456856,-0.050235480070114136
3.6700000762939453,43,0.03423897549510002,0.02809266932308674,9.810393333435059,1271.57080078125,313.9602966308594,2365.3310546875,-0.000613496929872781,-0.001750140218064189,0.005915225949138403,-0.03453689068555832
3.680000066757202,43,0.040523916482925415,0.013400533236563206,9.800697326660156,1265.4881591796875,312.0574645996094,2360.22705078125,-0.0019163413671776652,-0.0035660909488797188,0.0037244842387735844,-0.026164311915636063
3.690000057220459,43,0.04121457040309906,-0.0022002155892550945,9.812982559204102,1258.3671875,311.43560791015625,2360.116455078125,-0.004731734748929739,-0.0054802014492452145,0.004625767003744841,-0.02093144878745079
3.700000047683716,43,0.05350819230079651,0.005000130273401737,9.82186222076416,1252.332275390625,309.81573486328125,2362.3037109375,-0.003045175690203905,-0.002588957780972123,0.0044249859638512135,-0.013082155957818031
3.7100000381469727,43,0.051626164466142654,0.015063470229506493,9.802591323852539,1246.1383056640625,308.7102355957031,2367.5732421875,-0.008510875515639782,-0.0027272733859717846,0.003952035680413246,-0.004186289384961128
3.7200000286102295,43,0.031131040304899216,0.012149045243859291,9.801618576049805,1238.757568359375,307.6836853027344,2373.52392578125,-0.002915783552452922,-0.0036642507184296846,0.008230897597968578,0.0015698587521910667
3.7300000190734863,43,0.017456112429499626,0.002119992161169648,9.808048248291016,1228.8480224609375,306.116455078125,2377.693603515625,-0.0006670384900644422,-0.0013218077365309,0.007093139924108982,-0.002616431098431349
3.740000009536743,43,0.04468509927392006,-0.0013944621896371245,9.812322616577148,1213.663818359375,304.25091552734375,2379.909912109375,-0.005325153470039368,0.0021717785857617855,0.0082576684653759,-0.015175300650298595
3.75,43,0.04969233274459839,0.012149045243859291,9.79802131652832,1194.6981201171875,302.3853759765625,2373.610107421875,-0.00217512552626431,-0.006604574155062437,0.009422197937965393,-0.03244374692440033
3.759999990463257,43,0.02569214627146721,0.018783649429678917,9.807422637939453,1174.3438720703125,300.8883361816406,2364.867431640625,-0.003946458455175161,-0.008549916557967663,0.009533742442727089,-0.04971219226717949
3.7699999809265137,43,0.012448878958821297,0.021938085556030273,9.815241813659668,1153.0743408203125,300.4891052246094,2353.8701171875,-0.0042944783344864845,-0.007733408361673355,0.01745789311826229,-0.06227106228470802
3.7799999713897705,43,0.02679719217121601,0.014583447948098183,9.812861442565918,1131.246337890625,301.43670654296875,2340.51171875,-0.0015103177865967155,-0.0047127725556492805,0.013781372457742691,-0.07116692513227463
3.7899999618530273,43,0.04879448562860489,0.0194008219987154,9.79814338684082,1109.25537109375,303.2134094238281,2324.99853515625,-0.000613496929872781,-0.004681540187448263,0.005063022952526808,-0.0763997882604599
3.799999952316284,43,0.06082911044359207,0.024012472480535507,9.796232223510742,1083.954833984375,304.63916015625,2305.7646484375,0.00018962632748298347,-0.003436699043959379,0.004581148736178875,-0.0842490866780281
3.809999942779541,43,0.03998866304755211,0.016606401652097702,9.802956581115723,1053.881103515625,306.7295227050781,2280.47607421875,-0.00012716118362732232,-0.004810932092368603,0.007334076799452305,-0.095238097012043
3.819999933242798,43,0.022428812459111214,0.009526061825454235,9.803356170654297,1017.9664306640625,308.39434814453125,2248.563720703125,0.003455661004409194,-0.0015225886600092053,0.008306748233735561,-0.11826269328594208
3.8299999237060547,44,0.03273680433630943,0.012749074026942253,9.805545806884766,977.5333251953125,309.2081298828125,2209.623779296875,0.0036698272451758385,-0.002606804948300123,0.005843837279826403,-0.1459968537092209
3.8399999141693115,44,0.04183615744113922,0.005891601555049419,9.79995059967041,935.8125610351562,309.3726501464844,2164.11767578125,-0.00270607927814126,-0.00528388237580657,0.0017389849526807666,-0.1637885868549347
3.8499999046325684,44,0.032477810978889465,-0.0022002155892550945,9.79871654510498,895.286376953125,309.2838134765625,2123.562255859375,-0.007239263970404863,-0.004061350133270025,0.004625767003744841,-0.16588173806667328
3.859999895095825,44,0.01585034467279911,-0.007994779385626316,9.803634643554688,858.8558959960938,308.97784423828125,2084,-0.007547127548605204,-0.004984942264854908,0.008989403955638409,-0.15646257996559143
3.869999885559082,44,0.004178311210125685,0.006028751377016306,9.808551788330078,826.0905151367188,309.03485107421875,2049.80712890625,-0.004919129889458418,-0.002588957780972123,0.0037646403070539236,-0.13971742987632751
3.880000114440918,44,0.028023099526762962,0.010863268747925758,9.801166534423828,796.1358032226562,309.39019775390625,2018.990478515625,-0.0012203011428937316,-0.003802566323429346,0.0034121584612876177,-0.1240188404917717
3.890000104904175,44,0.050123993307352066,0.013571970164775848,9.802140235900879,767.8267822265625,309.84423828125,1987.865966796875,-0.0035493585746735334,-0.007496933452785015,0.0011634131660684943,-0.11355311423540115
3.9000000953674316,44,0.05031392350792885,0.016932131722569466,9.805545806884766,740.0762939453125,311.08795166015625,1959.4993896484375,-0.005343000870198011,-0.006783045828342438,0.0076151699759066105,-0.10936682671308517
3.9100000858306885,44,0.03563755005598068,0.023412441834807396,9.812113761901855,710.765380859375,311.397216796875,1927.0533447265625,-0.00406246492639184,-0.0027049644850194454,0.010992749594151974,-0.10989011079072952
3.9200000762939453,44,0.03608647361397743,0.03311576694250107,9.808534622192383,678.814453125,311.6319274902344,1888.342041015625,-0.001840490847826004,-0.0036017855163663626,0.012839932925999165,-0.11773940175771713
3.930000066757202,44,0.04245774447917938,0.03606447950005531,9.815814971923828,644.0206909179688,311.8260498046875,1844.38037109375,-0.001840490847826004,0.0010563293471932411,0.00468823267146945,-0.1318681389093399
3.940000057220459,44,0.043873582035303116,0.025726839900016785,9.816596984863281,606.3671875,311.6692199707031,1795.9808349609375,0.00047071941662579775,-0.0012191864661872387,0.006936977151781321,-0.14809000492095947
3.950000047683716,44,0.03325479477643967,0.02171521820127964,9.818803787231445,565.422119140625,310.336669921875,1740.798828125,0.0038929167203605175,-0.00026882393285632133,0.007079754490405321,-0.16117216646671295
3.9600000381469727,44,0.025813011452555656,0.01454916037619114,9.816457748413086,522.4136962890625,307.5871887207031,1678.859130859375,-0.0008588957716710865,-0.0032269947696477175,0.0050184051506221294,-0.17111459374427795
3.9700000286102295,44,0.02828209474682808,0.012149045243859291,9.793034553527832,478.4589538574219,303.1191101074219,1614.75927734375,-0.0047451201826334,-0.0009113225387409329,0.008498605340719223,-0.17844060063362122
3.9800000190734863,44,0.04815563187003136,0.008428866043686867,9.805006980895996,434.8015441894531,297.3415222167969,1548.013671875,-0.005521472543478012,-0.00013497007603291422,0.006816508714109659,-0.18105703592300415
3.990000009536743,44,0.042060621082782745,0.014943464659154415,9.821914672851562,392.57916259765625,290.52313232421875,1479.3515625,-0.004678193014115095,-0.0018215288873761892,0.0033229223918169737,-0.18001046776771545
4,44,0.023516591638326645,0.0015028193593025208,9.80929946899414,352.6813049316406,282.6167907714844,1411.53759765625,-0.0035136642400175333,-0.002588957780972123,0.00607585022225976,-0.17320774495601654
4.010000228881836,44,0.03560301661491394,0.0017256872961297631,9.785649299621582,314.66839599609375,275.6876525878906,1349.3748779296875,-0.0030674845911562443,-0.004025656264275312,0.006151700858026743,-0.1637885868549347
4.019999980926514,44,0.03905627876520157,0.014566304162144661,9.805597305297852,280.34259033203125,269.0304870605469,1286.95751953125,0.0008678192389197648,-0.0030752934981137514,0.00396988308057189,-0.1538461595773697
4.03000020980835,44,0.047240518033504486,0.025058235973119736,9.798039436340332,247.48028564453125,262.50384521484375,1224.8741455078125,0.005481316242367029,-0.0019553827587515116,0.005772448144853115,-0.1449502855539322
4.039999961853027,44,0.040368519723415375,0.009971797466278076,9.808412551879883,215.56431579589844,255.78196716308594,1162.4322509765625,0.005155605264008045,-0.00046514294808730483,0.006182933691889048,-0.14128728210926056
4.050000190734863,44,0.026365533471107483,0.015766361728310585,9.814650535583496,185.396240234375,248.35488891601562,1098.1585693359375,-0.0011489125899970531,0.00044506340054795146,0.004335750360041857,-0.13919414579868317
4.059999942779541,44,0.020305056124925613,0.008394579403102398,9.789281845092773,158.27407836914062,238.76068115234375,1032.11767578125,-0.0055393194779753685,-0.0029949811287224293,0.007882878184318542,-0.13657771050930023
4.070000171661377,44,0.028523823246359825,0.020378010347485542,9.808134078979492,133.83709716796875,228.50515747070312,969.376220703125,-0.000613496929872781,-0.003815951757133007,0.010613497346639633,-0.13082155585289001
4.079999923706055,44,0.029421672224998474,0.03052707016468048,9.823790550231934,112.1952133178711,217.69027709960938,910.0820922851562,-0.0014567762846127152,-0.0035348585806787014,0.007641940843313932,-0.12035583704710007
4.090000152587891,44,0.051954224705696106,0.01785789057612419,9.811331748962402,93.25144958496094,207.28558349609375,854.7072143554688,-0.0038572223857045174,-0.0030262137297540903,0.008659230545163155,-0.10884353518486023
4.099999904632568,44,0.04435703903436661,0.0033029059413820505,9.801183700561523,76.77957153320312,198.1465301513672,803.2612915039062,-0.0024651421699672937,-0.005199108272790909,0.004625767003744841,-0.09680795669555664
4.110000133514404,43,0.034584302455186844,0.030252771452069283,9.814720153808594,63.06140899658203,189.0853271484375,753.9521484375,-0.006467373110353947,-0.006082543637603521,0.004813162609934807,-0.08843537420034409
4.119999885559082,43,0.0530938021838665,0.00788026861846447,9.815241813659668,51.39107894897461,180.1820526123047,708.6812133789062,-0.0030987171921879053,-0.003847184358164668,0.006954824086278677,-0.08110936731100082
4.130000114440918,43,0.053300995379686356,0.016794981434941292,9.78657054901123,41.75823974609375,170.89163208007812,665.7277221679688,-0.004263245966285467,-0.00501171313226223,0.0022967092227190733,-0.07482992857694626
4.139999866485596,43,0.024500772356987,0.007263096049427986,9.81513786315918,33.8577880859375,161.8710174560547,626.0109252929688,-0.005427774973213673,-0.005042945500463247,0.005571667570620775,-0.06802721321582794
4.150000095367432,42,0.01978706568479538,0.003097181674093008,9.81004524230957,27.2449893951416,153.6356658935547,590.0806884765625,-0.0012381485430523753,-0.0018304523546248674,0.012277746573090553,-0.060177918523550034
4.159999847412109,42,0.02027052268385887,0.01669211871922016,9.801426887512207,21.485454559326172,145.90699768066406,556.9494018554688,-0.0016218628734350204,0.000654767791274935,0.008172894828021526,-0.05285191163420677
4.170000076293945,42,0.029732465744018555,0.01184045895934105,9.813990592956543,17.219133377075195,138.76947021484375,528.4528198242188,-0.0008945900481194258,-0.0007997776265256107,0.009917456656694412,-0.04814233258366585
4.179999828338623,42,0.03423897549510002,0.007743119262158871,9.796614646911621,14.455073356628418,131.72625732421875,501.78387451171875,0.0011533742072060704,0.0012883428717032075,0.007226993795484304,-0.04343275725841522
4.190000057220459,42,0.03468789905309677,0.012149045243859291,9.805093765258789,12.003877639770508,125.13599395751953,476.4377746582031,-0.0014433908509090543,-0.0001438937324564904,0.008315672166645527,-0.04029304161667824
4.199999809265137,41,0.0380202978849411,0.012149045243859291,9.801218032836914,9.513897895812988,119.11603546142578,452.5225830078125,-0.0038259897846728563,-0.001361963921226561,0.0110507532954216,-0.037153322249650955
4.210000038146973,40,0.03176989033818245,0.012731930240988731,9.804954528808594,7.741434574127197,113.4382553100586,430.69219970703125,-0.0015103176701813936,-0.0048421649262309074,0.004331288393586874,-0.035060178488492966
4.21999979019165,40,0.04803476482629776,0.016932131722569466,9.802018165588379,6.5895280838012695,108.37464141845703,408.7524108886719,-0.000020078081433894113,-0.0068633584305644035,0.002292247721925378,-0.03192045912146568
4.230000019073486,40,0.04604913666844368,0.01765216700732708,9.812582969665527,5.844861030578613,103.24193572998047,387.3297119140625,-0.002897936385124922,-0.0039854999631643295,0.00642387056723237,-0.03035060130059719
4.239999771118164,39,0.05276573821902275,0.02171521820127964,9.822539329528809,4.818357944488525,98.33077239990234,366.83721923828125,-0.0039955382235348225,-0.002887898124754429,0.0075883991084992886,-0.029827315360307693
4.25,38,0.027194315567612648,0.020000848919153214,9.808655738830566,3.4570133686065674,93.54025268554688,347.4473571777344,-0.0009481316665187478,-0.004596766084432602,0.007414388936012983,-0.0287807434797287
4.260000228881836,37,0.03905627876520157,0.013074804097414017,9.8016357421875,2.157724380493164,88.50625610351562,328.9631042480469,-0.0009213608573190868,-0.006118238437920809,0.004701617173850536,-0.027734169736504555
4.269999980926514,36,0.04105917364358902,0.014943464659154415,9.811593055725098,1.6341302394866943,82.73196411132812,309.3502197265625,-0.003973228856921196,-0.010214167647063732,0.003135527018457651,-0.027734169736504555
4.28000020980835,36,0.04762037470936775,0.008428866975009441,9.82493782043457,0.5830637216567993,78.37464141845703,290.9466552734375,-0.003326268633827567,-0.006979364901781082,0.0063703288324177265,-0.027210883796215057
4.289999961853027,36,0.04045485332608223,0.013280528597533703,9.79214859008789,-0.5688431859016418,74.28822326660156,273.71270751953125,-0.004687116481363773,-0.005042945500463247,0.007717791013419628,-0.02668759785592556
4.300000190734863,35,0.03667352721095085,0.01573207415640354,9.798282623291016,-1.4492568969726562,70.56372833251953,257.0095520019531,-0.006213050801306963,-0.005310653243213892,0.004358059260994196,-0.025117740035057068
4.309999942779541,34,0.05065924674272537,0.014686309732496738,9.808116912841797,-1.825468897819519,67.52687072753906,240.45278930664062,-0.001840490847826004,-0.007068600971251726,0.0021003903821110725,-0.024071166291832924
4.320000171661377,47,0.030768446624279022,0.01502918265759945,9.816596984863281,-1.930187702178955,64.95064544677734,225.7154541015625,-0.001831567264162004,-0.00013497007603291422,0.0009358616662211716,-0.021978022530674934
4.329999923706055,34,0.031407296657562256,0.0048286933451890945,9.812965393066406,-2.1292827129364014,62.134239196777344,212.2763214111328,-0.0006670384318567812,-0.00013497007603291422,-0.00022866706422064453,-0.020408162847161293
4.340000152587891,36,0.026089273393154144,0.023189574480056763,9.795849800109863,-1.7802200317382812,59.29151153564453,198.90560913085938,-0.000613496929872781,-0.0023569443728774786,0.0008287785458378494,-0.0193615909665823
4.349999904632568,36,0.027867702767252922,0.020326578989624977,9.79272174835205,-1.2876538038253784,56.29524230957031,187.1258544921875,0.0004350250819697976,-0.0036374798510223627,0.008284440264105797,-0.017791731283068657
4.360000133514404,36,0.02298133447766304,0.01058897003531456,9.79922103881836,-1.0976085662841797,53.32529067993164,177.02598571777344,-0.0023446737322956324,-0.003815951757133007,0.005589514970779419,-0.016745159402489662
4.369999885559082,37,0.028247563168406487,0.016932131722569466,9.814720153808594,-1.4117649793624878,51.282081604003906,165.05880737304688,-0.008609035052359104,-0.0019687681924551725,0.002778583439067006,-0.016221873462200165
4.380000114440918,39,0.040351253002882004,0.016932131722569466,9.795849800109863,-1.3225600719451904,48.982234954833984,155.65252685546875,-0.006123814731836319,-0.005667597055435181,0.003894032444804907,-0.015175300650298595
4.389999866485596,39,0.0378994345664978,0.015114901587367058,9.801375389099121,-1.3703945875167847,46.73722457885742,146.1833038330078,-0.0042944783344864845,-0.008295594714581966,0.005424428265541792,-0.014652014710009098
4.400000095367432,40,0.043873582035303116,0.017806459218263626,9.812304496765137,-1.1648354530334473,44.77956008911133,137.4746856689453,-0.006503067445009947,-0.003570552682504058,0.007325153332203627,-0.0141287287697196
4.409999847412109,40,0.043873582035303116,0.0225895456969738,9.817222595214844,-0.8855852484703064,43.183815002441406,129.49246215820312,-0.0039330730214715,-0.002156163565814495,0.008980480022728443,-0.0141287287697196
4.420000076293945,41,0.04183615744113922,0.018955085426568985,9.809837341308594,-1.2837753295898438,41.84031677246094,121.16825866699219,0.0018315671477466822,-0.005649750120937824,0.008922476321458817,-0.013605441898107529
4.429999828338623,42,0.03694978728890419,0.019623689353466034,9.800089836120605,-0.8649000525474548,40.06361389160156,112.3036880493164,0.0042944783344864845,-0.005301729775965214,0.008306748233735561,-0.013082155957818031
4.440000057220459,42,0.029887862503528595,0.008291716687381268,9.809925079345703,-0.2805432677268982,38.21671676635742,105.27769470214844,0.003321806900203228,-0.0030752934981137514,0.00879308395087719,-0.012558870017528534
4.449999809265137,43,0.03133823350071907,0.006714498158544302,9.824277877807617,0.11506112664937973,36.252471923828125,97.93980407714844,0.000992749584838748,-0.0046636927872896194,0.009109871461987495,-0.012035583145916462
4.460000038146973,43,0.03674259036779404,0.016932131722569466,9.813677787780762,0.49256595969200134,34.579952239990234,90.28179931640625,-0.000613496929872781,-0.0062699392437934875,0.007222531829029322,-0.011512297205626965
4.46999979019165,44,0.031856223940849304,0.014566304162144661,9.800593376159668,1.1712989807128906,33.676246643066406,83.32010650634766,-0.0015103179030120373,-0.0062699392437934875,0.005223647691309452,-0.010989011265337467
4.480000019073486,44,0.029421672224998474,0.019452253356575966,9.80052375793457,1.2760177850723267,32.61022186279297,76.56086730957031,-0.002875627251341939,-0.0062699392437934875,0.006606804206967354,-0.011512297205626965
4.489999771118164,45,0.024379907175898552,0.01898937299847603,9.803686141967773,1.826761245727539,31.468524932861328,69.14089965820312,0.0028934746515005827,-0.005747909191995859,0.004625767003744841,-0.010989011265337467
4.5,46,0.02237701416015625,0.012149045243859291,9.815241813659668,2.261150360107422,30.36850357055664,63.589603424072266,0.0015058561693876982,-0.002812047488987446,0.005183491390198469,-0.010989011265337467
4.510000228881836,46,0.03258140757679939,0.014789172448217869,9.809889793395996,2.615384340286255,29.200485229492188,58.41997146606445,-0.001791411079466343,-0.004895706195384264,0.010858896188437939,-0.010465724393725395
4.519999980926514,46,0.03360012173652649,0.019640833139419556,9.802800178527832,3.0187456607818604,27.933761596679688,52.12858963012695,-0.0006268822471611202,-0.0014021199895069003,0.013187953270971775,-0.010465724393725395
4.53000020980835,46,0.0322188176214695,0.024492494761943817,9.800697326660156,3.332901954650879,27.045406341552734,47.25307846069336,-0.002915783552452922,-0.00251310714520514,0.008610150776803493,-0.0094191525131464
4.539999961853027,47,0.03137276694178581,0.02934415638446808,9.818004608154297,3.742727518081665,26.075897216796875,43.49110794067383,0.00019854986749123782,-0.008032348938286304,0.008306748233735561,-0.0094191525131464
4.550000190734863,47,0.03235694766044617,0.016709264367818832,9.81206226348877,4.303813457489014,25.400310516357422,38.17920684814453,-0.003491355339065194,-0.006671500857919455,0.008306748233735561,-0.0094191525131464
4.559999942779541,47,0.04625633731484413,0.010348958894610405,9.809767723083496,4.839043140411377,24.827816009521484,33.463748931884766,-0.00333073060028255,-0.0014511997578665614,0.012161740101873875,-0.008895865641534328
4.570000171661377,48,0.0381411649286747,0.0029943196568638086,9.805962562561035,5.104072093963623,24.243257522583008,30.28590965270996,-0.002166201826184988,-0.0064439489506185055,0.011412158608436584,-0.008895865641534328
4.579999923706055,48,0.03256414085626602,0.004040084313601255,9.807022094726562,4.789916038513184,23.799081802368164,26.40765953063965,-0.0026793084107339382,-0.008723926730453968,0.009083100594580173,-0.008895865641534328
4.590000152587891,48,0.043873585760593414,0.020120855420827866,9.81362533569336,5.803490161895752,22.921695709228516,22.313268661499023,-0.0038438369520008564,-0.007947574369609356,0.00985945388674736,-0.008372579701244831
4.599999904632568,48,0.04212968423962593,0.013469108380377293,9.805336952209473,5.9974141120910645,22.55977439880371,18.29548454284668,-0.005008365958929062,-0.007496933452785015,0.008619074709713459,-0.007849293760955334
4.610000133514404,48,0.04240594431757927,0.004040084313601255,9.797327041625977,6.316741943359375,22.15727424621582,14.867304801940918,-0.0022643613629043102,-0.0055426666513085365,0.008382598869502544,-0.007849293760955334
4.619999885559082,48,0.043873582035303116,0.009371768683195114,9.806171417236328,6.82223653793335,21.53542709350586,11.595074653625488,0.000024539876903872937,-0.003226994536817074,0.011300614103674889,-0.007849293760955334
4.630000114440918,48,0.03341019153594971,0.008686021901667118,9.817413330078125,6.717517375946045,20.910289764404297,7.3351569175720215,-0.0011399888899177313,-0.0015359739772975445,0.01163524854928255,-0.007326007355004549
4.639999866485596,48,0.029421672224998474,0.017960751429200172,9.816510200500488,6.612798690795898,20.199607849121094,4.675786018371582,-0.0027685442473739386,0.0012571102706715465,0.009997769258916378,-0.007326007355004549
4.650000095367432,48,0.022169817239046097,0.018115045502781868,9.807943344116211,7.096314907073975,19.84536361694336,3.083446741104126,-0.005097601562738419,-0.00006804311851738021,0.008351366966962814,-0.007849293760955334
4.659999847412109,48,0.03456703573465347,0.013263384811580181,9.820420265197754,7.308338642120361,19.52840805053711,1.564978837966919,-0.005392080172896385,-0.006818740628659725,0.005094255320727825,-0.007849293760955334
4.670000076293945,48,0.027764106169342995,0.019623689353466034,9.813572883605957,7.447963237762451,19.05461883544922,-0.5772918462753296,-0.00018070274381898344,-0.003659788751974702,0.009257110767066479,-0.006802720949053764
4.679999828338623,48,0.02843749150633812,0.014103424735367298,9.810393333435059,8.014220237731934,18.33516502380371,-3.614227533340454,0.0038081428501755,-0.00019297336984891444,0.00809258222579956,-0.007326007355004549
4.690000057220459,48,0.041128236800432205,0.023772459477186203,9.802538871765137,8.014220237731934,17.535646438598633,-6.0519843101501465,-0.0042944783344864845,-0.006421640515327454,0.006776352412998676,-0.006802720949053764
4.699999809265137,48,0.035931073129177094,0.014669165946543217,9.812686920166016,8.376211166381836,17.119985580444336,-8.681259155273438,-0.0042944783344864845,-0.00776464119553566,0.004715003073215485,-0.006802720949053764
4.710000038146973,48,0.03423897549510002,0.016160666942596436,9.79491138458252,8.135746002197266,16.708709716796875,-10.782490730285645,-0.004240936599671841,-0.011097602546215057,0.005879531614482403,-0.006802720949053764
4.71999979019165,48,0.04245774447917938,0.012851935811340809,9.815814971923828,7.962507724761963,16.26453399658203,-12.686731338500977,-0.0019118795171380043,-0.0076040164567530155,0.007044060155749321,-0.006802720949053764
4.730000019073486,48,0.043873582035303116,0.02044658549129963,9.811678886413574,8.33484172821045,15.863130569458008,-14.809850692749023,0.00041717785643413663,-0.007496933452785015,0.007079754490405321,-0.006802720949053764
4.739999771118164,48,0.048121098428964615,0.02171521820127964,9.806118965148926,7.915966033935547,15.685460090637207,-17.02599334716797,-0.002585610607638955,-0.0010987180285155773,0.010278862901031971,-0.006802720949053764
4.75,48,0.05732404813170433,0.017429297789931297,9.822921752929688,8.46670913696289,14.932005882263184,-18.113542556762695,-0.0070831007324159145,-0.0011388740967959166,0.007749023847281933,-0.006802720949053764
4.760000228881836,48,0.03639726713299751,0.021286625415086746,9.820524215698242,8.2986421585083,14.685240745544434,-19.876882553100586,-0.007975460030138493,-0.0032448419369757175,0.0023725598584860563,-0.006279435008764267
4.769999980926514,48,0.02978426404297352,0.017292149364948273,9.793190956115723,7.727213382720947,14.522924423217773,-20.91929054260254,-0.007975460030138493,-0.003815951757133007,0.007097602356225252,-0.006279435008764267
4.78000020980835,48,0.029421672224998474,0.016932131722569466,9.804659843444824,7.354879856109619,14.128100395202637,-21.337894439697266,-0.0063424427062273026,-0.0005499171675182879,0.007084216456860304,-0.006279435008764267
4.789999961853027,48,0.03860735520720482,0.00781169394031167,9.800923347473145,7.878474235534668,13.595088958740234,-23.997264862060547,-0.004013385623693466,-0.0026781936176121235,0.005098717287182808,-0.006279435008764267
4.800000190734863,48,0.03439437225461006,0.021252339705824852,9.810080528259277,7.678086280822754,13.062077522277832,-24.905609130859375,-0.003759062848985195,-0.003659788751974702,0.004625767003744841,-0.006279435008764267
4.809999942779541,48,0.020046060904860497,0.002925744978711009,9.781826972961426,7.862959861755371,12.863569259643555,-26.376197814941406,-0.0030362519901245832,-0.0013307313201949,0.01091689895838499,-0.006279435008764267
4.820000171661377,48,0.02938714064657688,0.016932131722569466,9.810132026672363,7.851324558258057,12.590482711791992,-27.463748931884766,-0.001840490847826004,0.0015649741981178522,0.015762409195303917,-0.006279435008764267
4.829999923706055,48,0.029300808906555176,0.021595213562250137,9.79633617401123,7.47769832611084,12.171531677246094,-28.11217498779297,-0.0033530397340655327,0.0025376456324011087,0.011416620574891567,-0.006279435008764267
4.840000152587891,48,0.024984227493405342,0.017120711505413055,9.81505012512207,6.969618320465088,11.833738327026367,-29.031463623046875,-0.005963190458714962,-0.0011165650794282556,0.007521472405642271,-0.006802720949053764
4.849999904632568,48,0.03423897549510002,0.021458063274621964,9.811175346374512,6.760180950164795,11.833738327026367,-30.582763671875,-0.00712771899998188,-0.004284440074115992,0.006789737846702337,-0.006279435008764267
4.860000133514404,48,0.03555121645331383,0.017583591863512993,9.82493782043457,7.06270170211792,11.254664421081543,-32.04377365112305,-0.007658672519028187,-0.0006882327143102884,0.00434913532808423,-0.006279435008764267
4.869999885559082,47,0.0523168183863163,0.02452678047120571,9.822139739990234,6.934711933135986,10.853260040283203,-33.09849548339844,-0.006494143977761269,0.0024841041304171085,0.007334076799452305,-0.006279435008764267
4.880000114440918,47,0.04092104360461235,0.004897268023341894,9.794285774230957,6.555914402008057,10.491338729858398,-34.142269134521484,-0.0043703289702534676,-0.005694367457181215,0.008690462447702885,-0.006279435008764267
4.889999866485596,47,0.05725498124957085,0.02596685104072094,9.823322296142578,6.521008014678955,9.839879989624023,-35.668949127197266,0.0015817066887393594,-0.002588957780972123,0.009984384290874004,-0.005756148602813482
4.900000095367432,47,0.04748224467039108,0.019915131852030754,9.81100082397461,7.044601917266846,9.662209510803223,-36.998634338378906,-0.0006804238655604422,-0.0023212500382214785,0.004001115448772907,-0.006279435008764267
4.909999847412109,46,0.03905627876520157,0.00803456176072359,9.81456470489502,7.017452716827393,9.406671524047852,-36.28864669799805,-0.001849414431490004,0.002296708757057786,0.014419409446418285,-0.005756148602813482
4.920000076293945,46,0.03905627876520157,0.009937510825693607,9.80889892578125,7.114414691925049,9.25422477722168,-37.70998764038086,-0.004178471863269806,-0.0035259348805993795,0.008596764877438545,-0.005756148602813482
4.929999828338623,46,0.03986779600381851,0.0010227963794022799,9.801514625549316,7.238525867462158,9.020621299743652,-39.44186019897461,-0.0076140547171235085,-0.010455104522407055,0.0027741214726120234,-0.006279435008764267
4.940000057220459,46,0.043873582035303116,0.016932131722569466,9.806431770324707,7.256625175476074,8.668570518493652,-39.8741455078125,-0.0017110988264903426,-0.009089794009923935,0.007392080035060644,-0.006279435008764267
4.949999809265137,46,0.0429239347577095,0.015989229083061218,9.807526588439941,7.361344337463379,8.757405281066895,-41.31463623046875,0.00331288343295455,-0.0008711660047993064,0.007325153332203627,-0.005756148602813482
4.960000038146973,46,0.03803756460547447,0.01417199894785881,9.792774200439453,7.56431770324707,8.679537773132324,-42.02735900878906,0.0024562187027186155,-0.002584496047347784,0.0052414946258068085,-0.005756148602813482
4.96999979019165,46,0.03315119817852974,0.019555116072297096,9.79006290435791,7.478991508483887,8.465675354003906,-43.549930572509766,-0.0007295036339201033,-0.002959286794066429,0.00976575631648302,-0.005756148602813482
4.980000019073486,45,0.03057851642370224,0.013297672383487225,9.814268112182617,7.466063022613525,8.199169158935547,-44.29001235961914,-0.0010462910868227482,-0.0017947581363841891,0.011987730860710144,-0.005756148602813482
4.989999771118164,45,0.03301306441426277,0.020583735778927803,9.798316955566406,7.72462797164917,7.995177268981934,-44.28180694580078,0.00011823759268736467,-0.0028254331555217505,0.010524261742830276,-0.005756148602813482
5,44,0.03071664646267891,0.02742406539618969,9.809454917907715,8.143503189086914,7.995177268981934,-46.05472183227539,-0.000055772448831703514,-0.007162298541516066,0.00618739565834403,-0.005756148602813482
5.010000228881836,44,0.0328749343752861,0.018286481499671936,9.813225746154785,7.934065818786621,6.929153919219971,-46.16552734375,-0.000006692693659715587,-0.0063100955449044704,0.00461238157004118,-0.005756148602813482
5.019999980926514,44,0.03228788077831268,0.01744644157588482,9.795849800109863,8.12540340423584,6.747096538543701,-47.37893295288086,0.0011578360572457314,0.0001327376376139,0.009663134813308716,-0.005756148602813482
5.03000020980835,43,0.04206061735749245,0.010348958894610405,9.804920196533203,8.161602020263672,6.647293567657471,-48.047882080078125,-0.000568878895137459,0.0016185158165171742,0.012514222413301468,-0.005756148602813482
5.039999961853027,43,0.04240594431757927,0.020052282139658928,9.823356628417969,8.16935920715332,6.407109260559082,-48.298221588134766,-0.0030362519901245832,-0.000523146300110966,0.008694924414157867,-0.005756148602813482
5.050000190734863,42,0.035982873290777206,0.02161235548555851,9.815136909484863,8.628312110900879,6.218471527099609,-49.41313552856445,-0.00025655326317064464,-0.0006926945061422884,0.006365867331624031,-0.006279435008764267
5.059999942779541,42,0.04869088903069496,0.007057372014969587,9.803825378417969,8.104718208312988,5.863130569458008,-50.63201141357422,0.0003190184070263058,-0.0038650312926620245,0.005214724224060774,-0.006279435008764267
5.070000171661377,42,0.041577164083719254,0.0013313826639205217,9.798908233642578,8.187458992004395,5.654751777648926,-50.75102615356445,-0.0010775236878544092,-0.0005989968194626272,0.006615727674216032,-0.006279435008764267
5.079999923706055,42,0.03496416285634041,0.0055315843783319,9.805146217346191,7.962507247924805,5.477081298828125,-51.42818069458008,-0.0032370327971875668,-0.0024194095749408007,0.0037780257407575846,-0.005756148602813482
5.090000152587891,41,0.03620733693242073,0.008291716687381268,9.812374114990234,7.776340961456299,5.331215858459473,-52.488372802734375,-0.0042944783344864845,-0.0014690470416098833,-0.0004383714694995433,-0.005756148602813482
5.099999904632568,40,0.024604368954896927,0.014960608445107937,9.804694175720215,8.16935920715332,5.165609359741211,-53.16826248168945,-0.0042052422650158405,-0.0027674296870827675,0.010582264512777328,-0.005756148602813482
5.110000133514404,40,0.02254967764019966,0.014189142733812332,9.806257247924805,8.37879753112793,4.45492696762085,-53.16826248168945,-0.0018761851824820042,-0.007425544783473015,0.005924149416387081,-0.005756148602813482
5.119999885559082,40,0.03252961114048958,0.02114947699010372,9.800697326660156,8.402068138122559,4.296997547149658,-53.85772705078125,-0.006427216809242964,-0.007496933452785015,0.005852760747075081,-0.005756148602813482
5.130000114440918,39,0.03553394973278046,0.026498304679989815,9.805110931396484,8.265028953552246,4.150035381317139,-54.70588302612305,-0.0034958170726895332,-0.009665366262197495,0.006936977151781321,-0.005756148602813482
5.139999866485596,38,0.024310842156410217,0.028744127601385117,9.805840492248535,8.187458992004395,4.0096540451049805,-55.73187255859375,-0.005110987462103367,-0.00790741853415966,0.008101505227386951,-0.005756148602813482
5.150000095367432,38,0.03175262734293938,0.02665259875357151,9.805389404296875,8.292177200317383,3.9537205696105957,-56.8071174621582,-0.005521472543478012,-0.010374791920185089,0.004469604231417179,-0.005232862196862698
5.159999847412109,37,0.03663899376988411,0.019332246854901314,9.805562973022461,8.396896362304688,4.042555809020996,-57.250343322753906,-0.0028310094494372606,-0.012074735946953297,0.0033987730275839567,-0.005756148602813482
5.170000076293945,36,0.03905627876520157,0.01938367821276188,9.808152198791504,7.904330730438232,3.7091493606567383,-57.377567291259766,-0.0035092022735625505,-0.009901841171085835,0.006736196111887693,-0.005756148602813482
5.179999828338623,36,0.03651813045144081,0.01667497679591179,9.812686920166016,7.755655765533447,3.608250141143799,-57.09165573120117,-0.0027506970800459385,-0.006408255081623793,0.011394311673939228,-0.005232862196862698
5.190000057220459,36,0.039453405886888504,0.019915131852030754,9.799898147583008,8.007756233215332,3.522705078125,-57.82216262817383,-0.0011310651898384094,-0.005042945500463247,0.00824874546378851,-0.005756148602813482
5.199999809265137,35,0.038521021604537964,0.01852649450302124,9.807161331176758,8.376211166381836,3.3011653423309326,-59.187416076660156,-0.002554378006607294,-0.00180814357008785,0.002037925412878394,-0.005756148602813482
5.210000038146973,35,0.04247501119971275,0.00942320004105568,9.811800956726074,8.275370597839355,2.9535012245178223,-58.64706039428711,-0.002540992572903633,-0.00007696671673329547,0.002640267601236701,-0.005756148602813482
5.21999979019165,34,0.040247656404972076,-0.0010173015762120485,9.805545806884766,8.484807968139648,3.2200071811676025,-59.20109558105469,-0.0016575572080910206,-0.005016174633055925,0.004286670126020908,-0.005756148602813482
5.230000019073486,34,0.0371224507689476,0.007331670727580786,9.796839714050293,8.042662620544434,3.2101364135742188,-60.96169662475586,-0.0030674845911562443,-0.007653096225112677,0.0040100389160215855,-0.005232862196862698
5.239999771118164,34,0.03315119817852974,0.016932131722569466,9.793972969055176,7.755655765533447,3.362582206726074,-61.32147979736328,-0.0010819854214787483,-0.003021751996129751,0.007873954251408577,-0.005232862196862698
5.25,34,0.03546488285064697,0.019932275637984276,9.811054229736328,7.820296764373779,3.388903856277466,-60.48700714111328,0.0030674845911562443,-0.001696598599664867,0.007860569283366203,-0.005232862196862698
5.260000228881836,33,0.0236029215157032,0.024783937260508537,9.798316955566406,8.037490844726562,2.790088176727295,-60.25718307495117,0.0011622977908700705,-0.0015002796426415443,0.0033987730275839567,-0.005232862196862698
5.269999980926514,33,0.027608707547187805,0.02336101233959198,9.805233001708984,8.351648330688477,3.5896055698394775,-59.92476272583008,-0.005521472543478012,0.00210931315086782,0.003818181809037924,-0.005232862196862698
5.28000020980835,33,0.03101017326116562,0.015303482301533222,9.811992645263672,8.402068138122559,2.8975677490234375,-60.98768997192383,-0.004932515323162079,0.0007975452463142574,0.0057055214419960976,-0.005232862196862698
5.289999961853027,33,0.029421672224998474,0.008874602615833282,9.810393333435059,8.465415954589844,2.565258026123047,-61.04377746582031,-0.0003591745626181364,-0.001361963921226561,0.004880089312791824,-0.005232862196862698
5.300000190734863,33,0.03952246904373169,0.024081047624349594,9.807004928588867,8.453781127929688,2.6540935039520264,-61.047882080078125,0.0030228665564209223,-0.001384272938594222,0.008373674936592579,-0.005756148602813482
5.309999942779541,33,0.0370015874505043,0.017635023221373558,9.809002876281738,8.258563995361328,2.6705446243286133,-62.00136947631836,0.0006938091828487813,-0.002548801712691784,0.011867262423038483,-0.005756148602813482
5.320000171661377,33,0.02722884900867939,0.01562921144068241,9.813920974731445,8.15384578704834,2.2263681888580322,-60.560874938964844,0.000613496929872781,-0.0003402126603759825,0.010863358154892921,-0.005232862196862698
5.329999923706055,33,0.03175262734293938,0.009834648109972477,9.811644554138184,8.332255363464355,2.662867307662964,-60.61833190917969,-0.004696040414273739,0.0009269373258575797,0.010760736651718616,-0.005232862196862698
5.340000152587891,33,0.02695258893072605,0.00013132503954693675,9.810393333435059,8.402068138122559,2.8405377864837646,-61.726402282714844,-0.007520356681197882,-0.004904629662632942,0.0037646403070539236,-0.0047095762565732
5.349999904632568,32,0.03574114665389061,0.00517156720161438,9.817865371704102,8.311570167541504,2.9940803050994873,-62.55950927734375,-0.00610150583088398,-0.0006480766460299492,-0.005324038211256266,-0.005232862196862698
5.360000133514404,32,0.03905627876520157,0.007365958299487829,9.812478065490723,8.164188385009766,3.2616829872131348,-62.47058868408203,-0.0011489123571664095,-0.0006570001714862883,0.0002264363138237968,-0.005756148602813482
5.369999885559082,32,0.05445783957839012,0.007365958299487829,9.814269065856934,8.268906593322754,3.1728475093841553,-62.47058868408203,0.000613496929872781,-0.0005499170511029661,0.006646960042417049,-0.0047095762565732
5.380000114440918,32,0.05048658698797226,0.007365958299487829,9.819186210632324,8.071105003356934,2.998467206954956,-62.36388397216797,-0.0008856664644554257,0.0006146116065792739,0.008306748233735561,-0.005232862196862698
5.389999866485596,32,0.036725327372550964,0.011326148174703121,9.812061309814453,8.090497016906738,2.69138240814209,-62.89876937866211,-0.0032147238962352276,0.00040490724495612085,0.009680981747806072,-0.005232862196862698
5.400000095367432,33,0.03829656168818474,0.016177810728549957,9.818560600280762,8.402068138122559,2.555387496948242,-62.74418640136719,-0.004919129889458418,-0.00013497007603291422,0.010136084631085396,-0.005232862196862698
5.409999847412109,33,0.026676326990127563,0.02102947048842907,9.811783790588379,8.545571327209473,2.5520973205566406,-62.124488830566406,-0.001586168771609664,-0.0012593426508828998,0.0044740657322108746,-0.005232862196862698
5.420000076293945,33,0.037191517651081085,0.02171521820127964,9.810393333435059,7.628958702087402,2.289978504180908,-62.88919448852539,0.0030674845911562443,-0.0030886789318174124,-0.0005097602843306959,-0.005232862196862698
5.429999828338623,34,0.034791499376297,0.02171521820127964,9.801809310913086,7.733677864074707,2.201143264770508,-63.221614837646484,0.00219297269359231,-0.004253207705914974,0.0013820412568747997,-0.005756148602813482
5.440000057220459,34,0.03423897549510002,0.008806027472019196,9.805059432983398,7.341951847076416,2.2526895999908447,-63.20383071899414,-0.0012604574440047145,-0.005042945500463247,0.005170105956494808,-0.005756148602813482
5.449999809265137,34,0.02543315291404724,0.007365958299487829,9.796684265136719,7.458305835723877,2.1934661865234375,-63.7086181640625,-0.004896820988506079,-0.004730619955807924,0.01261238195002079,-0.005756148602813482
5.460000038146973,35,0.024604368954896927,0.020686596632003784,9.804850578308105,7.817711353302002,2.0157957077026367,-64.52804565429688,-0.0023179028648883104,-0.004065812099725008,0.013941997662186623,-0.005756148602813482
5.46999979019165,36,0.029145410284399986,0.02171521820127964,9.800975799560547,7.617323398590088,1.853479266166687,-65,0.0011756832245737314,-0.004105968400835991,0.011800335720181465,-0.005756148602813482
5.480000019073486,36,0.03403177857398987,0.012560493312776089,9.791418075561523,7.512604713439941,1.853479266166687,-65.77565002441406,0.003919687587767839,0.001092023798264563,0.01088566705584526,-0.005756148602813482
5.489999771118164,36,0.015522284433245659,0.026086855679750443,9.805129051208496,7.407886028289795,1.4751068353652954,-65.13543701171875,0.0004261014983057976,0.001092023798264563,0.012300056405365467,-0.005756148602813482
5.5,37,0.038710951805114746,0.01706928201019764,9.805545806884766,7.303167343139648,1.1406036615371704,-64.59097290039062,-0.0030674845911562443,0.001092023798264563,0.018122699111700058,-0.005756148602813482
5.510000228881836,38,0.043873582035303116,0.026224005967378616,9.795919418334961,7.1583709716796875,0.9760939478874207,-65.14910888671875,-0.0042320131324231625,-0.0012370336335152388,0.012300056405365467,-0.005756148602813482
5.519999980926514,39,0.04359732195734978,0.007640257012099028,9.801530838012695,7.010988712310791,0.9760939478874207,-66.76607513427734,0.00011377596820238978,-0.0002599003491923213,0.005375348962843418,-0.005756148602813482
5.53000020980835,40,0.03465336561203003,0.017137855291366577,9.828743934631348,7.220426082611084,0.9760939478874207,-66.21204376220703,0.002692693844437599,0.0019442267948761582,0.006704963743686676,-0.005232862196862698
5.539999961853027,40,0.0430448018014431,0.021440917626023293,9.80610179901123,7.142857074737549,0.9760939478874207,-66.77154541015625,-0.003772448282688856,-0.004520914983004332,0.006102621089667082,-0.005756148602813482
5.550000190734863,40,0.030457651242613792,0.01727500557899475,9.8162841796875,7.393664836883545,0.7951331734657288,-67.06018829345703,-0.000948131550103426,-0.0035259348805993795,0.004938092548400164,-0.005756148602813482
5.559999942779541,41,0.044287972152233124,0.02171521820127964,9.826866149902344,7.672914981842041,0.6470744013786316,-67.36798858642578,-0.0010909091215580702,-0.001736754784360528,0.007182375993579626,-0.005756148602813482
5.570000171661377,42,0.04772397503256798,0.01979512721300125,9.797796249389648,7.7776336669921875,0.6284299492835999,-67.96853637695312,-0.0010507529368624091,0.0002175118133891374,0.003568321233615279,-0.006279435008764267
5.579999923706055,42,0.03850375860929489,0.004777262452989817,9.812460899353027,7.882352352142334,0.5395946502685547,-68.74418640136719,-0.0013407696969807148,-0.003271612338721752,0.0009447852498851717,-0.005756148602813482
5.590000152587891,42,0.03486056253314018,0.022332390770316124,9.793502807617188,7.9870710372924805,0.3641176223754883,-68.65526580810547,-0.001840490847826004,-0.004940323997288942,0.0036040155682712793,-0.005756148602813482
5.599999904632568,43,0.03767497465014458,0.024441063404083252,9.809698104858398,7.859081745147705,-0.010964649729430676,-69.36524963378906,-0.0024428332690149546,-0.0026112666819244623,0.008864473551511765,-0.005232862196862698
5.610000133514404,43,0.027902236208319664,0.01441201101988554,9.804780960083008,7.861667156219482,-0.05044698715209961,-69.40902709960938,-0.0019877299200743437,0.0013374225236475468,0.011447853408753872,-0.005756148602813482
5.619999885559082,44,0.01978706568479538,0.026498304679989815,9.801531791687012,7.90045166015625,0.13599741458892822,-68.88372039794922,-0.0020457333885133266,0.004295593127608299,0.011715561151504517,-0.005232862196862698
5.630000114440918,44,0.02158276177942753,0.026498304679989815,9.807353019714355,7.508726119995117,-0.12063781172037125,-69.36798858642578,-0.0047094253823161125,0.001056329463608563,0.012799777090549469,-0.005756148602813482
5.639999866485596,44,0.029421672224998474,0.027458351105451584,9.816214561462402,7.822882652282715,-0.12063781172037125,-70.91929626464844,-0.005873954389244318,-0.004520915448665619,0.007405465934425592,-0.006279435008764267
5.650000095367432,45,0.029421672224998474,0.027166910469532013,9.813833236694336,7.800904750823975,-0.3345004916191101,-71.22572326660156,-0.007038482930511236,-0.00743000628426671,-0.0019330730428919196,-0.005756148602813482
5.659999847412109,45,0.03273680433630943,0.01324624102562666,9.798786163330078,7.874595642089844,-0.4496573209762573,-71.85499572753906,-0.006837701890617609,-0.010267708450555801,0.004625767003744841,-0.005756148602813482
5.670000076293945,45,0.040351253002882004,0.015766361728310585,9.820211410522461,8.014220237731934,-0.39043381810188293,-72.44596862792969,-0.0021706637926399708,-0.006435025949031115,0.005121026188135147,-0.005756148602813482
5.679999828338623,46,0.03190802410244942,0.013383389450609684,9.808048248291016,8.014220237731934,-0.25663256645202637,-72.04651641845703,-0.0042944783344864845,-0.0071890694089233875,0.008409369736909866,-0.005232862196862698
5.690000057220459,46,0.03905627876520157,0.019537970423698425,9.813920974731445,8.014220237731934,-0.5231384038925171,-72.04651641845703,-0.004174009896814823,-0.003896264126524329,0.009493586607277393,-0.005756148602813482
5.699999809265137,46,0.04181889072060585,0.02375531569123268,9.813173294067383,8.014220237731934,-0.7128729820251465,-72.33379364013672,-0.0006804238073527813,-0.006225321441888809,0.0083290571346879,-0.005756148602813482
5.710000038146973,46,0.05159163102507591,0.016932131722569466,9.814250946044922,7.882352352142334,-0.7786768674850464,-72.7359848022461,-0.0017557167448103428,-0.0005588406347669661,0.010591188445687294,-0.005756148602813482
5.71999979019165,46,0.049208879470825195,0.013914844021201134,9.799168586730957,7.79702615737915,-0.8137722611427307,-72.78523254394531,-0.002920245286077261,-0.0012147246161475778,0.007521472405642271,-0.005756148602813482
5.730000019073486,46,0.03418717533349991,0.010520395822823048,9.79744815826416,7.767291069030762,-0.8740925192832947,-72.42681884765625,-0.005102063529193401,-0.0023792532738298178,0.010131623595952988,-0.005756148602813482
5.739999771118164,46,0.03890088200569153,0.0152863385155797,9.80236530303955,7.034259796142578,-0.7852572798728943,-73.09165954589844,-0.0017021752428263426,-0.0006793091306462884,0.012670384719967842,-0.005756148602813482
5.75,46,0.02769503928720951,0.012149045243859291,9.80902099609375,7.07692289352417,-0.5319122076034546,-72.83311462402344,-0.000613496929872781,-0.0028120477218180895,0.008752928115427494,-0.005232862196862698
5.760000228881836,46,0.026400066912174225,0.017497872933745384,9.809820175170898,7.616030216217041,-0.6339082717895508,-73.80301666259766,-0.001443391083739698,-0.001326269586570561,0.00873954314738512,-0.005756148602813482
5.769999980926514,46,0.025692148134112358,0.030201340094208717,9.804450035095215,8.014220237731934,-0.8598350286483765,-74.29138946533203,0.0012292247265577316,-0.0032046856358647346,0.007231455761939287,-0.005232862196862698
5.78000020980835,46,0.023654721677303314,0.02646401897072792,9.806501388549805,7.944407939910889,-1.076987862586975,-73.93434143066406,0.004477412439882755,-0.005042945500463247,0.005852760747075081,-0.005756148602813482
5.789999961853027,46,0.03342745825648308,0.01016037818044424,9.800697326660156,7.630251884460449,-1.4323289394378662,-75.04241180419922,0.0003814837255049497,-0.0031154495663940907,0.00713775772601366,-0.005756148602813482
5.800000190734863,46,0.04320019856095314,0.007365958299487829,9.806953430175781,7.109243392944336,-1.2612388134002686,-74.0711441040039,-0.0048745120875537395,-0.0031020643655210733,0.008306748233735561,-0.005756148602813482
5.809999942779541,46,0.0422678142786026,0.007365958299487829,9.808777809143066,7.610858917236328,-0.949766993522644,-73.5745620727539,-0.0044863359071314335,-0.004007808864116669,0.006236474961042404,-0.005756148602813482
5.820000171661377,46,0.03644906356930733,0.01175474002957344,9.805145263671875,7.742727279663086,-0.8247395753860474,-73.58687591552734,-0.0048878975212574005,-0.002588957780972123,0.004308979492634535,-0.005756148602813482
5.829999923706055,46,0.04133543372154236,0.014669166877865791,9.805806159973145,7.486748218536377,-0.9135748744010925,-73.88783264160156,-0.006404907908290625,-0.0006257676286622882,0.00820858869701624,-0.005232862196862698
5.840000152587891,46,0.04622180387377739,0.019143667072057724,9.803060531616211,7.879766941070557,-1.024344801902771,-74.12039184570312,-0.0027373116463422775,0.0028856657445430756,0.010903513990342617,-0.005756148602813482
5.849999904632568,46,0.041439034044742584,0.02169807441532612,9.803112983703613,7.77504825592041,-1.557356357574463,-74.5636215209961,-0.0015727831050753593,-0.001317346002906561,0.004893474746495485,-0.005232862196862698
5.860000133514404,46,0.04915707930922508,0.01446344144642353,9.80820369720459,7.670329570770264,-1.076987862586975,-74.19425964355469,-0.0008187395869754255,-0.00933519285172224,0.0060580032877624035,-0.005232862196862698
5.869999885559082,46,0.05292113497853279,0.009611780755221844,9.815241813659668,7.808661460876465,-0.8302232623100281,-73.76881408691406,-0.0015549359377473593,-0.0059843845665454865,0.006508644670248032,-0.005232862196862698
5.880000114440918,46,0.033375658094882965,0.015183476731181145,9.80467700958252,7.760826587677002,-0.949766993522644,-73.55130767822266,0.0005331846186891198,-0.003815951757133007,0.0020111543126404285,-0.005232862196862698
5.889999866485596,46,0.03268500789999962,0.02973846159875393,9.795849800109863,7.155785083770752,-1.0682140588760376,-73.68673706054688,-0.00057780253700912,-0.003833798924461007,-0.00022866706422064453,-0.005232862196862698
5.900000095367432,46,0.03629366680979729,0.027835512533783913,9.801410675048828,7.574660301208496,-0.7128729224205017,-74.90560913085938,0.0017512548947706819,-0.004998327698558569,0.0032649191562086344,-0.005232862196862698
5.909999847412109,46,0.028575623407959938,0.02171521820127964,9.802695274353027,7.626373291015625,-0.7468716502189636,-74.5704574584961,0.001840490847826004,-0.006162856239825487,0.01011823769658804,-0.005232862196862698
5.920000076293945,46,0.018802886828780174,0.018835080787539482,9.797778129577637,7.559146404266357,-0.8927369713783264,-73.51847839355469,0.0007830451359041035,-0.007327385246753693,0.006530953571200371,-0.005232862196862698
5.929999828338623,46,0.017939569428563118,0.011034705676138401,9.807805061340332,7.5397539138793945,-0.9618310332298279,-72.50479888916016,-0.00336642493493855,-0.0015270503936335444,0.004857780411839485,-0.005232862196862698
5.940000057220459,46,0.022825937718153,0.016417821869254112,9.79995059967041,7.608273983001709,-0.8576415181159973,-72.16143035888672,-0.0052269939333200455,-0.003865031525492668,0.004625767003744841,-0.005756148602813482
5.949999809265137,46,0.021496431902050972,0.015543494373559952,9.800384521484375,7.503554821014404,-0.6799709796905518,-72.8262710571289,-0.004651422146707773,-0.008523146621882915,0.005495816934853792,-0.005232862196862698
5.960000038146973,46,0.01661006174981594,0.005840171128511429,9.821532249450684,7.497090816497803,-1.0024101734161377,-73.59508514404297,-0.0026793084107339382,-0.00429782597348094,0.005852760747075081,-0.005232862196862698
5.96999979019165,46,0.0312001034617424,0.009028895758092403,9.816719055175781,7.865545749664307,-0.6075867414474487,-73.3570556640625,-0.00333073060028255,-0.0006168439867906272,0.005852760747075081,-0.005756148602813482
5.980000019073486,46,0.03905627876520157,0.018732218071818352,9.80705738067627,8.045248985290527,-0.39701420068740845,-72.53626251220703,-0.0008812045562081039,-0.0015002796426415443,0.007218070328235626,-0.005756148602813482
5.989999771118164,46,0.045824676752090454,0.011634734459221363,9.795328140258789,7.8849382400512695,-0.5648141503334045,-71.92887115478516,0.0012203011428937316,-0.0019687681924551725,0.0101673174649477,-0.005232862196862698
6,46,0.055597417056560516,0.01765216700732708,9.808378219604492,7.8849382400512695,-0.12063783407211304,-72.59371185302734,0.000613496929872781,-0.0024774130433797836,0.011430006474256516,-0.005232862196862698
6.010000228881836,46,0.054803166538476944,0.028709840029478073,9.811697006225586,7.675500869750977,-0.20947308838367462,-73.59098052978516,0.0011087562888860703,-0.003815951757133007,0.010760736651718616,-0.005756148602813482
6.019999980926514,45,0.05350819230079651,0.017017850652337074,9.817622184753418,7.626373291015625,-0.36630570888519287,-72.21340942382812,0.0009749024757184088,-0.003815951757133007,0.012059119530022144,-0.005756148602813482
6.03000020980835,45,0.042526811361312866,0.02305242419242859,9.805354118347168,7.626373291015625,-0.5911357402801514,-71.46101379394531,-0.00172448402736336,-0.0030752934981137514,0.012219743803143501,-0.005232862196862698
6.039999961853027,45,0.02786770462989807,0.022795269265770912,9.793190956115723,7.657401084899902,-0.6470690369606018,-71.51026153564453,-0.003370886668562889,-0.001361963921226561,0.0055404347367584705,-0.005232862196862698
6.050000190734863,45,0.03220155090093613,0.0179436095058918,9.817761421203613,7.749191761016846,-0.23031099140644073,-70.75376892089844,-0.0001226993917953223,-0.0008711663540452719,0.002662576735019684,-0.005232862196862698
6.059999942779541,44,0.030371319502592087,0.013091947883367538,9.809369087219238,7.644473075866699,-0.23031099140644073,-71.97264862060547,0.0012916899286210537,0.000177355672349222,0.009899609722197056,-0.005232862196862698
6.070000171661377,44,0.033358391374349594,0.027784081175923347,9.809507369995117,7.972850322723389,-0.30379199981689453,-70.07524108886719,-0.0020814277231693268,-0.00528388237580657,0.011746793985366821,-0.005232862196862698
6.079999923706055,44,0.026227403432130814,0.023326724767684937,9.810393333435059,7.833225250244141,-0.28734102845191956,-69.16825866699219,-0.004178471863269806,-0.007438930217176676,0.009359732270240784,-0.0047095762565732
6.090000152587891,43,0.024604368954896927,0.02171521820127964,9.814494132995605,7.5720744132995605,-0.3257266581058502,-69.31053161621094,-0.001849414431490004,-0.00627440121024847,0.005866146180778742,-0.005232862196862698
6.099999904632568,43,0.020460452884435654,0.009371768683195114,9.827753067016602,7.820296764373779,-0.5044939517974854,-69.11901092529297,0.0016397100407630205,-0.00046960473991930485,0.003532626898959279,-0.005232862196862698
6.110000133514404,42,0.04085197672247887,0.011549016460776329,9.817066192626953,8.343891143798828,-0.06031756103038788,-67.56771087646484,-0.0003547127125784755,0.005353038664907217,0.005593976471573114,-0.0047095762565732
6.119999885559082,42,0.03102743998169899,0.01640067808330059,9.806623458862305,8.402068138122559,0.3048940896987915,-68.28180694580078,-0.000613496929872781,-0.00021082050807308406,0.0037824874743819237,-0.0047095762565732
6.130000114440918,42,0.0337727852165699,0.02557254582643509,9.805545806884766,8.607626914978027,0.4277280569076538,-68.1190185546875,0.0003591745626181364,-0.0003892924287356436,0.0033987730275839567,-0.005232862196862698
6.139999866485596,42,0.04307933151721954,0.013331959024071693,9.792200088500977,8.745959281921387,0.31586143374443054,-67.34336853027344,0.003344115801155567,-0.0028655892238020897,0.008860011585056782,-0.0047095762565732
6.150000095367432,41,0.04836282879114151,0.016606401652097702,9.809072494506836,8.680025100708008,0.14806145429611206,-66.60875701904297,0.005142219830304384,-0.005511433817446232,0.008217512629926205,-0.0047095762565732
6.159999847412109,40,0.0395742692053318,0.016932131722569466,9.824155807495117,8.784744262695312,0.4145672619342804,-66.05471801757812,0.003950920421630144,-0.007055215537548065,0.007079754490405321,-0.0047095762565732
6.170000076293945,40,0.0483110286295414,0.02152663841843605,9.82493782043457,9.088558197021484,0.08993468433618546,-65.60601806640625,0.0030674845911562443,-0.005328500643372536,0.005634132772684097,-0.005232862196862698
6.179999828338623,39,0.043994445353746414,0.02171521820127964,9.806032180786133,9.027795791625977,0.3070875406265259,-64.92475891113281,0.0024071389343589544,-0.00249525997787714,0.00792749598622322,-0.0047095762565732
6.190000057220459,38,0.0438217855989933,0.021732361987233162,9.796006202697754,8.919198036193848,0.9223540425300598,-64.4158706665039,0.000046848857891745865,-0.0031556058675050735,0.008967094123363495,-0.0047095762565732
6.199999809265137,37,0.029162677004933357,0.026326868683099747,9.81004524230957,9.022624015808105,1.4367213249206543,-64.00273895263672,-0.0013050752459093928,-0.0039721145294606686,0.006008923519402742,-0.0047095762565732
6.210000038146973,36,0.015435953624546528,0.01677783764898777,9.792252540588379,9.436327934265137,1.085767149925232,-63.017784118652344,0.0008053540950641036,-0.002116007497534156,0.004625767003744841,-0.005232862196862698
6.21999979019165,46,0.029421672224998474,0.012149045243859291,9.82978630065918,9.436327934265137,1.085767149925232,-63.017784118652344,0.0030674845911562443,-0.001361963921226561,0.004625767003744841,-0.0047095762565732
6.230000019073486,34,0.029421672224998474,0.012440487742424011,9.828309059143066,9.517776489257812,1.3621435165405273,-62.58686828613281,0.0030674845911562443,-0.0017099840333685279,0.0042777471244335175,-0.0047095762565732
6.239999771118164,34,0.028696486726403236,0.016932131722569466,9.806276321411133,9.6793794631958,1.3314350843429565,-62.032833099365234,0.0024963747709989548,-0.002588957780972123,0.004540992435067892,-0.0047095762565732
6.25,33,0.018923748284578323,0.015646355226635933,9.814806938171387,9.824175834655762,0.9212573766708374,-61.512996673583984,-0.0005019520758651197,-0.003035137429833412,0.00763747887685895,-0.0047095762565732
6.260000228881836,32,0.011654628440737724,0.0040743714198470116,9.810897827148438,9.84744644165039,0.46062999963760376,-60.9794807434082,-0.004878974054008722,-0.005042945500463247,0.004947016481310129,-0.0047095762565732
6.269999980926514,32,0.025743944570422173,0.016366390511393547,9.814094543457031,10.161602973937988,0.90480637550354,-59.31737518310547,-0.0003190184070263058,-0.004944785963743925,0.006981594953685999,-0.0047095762565732
6.28000020980835,32,0.03743324428796768,0.013417677022516727,9.804903030395508,10.475759506225586,1.0506716966629028,-59.143638610839844,0.002960401587188244,-0.003815951757133007,0.0060312324203550816,-0.0047095762565732
6.289999961853027,33,0.05690965801477432,0.020309437066316605,9.7999849319458,10.726567268371582,1.4619461297988892,-59.589603424072266,-0.0005331845604814589,-0.003815951757133007,0.011853876523673534,-0.005232862196862698
6.300000190734863,34,0.04791390150785446,0.0136919766664505,9.795849800109863,10.819650650024414,1.6560676097869873,-59.679893493652344,-0.0028890129178762436,-0.004953709430992603,0.011987730860710144,-0.0047095762565732
6.309999942779541,35,0.0447196289896965,0.023395298048853874,9.797553062438965,10.77181625366211,1.27988862991333,-58.748291015625,-0.0019921918865293264,-0.009344116784632206,0.006611266173422337,-0.0047095762565732
6.320000171661377,36,0.04960600286722183,0.027646932750940323,9.804624557495117,11.085972785949707,1.901735544204712,-57.529415130615234,0.0001851644628914073,-0.005899610463529825,0.00686558848246932,-0.0047095762565732
6.329999923706055,37,0.050555650144815445,0.015080614015460014,9.802678108215332,10.739496231079102,2.283398151397705,-55.3119010925293,0.003464584471657872,-0.0031422204338014126,0.006129391957074404,-0.0047095762565732
6.340000152587891,38,0.04010952264070511,0.02336101233959198,9.809333801269531,10.669682502746582,2.224174737930298,-54.093021392822266,-0.00014500845281872898,-0.004364752676337957,0.006740658078342676,-0.0047095762565732
6.349999904632568,39,0.04275127127766609,0.011034706607460976,9.807805061340332,10.774401664733887,2.149596929550171,-53.42818069458008,0.000635805947240442,-0.005042945500463247,0.008730619214475155,-0.0047095762565732
6.360000133514404,40,0.03667352721095085,0.007365958299487829,9.814043045043945,10.920491218566895,2.39745831489563,-52.8946647644043,0.001840490847826004,-0.006568879820406437,0.00877077504992485,-0.0047095762565732
6.369999885559082,40,0.03194255381822586,0.011120423674583435,9.810393333435059,11.234646797180176,2.9304699897766113,-52.8946647644043,-0.0016620188253000379,-0.001892917905934155,0.008306748233735561,-0.0047095762565732
6.380000114440918,42,0.040385786443948746,0.020395155996084213,9.80905532836914,11.649643898010254,3.0357561111450195,-50.653900146484375,-0.004932515323162079,-0.0015092033427208662,0.008306748233735561,-0.0047095762565732
6.389999866485596,42,0.043873582035303116,0.016932131722569466,9.802730560302734,11.458306312561035,2.9304697513580322,-49.376197814941406,-0.0043703289702534676,-0.005042945500463247,0.008882320486009121,-0.0047095762565732
6.400000095367432,42,0.04240594431757927,0.016932131722569466,9.80471134185791,11.297995567321777,2.8844070434570312,-47.99726486206055,-0.0020412716548889875,-0.004016732331365347,0.009533742442727089,-0.0047095762565732
6.409999847412109,43,0.04212968423962593,0.013880557380616665,9.817205429077148,11.402714729309082,3.0193052291870117,-46.17100143432617,-0.0015147796366363764,-0.003940881695598364,0.008632459677755833,-0.0047095762565732
6.420000076293945,43,0.04869088903069496,0.010554682463407516,9.808777809143066,11.50743293762207,3.2836174964904785,-44.5636100769043,-0.0003502510371617973,-0.005105410702526569,0.007079754490405321,-0.0047095762565732
6.429999828338623,43,0.04031671956181526,0.018595067784190178,9.819881439208984,11.612152099609375,3.4612879753112793,-45.11764907836914,0.003892916953191161,-0.0035660909488797188,0.007731176912784576,-0.0047095762565732
6.440000057220459,44,0.028092164546251297,0.018252195790410042,9.810393333435059,11.882352828979492,3.4283862113952637,-44.53351593017578,-0.00219297269359231,-0.005743447225540876,0.00979698821902275,-0.0047095762565732
6.449999809265137,44,0.03242601081728935,0.013949131593108177,9.814042091369629,11.905623435974121,3.487609624862671,-43.89329528808594,-0.006168432533740997,-0.004217513371258974,0.01015839446336031,-0.0047095762565732
6.460000038146973,45,0.023775586858391762,0.015063470229506493,9.81251335144043,11.729799270629883,3.6937952041625977,-43.2722282409668,0.0032058001961559057,-0.0058549921959638596,0.007356385700404644,-0.0047095762565732
6.46999979019165,45,0.01692085713148117,0.014086280949413776,9.800697326660156,11.6793794631958,3.944946765899658,-42.38030242919922,0.003915225621312857,-0.0027406588196754456,0.009382041171193123,-0.0047095762565732
6.480000019073486,48,0.017766905948519707,0.016932131722569466,9.796631813049316,12.202973365783691,4.033782005310059,-42.60191345214844,-0.001853876281529665,-0.005042945500463247,0.007093139924108982,-0.0047095762565732
6.489999771118164,46,0.019148211926221848,0.014857746660709381,9.79310417175293,12.191337585449219,4.198291778564453,-41.879615783691406,-0.003018404822796583,-0.005042945500463247,0.0082576684653759,-0.0047095762565732
6.5,46,0.033237528055906296,0.014292004518210888,9.79802131652832,11.95733642578125,4.704981803894043,-40.514366149902344,-0.004182933364063501,-0.005042945500463247,0.009422197937965393,-0.0047095762565732
6.510000228881836,46,0.04610094055533409,0.014720596373081207,9.79621410369873,11.923722267150879,5.17767333984375,-38.7674446105957,0.0009704406838864088,-0.00925488118082285,0.009533742442727089,-0.005232862196862698
6.519999980926514,46,0.05098731070756912,0.01898937299847603,9.802556991577148,12.342597961425781,5.305991172790527,-37.031463623046875,-0.00014054651546757668,-0.0030172904953360558,0.010524261742830276,-0.0047095762565732
6.53000020980835,46,0.06060464680194855,0.017103567719459534,9.817622184753418,12.761472702026367,5.661332130432129,-36.1450080871582,-0.000613496929872781,-0.001361963921226561,0.007048522122204304,-0.0047095762565732
6.539999961853027,47,0.06309099495410919,0.017034994438290596,9.805388450622559,13.08467960357666,6.0166730880737305,-35.76470947265625,0.0011176798725500703,-0.003093140898272395,0.006718349177390337,-0.0047095762565732
6.550000190734863,47,0.05081464350223541,0.019040804356336594,9.80359935760498,12.972204208374023,6.010092735290527,-34.15321350097656,-0.001372002181597054,-0.006225321441888809,0.004670384805649519,-0.0047095762565732
6.559999942779541,47,0.03615553677082062,0.007040228229016066,9.810063362121582,12.890755653381348,5.950869083404541,-32.62653732299805,0.001376463915221393,-0.006015616934746504,0.005620747338980436,-0.0047095762565732
6.570000171661377,48,0.024138178676366806,0.007828837260603905,9.81086254119873,13.122171401977539,6.021059989929199,-31.98495101928711,0.0036162855103611946,-0.0009737875661812723,0.009792527183890343,-0.0041862898506224155
6.579999923706055,48,0.014365440234541893,0.017532160505652428,9.815241813659668,13.436327934265137,6.021059989929199,-31.430917739868164,-0.000011154489584441762,-0.00014389365969691426,0.008293363265693188,-0.0047095762565732
6.590000152587891,48,0.01015245821326971,0.02171521820127964,9.809646606445312,13.341951370239258,6.454268932342529,-30.55266761779785,-0.0019609592854976654,-0.003695483086630702,0.006285554729402065,-0.0047095762565732
6.599999904632568,48,0.01869928650557995,0.018886512145400047,9.808412551879883,13.314802169799805,7.03005313873291,-28.517101287841797,-0.0001226993917953223,-0.004552147816866636,0.008797545917332172,-0.0047095762565732
6.610000133514404,48,0.03335839509963989,0.014034849591553211,9.810393333435059,13.261796951293945,7.3371381759643555,-27.201095581054688,0.00018516452109906822,-0.003815951757133007,0.007820412516593933,-0.0041862898506224155
6.619999885559082,48,0.02710798569023609,0.018080757930874825,9.798369407653809,13.299288749694824,7.385394096374512,-26.467853546142578,-0.0002476296795066446,-0.004547686316072941,0.004625767003744841,-0.0041862898506224155
6.630000114440918,48,0.02284320443868637,0.018680786713957787,9.800228118896484,13.714285850524902,7.559774398803711,-24.428180694580078,0.000006692693659715587,-0.0062699392437934875,0.004625767003744841,-0.0041862898506224155
6.639999866485596,48,0.03085477650165558,0.0138291260227561,9.802400588989258,14.028441429138184,7.6486101150512695,-24.095760345458984,-0.0011176798725500703,-0.006029002368450165,0.005348578095436096,-0.0041862898506224155
6.650000095367432,48,0.0438217855989933,0.012149045243859291,9.80712604522705,13.754363059997559,7.808732509613037,-21.896034240722656,0.0013050753623247147,-0.005042945500463247,0.00848522037267685,-0.0047095762565732
6.659999847412109,48,0.051954224705696106,0.015389200299978256,9.807109832763672,13.87071704864502,8.036852836608887,-20.43228530883789,-0.0017244841437786818,-0.0053909653797745705,0.009533742442727089,-0.0047095762565732
6.670000076293945,48,0.05350819230079651,0.010314671322703362,9.80889892578125,14.324498176574707,8.303359031677246,-19.508892059326172,-0.0005599553696811199,-0.008563302457332611,0.009533742442727089,-0.0041862898506224155
6.679999828338623,48,0.03650086373090744,0.010743263177573681,9.806970596313477,14.597284317016602,8.534769058227539,-17.934337615966797,0.000604573346208781,-0.005069716367870569,0.009533742442727089,-0.0041862898506224155
6.690000057220459,48,0.04330379515886307,0.015594924800097942,9.805545806884766,14.492566108703613,8.44593334197998,-17.158687591552734,-0.005164529196918011,-0.009665366262197495,0.009533742442727089,-0.0041862898506224155
6.699999809265137,48,0.04869088903069496,0.03098995052278042,9.816231727600098,14.478344917297363,9.124810218811035,-14.850890159606934,-0.000055772310588508844,-0.00776464119553566,0.010626882314682007,-0.0041862898506224155
6.710000038146973,50,0.045082226395606995,0.025315390899777412,9.816457748413086,14.610213279724121,9.197195053100586,-12.511629104614258,-0.0014478527009487152,-0.00440490897744894,0.005607362370938063,-0.0036630036775022745
6.71999979019165,48,0.03284040465950966,0.010760406963527203,9.80413818359375,14.778280258178711,9.298094749450684,-10.514364242553711,0.00106413837056607,-0.004784161224961281,0.008498605340719223,-0.0036630036775022745
6.730000019073486,48,0.04440883919596672,0.011086137033998966,9.819551467895508,14.8829984664917,9.926522254943848,-8.74555492401123,0.001840490847826004,-0.003231456270441413,0.010439487174153328,-0.0036630036775022745
6.739999771118164,48,0.04487502947449684,0.012149045243859291,9.81725788116455,14.987717628479004,9.660016059875488,-6.418605327606201,-0.0015326268039643764,-0.001745678368024528,0.009917456656694412,-0.0041862898506224155
6.75,48,0.036103736609220505,0.01600637286901474,9.795693397521973,14.995474815368652,9.804784774780273,-4.912449359893799,-0.007752370089292526,-0.002142778132110834,0.006410485133528709,-0.0036630036775022745
6.760000228881836,48,0.03028498776257038,0.005154423415660858,9.810897827148438,15.140271186828613,10.105289459228516,-2.629275321960449,-0.006837701890617609,-0.004744004923850298,0.01037256047129631,-0.0036630036775022745
6.769999980926514,48,0.037467777729034424,0.010571826249361038,9.803095817565918,15.158370971679688,10.420051574707031,-0.22298270463943481,-0.006918014492839575,-0.00823759101331234,0.008538762107491493,-0.0036630036775022745
6.78000020980835,48,0.02677992545068264,0.02027514949440956,9.800697326660156,15.018745422363281,10.627333641052246,1.8577287197113037,-0.008609035052359104,-0.009950920939445496,0.005772448144853115,-0.0036630036775022745
6.789999961853027,48,0.020443186163902283,0.017583591863512993,9.817447662353516,15.12346363067627,10.627333641052246,3.8522565364837646,-0.0063825990073382854,-0.007296152412891388,0.008837701752781868,-0.0036630036775022745
6.800000190734863,48,0.028247563168406487,0.004331526812165976,9.828604698181152,14.711052894592285,10.627333641052246,7.488371849060059,-0.0042944783344864845,-0.004284440074115992,0.007191299460828304,-0.0036630036775022745
6.809999942779541,48,0.029421672224998474,0.019657976925373077,9.816805839538574,14.68648910522461,10.76113510131836,9.80984878540039,-0.0038884549867361784,-0.005448969081044197,0.003804796375334263,-0.0036630036775022745
6.820000171661377,48,0.04252680763602257,0.00870316568762064,9.797657012939453,14.411118507385254,11.123056411743164,12.095758438110352,-0.0023803680669516325,-0.00592638086527586,0.006000000052154064,-0.0036630036775022745
6.829999923706055,48,0.05718591809272766,0.02498966082930565,9.809247016906738,13.990949630737305,11.529943466186523,14.786593437194824,-0.00005131065336172469,-0.00419966597110033,0.008971556089818478,-0.0036630036775022745
6.840000152587891,48,0.04029945284128189,0.022023804485797882,9.828535079956055,14.064640998840332,11.627552032470703,17.51846694946289,0.0016218628734350204,-0.001361963921226561,0.006642498541623354,-0.0036630036775022745
6.849999904632568,48,0.04820743203163147,0.02625829353928566,9.802157402038574,13.541047096252441,11.894058227539062,19.51299476623535,0.00014500838005915284,-0.0015181268099695444,0.004938092548400164,-0.0041862898506224155
6.860000133514404,48,0.034756965935230255,0.012663356028497219,9.824069023132324,13.188105583190918,11.943410873413086,22.049245834350586,-0.0031611823942512274,-0.0027763531543314457,0.006892358884215355,-0.0041862898506224155
6.869999885559082,48,0.0530938021838665,0.02150949463248253,9.805962562561035,12.752423286437988,12.098050117492676,24.322845458984375,-0.004138315562158823,-0.00501171313226223,0.004844394978135824,-0.0041862898506224155
6.880000114440918,47,0.043873582035303116,0.012114757671952248,9.815032958984375,12.084033012390137,12.395264625549316,26.393980026245117,0.0016843279590830207,-0.003847184358164668,0.012996095232665539,-0.0036630036775022745
6.889999866485596,47,0.034135378897190094,-0.0018916293047368526,9.796475410461426,11.269553184509277,12.730864524841309,28.68399429321289,-0.00042610144009813666,-0.004949247930198908,0.006414947099983692,-0.0041862898506224155
6.900000095367432,47,0.029249008744955063,0.012320481240749359,9.823895454406738,11.47899055480957,12.90853500366211,31.564979553222656,-0.0027551590465009212,-0.0007596215000376105,0.002640267601236701,-0.0031397175043821335
6.909999847412109,47,0.024604368954896927,0.016452107578516006,9.795849800109863,11.229475975036621,12.930469512939453,34.5430908203125,-0.0020591188222169876,-0.006185165606439114,0.006205242592841387,-0.0031397175043821335
6.920000076293945,46,0.023982781916856766,0.009217475540935993,9.796475410461426,10.780865669250488,13.158590316772461,37.748291015625,-0.001840490847826004,-0.007496933452785015,0.005187953356653452,-0.002616431098431349
6.929999828338623,46,0.016869056969881058,0.0326700322329998,9.805163383483887,10.513251304626465,13.405354499816895,41.52394104003906,-0.004490797873586416,-0.005730062257498503,0.006392638199031353,-0.002616431098431349
6.940000057220459,46,0.03905627876520157,-0.004754623863846064,9.802053451538086,10.581770896911621,13.540252685546875,45.841312408447266,-0.0038795315194875,-0.006684886757284403,0.006258784327656031,-0.0020931449253112078
6.949999809265137,46,0.039574265480041504,0.018475063145160675,9.81419849395752,10.477051734924316,13.895593643188477,49.6087532043457,-0.0015504739712923765,-0.008255437947809696,0.005852760747075081,-0.0015698587521910667
6.960000038146973,45,0.04211241751909256,0.030115623027086258,9.805545806884766,10.961861610412598,13.834177017211914,54.83173751831055,0.00008254322165157646,-0.0066358065232634544,0.007244840729981661,-0.0015698587521910667
6.96999979019165,44,0.03139003366231918,0.021063758060336113,9.801583290100098,11.190690994262695,14.057909965515137,59.83857727050781,-0.0006536531145684421,-0.0018750705057755113,0.006406023167073727,-0.0010465724626556039
6.980000019073486,44,0.043873582035303116,0.015492063015699387,9.783026695251465,11.246282577514648,14.371575355529785,64.40218353271484,-0.003553820541128516,-0.001763525535352528,0.008052426390349865,-0.0005232862313278019
6.989999771118164,44,0.04466783255338669,0.009731786325573921,9.821688652038574,11.319973945617676,14.4713773727417,69.1326904296875,-0.003486893605440855,-0.005551590118557215,0.011987730860710144,-0.0005232862313278019
7,43,0.045237623155117035,0.020858032628893852,9.82544231414795,11.634130477905273,14.027201652526855,75.55950164794922,0.0007250417838804424,-0.0062699392437934875,0.009756832383573055,-0.0005232862313278019
7.010000228881836,43,0.03315119817852974,0.016932131722569466,9.80648422241211,12.05300521850586,13.938365936279297,80.87825012207031,0.0015326268039643764,-0.006653653923422098,0.005469046533107758,-5.484328269300676e-15
7.019999980926514,42,0.045686546713113785,0.016932131722569466,9.80737018585205,12.151260375976562,14.053523063659668,86.70587921142578,-0.002161740092560649,-0.0055694375187158585,0.004947016481310129,0.0005232862313278019
7.03000020980835,42,0.03423897549510002,0.015869224444031715,9.801236152648926,12.540400505065918,13.901077270507812,92.39534759521484,-0.0028087005484849215,0.00012381408305373043,0.005852760747075081,5.530840542500304e-15
7.039999961853027,42,0.03195982053875923,0.013280528597533703,9.815502166748047,13.18034839630127,13.641151428222656,98.18604278564453,-0.001840490847826004,0.0003067477373406291,0.005852760747075081,0.0005232862313278019
7.050000190734863,41,0.022187083959579468,0.016932131722569466,9.803130149841309,13.663865089416504,13.807855606079102,104.79342651367188,-0.0017066369764506817,-0.0036820978857576847,0.005852760747075081,0.0005232862313278019
7.059999942779541,40,0.014969762414693832,0.016932131722569466,9.812965393066406,15.129927635192871,13.807855606079102,110.77700805664062,-0.0008990518399514258,-0.0023747915402054787,0.006138315889984369,0.0005232862313278019
7.070000171661377,40,0.01766330935060978,0.016932131722569466,9.814667701721191,15.903038024902344,13.513931274414062,116.94390869140625,-0.005467930808663368,0.001065253047272563,0.010769660584628582,0.0005232862313278019
7.079999923706055,39,0.02177269198000431,0.016932131722569466,9.806396484375,16.779573440551758,13.105947494506836,122.95211791992188,0.0015192414866760373,-0.0024283332750201225,0.0119341891258955,0.0010465724626556039
7.090000152587891,39,0.020909376442432404,0.01988084428012371,9.817100524902344,17.639301300048828,12.916213035583496,128.4281768798828,0.002951477887108922,-0.0003669834404718131,0.00976575631648302,0.0015698587521910667
7.099999904632568,38,0.04200882092118263,0.023412441834807396,9.810393333435059,18.31803321838379,13.040143013000488,133.49383544921875,0.000970440567471087,-0.0011834921315312386,0.00848522037267685,0.0015698587521910667
7.110000133514404,37,0.05994853004813194,0.013709119521081448,9.808759689331055,20.09825325012207,12.151790618896484,140.69630432128906,0.004557724576443434,-0.003334077773615718,0.004362521227449179,0.0015698587521910667
7.119999885559082,36,0.05975859984755516,0.012406200170516968,9.812356948852539,21.22688865661621,11.026543617248535,147.89877319335938,0.0018271055305376649,-0.006586727220565081,0.004322364926338196,0.0015698587521910667
7.130000114440918,36,0.05350819230079651,0.018217908218503,9.819620132446289,22.685195922851562,10.278573036193848,153.5061492919922,0.0014746235683560371,-0.005774680059403181,0.0029035136103630066,0.0020931449253112078
7.139999866485596,36,0.05716865137219429,0.012149045243859291,9.808551788330078,24.53652000427246,9.820138931274414,159.1545867919922,-0.0005554935778491199,-0.0026469610165804625,-0.0018215281888842583,0.002616431098431349
7.150000095367432,35,0.06504209339618683,0.010263239964842796,9.811279296875,26.708465576171875,9.398993492126465,165.9630584716797,-0.00036809820448979735,-0.0006257676286622882,0.004871165845543146,0.002616431098431349
7.159999847412109,34,0.056149937212467194,0.007365958299487829,9.812165260314941,29.221717834472656,8.688311576843262,172.5006866455078,-0.00006023424430168234,-0.002156163565814495,0.009413274005055428,0.0031397175043821335
7.170000076293945,34,0.04516855627298355,0.009388912469148636,9.80274772644043,31.038135528564453,7.302042484283447,180.51300048828125,-0.0012247629929333925,-0.001370887621305883,0.0064729503355920315,0.0036630036775022745
7.179999828338623,33,0.04929520934820175,0.010057516396045685,9.818264961242676,33.79314422607422,6.07150936126709,187.8084716796875,-0.003486893605440855,-0.000005577981482929317,0.006820970680564642,0.0041862898506224155
7.190000057220459,32,0.03952246904373169,0.013846268877387047,9.812739372253418,36.43050765991211,4.745560646057129,195.69630432128906,-0.005035136826336384,-0.0018482996383681893,0.00904740672558546,0.0047095762565732
7.199999809265137,32,0.029749732464551926,0.02171521820127964,9.79518985748291,38.70587921142578,3.1037535667419434,204.12310791015625,-0.004718348849564791,-0.001741216517984867,0.006187395192682743,0.0047095762565732
7.210000038146973,31,0.013035934418439865,0.02171521820127964,9.803216934204102,41.522945404052734,1.0704128742218018,211.23802185058594,-0.005160066764801741,-0.0015805918956175447,0.002171779051423073,0.005756148602813482
7.21999979019165,32,0.010048860684037209,0.028812702745199203,9.805493354797363,43.512603759765625,-0.17328090965747833,220.21340942382812,-0.003696597646921873,-0.00623870687559247,0.004264361225068569,0.005756148602813482
7.230000019073486,31,0.01978706568479538,0.03363007679581642,9.802990913391113,45.82805252075195,-1.555163025856018,228.8440399169922,-0.0016040155896916986,-0.008532069623470306,0.010997211560606956,0.005756148602813482
7.239999771118164,32,0.01978706568479538,0.021269483491778374,9.800924301147461,48.00904846191406,-3.748626470565796,236.95484924316406,-0.0007875069859437644,-0.0022409376688301563,0.011465700343251228,0.005232862196862698
7.25,33,0.02755690924823284,0.0070059411227703094,9.808152198791504,50.160308837890625,-6.454263687133789,244.74554443359375,-0.0016174010233953595,-0.0004696047690231353,0.008083658292889595,0.005756148602813482
7.260000228881836,34,0.036897990852594376,0.005222998093813658,9.81574535369873,52.619258880615234,-8.892297744750977,252.76058959960938,0.0005153373931534588,-0.00396319106221199,0.0061472393572330475,0.005756148602813482
7.269999980926514,34,0.04178435727953911,0.012783361598849297,9.817343711853027,54.39948272705078,-11.823862075805664,262.6224365234375,-0.001813719980418682,-0.007456777151674032,0.013134411536157131,0.006279435008764267
7.28000020980835,36,0.04667072743177414,0.00582302687689662,9.801166534423828,56.44343566894531,-15.128314971923828,271.55401611328125,0.00046179580385796726,-0.008648076094686985,0.012063581496477127,0.007326007355004549
7.289999961853027,36,0.045824676752090454,0.006337337661534548,9.802538871765137,58.601158142089844,-17.966655731201172,282.1176452636719,-0.0004751812666654587,-0.011989961378276348,0.007633017376065254,0.008372579701244831
7.300000190734863,37,0.04680885747075081,0.00340576795861125,9.804485321044922,60.994178771972656,-20.585651397705078,293.8221740722656,0.0004127161228097975,-0.004195204004645348,0.006053541321307421,0.008895865641534328
7.309999942779541,38,0.042682208120822906,0.0067487857304513454,9.797674179077148,63.7879753112793,-23.416316986083984,305.5020751953125,-0.0013139988295733929,-0.0035527057480067015,0.006816508714109659,0.010465724393725395
7.320000171661377,38,0.048276495188474655,0.012149045243859291,9.808221817016602,67.03426361083984,-26.170209884643555,317.46923828125,-0.0072481874376535416,-0.002914668992161751,0.0007707754266448319,0.011512297205626965
7.329999923706055,39,0.047223251312971115,0.018389344215393066,9.805753707885742,70.46929168701172,-29.484533309936523,329.93572998046875,-0.005008365958929062,-0.0009113225387409329,0.0010072503937408328,0.013082155957818031
7.340000152587891,40,0.047085121273994446,0.02809266746044159,9.803929328918457,73.8552017211914,-33.15639114379883,342.7524108886719,-0.0015147796366363764,-0.0009113225387409329,0.0045008365996181965,0.013605441898107529
7.349999904632568,40,0.0355684831738472,0.03128139302134514,9.79564094543457,77.38719940185547,-36.861148834228516,355.76470947265625,0.0015281649539247155,-0.0035036259796470404,0.005138873588293791,0.014652014710009098
7.360000133514404,40,0.01602300815284252,0.021303771063685417,9.797743797302246,81.98448181152344,-41.02873229980469,372.14501953125,-0.00018962631293106824,-0.0024372567422688007,0.009185722097754478,0.015175300650298595
7.369999885559082,41,0.016989922150969505,0.023721028119325638,9.800697326660156,89.943115234375,-47.691375732421875,401.9521179199219,0.0010552145540714264,-0.002490798244252801,0.010858895257115364,0.015698587521910667
7.380000114440918,45,0.01978706568479538,0.01957225799560547,9.804207801818848,90.23787689208984,-47.938140869140625,403.05609130859375,0.005521472543478012,-0.005042945500463247,0.008306748233735561,0.016745159402489662
7.389999866485596,42,0.01978706568479538,0.016932131722569466,9.805545806884766,92.83128356933594,-49.879356384277344,413.3064270019531,0.004593418911099434,-0.005506972316652536,0.007842721417546272,0.016745159402489662
7.400000095367432,42,0.01978706568479538,0.016932131722569466,9.809194564819336,96.0814437866211,-52.061851501464844,426.1203918457031,0.0018627997487783432,-0.0050652544014155865,0.008686001412570477,0.016221873462200165
7.409999847412109,42,0.027177050709724426,0.016932131722569466,9.799238204956055,98.93212127685547,-53.79578399658203,438.3912658691406,-0.000613496929872781,-0.0015716683119535446,0.010292247869074345,0.015698587521910667
7.420000076293945,42,0.0407138466835022,0.009457487612962723,9.792060852050781,101.544921875,-55.654747009277344,452.79620361328125,-0.0019966536201536655,-0.000014501573787129018,0.006406023167073727,0.015175300650298595
7.429999828338623,42,0.043873582035303116,0.003560061100870371,9.81028938293457,103.95345306396484,-57.253780364990234,467.20111083984375,-0.005249302834272385,-0.004458450246602297,0.007450083736330271,0.015698587521910667
7.440000057220459,43,0.04777577519416809,0.010331815108656883,9.811314582824707,106.19650268554688,-58.642242431640625,480.6429748535156,0.0015370887704193592,-0.0068901292979717255,0.00400557741522789,0.016221873462200165
7.449999809265137,43,0.056633397936820984,0.01609209179878235,9.810393333435059,108.97737121582031,-59.87606430053711,494.1983947753906,-0.0001673173246672377,-0.0027674296870827675,0.007592861074954271,0.016745159402489662
7.460000038146973,43,0.04620453715324402,0.012920510955154896,9.798195838928223,111.78668212890625,-60.97389602661133,508.4049377441406,0.005334076937288046,-0.005016174633055925,-0.001375348656438291,0.01726844534277916
7.46999979019165,43,0.031545430421829224,0.020309437066316605,9.808256149291992,114.03360748291016,-62.00482177734375,524.4843139648438,-0.0028176235500723124,-0.003851646091789007,0.00444729533046484,0.01726844534277916
7.480000019073486,43,0.037778571248054504,0.0341615304350853,9.806188583374023,120.10730743408203,-63.603858947753906,552.40771484375,-0.0008098158868961036,-0.0026871173176914454,0.008012269623577595,0.01726844534277916
7.489999771118164,46,0.01781870424747467,0.03606447950005531,9.809820175170898,121.00711059570312,-63.84075164794922,556.5444946289062,0.004718349315226078,0.0006101499311625957,0.01257222518324852,0.01726844534277916
7.5,44,0.014969762414693832,0.03606447950005531,9.810393333435059,123.07563018798828,-63.89558792114258,564.410400390625,0.005521472543478012,0.001092023798264563,0.013214724138379097,0.01726844534277916
7.510000228881836,44,0.02374105341732502,0.014292005449533463,9.797152519226074,126.0258560180664,-64.32440948486328,577.6196899414062,0.0026971555780619383,0.001092023798264563,0.010390407405793667,0.016745159402489662
7.519999980926514,44,0.01569494791328907,0.012149045243859291,9.795849800109863,128.34518432617188,-65.16999053955078,591.1217651367188,0.001840490847826004,-0.0024238713085651398,0.006017847452312708,0.016221873462200165
7.53000020980835,44,0.033064864575862885,0.025623977184295654,9.795849800109863,130.7537078857422,-65.25882720947266,601.9808349609375,-0.000609035138040781,-0.002999443095177412,0.006258784327656031,0.015698587521910667
7.539999961853027,44,0.02964613400399685,0.008257430046796799,9.809715270996094,133.64059448242188,-65.67228698730469,616.079345703125,-0.004102621227502823,-0.0010808707447722554,0.009341885335743427,0.015175300650298595
7.550000190734863,44,0.02009785920381546,0.007365958299487829,9.782243728637695,136.43051147460938,-65.39262390136719,628.9794921875,-0.006213050801306963,-0.0015181268099695444,0.008686001412570477,0.015698587521910667
7.559999942779541,44,0.01978706568479538,0.012063327245414257,9.8146333694458,139.4324493408203,-64.69181823730469,641.0205078125,-0.0036029003094881773,-0.005734523758292198,0.0033050752244889736,0.015698587521910667
7.570000171661377,44,0.038987211883068085,0.007383102085441351,9.776909828186035,142.6076202392578,-63.799076080322266,652.900146484375,-0.0011801450746133924,-0.005324038211256266,0.0025510317645967007,0.016745159402489662
7.579999923706055,44,0.03917714208364487,0.007485964335501194,9.805423736572266,145.12088012695312,-62.555381774902344,664.8673095703125,-0.0033530397340655327,-0.0033786955755203962,0.005852760747075081,0.01726844534277916
7.590000152587891,44,0.043873582035303116,0.012526205740869045,9.800314903259277,148.45120239257812,-60.53190994262695,678.9959106445312,-0.004638036713004112,-0.005386503878980875,0.006294478662312031,0.017791731283068657
7.599999904632568,44,0.04413257911801338,0.02171521820127964,9.791783332824707,151.25921630859375,-59.34415054321289,692.2763061523438,-0.0019297266844660044,-0.002678193850442767,0.007459007203578949,0.017791731283068657
7.610000133514404,44,0.04869088903069496,0.021063758060336113,9.805215835571289,153.7711639404297,-58.54573059082031,705.913818359375,0.00029670941876247525,0.0004986049607396126,0.007039598189294338,0.018315019086003304
7.619999885559082,45,0.048293761909008026,0.012937654741108418,9.801497459411621,156.03749084472656,-57.78679275512695,720.2982177734375,-0.000613496929872781,0.002319017658010125,0.004924707114696503,0.0188383050262928
7.630000114440918,45,0.042941201478242874,0.020789459347724915,9.811331748962402,157.88363647460938,-56.90502166748047,734.91650390625,-0.001380925765261054,0.0013597315410152078,0.00941773597151041,0.0188383050262928
7.639999866485596,45,0.032633207738399506,0.013211952522397041,9.816319465637207,158.7213897705078,-56.1943359375,749.3214721679688,-0.005003903992474079,-0.0031689913012087345,0.002171779051423073,0.018315019086003304
7.650000095367432,45,0.0216000284999609,0.021115189418196678,9.78919506072998,160.31544494628906,-55.4836540222168,765.0601806640625,-0.0008142777369357646,0.0019843829795718193,0.0025064137298613787,0.018315019086003304
7.659999847412109,45,0.03423897549510002,0.016932131722569466,9.809038162231445,161.50096130371094,-54.97477340698242,780.120361328125,-0.004276630934327841,-0.003811490023508668,0.008306748233735561,0.0193615909665823
7.670000076293945,45,0.03349652513861656,0.016932131722569466,9.80443286895752,162.4085235595703,-54.35292434692383,795.6333618164062,0.0003814837255049497,-0.0026469610165804625,0.008306748233735561,0.020408162847161293
7.679999828338623,45,0.03104470670223236,0.016932131722569466,9.821671485900879,163.70652770996094,-53.24193572998047,813.430908203125,0.0017200224101543427,-0.0036954833194613457,0.009413274005055428,0.021454736590385437
7.690000057220459,45,0.036414530128240585,0.01518347579985857,9.803772926330566,165.38201904296875,-52.531253814697266,829.830322265625,-0.0033798101358115673,-0.0027718914207071066,0.005357501562684774,0.020408162847161293
7.699999809265137,45,0.022705072537064552,0.006423055659979582,9.801584243774414,165.42857360839844,-52.66505432128906,844.88916015625,-0.00331288343295455,-0.0016073626466095448,0.007570552174001932,0.018315019086003304
7.710000038146973,45,0.018025901168584824,0.006628779694437981,9.816736221313477,164.691650390625,-53.21122741699219,858.6907958984375,-0.0003100948524661362,-0.0032002239022403955,0.010145008563995361,0.015698587521910667
7.71999979019165,46,0.028333894908428192,0.017395012080669403,9.789437294006348,163.31350708007812,-54.062294006347656,872.3583984375,-0.0019564973190426826,-0.0055292812176048756,0.00904740672558546,0.0141287287697196
7.730000019073486,46,0.02691805548965931,0.00488012470304966,9.800697326660156,161.47898864746094,-54.97148132324219,886.8699951171875,-0.004655884113162756,-0.0038873404264450073,0.0075125484727323055,0.0141287287697196
7.739999771118164,46,0.037916701287031174,0.013366245664656162,9.804398536682129,159.908203125,-55.06031799316406,901.9398193359375,-0.0025945345405489206,-0.002588957780972123,0.00927495863288641,0.015698587521910667
7.75,46,0.04869088903069496,0.020789459347724915,9.811331748962402,159.5009765625,-55.80718994140625,919.88232421875,0.000055772448831703514,-0.00392749672755599,0.010091466829180717,0.0188383050262928
7.760000228881836,46,0.04869088903069496,0.03128139302134514,9.804815292358398,160.41758728027344,-55.931121826171875,936.9055786132812,-0.000600111554376781,-0.0038293369580060244,0.007713329512625933,0.021978022530674934
7.769999980926514,46,0.052990205585956573,0.03128139302134514,9.809473037719727,162.07498168945312,-55.22592544555664,955.3392333984375,-0.0012961516622453928,-0.003677635919302702,0.004219743423163891,0.026164311915636063
7.78000020980835,46,0.061640627682209015,0.025315390899777412,9.801897048950195,164.05300903320312,-54.071067810058594,976.823486328125,-0.0010953709715977311,-0.00359732354991138,0.003135527018457651,0.029827315360307693
7.789999961853027,46,0.05204055458307266,0.013709119521081448,9.813660621643066,166.3568115234375,-53.538055419921875,1000.9794921875,-0.001421081949956715,-0.003459008177742362,0.005883993115276098,0.033490318804979324
7.800000190734863,46,0.04397718235850334,0.018560780212283134,9.80709171295166,168.66062927246094,-52.566349029541016,1026.995849609375,-0.000613496929872781,-0.008924707770347595,0.00794980488717556,0.0376766100525856
7.809999942779541,46,0.04667073115706444,0.016623545438051224,9.800697326660156,171.5953369140625,-52.124366760253906,1055.705810546875,-0.000613496929872781,-0.010638037696480751,0.007963189855217934,0.04133961349725723
7.820000171661377,46,0.027125252410769463,0.005600159056484699,9.80606746673584,174.79119873046875,-52.59486389160156,1086.4979248046875,-0.0013095370959490538,-0.005042945500463247,0.011224763467907906,0.04604918882250786
7.829999923706055,46,0.014969762414693832,0.004417245276272297,9.815241813659668,178.27537536621094,-53.87584686279297,1119.0081787109375,-0.00395538192242384,-0.004364752676337957,0.013045175932347775,0.05128205195069313
7.840000152587891,46,0.01688632369041443,0.007365958299487829,9.803668975830078,182.40077209472656,-55.47926712036133,1153.15185546875,-0.0017334077274426818,-0.000349136273143813,0.011773564852774143,0.05703819915652275
7.849999904632568,46,0.01978706568479538,0.007365958299487829,9.796144485473633,187.3225555419922,-57.167137145996094,1189.7181396484375,-0.0007919687777757645,-0.002633575815707445,0.009444506838917732,0.06227106228470802
7.860000133514404,46,0.021841758862137794,0.013486252166330814,9.800054550170898,192.7563018798828,-57.696861267089844,1228.541748046875,-0.0054500834085047245,-0.003798104589805007,0.007115448825061321,0.06593406945466995
7.869999885559082,46,0.024604368954896927,0.013280527666211128,9.805389404296875,199.15707397460938,-57.86027145385742,1268.0068359375,0.0013586168643087149,-0.003815951757133007,0.004786391742527485,0.06855049729347229
7.880000114440918,46,0.033375658094882965,0.017823603004217148,9.81875228881836,206.28182983398438,-58.256195068359375,1308.560791015625,-0.0057490235194563866,-0.000563302484806627,-0.0007953152526170015,0.07169021666049957
7.889999866485596,46,0.04613547399640083,0.03381865844130516,9.805545806884766,213.79830932617188,-59.21364212036133,1350.9384765625,-0.005726715084165335,-0.005243726074695587,0.004621305037289858,0.07482992857694626
7.900000095367432,46,0.051021844148635864,0.02896699495613575,9.807891845703125,222.8041229248047,-60.01315689086914,1392.823486328125,-0.002643614076077938,-0.0014735087752342224,0.011608477681875229,0.07953950762748718
7.909999847412109,46,0.05110817402601242,0.02888127788901329,9.803147315979004,233.1868133544922,-62.214298248291016,1435,-0.001840490847826004,-0.0019286120077595115,0.008730619214475155,0.08320251107215881
7.920000076293945,46,0.04622180387377739,0.028829844668507576,9.803303718566895,244.09954833984375,-64.49878692626953,1476.4349365234375,-0.001840490847826004,-0.000920246122404933,0.012085889466106892,0.0842490866780281
7.929999828338623,46,0.04133543372154236,0.021458063274621964,9.802730560302734,255.28506469726562,-67.04539489746094,1517.7496337890625,-0.00029670947697013617,-0.0016787514323368669,0.009038482792675495,0.0852956548333168
7.940000057220459,46,0.03905627876520157,0.016932131722569466,9.814216613769531,266.8843078613281,-70.17327880859375,1559.045166015625,0.0013229225296527147,-0.0004606810980476439,0.007271611597388983,0.0863422304391861
7.949999809265137,46,0.041732557117938995,0.01427486166357994,9.808238983154297,279.8694152832031,-73.8155288696289,1598.0491943359375,0.0011935303919017315,-0.0008488574530929327,0.012188510969281197,0.09000523388385773
7.960000038146973,46,0.035637546330690384,0.014874890446662903,9.813104629516602,295.7039489746094,-75.62403869628906,1641.2120361328125,-0.0005554935778491199,-0.002588957780972123,0.015084217302501202,0.0962846651673317
7.96999979019165,46,0.02660726197063923,0.014137712307274342,9.818456649780273,315.18939208984375,-76.43671417236328,1686.753662109375,-0.0007964306278154254,-0.0020669277291744947,0.011831567622721195,0.10779696702957153
7.980000019073486,46,0.027487844228744507,0.015012039802968502,9.798786163330078,337.7543640136719,-76.13072967529297,1736.2489013671875,-0.002143892925232649,-0.0027406588196754456,0.007387618534266949,0.12244898080825806
7.989999771118164,46,0.029421672224998474,0.016932131722569466,9.808829307556152,362.6942443847656,-75.01754760742188,1790.1763916015625,-0.004365867003798485,-0.006631345022469759,0.005852760747075081,0.13605442643165588
8,46,0.023378459736704826,0.013931987807154655,9.801844596862793,389.39752197265625,-74.04035949707031,1847.2421875,-0.001059676636941731,-0.009616286493837833,0.005518126301467419,0.14547356963157654
8.010000228881836,46,0.03833109512925148,0.012149045243859291,9.806553840637207,415.9961242675781,-74.92870330810547,1897.9918212890625,-0.00443279417231679,-0.007635248824954033,0.005714445374906063,0.14442700147628784
8.020000457763672,46,0.045531149953603745,0.024698220193386078,9.796162605285645,440.91143798828125,-78.87694549560547,1946.02734375,-0.0008232013788074255,-0.003815951757133007,0.009533742442727089,0.13867084681987762
8.029999732971191,46,0.04064477980136871,0.03128139302134514,9.79590129852295,465.7556457519531,-86.49813079833984,1994.348876953125,-0.0012515337439253926,-0.004257669672369957,0.008944785222411156,0.13710099458694458
8.039999961853027,46,0.03905627876520157,0.018183620646595955,9.813973426818848,491.8926696777344,-97.48409271240234,2045.3980712890625,0.002982710488140583,-0.00715783704072237,0.005219185724854469,0.1459968537092209
8.050000190734863,46,0.04915707930922508,0.015492063015699387,9.81670093536377,520.5093383789062,-110.83570861816406,2101.072509765625,0.0018851087661460042,-0.0027005027513951063,0.01312548853456974,0.16745159029960632
8.0600004196167,46,0.05007219314575195,0.010108946822583675,9.80832576751709,554.3335571289062,-125.93770599365234,2164.232666015625,0.004214166197925806,-0.008523145690560341,0.008467372506856918,0.19518576562404633
8.069999694824219,46,0.0346706360578537,0.007365958299487829,9.802018165588379,591.2760620117188,-142.3623504638672,2232.708740234375,0.0020457333885133266,-0.00984829943627119,0.007182375993579626,0.2213500738143921
8.079999923706055,45,0.022273415699601173,0.021560924127697945,9.811488151550293,630.8558959960938,-160.5900421142578,2301.967041015625,-0.0024071387015283108,-0.006765198428183794,0.006017846986651421,0.23966509103775024
8.09000015258789,45,0.02343025989830494,0.02288098819553852,9.815241813659668,672.1383666992188,-181.07589721679688,2369.651123046875,-0.0010686001041904092,-0.003271612571552396,0.010849973186850548,0.2490842491388321
8.100000381469727,45,0.03574114665389061,0.014343435876071453,9.800297737121582,713.8577880859375,-203.8495330810547,2434.396728515625,-0.0024874513037502766,-0.003525935113430023,0.008239821530878544,0.24960753321647644
8.109999656677246,45,0.03905627876520157,0.012149045243859291,9.807265281677246,754.3839721679688,-227.47972106933594,2495.451416015625,-0.0030674845911562443,-0.0020669277291744947,0.01057780347764492,0.2469910979270935
8.119999885559082,45,0.03135550022125244,0.0006799227558076382,9.814269065856934,797.2372436523438,-249.6885223388672,2552.56640625,-0.004691578447818756,-0.0005499170511029661,0.010363636538386345,0.25065410137176514
8.130000114440918,45,0.029421672224998474,0.01725786179304123,9.799464225769043,841.4777221679688,-270.2084045410156,2613.031494140625,0.00047518109204247594,0.0006146116065792739,0.012532069347798824,0.25954997539520264
8.140000343322754,45,0.03739871084690094,0.02567540854215622,9.803877830505371,885.4622192382812,-288.2518310546875,2673.108154296875,0.00498159509152174,0.0017791403224691749,0.01512883510440588,0.2658294141292572
8.149999618530273,45,0.026883523911237717,0.01844077557325363,9.805545806884766,927.98193359375,-303.3998718261719,2728.7744140625,0.004272169433534145,-0.00017958802345674485,0.01067150104790926,0.25954997539520264
8.15999984741211,45,0.02873102016746998,0.029224151745438576,9.813851356506348,969.1363525390625,-316.01446533203125,2779.74560546875,0.0008187394705601037,-0.0014645851915702224,0.00529057439416647,0.24280481040477753
8.170000076293945,45,0.025225955992937088,0.022949563339352608,9.802574157714844,1006.5081176757812,-325.67340087890625,2824.712646484375,-0.004838817752897739,-0.00363301788456738,0.00512548815459013,0.21978022158145905
8.180000305175781,45,0.028869150206446648,0.017480729147791862,9.800697326660156,1039.0343017578125,-332.50714111328125,2863.575927734375,-0.007453429978340864,-0.0074121588841080666,0.006290016695857048,0.19099947810173035
8.1899995803833,45,0.046757061034440994,0.025538258254528046,9.809420585632324,1067.9521484375,-337.93927001953125,2895.980712890625,-0.0020457333885133266,-0.003918572794646025,0.006704963743686676,0.1616954505443573
8.199999809265137,45,0.035482149571180344,0.03961322084069252,9.805962562561035,1094.581787109375,-342.827392578125,2923.493896484375,0.0024428332690149546,-0.001674289582297206,0.006789737846702337,0.1407639980316162
8.210000038146973,45,0.038710951805114746,0.02752692624926567,9.810046195983887,1120.07373046875,-347.16278076171875,2949.811279296875,0.000613496929872781,-0.0023390972055494785,0.008784160949289799,0.13605442643165588
8.220000267028809,44,0.0572204515337944,-0.0005544223822653294,9.801253318786621,1149.185546875,-350.0943298339844,2980.615478515625,-0.0003234802570659667,-0.0011745685478672385,0.005852760747075081,0.14704343676567078
8.229999542236328,44,0.06754570454359055,0.01610923558473587,9.796058654785156,1183.510009765625,-352.1967468261719,3015.2119140625,-0.005021751392632723,-0.0003848306369036436,0.005852760747075081,0.1705913096666336
8.239999771118164,44,0.06796009838581085,0.01228619460016489,9.814685821533203,1223.8177490234375,-354.3518371582031,3053.119140625,-0.0008008923614397645,-0.002651422983035445,0.005915225949138403,0.20198848843574524
8.25,44,0.0299741942435503,0.007434532977640629,9.815241813659668,1269.972900390625,-357.21649169921875,3094.71142578125,-0.0042944783344864845,-0.003815951757133007,0.007079754490405321,0.23443223536014557
8.260000228881836,44,0.048414625227451324,0.017000706866383553,9.819950103759766,1321.0950927734375,-361.283203125,3140.3720703125,-0.006623535882681608,-0.006145008839666843,0.0024216396268457174,0.2637362778186798
8.270000457763672,44,0.029559802263975143,0.021440919488668442,9.810532569885254,1376.3865966796875,-367.323974609375,3186.135498046875,-0.0023402119986712933,-0.0051678759045898914,0.002171779051423073,0.2867608666419983
8.279999732971191,44,0.03403177857398987,0.012149045243859291,9.814616203308105,1432.7330322265625,-376.19873046875,3227.898681640625,-0.001840490847826004,-0.01024093758314848,0.0042509762570261955,0.29827314615249634
8.289999961853027,44,0.02831662818789482,0.013520539738237858,9.799863815307617,1487.3173828125,-389.26959228515625,3267.154541015625,-0.001840490847826004,-0.006292248610407114,0.006580033339560032,0.29722657799720764
8.300000190734863,44,0.01015245821326971,0.03469298779964447,9.788586616516113,1541.5888671875,-406.79974365234375,3306.872802734375,-0.0027551588136702776,-0.0004696048272307962,0.003421081928536296,0.30402931571006775
8.3100004196167,43,0.012638808228075504,0.016932131722569466,9.819254875183105,1597.7789306640625,-428.5775451660156,3348.439208984375,-0.0030674845911562443,-0.0006123821949586272,0.002171779051423073,0.3291470408439636
8.319999694824219,43,0.03857282176613808,0.016932131722569466,9.81136703491211,1655.6883544921875,-454.96160888671875,3384.451416015625,0.00009146687079919502,-0.002151701832190156,0.0053307306952774525,0.36473050713539124
8.329999923706055,43,0.035344019532203674,0.017480729147791862,9.81842041015625,1716.1461181640625,-484.3880310058594,3428.9521484375,0.0003859454009216279,-0.004043503198772669,0.007807027082890272,0.40136054158210754
8.34000015258789,43,0.04200882092118263,0.021098045632243156,9.804920196533203,1778.9075927734375,-514.384765625,3476.377685546875,0.001380925765261054,-0.003713330253958702,0.009636363945901394,0.432757705450058
8.350000381469727,43,0.029421672224998474,0.014189143665134907,9.802087783813477,1844.2650146484375,-543.540283203125,3523.69921875,0.0024651421699672937,-0.0031913002021610737,0.011363078840076923,0.4604918956756592
8.359999656677246,42,0.032460544258356094,0.00006275026680668816,9.808099746704102,1911.26953125,-570.2588500976562,3570.010986328125,0.0007607362349517643,-0.003276074305176735,0.010368098504841328,0.47671377658843994
8.369999885559082,42,0.04703332111239433,0.012149045243859291,9.800853729248047,1976.5093994140625,-592.201171875,3618.101318359375,-0.000613496929872781,-0.00402119429782033,0.0068745119497179985,0.4693877696990967
8.380000114440918,42,0.03995412588119507,0.012149045243859291,9.8195161819458,2041.14404296875,-608.0697631835938,3655.734619140625,-0.002273285062983632,-0.007929727435112,0.006285555195063353,0.43903714418411255
8.390000343322754,42,0.043873582035303116,0.013109090737998486,9.799741744995117,2098.738037109375,-621.116455078125,3686.18603515625,-0.003759063081815839,-0.011177915148437023,0.0102387061342597,0.39141809940338135
8.399999618530273,42,0.044909559190273285,0.01796075329184532,9.811071395874023,2147.975341796875,-630.6975708007812,3707.707275390625,0.0011935303919017315,-0.01088789850473404,0.011407697573304176,0.3301936089992523
8.40999984741211,42,0.054216112941503525,0.02171521820127964,9.798073768615723,2184.595947265625,-636.7482299804688,3719.2763671875,0.0030674845911562443,-0.009040714241564274,0.009761294350028038,0.23390895128250122
8.420000076293945,42,0.0633845254778862,0.02171521820127964,9.809090614318848,2201.46728515625,-639.8837280273438,3720.845458984375,0.0024071387015283108,-0.004877859260886908,0.00960513111203909,0.10047096014022827
8.430000305175781,42,0.03796850144863129,0.02294956147670746,9.815085411071777,2198.116455078125,-637.041015625,3709.986328125,-0.0019431121181696653,-0.002994981361553073,0.0025822643656283617,-0.037676602602005005
8.4399995803833,42,0.03819296509027481,0.02519538439810276,9.804658889770508,2183.098876953125,-631.2503051757812,3689.846923828125,-0.0030674845911562443,0.006160623859614134,0.007240379229187965,-0.14756672084331512
8.449999809265137,42,0.019821597263216972,0.023086711764335632,9.816631317138672,2163.877197265625,-622.9984741210938,3668.288818359375,-0.0030674845911562443,0.010818739421665668,0.011898495256900787,-0.19413919746875763
8.460000038146973,42,0.040972840040922165,0.027938373386859894,9.817170143127441,2145.888671875,-613.375732421875,3650.484375,-0.00535192433744669,-0.0016564421821385622,0.015414389781653881,-0.1883830428123474
8.470000267028809,42,0.0387972854077816,0.02373817376792431,9.804277420043945,2133.84619140625,-603.8616333007812,3639.280517578125,0.0009570552501827478,-0.002588957780972123,0.008110429160296917,-0.13657771050930023
8.479999542236328,42,0.04074838012456894,0.010520395822823048,9.798995018005371,2137.3017578125,-596.1329345703125,3632.6318359375,0.0038750695530325174,-0.0005543788429349661,0.011148912832140923,-0.058608055114746094
8.489999771118164,42,0.024604368954896927,0.0152863385155797,9.810236930847168,2148.69677734375,-591.88525390625,3630.891845703125,-0.001434467383660376,-0.0010897944448515773,0.009123257361352444,0.017791729420423508
8.5,42,0.03151089698076248,0.010434676893055439,9.802434921264648,2162.635986328125,-590.8203735351562,3633.15185546875,-0.0048522031866014,-0.00046960473991930485,0.009199107997119427,0.05599162355065346
8.510000228881836,42,0.045669279992580414,0.01628067158162594,9.807353019714355,2174.53125,-593.5632934570312,3632.824951171875,-0.0038616843521595,0.0006949239759705961,0.009533742442727089,0.05180533602833748
8.520000457763672,42,0.04682612419128418,0.025726841762661934,9.804763793945312,2181.43896484375,-600.3048706054688,3624.785400390625,-0.003834913484752178,0.00032459490466862917,0.007998884655535221,0.030873887240886688
8.529999732971191,42,0.04193975403904915,0.011171855032444,9.797796249389648,2185.3134765625,-609.5437622070312,3614.480224609375,-0.002884550951421261,-0.002249861368909478,0.008489682339131832,0.01726844534277916
8.539999961853027,42,0.045064959675073624,0.006560205481946468,9.800697326660156,2182.491455078125,-617.8087158203125,3608.4267578125,-0.0011979922419413924,-0.005100948736071587,0.010176241397857666,0.009942438453435898
8.550000190734863,42,0.05143623426556587,0.024492494761943817,9.811123847961426,2178.679931640625,-622.24169921875,3603.22705078125,-0.0011935303919017315,-0.00743000628426671,0.011340769939124584,-0.013082155957818031
8.5600004196167,42,0.04012679308652878,0.03234430029988289,9.816319465637207,2168.603759765625,-623.090576171875,3595.5322265625,-0.001840490847826004,-0.006653653457760811,0.011470162309706211,-0.058608055114746094
8.569999694824219,42,0.03163176029920578,0.019520826637744904,9.81221866607666,2146.9501953125,-621.4268188476562,3582.05615234375,-0.0022955939639359713,-0.0047261579893529415,0.010305633768439293,-0.13134483993053436
8.579999923706055,42,0.0274015124887228,0.014669166877865791,9.815502166748047,2110.4033203125,-618.8506469726562,3559.562255859375,-0.0034601225052028894,-0.005484663415700197,0.009533742442727089,-0.22972266376018524
8.59000015258789,43,0.029179943725466728,0.014480585232377052,9.80566692352295,2055.06396484375,-617.140869140625,3518.588134765625,-0.0042944783344864845,-0.005136643070727587,0.009863915853202343,-0.3364730477333069
8.600000381469727,43,0.03422170877456665,0.014532016590237617,9.825024604797363,1990.793701171875,-611.1099243164062,3470.498046875,-0.004562186077237129,-0.008991634473204613,0.009689905680716038,-0.42490842938423157
8.609999656677246,43,0.03936707600951195,0.014617735520005226,9.821653366088867,1924.6243896484375,-599.5569458007812,3416.43505859375,-0.004290016833692789,-0.009129950776696205,0.005442275665700436,-0.4672946035861969
8.619999885559082,43,0.046135470271110535,0.02200666069984436,9.803564071655273,1861.593994140625,-581.807373046875,3358.424072265625,0.001840490847826004,-0.004471835680305958,0.0036843279376626015,-0.474097341299057
8.630000114440918,43,0.03862462192773819,0.018680786713957787,9.815675735473633,1804.2197265625,-557.591552734375,3299.125732421875,0.001840490847826004,-0.00021528240176849067,0.005852760747075081,-0.4672946035861969
8.640000343322754,43,0.028851883485913277,0.014823459088802338,9.809246063232422,1747.1480712890625,-525.077880859375,3233.638916015625,0.001858338015154004,-0.001326269586570561,0.005888455081731081,-0.47566717863082886
8.649999618530273,43,0.035654813051223755,0.016932131722569466,9.803478240966797,1688.7318115234375,-490.568115234375,3156.859130859375,0.0030228665564209223,0.001002787845209241,0.008217512629926205,-0.4992150664329529
8.65999984741211,43,0.043873582035303116,0.008497441187500954,9.799846649169922,1625.8216552734375,-455.9706115722656,3070.125732421875,-0.0036519798450171947,-0.0011477976804599166,0.010546570643782616,-0.5347985625267029
8.670000076293945,43,0.043873582035303116,0.011223286390304565,9.81336498260498,1557.4052734375,-422.479736328125,2973.354248046875,0.0031076406594365835,0.0007529273279942572,0.011818182654678822,-0.5630559921264648
8.680000305175781,43,0.037933968007564545,0.02577827125787735,9.80401611328125,1483.928955078125,-390.81597900390625,2866.470458984375,0.001309536979533732,0.001092023798264563,0.008007808588445187,-0.5808477401733398
8.6899995803833,43,0.03727784752845764,0.03128139302134514,9.809350967407227,1406.9605712890625,-361.23382568359375,2750.898681640625,-0.004049079958349466,0.00015950846136547625,0.005214724224060774,-0.5881737470626831
8.699999809265137,43,0.04216421768069267,0.022023804485797882,9.804450988769531,1328.725341796875,-331.8052062988281,2630.251708984375,-0.005521472543478012,-0.0018750705057755113,0.0037557168398052454,-0.5860806107521057
8.710000038146973,42,0.05340459197759628,0.016932131722569466,9.795849800109863,1248.3787841796875,-302.3448181152344,2507.272216796875,-0.0006759620737284422,-0.004204127937555313,0.00743669830262661,-0.5766614079475403
8.720000267028809,42,0.03560301661491394,0.007263096049427986,9.792582511901855,1167.94189453125,-273.1673889160156,2381.726318359375,-0.00039486895548179746,-0.0035527057480067015,0.011769101954996586,-0.5641025900840759
8.729999542236328,42,0.027919502928853035,0.025623977184295654,9.797674179077148,1089.5592041015625,-244.78724670410156,2253.917724609375,-0.0032058001961559057,-0.0046369219198822975,0.009801450185477734,-0.5436943769454956
8.739999771118164,42,0.03619007021188736,0.02598399482667446,9.810914993286133,1013.6380004882812,-218.04782104492188,2127.59765625,-0.0018137198640033603,-0.005029560066759586,0.010800892487168312,-0.5143903493881226
8.75,42,0.03905627876520157,0.018286483362317085,9.8082914352417,943.3406982421875,-192.7889862060547,2004.1505126953125,0.0011712214909493923,-0.004373676143586636,0.014441718347370625,-0.4772370457649231
8.760000228881836,42,0.03553394973278046,0.0064401994459331036,9.805545806884766,878.0543212890625,-169.30685424804688,1884.91650390625,0.001840490847826004,-0.0030619080644100904,0.010974902659654617,-0.43799057602882385
8.770000457763672,42,0.03423897549510002,0.016846412792801857,9.820002555847168,817.1959228515625,-147.8635711669922,1772.2694091796875,-0.00032348011154681444,-0.000567764276638627,0.008016731590032578,-0.3976975381374359
8.779999732971191,42,0.02691805548965931,0.018080757930874825,9.821253776550293,760.4150390625,-128.67515563964844,1665.340576171875,-0.0031834912952035666,-0.002843280090019107,0.012358060106635094,-0.3621140718460083
8.789999961853027,42,0.028333894908428192,0.016932131722569466,9.812582969665527,707.9508666992188,-111.97411346435547,1558.4117431640625,-0.000613496929872781,-0.00596207519993186,0.010136084631085396,-0.3322867751121521
8.800000190734863,42,0.044616036117076874,0.020703740417957306,9.80274772644043,655.693603515625,-98.34393310546875,1461.2230224609375,0.00036809814628213644,-0.005042945500463247,0.0016809816006571054,-0.3087388873100281
8.8100004196167,42,0.03322026506066322,0.017875034362077713,9.81237506866455,605.5681762695312,-86.42465209960938,1365.32421875,0.003928611055016518,-0.00467707822099328,0.006089236121624708,-0.2909471392631531
8.819999694824219,42,0.033358391374349594,0.016932131722569466,9.799394607543945,557.3355102539062,-76.15924072265625,1272.56640625,0.001479085418395698,-0.0022275522351264954,0.013959844596683979,-0.2726321220397949
8.829999923706055,42,0.04225054755806923,0.016932131722569466,9.807943344116211,511.1338195800781,-67.07172393798828,1183.5335693359375,-0.001782487495802343,0.0009180137421935797,0.009533742442727089,-0.25170066952705383
8.84000015258789,41,0.06424783915281296,0.025023948401212692,9.798090934753418,467.51519775390625,-58.41850662231445,1097.84130859375,-0.0006179586634971201,-0.002575572580099106,0.009533742442727089,-0.22972266376018524
8.850000381469727,41,0.030664846301078796,0.026498304679989815,9.81670093536377,428.87396240234375,-50.7786750793457,1019.9439086914062,0.00402677059173584,-0.00026882393285632133,0.011853876523673534,-0.2082679271697998
8.859999656677246,40,0.028817350044846535,0.030681364238262177,9.803130149841309,394.15771484375,-43.28361129760742,947.0122680664062,0.002099274890497327,0.0009626317187212408,0.006499721202999353,-0.18785975873470306
8.869999885559082,40,0.02085757814347744,0.010023228824138641,9.80931568145752,361.9133605957031,-36.02763366699219,877.7811279296875,0.001840490847826004,-0.0009782494744285941,0.011028444394469261,-0.17006802558898926
8.880000114440918,40,0.015435952693223953,0.020326580852270126,9.819150924682617,332.5494384765625,-29.350732803344727,812.0191650390625,-0.00010485214443178847,0.0005833790637552738,0.005179029889404774,-0.1538461595773697
8.890000343322754,39,0.023810118436813354,0.017326436936855316,9.7933988571167,306.7536926269531,-23.52708625793457,749.893310546875,-0.0024339095689356327,0.004732849076390266,0.014321248978376389,-0.13971742987632751
8.899999618530273,38,0.03358285501599312,0.016932131722569466,9.813591003417969,283.19195556640625,-18.01930046081543,692.4951782226562,-0.0030674845911562443,0.002609034301713109,0.012188510969281197,-0.12768183648586273
8.90999984741211,38,0.02056404948234558,0.016932131722569466,9.810653686523438,260.8235168457031,-13.134456634521484,638.9822387695312,-0.0030674845911562443,-0.0020490805618464947,0.010319018736481667,-0.11669283360242844
8.920000076293945,37,0.02904181368649006,0.02152663841843605,9.801079750061035,240.03489685058594,-9.078742980957031,589.0752563476562,-0.0030674845911562443,-0.0009247080306522548,0.006423871032893658,-0.10727367550134659
8.930000305175781,36,0.03411811217665672,0.026378298178315163,9.819602966308594,220.58822631835938,-5.798418045043945,542.0478515625,-0.0024071389343589544,-0.0008890136377885938,0.00604015588760376,-0.09837781637907028
8.9399995803833,36,0.04375271499156952,0.021732361987233162,9.815224647521973,202.34646606445312,-3.029170274734497,497.51300048828125,-0.0036341329105198383,-0.0031868384685367346,0.00770886754617095,-0.08948194980621338
8.949999809265137,35,0.03940160572528839,0.0122347641736269,9.79602336883545,186.01034545898438,-0.18644170463085175,456.7359924316406,-0.0028443948831409216,-0.002209705300629139,0.007079754490405321,-0.08110936731100082
8.960000038146973,35,0.057703904807567596,0.016623545438051224,9.805076599121094,171.93405151367188,2.2395288944244385,418.9740295410156,0.0001405465736752376,-0.00297267222777009,0.007079754490405321,-0.07273678481578827
8.970000267028809,35,0.03860735520720482,0.00803456176072359,9.791227340698242,158.669677734375,4.388026237487793,385.9329833984375,-0.00020301171753089875,-0.0058549921959638596,0.005437813699245453,-0.06541077792644501
8.979999542236328,36,0.029128145426511765,0.02171521820127964,9.795554161071777,146.56883239746094,6.222858428955078,354.74420166015625,-0.0021706637926399708,-0.002588957780972123,0.0025197991635650396,-0.05913134664297104
8.989999771118164,36,0.02496696077287197,0.020995184779167175,9.792095184326172,135.88621520996094,7.696866035461426,324.4842834472656,-0.00920245423913002,-0.001732292934320867,0.004255437757819891,-0.052328623831272125
9,37,0.028558356687426567,0.013006229884922504,9.80597972869873,126.56625366210938,8.76288890838623,297.4473571777344,-0.007417736109346151,-0.00024651491548866034,0.006187395192682743,-0.0476190485060215
9.010000228881836,38,0.020788513123989105,0.022709552198648453,9.810897827148438,118.08403015136719,9.917747497558594,273.9562072753906,0.000613496929872781,-0.006591188721358776,0.002653653034940362,-0.04395604506134987
9.020000457763672,39,0.031131036579608917,0.0301499105989933,9.816388130187988,109.601806640625,10.528627395629883,251.1436309814453,0.00022085889941081405,-0.008429448120296001,0.0061472393572330475,-0.040816325694322586
9.029999732971191,40,0.04195702075958252,0.02171521820127964,9.82493782043457,101.39753723144531,10.925643920898438,230.4213409423828,-0.004223089665174484,-0.004900168161839247,0.009426658973097801,-0.0376766100525856
9.039999961853027,40,0.031545430421829224,0.023121001198887825,9.822088241577148,93.96637725830078,11.228342056274414,211.6251678466797,-0.0018940323498100042,-0.000242053167312406,0.005933072883635759,-0.03401360660791397
9.050000190734863,42,0.03998866304755211,0.02973846159875393,9.807108879089355,87.80736541748047,11.384078025817871,193.47332763671875,0.004986057057976723,-0.002410485874861479,0.003577244933694601,-0.031397175043821335
9.0600004196167,42,0.023171264678239822,0.02171521820127964,9.814390182495117,81.94310760498047,11.20640754699707,175.6333770751953,-0.0009302844409830868,-0.0015136649599298835,0.0044740657322108746,-0.029304029420018196
9.069999694824219,42,0.03722605109214783,0.01898937299847603,9.811314582824707,76.33871459960938,11.24917984008789,160.35977172851562,0.0001851644628914073,-0.001361963921226561,0.006651422008872032,-0.027210883796215057
9.079999923706055,43,0.03040585294365883,0.008343148045241833,9.814251899719238,71.0368423461914,11.285371780395508,146.21339416503906,-0.00033686557435430586,-0.00896486360579729,0.00993084255605936,-0.025641025975346565
9.09000015258789,43,0.0363454669713974,0.010057516396045685,9.806153297424316,66.01809692382812,11.348982810974121,132.39398193359375,-0.00505298376083374,-0.006738428026437759,0.006321249529719353,-0.02459445409476757
9.100000381469727,44,0.04275127127766609,0.008154567331075668,9.793259620666504,61.18810272216797,11.438915252685547,118.70587921142578,-0.005923034157603979,-0.00009035194671014324,0.002974902279675007,-0.022501308470964432
9.109999656677246,45,0.041439030319452286,0.022949563339352608,9.80429458618164,56.266319274902344,10.905902862548828,106.9603271484375,-0.0039955382235348225,0.0007930834544822574,0.005223647225648165,-0.021454736590385437
9.119999885559082,45,0.04743044450879097,0.012149045243859291,9.813973426818848,52.089202880859375,11.320467948913574,95.11627197265625,-0.0030674845911562443,-0.0015359739772975445,0.0035772447008639574,-0.020408162847161293
9.130000114440918,46,0.043873582035303116,0.01082898210734129,9.813069343566895,48.142208099365234,11.039704322814941,83.5499267578125,-0.005619631614536047,-0.004503068048506975,0.002220858819782734,-0.0188383050262928
9.140000343322754,46,0.04247501119971275,0.011531872674822807,9.8130521774292,44.531349182128906,10.515466690063477,73.2530746459961,-0.005097601562738419,-0.00684551103040576,0.00512548815459013,-0.01726844534277916
9.149999618530273,46,0.04199155420064926,0.02171521820127964,9.798803329467773,41.40142059326172,10.248961448669434,64.4582748413086,-0.0028667037840932608,-0.0059576136991381645,0.011184606701135635,-0.016221873462200165
9.15999984741211,46,0.04408078268170357,0.02171521820127964,9.810185432434082,38.783451080322266,9.982455253601074,55.48290252685547,-0.0033931955695152283,-0.003365310374647379,0.014191857539117336,-0.015698587521910667
9.170000076293945,47,0.03584474325180054,0.020120855420827866,9.81362533569336,36.06593322753906,9.631501197814941,47.35020446777344,-0.00222866702824831,-0.0006480766460299492,0.007981037721037865,-0.0141287287697196
9.180000305175781,47,0.03570661321282387,0.013606257736682892,9.802382469177246,33.718162536621094,9.46699047088623,38.78522491455078,-0.0027417736127972603,0.003546011634171009,0.004951477982103825,-0.0141287287697196
9.1899995803833,47,0.0381411649286747,0.010828981176018715,9.802035331726074,31.569488525390625,9.035975456237793,31.52530860900879,-0.001840490847826004,0.0019665358122438192,0.006905744783580303,-0.013082155957818031
9.199999809265137,47,0.04625633731484413,0.018732218071818352,9.797674179077148,29.759532928466797,8.390000343322754,25.682626724243164,-0.002643614076077938,-0.00341439014300704,0.010359174571931362,-0.012558870017528534
9.210000038146973,48,0.03235694766044617,0.023583879694342613,9.802591323852539,28.814477920532227,8.212329864501953,19.295486450195312,-0.0060568880289793015,-0.0015002796426415443,0.00844506360590458,-0.012035583145916462
9.220000267028809,48,0.029421672224998474,0.020686598494648933,9.805545806884766,27.66257095336914,8.034659385681152,16.08207893371582,-0.0007651979685761034,-0.0030440608970820904,0.00930619053542614,-0.011512297205626965
9.229999542236328,48,0.035482149571180344,0.012149045243859291,9.803512573242188,26.429216384887695,7.7878947257995605,10.283173561096191,-0.0031210260931402445,-0.009937535971403122,0.005906302481889725,-0.010465724393725395
9.239999771118164,48,0.04805203154683113,-0.002371652517467737,9.809107780456543,25.115705490112305,7.183595657348633,4.949383735656738,-0.007779140956699848,-0.00877300649881363,0.010564417578279972,-0.010465724393725395
9.25,48,0.049191609025001526,-0.008474803529679775,9.8114013671875,23.722042083740234,6.514589309692383,0.7989051342010498,-0.0012827664613723755,-0.004262131173163652,0.008529838174581528,-0.009942438453435898
9.260000228881836,48,0.04164622724056244,0.007365958299487829,9.807422637939453,22.31803321838379,6.350079536437988,-3.001368522644043,-0.003772448282688856,-0.003815951757133007,0.008306748233735561,-0.0094191525131464
9.270000457763672,48,0.02527775429189205,0.014206286519765854,9.812931060791016,21.689720153808594,6.350079536437988,-7.212038993835449,-0.001322922413237393,-0.00480647012591362,0.009297267533838749,-0.008895865641534328
9.279999732971191,47,0.02434537373483181,0.012320482172071934,9.815154075622559,20.709758758544922,5.9771904945373535,-10.771546363830566,-0.004325711168348789,-0.009683213196694851,0.0076776351779699326,-0.008895865641534328
9.289999961853027,47,0.04635993391275406,0.012251907028257847,9.802938461303711,19.915964126586914,5.6942338943481445,-14.943912506103516,-0.004655884113162756,-0.0059843845665454865,0.010542108677327633,-0.008372579701244831
9.300000190734863,47,0.03848649188876152,0.02171521820127964,9.793712615966797,19.404006958007812,5.549465179443359,-18.4897403717041,-0.0010819853050634265,-0.007028444670140743,0.006365867797285318,-0.007849293760955334
9.3100004196167,47,0.034895095974206924,0.02171521820127964,9.808465003967285,19.0329647064209,5.388245582580566,-20.51299476623535,0.0020948131568729877,-0.004279978107661009,0.006361405365169048,-0.008372579701244831
9.319999694824219,46,0.04123183712363243,0.02433820068836212,9.809924125671387,18.29993438720703,4.766398906707764,-24.83447265625,-0.0023580591659992933,-0.0040747360326349735,0.010341327637434006,-0.007849293760955334
9.329999923706055,46,0.044477906078100204,0.01842363178730011,9.813730239868164,17.56690216064453,4.464797496795654,-25.66073989868164,-0.005517010577023029,-0.008117122575640678,0.008293363265693188,-0.007849293760955334
9.34000015258789,46,0.043131131678819656,0.012149045243859291,9.811697006225586,17.32255744934082,4.139068126678467,-27.6552677154541,-0.0015281649539247155,-0.008291132748126984,0.007945343852043152,-0.007849293760955334
9.350000381469727,46,0.033358391374349594,0.020635167136788368,9.805545806884766,17.27730941772461,3.8604984283447266,-29.994529724121094,-0.00012269933358766139,-0.004797546658664942,0.011006135493516922,-0.007326007355004549
9.359999656677246,46,0.04692972078919411,0.017806459218263626,9.799673080444336,17.069164276123047,3.6828277111053467,-31.658004760742188,-0.0034958168398588896,-0.0034456225112080574,0.010818739421665668,-0.007326007355004549
9.369999885559082,45,0.043390125036239624,0.012149045243859291,9.801861763000488,16.440853118896484,3.505157232284546,-32.87688064575195,-0.005392080172896385,-0.005774680059403181,0.01175125502049923,-0.007849293760955334
9.380000114440918,44,0.03118283674120903,0.009114613756537437,9.827075004577637,16.115060806274414,2.814216375350952,-35.589603424072266,-0.006155047565698624,-0.00719353137537837,0.007396542001515627,-0.006802720949053764
9.390000343322754,44,0.026296468451619148,0.010468964464962482,9.817465782165527,16.182287216186523,2.685898780822754,-36.58413314819336,-0.000613496929872781,-0.006029002368450165,0.004625767003744841,-0.006802720949053764
9.399999618530273,43,0.024604368954896927,0.012149045243859291,9.805545806884766,16.08144760131836,2.5553877353668213,-38.120384216308594,-0.0011489123571664095,-0.005756832659244537,0.004268823191523552,-0.007326007355004549
9.40999984741211,43,0.027867702767252922,0.015389200299978256,9.808829307556152,15.798318862915039,2.2230777740478516,-40.43091583251953,-0.0038304515182971954,-0.00879085436463356,0.002751812571659684,-0.007326007355004549
9.420000076293945,42,0.03608647361397743,0.020240861922502518,9.807040214538574,15.887523651123047,1.974119782447815,-41.44186019897461,0.0005599553696811199,0.002265476156026125,0.008467372506856918,-0.007326007355004549
9.430000305175781,42,0.04245774447917938,0.008205998688936234,9.805545806884766,15.363929748535156,2.4182960987091064,-42.993160247802734,-0.000604573346208781,0.0011009473819285631,0.011960959993302822,-0.006802720949053764
9.4399995803833,40,0.04734411463141441,0.012920510955154896,9.80205249786377,14.840335845947266,1.6692283153533936,-43.93159866333008,0.0005421082023531199,-0.004686001688241959,0.00505409948527813,-0.007326007355004549
9.449999809265137,40,0.04869088903069496,0.023961039260029793,9.790011405944824,14.433095932006836,1.244793176651001,-46.677154541015625,0.0038929167203605175,-0.005042945500463247,0.003532626898959279,-0.006802720949053764
9.460000038146973,38,0.03786490485072136,0.033664364367723465,9.793416976928711,14.3206205368042,1.1340233087539673,-50.251708984375,0.0012024538591504097,-0.000920246122404933,0.007521471939980984,-0.006802720949053764
9.470000267028809,36,0.037916701287031174,0.0251096673309803,9.806952476501465,14.607626914978027,0.6854600310325623,-52.006839752197266,-0.001322922413237393,-0.007880647666752338,0.008306748233735561,-0.006279435008764267
9.479999542236328,34,0.04654986411333084,0.025435397401452065,9.802851676940918,14.607626914978027,1.1296364068984985,-51.2311897277832,-0.001840490847826004,-0.011762409470975399,0.006495259236544371,-0.006802720949053764
9.489999771118164,32,0.04105917364358902,0.01513204537332058,9.800697326660156,14.51842212677002,0.590044379234314,-51.96580123901367,-0.0026837701443582773,-0.010718349367380142,0.008382598869502544,-0.006279435008764267
9.5,29,0.03905627876520157,0.027578357607126236,9.812426567077637,14.607626914978027,0.15354512631893158,-53.715457916259766,-0.002286670496687293,-0.004485221114009619,0.007191299460828304,-0.006279435008764267
9.510000228881836,24,0.03905627876520157,0.007725975476205349,9.811262130737305,14.817065238952637,-0.04496332257986069,-55.677154541015625,-0.0039955382235348225,0.0015114325797185302,0.005134411621838808,-0.006802720949053764
9.520000457763672,19,0.035033226013183594,0.018560780212283134,9.822540283203125,14.964447021484375,-0.14695937931537628,-57.11354446411133,-0.006177356466650963,-0.0023569443728774786,0.005281650926917791,-0.006279435008764267
9.529999732971191,48,0.021962622180581093,0.009526061825454235,9.804346084594727,14.755009651184082,-0.32462990283966064,-57.88919448852539,-0.004968209657818079,-0.008090351708233356,0.008819855749607086,-0.006279435008764267
9.539999961853027,31,0.03227061405777931,0.007365958299487829,9.800697326660156,14.449902534484863,-0.33998414874076843,-59.17100143432617,-0.0004127161228097975,-0.0034143896773457527,0.010925822891294956,-0.006279435008764267
9.550000190734863,33,0.030008727684617043,0.015766361728310585,9.817726135253906,14.420167922973633,-0.6415853500366211,-60.124488830566406,0.0002565532922744751,0.0007350801606662571,0.009533742442727089,-0.006279435008764267
9.5600004196167,36,0.03372098505496979,0.008394579403102398,9.807109832763672,14.385261535644531,-0.7699030041694641,-60.998634338378906,-0.0030764080584049225,-0.005440045148134232,0.008315672166645527,-0.006279435008764267
9.569999694824219,37,0.03860735520720482,0.02471536211669445,9.792356491088867,14.241758346557617,-0.5966194272041321,-61.856361389160156,-0.0013006135122850537,-0.0073496936820447445,0.004822086077183485,-0.006279435008764267
9.579999923706055,38,0.04349372163414955,0.008874601684510708,9.799932479858398,14.346476554870605,-0.7742899656295776,-62.18878173828125,-0.002224205294623971,-0.00297267222777009,0.003858337877318263,-0.006279435008764267
9.59000015258789,39,0.06189962476491928,0.016314959153532982,9.796162605285645,13.940529823303223,-0.5187514424324036,-63.81806182861328,0.000613496929872781,0.0000836579201859422,0.01018962636590004,-0.006279435008764267
9.600000381469727,40,0.031113771721720695,0.007845981046557426,9.814269065856934,13.52165412902832,-0.515461266040802,-64.90560913085938,-0.000011154489584441762,0.0009358609677292407,0.012277746573090553,-0.006279435008764267
9.609999656677246,41,0.04335559159517288,0.025812556967139244,9.796545028686523,13.526824951171875,-0.6942285299301147,-65.84815216064453,-0.004388175904750824,-0.00041606323793530464,0.005759063176810741,-0.005756148602813482
9.619999885559082,42,0.025018760934472084,0.031178530305624008,9.810080528259277,13.68972110748291,-0.9848623871803284,-66.60465240478516,-0.005583937745541334,-0.003878416959196329,0.004532069433480501,-0.006279435008764267
9.630000114440918,42,0.03423897549510002,0.016897844150662422,9.819985389709473,13.181641578674316,-1.33033287525177,-66.76881408691406,-0.007912995293736458,-0.0062074740417301655,0.0010384829947724938,-0.006279435008764267
9.640000343322754,42,0.04345918819308281,-0.001994491321966052,9.81513786315918,13.076922416687012,-1.4191681146621704,-68.32011413574219,-0.0011756833409890532,-0.002870050957426429,0.005477970000356436,-0.005756148602813482
9.649999618530273,43,0.024431705474853516,0.00788026861846447,9.809524536132812,13.140271186828613,-1.222853183746338,-68.44869995117188,-0.004896820988506079,0.0006235353066585958,0.007994422689080238,-0.006279435008764267
9.65999984741211,43,0.020753979682922363,0.02123519405722618,9.786884307861328,13.066580772399902,-1.0572466850280762,-69.17100524902344,-0.011571668088436127,-0.003949805628508329,0.01032348070293665,-0.006279435008764267
9.670000076293945,44,0.03905627876520157,0.012457631528377533,9.800697326660156,12.926955223083496,-1.0276349782943726,-69.83584594726562,-0.007208031602203846,-0.0031511441338807344,0.01454433985054493,-0.005756148602813482
9.680000305175781,44,0.0386764220893383,0.016932131722569466,9.800697326660156,12.906270027160645,-1.125244140625,-69.14636993408203,-0.0028711657505482435,-0.005239264573901892,0.011251534335315228,-0.005756148602813482
9.6899995803833,44,0.03334112465381622,0.0164863970130682,9.800697326660156,12.696832656860352,-1.3029146194458008,-70.25444793701172,-0.002661461243405938,-0.0021650870330631733,0.009533742442727089,-0.005756148602813482
9.699999809265137,45,0.02615833841264248,0.011634734459221363,9.800697326660156,13.030381202697754,-1.4038138389587402,-70.30916595458984,0.0007250417838804424,-0.0024104861076921225,0.005741216242313385,-0.005756148602813482
9.710000038146973,45,0.040230389684438705,0.009114613756537437,9.801288604736328,13.119585990905762,-1.436715841293335,-71.03556823730469,-0.0018047962803393602,-0.003815951757133007,0.00618293322622776,-0.006279435008764267
9.720000267028809,45,0.04475416615605354,0.01910937763750553,9.804884910583496,13.05623722076416,-1.5069067478179932,-72.03557586669922,-0.0023535971995443106,-0.000648076762445271,0.00767317321151495,-0.006279435008764267
9.729999542236328,50,0.01978706568479538,0.0025828713551163673,9.800697326660156,13.05623722076416,-1.6560622453689575,-72.59371185302734,0.000613496929872781,0.0028901274781674147,0.005937534850090742,-0.005756148602813482
9.739999771118164,46,0.021375566720962524,0.0025828713551163673,9.799898147583008,13.05623722076416,-1.6560622453689575,-72.59371185302734,0.000613496929872781,0.003546011634171009,0.004625767003744841,-0.005756148602813482
9.75,46,0.031148303300142288,0.006011607591062784,9.800193786621094,12.95927619934082,-1.4092975854873657,-73.00410461425781,-0.0011712213745340705,-0.0004696047690231353,0.0037334077060222626,-0.005756148602813482
9.760000228881836,46,0.042785804718732834,0.01986370049417019,9.81727409362793,12.709760665893555,-1.6341276168823242,-73.75376892089844,-0.001992191653698683,-0.005962075665593147,0.0025554934982210398,-0.005756148602813482
9.770000457763672,46,0.056322600692510605,0.012149045243859291,9.805545806884766,12.586941719055176,-1.6319341659545898,-74.13406372070312,0.001782487379387021,-0.0022677085362374783,0.00468377023935318,-0.005756148602813482
9.779999732971191,46,0.04547934979200363,0.007897412404417992,9.805545806884766,12.621849060058594,-1.2963342666625977,-74.3310546875,-0.001840490847826004,-0.0016207480803132057,0.007530395872890949,-0.005756148602813482
9.789999961853027,46,0.03195982053875923,-0.0047203367576003075,9.802104949951172,12.412410736083984,-1.6516753435134888,-75.9931640625,-0.002233128761872649,-0.0023926387075334787,0.005607362370938063,-0.006279435008764267
9.800000190734863,46,0.028230296447873116,0.0049829864874482155,9.800732612609863,12.202973365783691,-1.6560622453689575,-76.12312316894531,-0.00402677059173584,-0.0012281100498512387,0.010626882314682007,-0.005756148602813482
9.8100004196167,46,0.03650086373090744,0.015954941511154175,9.822071075439453,12.230122566223145,-1.7898635864257812,-76.48426818847656,-0.0020546570885926485,-0.000349136273143813,0.009176799096167088,-0.006279435008764267
9.819999694824219,46,0.029421672224998474,0.02248668298125267,9.807474136352539,12.063347816467285,-1.87540864944458,-76.75513458251953,-0.005467930808663368,-0.003807028057053685,0.003416620194911957,-0.006279435008764267
9.829999923706055,46,0.029421672224998474,0.016366390511393547,9.82351303100586,11.67420768737793,-1.900633454322815,-76.9917984008789,0.0015192414866760373,-0.0026424992829561234,0.0057456777431070805,-0.006279435008764267
9.84000015258789,46,0.03387638181447983,0.022075235843658447,9.814111709594727,11.370393753051758,-1.9850817918777466,-77.58960723876953,-0.002603457774966955,-0.00925488118082285,0.004741773474961519,-0.006279435008764267
9.850000381469727,46,0.04542754963040352,0.012149045243859291,9.802261352539062,11.265674591064453,-1.9850817918777466,-79.03009796142578,-0.0020189627539366484,-0.006805354729294777,0.009868377819657326,-0.005756148602813482
9.859999656677246,46,0.0438217855989933,0.013760550878942013,9.802279472351074,11.160956382751465,-2.129850387573242,-78.5745620727539,-0.0047986614517867565,-0.00528388237580657,0.008788621984422207,-0.005756148602813482
9.869999885559082,46,0.03085477650165558,0.0236524548381567,9.804364204406738,11.05623722076416,-2.101335287094116,-78.20246887207031,-0.009215839207172394,-0.0004249868798069656,0.007383156567811966,-0.005756148602813482
9.880000114440918,46,0.024604368954896927,0.022075235843658447,9.812999725341797,10.951519012451172,-1.9850817918777466,-78.73872375488281,-0.006123814731836319,-0.0006302294204942882,0.009663134813308716,-0.005756148602813482
9.890000343322754,46,0.03192529082298279,0.006885935086756945,9.808065414428711,10.85843563079834,-1.9850817918777466,-80.09303283691406,-0.0010998324723914266,-0.000563302484806627,0.009962075389921665,-0.006279435008764267
9.899999618530273,45,0.043873582035303116,0.023601023480296135,9.816266059875488,10.85843563079834,-1.9850817918777466,-79.87141418457031,-0.00453987717628479,0.0006012262310832739,0.007325153332203627,-0.005756148602813482
9.90999984741211,45,0.04190522059798241,0.024543926119804382,9.806431770324707,11.042016983032227,-2.0629496574401855,-80.6210708618164,-0.007301728706806898,-0.0009291697642765939,0.005852760747075081,-0.006279435008764267
9.920000076293945,45,0.037018850445747375,0.02171521820127964,9.800697326660156,10.915319442749023,-1.9806948900222778,-80.79617309570312,-0.0036921361461281776,-0.0038114897906780243,0.0052414946258068085,-0.005756148602813482
9.930000305175781,45,0.0363454669713974,0.025898277759552002,9.802817344665527,10.942468643188477,-2.020177125930786,-80.75513458251953,0.0004841048503294587,-0.003945343662053347,0.005723368842154741,-0.005756148602813482
9.9399995803833,45,0.04123183339834213,0.026961185038089752,9.805545806884766,11.321267127990723,-2.268038511276245,-80.97675323486328,0.0008678193553350866,-0.0030752934981137514,0.005620747338980436,-0.006279435008764267
9.949999809265137,44,0.04162896052002907,0.01725786179304123,9.8032865524292,11.007109642028809,-2.001532793045044,-81.1983642578125,-0.0014612381346523762,-0.005511433817446232,0.0025510317645967007,-0.005756148602813482
9.960000038146973,44,0.034428905695676804,0.014446298591792583,9.807682991027832,11.380736351013184,-2.0684332847595215,-81.73188018798828,-0.0027060790453106165,-0.0061940886080265045,0.0031132178846746683,-0.005756148602813482
9.970000267028809,44,0.029421672224998474,0.014566304162144661,9.817639350891113,11.136392593383789,-2.157268762588501,-82.44186401367188,-0.0024383715353906155,-0.0010317910928279161,0.00890462938696146,-0.005232862196862698
9.979999542236328,44,0.029421672224998474,0.012149045243859291,9.810219764709473,10.711053848266602,-2.204428195953369,-83.47743225097656,-0.0035850529093295336,-0.002870050957426429,0.010760736651718616,-0.005756148602813482
9.989999771118164,43,0.03698432072997093,0.014652022160589695,9.805770874023438,10.49515151977539,-2.204428195953369,-84.1573257446289,-0.0009615169838070869,0.0007440037443302572,0.0102387061342597,-0.005756148602813482
10,43,0.038693685084581375,0.016932131722569466,9.80778694152832,10.599870681762695,-2.204428195953369,-82.71683502197266,-0.002955939620733261,-0.0015850537456572056,0.007079754490405321,-0.005756148602813482
10.010000228881836,43,0.02892094850540161,0.011651878245174885,9.81624984741211,10.914026260375977,-2.5597691535949707,-83.71409606933594,-0.0019386503845453262,-0.003815951757133007,0.006932515185326338,-0.005232862196862698
10.020000457763672,43,0.024604368954896927,0.010074660181999207,9.805719375610352,10.667097091674805,-2.371131420135498,-83.60875701904297,-0.004267707467079163,-0.003815951757133007,0.003438929095864296,-0.005756148602813482
10.029999732971191,43,0.024604368954896927,0.012149045243859291,9.802261352539062,10.637362480163574,-2.440225601196289,-83.1067123413086,-0.0042944783344864845,-0.003815951757133007,-0.002356943441554904,-0.005756148602813482
10.039999961853027,43,0.030336787924170494,0.01784074679017067,9.804624557495117,10.827407836914062,-2.5685431957244873,-82.88098907470703,-0.002117122057825327,-0.003815951757133007,0.008150584995746613,-0.005756148602813482
10.050000190734863,42,0.037174250930547714,0.01880079321563244,9.806605339050293,10.703296661376953,-2.0179836750030518,-83.51026153564453,0.00021193524298723787,-0.0058683776296675205,0.005428890231996775,-0.005756148602813482
10.0600004196167,42,0.033047597855329514,0.019915131852030754,9.813417434692383,10.28442096710205,-2.550995349884033,-85.2831802368164,-0.002277746796607971,-0.005306191276758909,0.008480758406221867,-0.005756148602813482
10.069999694824219,42,0.03864188864827156,0.02781836874783039,9.805962562561035,10.385261535644531,-2.643120765686035,-84.85636901855469,0.0005376464687287807,-0.008648076094686985,0.008632459677755833,-0.005756148602813482
10.079999923706055,42,0.04073111340403557,0.025041092187166214,9.810185432434082,10.470587730407715,-2.537834644317627,-84.23255920410156,0.005195761099457741,-0.008273285813629627,0.006629113107919693,-0.005756148602813482
10.09000015258789,42,0.03905627876520157,0.015337769873440266,9.815241813659668,10.358112335205078,-2.360164165496826,-84.34473419189453,0.0013139991788193583,-0.006720580626279116,0.006629113107919693,-0.005756148602813482
10.100000381469727,42,0.03577568009495735,0.00889174547046423,9.798733711242676,10.09566879272461,-2.2482974529266357,-85.27497100830078,-0.003268265398219228,-0.0019866153597831726,0.007793641649186611,-0.005756148602813482
10.109999656677246,42,0.02753964252769947,0.01734357886016369,9.804485321044922,10.200387001037598,-2.6036384105682373,-84.94255065917969,-0.0042944783344864845,-0.0021650870330631733,0.00635248189792037,-0.005756148602813482
10.119999885559082,42,0.024604368954896927,0.01832076907157898,9.806953430175781,9.839689254760742,-2.406226634979248,-83.92066192626953,-0.004883435554802418,-0.0056319027207791805,0.0075705526396632195,-0.005756148602813482
10.130000114440918,42,0.035067759454250336,0.013469108380377293,9.802035331726074,10.243050575256348,-2.4884815216064453,-84.84268951416016,-0.0028890129178762436,-0.006796431262046099,0.00918126106262207,-0.005756148602813482
10.140000343322754,42,0.04617000371217728,0.015680642798542976,9.804277420043945,10.597284317016602,-2.717698574066162,-85.4418716430664,0.000613496929872781,-0.0047127725556492805,0.00754378130659461,-0.005756148602813482
10.149999618530273,42,0.052316814661026,0.02413247711956501,9.82744026184082,10.28312873840332,-2.862467050552368,-84.46102142333984,-0.00018962632748298347,-0.001741216634400189,0.00951143354177475,-0.005756148602813482
10.15999984741211,42,0.03872821852564812,0.026498304679989815,9.819759368896484,9.968972206115723,-2.862467050552368,-85.01505279541016,-0.001840490847826004,-0.006738428026437759,0.01063134428113699,-0.005756148602813482
10.170000076293945,42,0.03800303488969803,0.019023660570383072,9.811453819274902,10.152552604675293,-2.7780187129974365,-83.67305755615234,-0.001010596752166748,-0.009794758632779121,0.006526492070406675,-0.005756148602813482
10.180000305175781,42,0.02755690924823284,0.016932131722569466,9.802678108215332,10.21202278137207,-2.62557315826416,-83.6607437133789,0.000983826001174748,-0.005257111508399248,0.0054824319668114185,-0.005756148602813482
10.1899995803833,42,0.024604368954896927,0.024681074544787407,9.816405296325684,10.363283157348633,-2.5762202739715576,-84.42818450927734,-0.0035225877072662115,-0.007331846747547388,0.009230339899659157,-0.005756148602813482
10.199999809265137,42,0.028575623407959938,0.014669165946543217,9.804102897644043,10.522300720214844,-2.6869900226593018,-85.12449645996094,-0.006480758544057608,-0.014591189101338387,0.007168990559875965,-0.005756148602813482
10.210000038146973,42,0.02538135275244713,0.008137423545122147,9.804763793945312,10.209437370300293,-2.861370325088501,-84.8946762084961,-0.0030674845911562443,-0.011070831678807735,0.008360289968550205,-0.005756148602813482
10.220000267028809,42,0.016385599970817566,0.015526349656283855,9.805545806884766,10,-2.7725350856781006,-84.00821685791016,-0.0030674845911562443,-0.006412716582417488,0.010689347982406616,-0.005232862196862698
10.229999542236328,42,0.03168356046080589,0.016932131722569466,9.801340103149414,10.034906387329102,-2.6146059036254883,-84.32832336425781,-0.004196318797767162,-0.008527607657015324,0.008503067307174206,-0.005756148602813482
10.239999771118164,42,0.03848649188876152,0.01271478645503521,9.79214859008789,10.310277938842773,-2.3404228687286377,-84.51163482666016,-0.0042944783344864845,-0.007657558191567659,0.008306748233735561,-0.005756148602813482
10.25,42,0.03905627876520157,0.007863124832510948,9.804034233093262,10.599870681762695,-2.314101219177246,-84.11902618408203,-0.003290574299171567,-0.006493029184639454,0.005295036360621452,-0.005232862196862698
10.260000228881836,43,0.03905627876520157,0.0030114634428173304,9.79671859741211,10.623141288757324,-2.952399253845215,-83.51573944091797,-0.007774679455906153,-0.009094255976378918,0.007450083736330271,-0.005756148602813482
10.270000457763672,43,0.034601569175720215,0.02027514949440956,9.809298515319824,10.937297821044922,-2.6858932971954346,-85.06703186035156,-0.005686558783054352,-0.002040156628936529,0.010064695961773396,-0.005756148602813482
10.279999732971191,43,0.047810304909944534,0.012731930240988731,9.828604698181152,10.548157691955566,-2.5685431957244873,-84.47880554199219,-0.00021193519933149219,-0.001357502187602222,0.008311210200190544,-0.005756148602813482
10.289999961853027,43,0.04409804567694664,0.012149045243859291,9.792808532714844,10.531351089477539,-2.533447742462158,-83.6156005859375,-0.002683770377188921,-0.003343001240864396,0.0100959287956357,-0.005756148602813482
10.300000190734863,44,0.043873582035303116,0.026035426184535027,9.805076599121094,10.806721687316895,-2.6321535110473633,-82.96306610107422,-0.005521472543478012,-0.004507530014961958,0.011296152137219906,-0.005232862196862698
10.3100004196167,44,0.02968066744506359,0.02180093713104725,9.80078411102295,10.945054054260254,-2.814210891723633,-82.58003234863281,-0.004263245966285467,-0.008188512176275253,0.005727830342948437,-0.005756148602813482
10.319999694824219,45,0.024725234135985374,0.016897844150662422,9.800697326660156,10.630898475646973,-2.4588699340820312,-82.58003234863281,-0.0036341326776891947,-0.008911322802305222,0.0020780814811587334,-0.005232862196862698
10.329999923706055,45,0.033876385539770126,0.012629068456590176,9.801183700561523,11.071751594543457,-2.9041430950164795,-83.07935333251953,-0.005302844103425741,-0.005765756592154503,0.004407139029353857,-0.005232862196862698
10.34000015258789,45,0.020356854423880577,0.03090423159301281,9.81989860534668,11.385907173156738,-2.4303548336029053,-82.82080078125,-0.0036564418114721775,-0.004601227585226297,0.007177914027124643,-0.005232862196862698
10.350000381469727,45,0.03449797257781029,0.02248668298125267,9.814720153808594,11.504847526550293,-1.990565538406372,-82.10807800292969,0.0010819855378940701,-0.004953709896653891,0.007637479342520237,-0.005756148602813482
10.359999656677246,46,0.03905627876520157,0.03476155921816826,9.804885864257812,11.546217918395996,-2.221975803375244,-81.17921447753906,-0.000613496929872781,-0.007496933452785015,0.004032347816973925,-0.005232862196862698
10.369999885559082,46,0.039453402161598206,0.016932131722569466,9.795849800109863,11.755655288696289,-2.3108110427856445,-79.62791442871094,-0.001376464031636715,-0.007751255761831999,0.00508979381993413,-0.005232862196862698
10.380000114440918,46,0.04247501119971275,0.01785789057612419,9.79772663116455,12.166773796081543,-2.5707364082336426,-81.38441467285156,-0.0042944783344864845,-0.008148355409502983,0.003514779731631279,-0.005232862196862698
10.390000343322754,46,0.02995692752301693,0.02596685104072094,9.81254768371582,12.280542373657227,-2.7725350856781006,-80.84679412841797,-0.0042944783344864845,-0.004395985044538975,0.010760736651718616,-0.005232862196862698
10.399999618530273,46,0.03726058080792427,0.019915131852030754,9.791609764099121,12.021977424621582,-2.336035966873169,-79.78933715820312,-0.004227551631629467,0.0009581699268892407,0.010359174571931362,-0.005232862196862698
10.40999984741211,46,0.05765211209654808,0.0066973548382520676,9.797883033752441,11.742727279663086,-1.707608699798584,-79.00958251953125,-0.0030674845911562443,-0.0013575020711869001,0.003389849327504635,-0.005232862196862698
10.420000076293945,46,0.05128083378076553,0.004057228099554777,9.811140060424805,12.151260375976562,-2.3272619247436523,-77.9534912109375,-0.0030674845911562443,-0.00019297341350466013,0.0010607920121401548,-0.005232862196862698
10.430000305175781,46,0.03905627876520157,0.009731786325573921,9.814425468444824,12.151260375976562,-2.860273599624634,-78.95075225830078,-0.0030674845911562443,-0.0034545462112873793,0.009796989150345325,-0.005232862196862698
10.4399995803833,46,0.03729511424899101,0.0012970952084288,9.812165260314941,12.316741943359375,-3.1827127933502197,-78.45964813232422,-0.000979364151135087,-0.003815951757133007,0.005540435202419758,-0.005232862196862698
10.449999809265137,46,0.030371319502592087,0.016932131722569466,9.818178176879883,12.70071029663086,-3.1531009674072266,-77.63475036621094,-0.0015950921224430203,-0.0057791415601968765,0.004625767003744841,-0.005232862196862698
10.460000038146973,46,0.033220261335372925,0.01592065393924713,9.806292533874512,13.05623722076416,-2.972140312194824,-77.03694152832031,-0.0009213607991114259,-0.0025934195145964622,0.0018683770904317498,-0.005232862196862698
10.470000267028809,46,0.03159723058342934,0.014309149235486984,9.796475410461426,13.074337005615234,-2.9337546825408936,-76.70999145507812,-0.004040156025439501,-0.004788623191416264,0.006084773689508438,-0.005232862196862698
10.479999542236328,45,0.0378994345664978,0.017120711505413055,9.811749458312988,13.283774375915527,-2.4895784854888916,-75.26950073242188,-0.0039330730214715,-0.0022989409044384956,0.0035415503662079573,-0.005232862196862698
10.489999771118164,45,0.03423897549510002,0.006234475411474705,9.801931381225586,13.225597381591797,-2.1967508792877197,-74.8673095703125,-0.005262688267976046,-0.0023301737383008003,0.004603457637131214,-0.005232862196862698
10.5,44,0.032944001257419586,0.016932131722569466,9.805545806884766,13.444085121154785,-2.1495914459228516,-74.30370330810547,-0.0027328499127179384,-0.004485221114009619,0.009756832383573055,-0.005232862196862698
10.510000228881836,44,0.029421672224998474,0.016932131722569466,9.811037063598633,13.742727279663086,-2.1024322509765625,-73.82490539550781,-0.000600111554376781,-0.006256554275751114,0.007133296690881252,-0.005232862196862698
10.520000457763672,43,0.03228788077831268,0.016932131722569466,9.819169044494629,13.893987655639648,-1.849087119102478,-73.67716217041016,-0.0023848298005759716,-0.00695259403437376,-0.0005499163526110351,-0.005232862196862698
10.529999732971191,43,0.0345497690141201,0.013949131593108177,9.808568954467773,14.312862396240234,-1.6714165210723877,-72.67989349365234,-0.002103736624121666,-0.0062699392437934875,-0.0010719463462010026,-0.005232862196862698
10.539999961853027,42,0.024604368954896927,0.013606257736682892,9.810498237609863,14.444731712341309,-1.8995367288589478,-70.97401428222656,-0.004388176370412111,-0.0062699392437934875,0.0029793642461299896,-0.005232862196862698
10.550000190734863,42,0.03280587121844292,0.02161235548555851,9.810602188110352,14.549449920654297,-1.9247615337371826,-70.17920684814453,-0.010942554101347923,-0.005912995431572199,0.0028856664430350065,-0.0047095762565732
10.5600004196167,41,0.043562792241573334,0.013846269808709621,9.817744255065918,14.793793678283691,-2.0728204250335693,-69.84678649902344,-0.008613497018814087,-0.0041595096699893475,0.003153374185785651,-0.005232862196862698
10.569999694824219,40,0.037795837968587875,0.016932131722569466,9.80121898651123,15.146735191345215,-2.405129909515381,-69.04924774169922,-0.006980479694902897,-0.0015939773293212056,-0.0022052426356822252,-0.005232862196862698
10.579999923706055,38,0.04017858952283859,0.015097757801413536,9.80667495727539,15.25145435333252,-2.3162946701049805,-66.50068664550781,-0.00780591182410717,-0.0027585059870034456,-0.004342442844063044,-0.0047095762565732
10.59000015258789,36,0.03423897549510002,0.008343148045241833,9.806483268737793,15.356172561645508,-2.054175853729248,-66.43775939941406,-0.006641383282840252,-0.0036017855163663626,0.0013731176732107997,-0.0047095762565732
10.600000381469727,34,0.0362246036529541,0.012440486811101437,9.815241813659668,15.6160306930542,-1.7876700162887573,-65.69904327392578,-0.005432236474007368,-0.001272727968171239,0.006075850687921047,-0.0047095762565732
10.609999656677246,30,0.03905627876520157,0.022418109700083733,9.800766944885254,15.930187225341797,-1.6560622453689575,-64.81395721435547,-0.0031031789258122444,0.001056329463608563,0.011898495256900787,-0.0047095762565732
10.619999885559082,25,0.03905627876520157,0.016932131722569466,9.794129371643066,16.244342803955078,-1.8008308410644531,-63.707252502441406,-0.0030674845911562443,-0.00464138388633728,0.009694366715848446,-0.0041862898506224155
10.630000114440918,25,0.036863457411527634,0.01257763709872961,9.80597972869873,16.539106369018555,-2.320681571960449,-61.74555587768555,-0.004151700995862484,-0.007211378309875727,0.0073653096333146095,-0.0041862898506224155
10.640000343322754,29,0.03423897549510002,0.011857602745294571,9.809802055358887,16.329669952392578,-2.498352289199829,-60.63748550415039,-0.0042944783344864845,-0.008518684655427933,0.008101505227386951,-0.0041862898506224155
10.649999618530273,32,0.03190802037715912,0.023875322192907333,9.8130521774292,16.87653350830078,-2.533447742462158,-59.084815979003906,-0.006213050801306963,-0.008723926730453968,0.0025510317645967007,-0.0041862898506224155
10.65999984741211,35,0.03422170877456665,0.019366534426808357,9.81037712097168,17.60956573486328,-2.38209867477417,-57.29685592651367,-0.007645287085324526,-0.004239821806550026,0.005428889766335487,-0.0041862898506224155
10.670000076293945,36,0.029179943725466728,0.009817504324018955,9.805302619934082,18.168066024780273,-2.2340400218963623,-55.22845458984375,-0.007975460030138493,-0.006760736927390099,0.00624539889395237,-0.0041862898506224155
10.680000305175781,43,0.0274015124887228,0.012149045243859291,9.811175346374512,18.336132049560547,-2.3404228687286377,-52.9001350402832,-0.007975460030138493,-0.004864473361521959,0.003537088632583618,-0.0047095762565732
10.6899995803833,40,0.03423897549510002,0.012149045243859291,9.82493782043457,18.12669563293457,-2.606928586959839,-51.57045364379883,-0.0051377578638494015,-0.005426660180091858,0.002171779051423073,-0.0047095762565732
10.699999809265137,41,0.0422678180038929,0.014806315302848816,9.814164161682129,18.09825325012207,-2.643120765686035,-51.38987731933594,-0.0030674845911562443,-0.007496933452785015,0.002171779051423073,-0.0041862898506224155
10.710000038146973,42,0.04320019483566284,0.016932131722569466,9.808308601379395,18.691659927368164,-2.475320816040039,-49.92476272583008,-0.002482989337295294,-0.006912438198924065,0.003925264813005924,-0.0041862898506224155
10.720000267028809,42,0.04468510299921036,0.019726552069187164,9.804728507995605,19.137683868408203,-2.279005765914917,-47.77291488647461,-0.003406581236049533,-0.004703849088400602,0.004808700643479824,-0.0041862898506224155
10.729999542236328,43,0.04004046320915222,0.015989229083061218,9.7919921875,18.924367904663086,-2.1331405639648438,-45.94254684448242,-0.007819297723472118,-0.005346347577869892,0.001560513162985444,-0.0041862898506224155
10.739999771118164,44,0.03128643333911896,0.015080614015460014,9.798039436340332,19.238523483276367,-1.6889642477035522,-44.39124298095703,-0.010068042203783989,-0.009156721644103527,0.0012704961700364947,-0.0041862898506224155
10.75,45,0.03244327753782272,0.004931555595248938,9.808586120605469,19.455718994140625,-1.9028269052505493,-42.0191535949707,-0.006079196929931641,-0.007496933452785015,0.007414388936012983,-0.0036630036775022745
10.760000228881836,46,0.03423897549510002,0.019280817359685898,9.813504219055176,19.665157318115234,-1.6779968738555908,-40.577293395996094,-0.0032058001961559057,-0.007496933452785015,0.008034578524529934,-0.0041862898506224155
10.770000457763672,46,0.03739871084690094,0.018732218071818352,9.815241813659668,19.731090545654297,-1.39613676071167,-39.023258209228516,0.0004037925391457975,-0.007496933452785015,0.007079754490405321,-0.0036630036775022745
10.779999732971191,46,0.032598674297332764,0.018560780212283134,9.818490982055664,19.672914505004883,-1.2678191661834717,-36.83173751831055,-0.0007607362349517643,-0.007055215537548065,0.007521472405642271,-0.0036630036775022745
10.789999961853027,46,0.04591101035475731,0.01844077557325363,9.803495407104492,19.777631759643555,-1.0013134479522705,-34.72640609741211,-0.0024339095689356327,-0.0039007258601486683,0.010082543827593327,-0.0031397175043821335
10.800000190734863,47,0.03667352721095085,0.016932131722569466,9.81279182434082,19.572072982788086,-0.6470690369606018,-32.183311462402344,-0.010340211912989616,-0.005020636599510908,0.0009670942090451717,-0.0031397175043821335
10.8100004196167,47,0.03972966596484184,0.02375531569123268,9.806257247924805,19.59922218322754,-0.4924298822879791,-29.634748458862305,-0.005682097282260656,-0.0038561078254133463,0.00213162275031209,-0.002616431098431349
10.819999694824219,48,0.029853330925107002,0.019537970423698425,9.814806938171387,19.541046142578125,-0.21934367716312408,-26.913816452026367,-0.0043970998376607895,-0.0071890694089233875,0.0032961517572402954,-0.0031397175043821335
10.829999923706055,48,0.03175262734293938,0.009834648109972477,9.816493034362793,19.36134147644043,0.14915819466114044,-24.50478744506836,-0.0032325710635632277,-0.003249303437769413,0.002336865523830056,-0.002616431098431349
10.84000015258789,48,0.03788216784596443,0.014600591734051704,9.80790901184082,19.261795043945312,0.3268287479877472,-23.12175178527832,-0.0010686001041904092,-0.004587842151522636,0.006169548258185387,-0.002616431098431349
10.850000381469727,48,0.05019305646419525,0.016932131722569466,9.813017845153809,19.261795043945312,0.5044992566108704,-18.578659057617188,0.0012604573275893927,-0.007853876799345016,0.005205800291150808,-0.0020931449253112078
10.859999656677246,48,0.05728951469063759,0.016932131722569466,9.803825378417969,19.432449340820312,0.6097854971885681,-14.396717071533203,-0.0007830451941117644,-0.007849414832890034,0.0028767429757863283,-0.0020931449253112078
10.869999885559082,48,0.03907354548573494,0.02075517177581787,9.812322616577148,19.2165470123291,0.750167191028595,-10.103967666625977,-0.00021639715123455971,-0.005060792900621891,0.005419966299086809,-0.0015698587521910667
10.880000114440918,48,0.03815843164920807,0.02171521820127964,9.807353019714355,18.910146713256836,0.9892547130584717,-5.595075607299805,-0.0016352480743080378,-0.003815951757133007,0.0033318460918962955,-0.0015698587521910667
10.890000343322754,48,0.04703332111239433,0.02171521820127964,9.821601867675781,18.97995948791504,1.3445957899093628,-1.0519840717315674,-0.0023803680669516325,-0.0031288352329283953,0.0030061351135373116,-0.0015698587521910667
10.899999618530273,48,0.04869088903069496,0.017686452716588974,9.800436973571777,18.77052116394043,1.699936866760254,2.6046504974365234,-0.0030897934921085835,-0.002588957780972123,0.00774902431294322,-0.0015698587521910667
10.90999984741211,47,0.03631093353033066,0.02102947048842907,9.812461853027344,18.928247451782227,1.8995420932769775,6.844048976898193,-0.003732292214408517,-0.004275516606867313,0.00794980488717556,-0.0020931449253112078
10.920000076293945,47,0.02584754303097725,0.02171521820127964,9.80679702758789,18.532642364501953,2.4193928241729736,11.450068473815918,-0.004066926892846823,-0.008768544532358646,0.00512548815459013,-0.0020931449253112078
10.930000305175781,47,0.028869150206446648,0.01324624102562666,9.796961784362793,18.14091682434082,2.731961250305176,15.989055633544922,-0.006833240389823914,-0.011093140579760075,0.0049782488495111465,-0.002616431098431349
10.9399995803833,46,0.03375551849603653,0.007845981046557426,9.787126541137695,18.13703727722168,2.5729353427886963,20.56361198425293,-0.008078081533312798,-0.0090987179428339,0.0037735640071332455,-0.0020931449253112078
10.949999809265137,46,0.02543315291404724,0.011737597174942493,9.826032638549805,17.61344337463379,2.928276300430298,26.879615783691406,-0.005209146533161402,-0.00932626985013485,0.005250418558716774,-0.0020931449253112078
10.960000038146973,46,0.02907634526491165,0.01658925786614418,9.807283401489258,16.893341064453125,3.8670785427093506,30.492475509643555,-0.0040446179918944836,-0.007496933452785015,0.00757947564125061,-0.0015698587521910667
10.970000267028809,46,0.03396271541714668,0.01242334395647049,9.796405792236328,16.4550724029541,4.531698226928711,34.005470275878906,-0.002692693844437599,-0.008059119805693626,0.00934634730219841,-0.0015698587521910667
10.979999542236328,46,0.038849081844091415,0.007571682333946228,9.814407348632812,16.386554718017578,5.2730889320373535,38.79890441894531,-0.000988287734799087,-0.010928054340183735,0.008056887425482273,-0.0010465724626556039
10.989999771118164,45,0.04841462895274162,0.016657833009958267,9.82465934753418,16.4486083984375,6.166925430297852,44.536251068115234,-0.004356943536549807,-0.008973787538707256,0.006290016695857048,-0.0005232862313278019
11,44,0.034446172416210175,0.031075669452548027,9.815381050109863,16.029733657836914,6.788772106170654,48.74692153930664,-0.005521472543478012,-0.013631902635097504,0.014441718347370625,-9.946145469730272e-15
11.010000228881836,44,0.02983606420457363,0.016932131722569466,9.834147453308105,16.239171981811523,7.765960216522217,54.0656623840332,-0.004356943536549807,-0.007809258997440338,0.0051254876889288425,0.0005232862313278019
11.020000457763672,43,0.05777297168970108,0.01638353429734707,9.801114082336426,16.4486083984375,8.675150871276855,59.638851165771484,-0.000988287734799087,-0.0030886786989867687,0.004625767003744841,0.0010465724626556039
11.029999732971191,43,0.038849081844091415,-0.0009658706840127707,9.814825057983398,16.546863555908203,9.56350326538086,66.2900161743164,-0.0016530954744666815,-0.002588957780972123,0.00774456188082695,0.0010465724626556039
11.039999961853027,42,0.03423897549510002,0.02594970539212227,9.80582332611084,16.733030319213867,10.451855659484863,73.26675415039062,-0.001840490847826004,-0.002588957780972123,0.011238149367272854,0.0015698587521910667
11.050000190734863,42,0.034584302455186844,0.01658925972878933,9.809350967407227,17.329021453857422,11.345691680908203,79.0068359375,-0.005499163642525673,-0.008076966740190983,0.01015839446336031,0.0020931449253112078
11.0600004196167,41,0.037813104689121246,0.012971942313015461,9.79626750946045,17.43374252319336,12.322880744934082,86.09849548339844,-0.00845287274569273,-0.011655326932668686,0.006124930456280708,0.002616431098431349
11.069999694824219,40,0.027021653950214386,0.019315103068947792,9.800697326660156,18.231414794921875,13.373549461364746,93.92338562011719,-0.00920245423913002,-0.01161517109721899,0.005415504798293114,0.002616431098431349
11.079999923706055,39,0.048138365149497986,0.0010913709411397576,9.802922248840332,18.863605499267578,14.544858932495117,101.9671630859375,-0.00920245423913002,-0.00899609737098217,0.005852760747075081,0.002616431098431349
11.09000015258789,38,0.043251994997262955,0.025263959541916847,9.816962242126465,19.282480239868164,15.724942207336426,109.38166809082031,-0.005878416355699301,-0.00949135608971119,0.007182375993579626,0.0031397175043821335
11.100000381469727,36,0.03767497465014458,0.0196751207113266,9.797240257263184,19.636714935302734,16.834835052490234,115.99726104736328,-0.0048745120875537395,-0.009370887652039528,0.005897378548979759,0.0036630036775022745
11.109999656677246,36,0.029421672224998474,0.03304719179868698,9.807074546813965,19.53199577331543,18.25619888305664,125.52667236328125,-0.004588956944644451,-0.005337424110621214,0.005018404684960842,0.0036630036775022745
11.119999885559082,34,0.03190802410244942,0.0152863385155797,9.811905860900879,20.451194763183594,19.361705780029297,135.25306701660156,-0.0032727273646742105,-0.00449860654771328,0.006124930456280708,0.0041862898506224155
11.130000114440918,33,0.042077887803316116,0.009148901328444481,9.799464225769043,20.881704330444336,20.078968048095703,143.98904418945312,-0.004276631399989128,-0.008326827548444271,0.004210819955915213,0.0047095762565732
11.140000343322754,31,0.03713971748948097,0.015012039802968502,9.8132963180542,20.98642349243164,20.798423767089844,152.5143585205078,-0.00219297269359231,-0.009950920939445496,0.003046291181817651,0.0041862898506224155
11.149999618530273,30,0.04558295011520386,0.0063373371958732605,9.802417755126953,20.95539665222168,21.841415405273438,161.59234619140625,-0.003937534987926483,-0.008210820145905018,0.004201896488666534,0.005232862196862698
11.15999984741211,30,0.03755411133170128,0.005874457769095898,9.794337272644043,20.327083587646484,23.1739444732666,171.1217498779297,-0.0065209148451685905,-0.003271612571552396,0.009850529953837395,0.005756148602813482
11.170000076293945,46,0.04869088903069496,0.016932131722569466,9.805545806884766,20.395601272583008,24.084230422973633,181.5991668701172,-0.005191299598664045,-0.0062699392437934875,0.006017846986651421,0.006802720949053764
11.180000305175781,32,0.04247501492500305,0.014463442377746105,9.810550689697266,20.125402450561523,26.30840301513672,200.2188720703125,-0.0030674845911562443,-0.0062699392437934875,0.007079754490405321,0.006802720949053764
11.1899995803833,33,0.029853330925107002,0.011274716816842556,9.819655418395996,19.908206939697266,27.73634910583496,211.53761291503906,-0.002987172221764922,-0.006229782942682505,0.006999442353844643,0.006802720949053764
11.199999809265137,34,0.03696705400943756,0.0203437227755785,9.805545806884766,19.88235092163086,28.153106689453125,214.41038513183594,-0.0006581148481927812,-0.0050652544014155865,0.004670384805649519,0.006802720949053764
11.210000038146973,36,0.024138178676366806,0.019812269136309624,9.799707412719727,19.769874572753906,29.83329963684082,226.05471801757812,-0.004040156025439501,-0.006185165140777826,0.00805242545902729,0.006279435008764267
11.220000267028809,36,0.03271954134106636,0.02046372927725315,9.792269706726074,19.036842346191406,30.899322509765625,238.46511840820312,-0.009693250991404057,-0.0062699392437934875,0.01046625804156065,0.006279435008764267
11.229999542236328,37,0.03101017326116562,0.012097613885998726,9.803947448730469,18.71105194091797,31.75806427001953,250.35841369628906,-0.006360290106385946,-0.008304517716169357,0.009743446484208107,0.006279435008764267
11.239999771118164,38,0.03589654341340065,0.0200694240629673,9.804033279418945,18.217193603515625,31.93025016784668,261.92340087890625,-0.0017021752428263426,-0.007769102696329355,0.005714445374906063,0.005756148602813482
11.25,38,0.03387638181447983,0.015217763371765614,9.820818901062012,17.193275451660156,31.657163619995117,273.3707275390625,-0.003290574299171567,-0.003927496261894703,0.004625767003744841,0.006279435008764267
11.260000228881836,39,0.026400066912174225,0.017497872933745384,9.834060668945312,15.57983112335205,31.55516815185547,284.8536376953125,-0.0076140547171235085,-0.005908534396439791,0.006285554729402065,0.006279435008764267
11.270000457763672,40,0.029421672224998474,0.024646786972880363,9.821184158325195,14.742080688476562,31.28866195678711,295.82354736328125,-0.003063023090362549,-0.006729504559189081,0.006312325596809387,0.006279435008764267
11.279999732971191,40,0.03135550022125244,0.012114757671952248,9.805510520935059,13.728506088256836,31.02215576171875,307.81671142578125,0.000613496929872781,-0.004860011860728264,0.0037378694396466017,0.005756148602813482
11.289999961853027,40,0.03223608061671257,0.0017771183047443628,9.803094863891602,12.174530982971191,30.863130569458008,319.5362548828125,-0.0006715002818964422,-0.005743447691202164,0.0040992749854922295,0.005232862196862698
11.300000190734863,41,0.03149363026022911,0.0011942333076149225,9.820089340209961,10.173237800598145,30.905902862548828,331.1956481933594,-0.0035805911757051945,-0.008076966740190983,0.007012827787548304,0.005232862196862698
11.3100004196167,42,0.02995692752301693,0.0036457793321460485,9.80931568145752,7.945700645446777,31.02764129638672,343.1231384277344,-0.006556609179824591,-0.007171222008764744,0.007271611597388983,0.005756148602813482
11.319999694824219,42,0.029024546965956688,0.019126523286104202,9.802521705627441,5.537168502807617,30.22812271118164,354.0930480957031,-0.007975460030138493,-0.005498048849403858,0.007218070328235626,0.007326007355004549
11.329999923706055,42,0.0387972816824913,0.019452253356575966,9.803512573242188,3.6005167961120605,29.748851776123047,365.46240234375,-0.007582821883261204,-0.005484663415700197,0.0091411042958498,0.0094191525131464
11.34000015258789,42,0.03213248401880264,0.014600591734051704,9.798213005065918,1.715578317642212,29.600791931152344,377.7619934082031,-0.006748466286808252,-0.0028254331555217505,0.006986056920140982,0.012035583145916462
11.350000381469727,43,0.027038918808102608,0.009748930111527443,9.803130149841309,-0.25985801219940186,29.90787696838379,391.5102844238281,-0.007551589515060186,-0.0012058010324835777,0.0028633575420826674,0.014652014710009098
11.359999656677246,43,0.03423897549510002,0.012303338386118412,9.81054973602295,-2.3956046104431152,30.934417724609375,407.1929016113281,-0.009197992272675037,-0.004632460419088602,0.002176240785047412,0.015698587521910667
11.369999885559082,43,0.03168356046080589,0.011857602745294571,9.81266975402832,-4.699418067932129,33.244136810302734,425.3652648925781,-0.003353039501234889,-0.0027317353524267673,0.00802119355648756,0.01726844534277916
11.380000114440918,43,0.0346706323325634,0.01257763709872961,9.802470207214355,-6.095668792724609,35.04058074951172,443.9644470214844,-0.005521472543478012,-0.003896264126524329,0.005933072883635759,0.017791731283068657
11.390000343322754,44,0.03905627876520157,0.014257717877626419,9.79856014251709,-8.067227363586426,36.81728744506836,464.19427490234375,-0.005485778208822012,-0.005060792900621891,0.007133296225219965,0.0193615909665823
11.399999618530273,44,0.033531054854393005,0.017635023221373558,9.789576530456543,-10.628313064575195,38.28690719604492,485.4637756347656,-0.0031567204277962446,-0.006225321441888809,0.010626882314682007,0.02093144878745079
11.40999984741211,44,0.020926643162965775,0.01609209179878235,9.806952476501465,-13.478991508483887,39.28054428100586,507.296875,-0.005307306535542011,-0.009629671461880207,0.010760736651718616,0.02302459441125393
11.420000076293945,44,0.026572728529572487,0.017909321933984756,9.813261032104492,-16.115060806274414,39.802589416503906,529.5676879882812,-0.00657891808077693,-0.005721138324588537,0.009703290648758411,0.025117740035057068
11.430000305175781,45,0.025329554453492165,0.018766505643725395,9.817501068115234,-19.466064453125,39.89142608642578,556.161376953125,-0.002768544480204582,-0.0030529845971614122,0.00754378130659461,0.02668759785592556
11.4399995803833,45,0.02586480975151062,0.00788026861846447,9.815762519836426,-22.568843841552734,40.261024475097656,583.2803955078125,-0.007435583043843508,-0.004453988280147314,0.0061472393572330475,0.02668759785592556
11.449999809265137,45,0.029421672224998474,0.01184045895934105,9.80413818359375,-26.36199188232422,40.507789611816406,611.6470336914062,-0.005722253117710352,-0.008523146621882915,0.010203012265264988,0.027734169736504555
11.460000038146973,45,0.032598674297332764,0.02008656971156597,9.813486099243164,-30.894636154174805,40.31147384643555,640.5800170898438,-0.0034868933726102114,-0.010758506134152412,0.0071422201581299305,0.0287807434797287
11.470000267028809,45,0.04073111340403557,0.024938229471445084,9.807022094726562,-35.75695037841797,39.42750930786133,669.1806030273438,-0.00008700496255187318,-0.0074523151852190495,0.010586726479232311,0.029827315360307693
11.479999542236328,45,0.043873582035303116,0.019915131852030754,9.817378997802734,-41.09760665893555,37.65080261230469,701.4254150390625,0.0004751813248731196,-0.007773564662784338,0.010345789603888988,0.03192045912146568
11.489999771118164,46,0.04048938304185867,0.016932131722569466,9.811314582824707,-46.08144760131836,34.81465530395508,733.8590698242188,0.0006268823053687811,-0.009950920939445496,0.0064595649018883705,0.035060178488492966
11.5,46,0.04941607266664505,0.02036086842417717,9.80902099609375,-51.84356689453125,31.903928756713867,766.941162109375,0.0012827663449570537,-0.00827774778008461,0.004737311974167824,0.0376766100525856
11.510000228881836,46,0.03941887244582176,0.018217908218503,9.821027755737305,-58.00646209716797,28.959203720092773,802.18603515625,0.00011823759268736467,-0.004784161224961281,0.00488455081358552,0.03819989413022995
11.520000457763672,46,0.030647581443190575,0.024063901975750923,9.810481071472168,-63.92889404296875,25.876291275024414,840.3693237304688,-0.0014790853019803762,-0.0034545462112873793,0.006646960508078337,0.03663003817200661
11.529999732971191,46,0.033082131296396255,0.026498304679989815,9.812912940979004,-69.58370971679688,22.944726943969727,878.9302368164062,-0.0034378136042505503,-0.003931958228349686,0.0069637480191886425,0.033490318804979324
11.539999961853027,46,0.01932087540626526,0.011686165817081928,9.807735443115234,-76.09954833984375,20.500112533569336,918.3009643554688,-0.00491020642220974,-0.0025934195145964622,0.008918014355003834,0.029827315360307693
11.550000190734863,46,0.03776130452752113,0.018680786713957787,9.809368133544922,-83.12346649169922,19.18732452392578,955.1149291992188,-0.007239263970404863,-0.006024540401995182,0.008061349391937256,0.025641025975346565
11.5600004196167,46,0.05160889774560928,0.010194665752351284,9.806501388549805,-90.02326965332031,18.58521842956543,989.7974853515625,-0.008470719680190086,-0.00412827730178833,0.01107306219637394,0.022501308470964432
11.569999694824219,46,0.05350819230079651,0.08554113656282425,9.825355529785156,-96.53781127929688,18.41632080078125,1022.8372192382812,-0.003692135913297534,0.00024874432710930705,0.005852760747075081,0.021454736590385437
11.579999923706055,46,-0.0105843935161829,0.01552634872496128,9.809629440307617,-103.13510131835938,18.94933319091797,1053.8631591796875,0.001434467383660376,-0.00767094362527132,0.005852760747075081,0.020408162847161293
11.59000015258789,46,0.0008804439567029476,-0.0467052087187767,9.793242454528809,-109.42598724365234,20.002195358276367,1080.9986572265625,-0.006717233452945948,-0.01116453018039465,0.005852760747075081,0.019884876906871796
11.600000381469727,46,0.03848649188876152,-0.050699688494205475,9.791001319885254,-115.86425018310547,21.923669815063477,1107.5430908203125,-0.0021081985905766487,-0.010017847642302513,0.008172894828021526,0.017791731283068657
11.609999656677246,46,0.0649384930729866,0.008531727828085423,9.81644058227539,-121.61473846435547,25.268701553344727,1133.4664306640625,-0.0007428889512084424,-0.006658115424215794,0.0006235360633581877,0.015175300650298595
11.619999885559082,46,0.02085757814347744,0.05094519257545471,9.798542976379395,-126.84033203125,29.806978225708008,1158.3802490234375,-0.006824316456913948,-0.00937534961849451,0.0017880647210404277,0.013082155957818031
11.630000114440918,46,0.06283199787139893,0.04223620519042015,9.822122573852539,-132.5921173095703,34.61724090576172,1181.6539306640625,-0.0021394311916083097,-0.002169548999518156,0.002171779051423073,0.014652014710009098
11.640000343322754,46,0.13426277041435242,0.014514872804284096,9.789351463317871,-138.1422119140625,39.76968765258789,1202.1531982421875,-0.004254322499036789,-0.00559620838612318,0.005812604445964098,0.01726844534277916
11.649999618530273,46,0.14919814467430115,-0.005680382717400789,9.813261032104492,-142.17970275878906,44.13797378540039,1222.2967529296875,-0.008064696565270424,-0.005801450926810503,0.00792749598622322,0.022501308470964432
11.65999984741211,46,0.05868808925151825,-0.002457370748743415,9.80147933959961,-146.43955993652344,48.56547927856445,1243.6744384765625,-0.007631902117282152,-0.004257669672369957,0.005165644455701113,0.0287807434797287
11.670000076293945,46,0.00260707619599998,0.029961328953504562,9.805355072021484,-151.0122833251953,53.68830871582031,1268.0888671875,-0.007471277378499508,-0.0016475189477205276,0.0005075293011032045,0.03453689068555832
11.680000305175781,46,-0.013571466319262981,0.07324912399053574,9.791366577148438,-155.29541015625,59.80916976928711,1297.0369873046875,-0.006654768716543913,-0.0014556616079062223,-0.0001885109522845596,0.03819989413022995
11.6899995803833,46,0.014572637155652046,0.059979911893606186,9.824538230895996,-159.48416137695312,65.84996795654297,1330.279052734375,-0.004923591855913401,-0.0031868384685367346,0.0015426658792421222,0.04186289757490158
11.699999809265137,46,-0.009289419278502464,0.015989229083061218,9.815155029296875,-164.306396484375,71.73722076416016,1368.7879638671875,-0.005900724790990353,-0.005422198213636875,0.003242610255256295,0.045002616941928864
11.710000038146973,46,-0.018906759098172188,-0.03599041327834129,9.81086254119873,-169.95346069335938,77.04102325439453,1410.147705078125,-0.007502509746700525,-0.005605131853371859,0.005571667570620775,0.04918890818953514
11.720000267028809,46,-0.021324045956134796,-0.04079064354300499,9.823807716369629,-176.192626953125,81.38407897949219,1454.7989501953125,-0.005106525495648384,-0.003820413490757346,0.005027328617870808,0.05389848351478577
11.729999542236328,46,0.024604368954896927,0.05041373893618584,9.801878929138184,-182.93728637695312,84.90239715576172,1503.2900390625,-0.002536530839279294,-0.0062699392437934875,0.0033809258602559566,0.0575614869594574
11.739999771118164,46,0.024241775274276733,0.04645355045795441,9.817170143127441,-191.00064086914062,89.16648864746094,1555.036865234375,-0.004008923657238483,-0.0062699392437934875,0.008105968125164509,0.060177918523550034
11.75,46,0.021945355460047722,-0.005200359970331192,9.78391170501709,-200.0336151123047,95.24018859863281,1612.837158203125,-0.0028443948831409216,-0.006493029184639454,0.0038449526764452457,0.06070120260119438
11.760000228881836,46,0.051885154098272324,-0.033693160861730576,9.810393333435059,-211.09889221191406,102.99407958984375,1678.3228759765625,-0.001840490847826004,-0.006693810224533081,0.006013385485857725,0.05913134664297104
11.770000457763672,46,0.12322959303855896,-0.012589285150170326,9.808099746704102,-224.66322326660156,111.23052978515625,1747.9849853515625,-0.0020368099212646484,-0.0014601234579458833,0.007177914027124643,0.05180533602833748
11.779999732971191,46,0.13446997106075287,0.02327529340982437,9.791644096374512,-240.8131866455078,118.71244049072266,1819.258544921875,-0.004187395330518484,-0.0028031240217387676,0.008342443034052849,0.04133961349725723
11.789999961853027,46,0.08412138372659683,0.06687167286872864,9.796562194824219,-259.2436828613281,124.39789581298828,1892.1695556640625,-0.0006938091828487813,-0.009790296666324139,0.009506971575319767,0.03401360660791397
11.800000190734863,46,0.01015245821326971,0.0744834691286087,9.805388450622559,-282.12152099609375,127.62667083740234,1964.3145751953125,-0.000613496929872781,-0.007675405126065016,0.007258226163685322,0.03192045912146568
11.8100004196167,46,0.018612956628203392,0.045373499393463135,9.825529098510742,-306.3955993652344,129.35293579101562,2030.2750244140625,-0.000613496929872781,-0.003195761935785413,0.0017032906180247664,0.03244374692440033
11.819999694824219,46,0.056495264172554016,0.012629068456590176,9.808308601379395,-331.1092529296875,130.13600158691406,2093.63623046875,-0.0016263247234746814,-0.007653095759451389,-0.0020936978980898857,0.035583462566137314
11.829999923706055,46,0.034912362694740295,-0.018298132345080376,9.817118644714355,-355.49578857421875,129.9364013671875,2156.0546875,-0.0027908533811569214,-0.010624652728438377,-0.0008354713791050017,0.040816325694322586
11.84000015258789,46,-0.019804608076810837,0.01842363178730011,9.809785842895508,-378.93341064453125,128.1443328857422,2217.44189453125,-0.004843279719352722,-0.007626325357705355,0.009484662674367428,0.04709576070308685
11.850000381469727,46,-0.01346786879003048,0.0341615304350853,9.814772605895996,-399.9819030761719,122.63654327392578,2278.8291015625,-0.0046960399486124516,-0.0004919138737022877,0.008262130431830883,0.054421767592430115
11.859999656677246,46,0.03289220482110977,0.0038686476182192564,9.787300109863281,-418.7265625,113.36477661132812,2338.04931640625,-0.0027685442473739386,-0.0007328506908379495,0.0028008923400193453,0.060177918523550034
11.869999885559082,46,0.06647519767284393,-0.012572143226861954,9.801739692687988,-435.4285583496094,100.35095977783203,2397.484130859375,-0.0011399888899177313,-0.0018884558230638504,0.0009447852498851717,0.06802721321582794
11.880000114440918,46,0.03406631574034691,0.009508918039500713,9.801705360412598,-449.1855163574219,85.03400421142578,2457.009521484375,-0.002527607372030616,-0.005190184805542231,0.005411043297499418,0.07849293202161789
11.890000343322754,46,-0.008495167829096317,0.003971509635448456,9.822749137878418,-459.238525390625,69.71485137939453,2516.119140625,-0.0042944783344864845,-0.005846068263053894,0.00895817019045353,0.08843537420034409
11.899999618530273,45,0.0017955605871975422,0.014652022160589695,9.805545806884766,-467.61602783203125,57.63325500488281,2578.281982421875,-0.0037813717499375343,-0.005667597055435181,0.005741215776652098,0.09733124077320099
11.90999984741211,45,0.05791110545396805,0.03738454356789589,9.813278198242188,-471.8629455566406,47.57622528076172,2647.04931640625,-0.0039687673561275005,-0.00950027909129858,0.0012704962864518166,0.10151752829551697
11.920000076293945,45,0.07598894089460373,0.05200809985399246,9.82170581817627,-474.0491027832031,38.65979766845703,2718.383056640625,-0.0047451201826334,-0.007171222008764744,0.0008823201642371714,0.10256410390138626
11.930000305175781,45,0.0744522362947464,0.04521920531988144,9.807230949401855,-474.47186279296875,29.677562713623047,2791.7578125,-0.0030674845911562443,-0.0031645295675843954,0.004050195217132568,0.09890110045671463
11.9399995803833,48,0.06538742035627365,0.029961328953504562,9.808638572692871,-473.6560974121094,19.41434669494629,2865.5869140625,-0.002277746796607971,-0.0018884559394791722,0.007695482578128576,0.08686551451683044
11.949999809265137,45,0.043873582035303116,0.03606447950005531,9.805545806884766,-473.4466857910156,6.799739360809326,2933.733154296875,0.000613496929872781,-0.003815951757133007,0.014441718347370625,0.08686551451683044
11.960000038146973,45,0.04763764142990112,0.03232715651392937,9.813121795654297,-472.25469970703125,-7.815306663513184,2999.176513671875,0.000613496929872781,-0.004230898804962635,0.014026771299540997,0.07901622354984283
11.970000267028809,45,0.05155709758400917,0.012937654741108418,9.809229850769043,-471.8823547363281,-12.184686660766602,3018.514404296875,0.00031009482336230576,-0.00719353137537837,0.01060903538018465,0.07116692513227463
11.979999542236328,45,0.04667072743177414,0.00304575078189373,9.802417755126953,-472.12799072265625,-19.394601821899414,3045.64990234375,-0.0043078637681901455,-0.0026291138492524624,0.008293363265693188,0.06331763416528702
11.989999771118164,45,0.03760590776801109,0.012783361598849297,9.814425468444824,-473.2410888671875,-34.15880584716797,3103.77685546875,-0.005472392775118351,-0.006122699938714504,0.007128834258764982,0.06122449040412903
12,45,0.020788511261343956,0.011651878245174885,9.805041313171387,-476.2779541015625,-46.95108413696289,3162.837158203125,-0.005521472543478012,-0.009616286493837833,0.005964305717498064,0.06331763416528702
12.010000228881836,45,0.007925102487206459,0.014720596373081207,9.805910110473633,-481.3044738769531,-59.12151336669922,3215.35986328125,-0.005521472543478012,-0.004686002153903246,0.013223648071289062,0.06698063760995865
12.020000457763672,45,-0.0015541071770712733,0.014429154805839062,9.81225299835205,-487.13250732421875,-71.56393432617188,3266.949462890625,-0.005521472543478012,0.00014612295490223914,0.015432237647473812,0.07116692513227463
12.029999732971191,45,0.0003451879310887307,0.007537395227700472,9.82017707824707,-492.761474609375,-85.69313049316406,3316.31201171875,-0.007377579342573881,-0.0007640832918696105,0.010100390762090683,0.07692307978868484
12.039999961853027,45,0.01258700992912054,0.0026343022473156452,9.800540924072266,-498.30767822265625,-103.08181762695312,3362.87548828125,-0.0036475181113928556,-0.0022275522351264954,0.007441159803420305,0.08738879859447479
12.050000190734863,45,0.012466145679354668,0.01979512721300125,9.801271438598633,-504.64898681640625,-125.45513916015625,3407.002685546875,0.0005688790115527809,-0.006604574155062437,0.007079754490405321,0.10256410390138626
12.0600004196167,45,0.03587927669286728,0.05171665921807289,9.812652587890625,-511.8746032714844,-157.0804901123047,3453.209228515625,0.0010998327052220702,-0.007242610678076744,0.004117121919989586,0.11721611768007278
12.069999694824219,45,0.07681772112846375,0.05380818992853165,9.805075645446777,-518.1473999023438,-195.3926239013672,3502.4404296875,0.000613496929872781,-0.0042353603057563305,0.0028499721083790064,0.13448455929756165
12.079999923706055,45,0.07849255204200745,0.027389777824282646,9.817066192626953,-523.6005249023438,-236.1548614501953,3553.485595703125,-0.0012336864601820707,-0.004436141345649958,0.004630228504538536,0.15541601181030273
12.09000015258789,45,0.07351985573768616,0.01141186710447073,9.818594932556152,-527.1648559570312,-278.62689208984375,3608.95361328125,-0.004174009896814823,-0.007929727435112,0.005852760747075081,0.17844060063362122
12.100000381469727,45,0.07189682126045227,0.007365958299487829,9.80179214477539,-528.00390625,-323.4591064453125,3671.154541015625,-0.0030674845911562443,-0.009460123255848885,0.006343558430671692,0.19518576562404633
12.109999656677246,45,0.05628806725144386,0.016057804226875305,9.80172348022461,-528.1085815429688,-372.4961853027344,3735.201171875,-0.00024316787312272936,-0.010437256656587124,0.00750808697193861,0.20303505659103394
12.119999885559082,44,0.04271673783659935,0.024681074544787407,9.81155776977539,-524.7692260742188,-425.7183532714844,3807.127197265625,-0.0033039599657058716,-0.012168433517217636,0.007575013674795628,0.20094192028045654
12.130000114440918,44,0.029887862503528595,-0.000811577367130667,9.802939414978027,-518.052978515625,-481.78875732421875,3885.3310546875,-0.005838260054588318,-0.00842052511870861,0.0070663695223629475,0.19518576562404633
12.140000343322754,44,0.027729572728276253,-0.007240457460284233,9.795849800109863,-507.1867980957031,-540.5791015625,3961.307861328125,-0.0028265477158129215,-0.007015059236437082,0.011242610402405262,0.18367347121238708
12.149999618530273,44,0.045393019914627075,-0.01805812120437622,9.799063682556152,-491.7853698730469,-601.414794921875,4028.8017578125,-0.002197434427216649,-0.005042945500463247,0.01250083651393652,0.162742018699646
12.15999984741211,44,0.04045485332608223,0.0030457505490630865,9.79741382598877,-472.2029724121094,-662.1781005859375,4089.52392578125,-0.003714444814249873,-0.005042945500463247,0.007958727888762951,0.13919414579868317
12.170000076293945,44,0.03423897549510002,0.033475782722234726,9.805910110473633,-448.7381896972656,-713.821044921875,4136.34228515625,0.0016798662254586816,-0.004935862496495247,0.0048399330116808414,0.10832025110721588
12.180000305175781,44,0.013830184936523438,0.0374702624976635,9.806970596313477,-422.29736328125,-751.0594482421875,4179.1845703125,-0.001813720096834004,-0.002606804948300123,0.009498047642409801,0.06593406945466995
12.1899995803833,44,0.015746746212244034,0.018835080787539482,9.79856014251709,-395.2100830078125,-771.3106079101562,4218.22998046875,-0.008774122223258018,-0.006055773235857487,0.008378136903047562,0.012558870017528534
12.199999809265137,45,0.023326661437749863,0.005120136309415102,9.810098648071289,-368.0685119628906,-773.66748046875,4251.81103515625,-0.0015504738548770547,-0.00517679937183857,0.00393418874591589,-0.04029304161667824
12.210000038146973,45,0.0390390120446682,0.016914987936615944,9.811610221862793,-339.2863464355469,-758.8671264648438,4276.68408203125,-0.0016441718908026814,0.00011042861297028139,0.006490797270089388,-0.09052851796150208
12.220000267028809,45,0.040195856243371964,0.025366822257637978,9.795588493347168,-311.7453308105469,-725.5538940429688,4279.12158203125,-0.001840490847826004,0.00012381409760564566,0.0128890136256814,-0.13134483993053436
12.229999542236328,45,0.031562697142362595,0.026498304679989815,9.794772148132324,-285.181640625,-682.1528930664062,4266.90869140625,-0.004557724576443434,0.0025822636671364307,0.010818739421665668,-0.16902145743370056
12.239999771118164,45,0.037053387612104416,0.03407581150531769,9.811210632324219,-260.8881530761719,-632.3469848632812,4231.7294921875,-0.004678193014115095,0.001859452691860497,0.007003904320299625,-0.20460492372512817
12.25,45,0.058480892330408096,0.012920510955154896,9.811331748962402,-239.69100952148438,-580.1546630859375,4174.39697265625,-0.0027328499127179384,-0.003592861583456397,0.01053764671087265,-0.23390895128250122
12.260000228881836,45,0.07500476390123367,-0.008337653242051601,9.814373016357422,-222.09825134277344,-529.9035034179688,4101.10791015625,-0.0011221416061744094,-0.008424987085163593,0.006749581545591354,-0.24960753321647644
12.270000457763672,45,0.04943333938717842,-0.015760866925120354,9.815241813659668,-209.74142456054688,-487.7955627441406,4006.47900390625,0.000042387058783788234,-0.009950920939445496,0.005451199132949114,-0.2537938356399536
12.279999732971191,45,0.039781466126441956,-0.00029726684442721307,9.81112289428711,-201.3406524658203,-452.77252197265625,3888.872802734375,0.0012069158256053925,-0.008170664310455322,0.005933072883635759,-0.2522239685058594
12.289999961853027,45,0.03905627876520157,0.023241005837917328,9.802018165588379,-195.46994018554688,-423.1882019042969,3758.562255859375,0.001840490847826004,-0.00467707822099328,0.006584495306015015,-0.2469910979270935
12.300000190734863,45,0.0432865284383297,0.03909891098737717,9.830498695373535,-190.25338745117188,-396.633056640625,3618.9248046875,0.00043502511107362807,-0.0035259348805993795,0.011697713285684586,-0.24856096506118774
12.3100004196167,46,0.03527495637536049,0.023772459477186203,9.804346084594727,-184.06593322753906,-370.6207580566406,3472.93017578125,-0.001840490847826004,-0.004230898804962635,0.01362074725329876,-0.26216641068458557
12.319999694824219,46,0.008028700947761536,0.013040516525506973,9.805093765258789,-177.1544952392578,-344.1478576660156,3328.659423828125,-0.0011533743236213923,-0.003276074305176735,0.011006135493516922,-0.27838829159736633
12.329999923706055,46,0.005335154943168163,0.012149045243859291,9.796614646911621,-168.82740783691406,-319.75653076171875,3178.6962890625,0.0011756832245737314,-0.004761852324008942,0.0035772447008639574,-0.2909471392631531
12.34000015258789,46,0.00984166469424963,0.016623545438051224,9.809454917907715,-160.20555114746094,-298.7322082519531,3023.67724609375,0.00219297269359231,-0.00337869580835104,0.00939988810569048,-0.2914704382419586
12.350000381469727,46,0.014728033915162086,0.030561357736587524,9.814998626708984,-152.192626953125,-280.73590087890625,2859.499267578125,-0.0019966536201536655,-0.0015181268099695444,0.013348578475415707,-0.2799581289291382
12.359999656677246,46,0.01961440220475197,0.022058092057704926,9.824590682983398,-145.13380432128906,-264.8146667480469,2684.9931640625,-0.0028800892177969217,-0.002963748760521412,0.005665365140885115,-0.2590266764163971
12.369999885559082,46,0.03864188864827156,0.007674544584006071,9.815450668334961,-138.32708740234375,-249.53500366210938,2505.596435546875,-0.0005822643870487809,-0.0075281658209860325,0.0033987730275839567,-0.23338566720485687
12.380000114440918,46,0.06286653876304626,-0.0020287788938730955,9.805615425109863,-130.61279296875,-232.80105590820312,2322.038330078125,0.0005822643870487809,-0.008692693896591663,0.0033987730275839567,-0.2082679271697998
12.390000343322754,46,0.04869088903069496,0.012457631528377533,9.805233001708984,-122.78732299804688,-214.06997680664062,2147.1982421875,-0.0050529842264950275,-0.0075906310230493546,0.0011321806814521551,-0.18524332344532013
12.399999618530273,46,0.049036215990781784,0.02546968311071396,9.7918701171875,-113.7440185546875,-192.68479919433594,1981.3050537109375,0.001974344253540039,-0.007496933452785015,0.0052281091921031475,-0.16535845398902893
12.40999984741211,46,0.05760031193494797,-0.0017201926093548536,9.814268112182617,-102.99288940429688,-169.50537109375,1825.8426513671875,0.007100948132574558,-0.0014467381406575441,0.005852760747075081,-0.14861328899860382
12.420000076293945,46,0.042630407959222794,0.007674544584006071,9.79772663116455,-90.82740783691406,-146.88748168945312,1684.057373046875,0.0013541552470996976,-0.002026771428063512,0.005852760747075081,-0.13553114235401154
12.430000305175781,46,0.026123804971575737,0.011017562821507454,9.823409080505371,-77.94699096679688,-125.65584564208984,1557.2940673828125,-0.005030674859881401,-0.004355828743427992,0.008503067307174206,-0.12558870017528534
12.4399995803833,46,0.042526811361312866,-0.0004172727349214256,9.805093765258789,-64.818359375,-106.88088989257812,1441.299560546875,-0.003464584471657872,-0.006684886757284403,0.008712771348655224,-0.11669283360242844
12.449999809265137,45,0.02890368178486824,0.016932131722569466,9.802261352539062,-51.79832077026367,-90.43649291992188,1334.81396484375,0.0011935302754864097,-0.00446291221305728,0.007548242807388306,-0.10832025110721588
12.460000038146973,45,0.02343025989830494,0.016349246725440025,9.816423416137695,-39.48933410644531,-76.58915710449219,1235.7454833984375,0.0002833239850588143,-0.006069158669561148,0.008471834473311901,-0.10047096014022827
12.470000267028809,45,0.015625882893800735,0.014103424735367298,9.822957038879395,-28.542987823486328,-65.58784484863281,1141.968505859375,-0.00437479093670845,-0.008090351708233356,0.006365867331624031,-0.09209837764501572
12.479999542236328,44,0.020512251183390617,0.025058235973119736,9.80820369720459,-19.223012924194336,-56.615482330322266,1057.2010498046875,-0.002750697312876582,-0.005783603992313147,0.005683212075382471,-0.0852956548333168
12.489999771118164,44,0.023810118436813354,0.016143523156642914,9.795849800109863,-10.3490629196167,-48.778236389160156,979.4185791015625,-0.00019408806110732257,-0.0022900174371898174,0.010341327637434006,-0.08006279170513153
12.5,43,0.020650383085012436,0.011291860602796078,9.798456192016602,-2.3930187225341797,-40.91905975341797,905.7236328125,-0.0030674845911562443,-0.0010273292427882552,0.012768545188009739,-0.07482992857694626
12.510000228881836,42,0.025536751374602318,0.009217475540935993,9.807579040527344,4.480930805206299,-32.957881927490234,836.947998046875,-0.0019163412507623434,-0.003740101121366024,0.009301729500293732,-0.07064364105463028
12.520000457763672,42,0.0304231196641922,0.017926465719938278,9.798872947692871,10.403361320495605,-25.183151245117188,773.9398193359375,-0.0009927497012540698,-0.00402119429782033,0.004362520761787891,-0.06698063760995865
12.529999732971191,42,0.03745051100850105,0.02171521820127964,9.810393333435059,16.058176040649414,-18.165164947509766,714.9904174804688,-0.005003903992474079,0.001025096862576902,0.00785610731691122,-0.06227106228470802
12.539999961853027,40,0.04641173407435417,0.01832076907157898,9.810393333435059,20.08661651611328,-12.121075630187988,660.0902709960938,-0.0026748464442789555,-0.003030675696209073,0.009779141284525394,-0.0575614869594574
12.550000190734863,39,0.03905627876520157,0.00856601633131504,9.810393333435059,23.53458023071289,-6.953276634216309,607.755126953125,-0.0014166200999170542,0.0008243160555139184,0.004893474746495485,-0.05389848351478577
12.5600004196167,37,0.03905627876520157,0.01088041253387928,9.810393333435059,26.594697952270508,-2.7878894805908203,558.569091796875,-0.007689904887229204,-0.0015047413762658834,0.0073653096333146095,-0.05180533602833748
12.569999694824219,36,0.043096598237752914,0.007365958299487829,9.807682991027832,29.11441421508789,0.34547320008277893,512.7510375976562,-0.003049637423828244,-0.003771333722397685,0.011943113058805466,-0.04814233258366585
12.579999923706055,34,0.052092354744672775,0.011583303101360798,9.797847747802734,30.475757598876953,2.566354990005493,469.6470947265625,-0.0007205799920484424,0.002051309682428837,0.0061204684898257256,-0.04552590101957321
12.59000015258789,31,0.047205984592437744,0.02171521820127964,9.79548454284668,31.12217140197754,4.700594902038574,428.9206848144531,-0.0017244842601940036,0.002319017658010125,0.0025197991635650396,-0.04186289757490158
12.600000381469727,29,0.037657707929611206,0.02017228677868843,9.800853729248047,31.36263656616211,6.964249134063721,391.865966796875,-0.0007919687195681036,0.0002219736052211374,0.0053173452615737915,-0.03819989413022995
12.609999656677246,30,0.02785043604671955,0.016932131722569466,9.797534942626953,31.149320602416992,9.094101905822754,356.6922302246094,-0.0015995538560673594,-0.004079197533428669,0.005852760747075081,-0.035060178488492966
12.619999885559082,31,0.03085477650165558,0.016932131722569466,9.81209659576416,30.79637908935547,10.783069610595703,323.2640380859375,-0.003687674179673195,-0.0022721702698618174,0.00400557741522789,-0.031397175043821335
12.630000114440918,34,0.026365533471107483,0.018680786713957787,9.811697006225586,30.858434677124023,11.766837120056152,292.9603576660156,-0.005155605264008045,-0.001361963921226561,0.0059821526519954205,-0.0287807434797287
12.640000343322754,36,0.025761211290955544,0.018080757930874825,9.805545806884766,29.81124496459961,12.921696662902832,264.1504821777344,-0.005521472543478012,-0.001361963921226561,0.005482431501150131,-0.02668759785592556
12.649999618530273,38,0.017887771129608154,0.010263239964842796,9.803633689880371,29.016159057617188,13.434966087341309,238.3638916015625,-0.0018404907314106822,0.0015828213654458523,0.008306749165058136,-0.02459445409476757
12.65999984741211,40,0.013001401908695698,0.009320338256657124,9.80862045288086,28.699417114257812,13.689408302307129,215.2093048095703,-0.00006023424430168234,-0.0004963755491189659,0.011434468440711498,-0.02302459441125393
12.670000076293945,41,0.020339587703347206,0.01619495265185833,9.809837341308594,28.524885177612305,13.778244018554688,193.82351684570312,-0.0012247629929333925,-0.0050384835340082645,0.009542666375637054,-0.02093144878745079
12.680000305175781,42,0.03845195844769478,0.017532160505652428,9.802209854125977,27.980606079101562,13.645539283752441,173.4637451171875,-0.0023892917670309544,-0.004074735566973686,0.0059821526519954205,-0.019884876906871796
12.6899995803833,43,0.043873582035303116,0.009988941252231598,9.808204650878906,27.247573852539062,13.112526893615723,156.39944458007812,-0.0011221416061744094,-0.0028209711890667677,0.004625767003744841,-0.0188383050262928
12.699999809265137,44,0.03938433900475502,0.014051993377506733,9.796509742736816,26.514543533325195,13.57754135131836,138.6648406982422,0.001840490847826004,-0.005890686996281147,0.007168991025537252,-0.01726844534277916
12.710000038146973,44,0.04349372535943985,0.012526205740869045,9.800124168395996,26.37491798400879,13.36038875579834,123.05744934082031,0.0011176798725500703,-0.006412717048078775,0.010542108677327633,-0.016221873462200165
12.720000267028809,45,0.05112544074654579,0.01677783951163292,9.810445785522461,26.170650482177734,12.57951545715332,109.50752258300781,-0.0012113775592297316,-0.00291913072578609,0.007976575754582882,-0.015175300650298595
12.729999542236328,46,0.05114270746707916,0.023978184908628464,9.803077697753906,25.349706649780273,11.80522346496582,97.0082015991211,-0.0035404351074248552,0.0001015051020658575,0.010997211560606956,-0.014652014710009098
12.739999771118164,46,0.04594554007053375,0.014429153874516487,9.808308601379395,24.616676330566406,11.627552032470703,84.04376983642578,-0.004477412439882755,0.00039598363218829036,0.011291690170764923,-0.0141287287697196
12.75,46,0.04423617571592331,0.012149045243859291,9.81263542175293,24.659339904785156,11.12086296081543,73.23392486572266,0.0015058561693876982,-0.003815951757133007,0.007191299460828304,-0.013605441898107529
12.760000228881836,46,0.04337286204099655,0.009508918970823288,9.810393333435059,24.184871673583984,10.526433944702148,62.29001235961914,-0.0018895706161856651,-0.003717792220413685,0.008306748233735561,-0.013082155957818031
12.770000457763672,47,0.03905627876520157,0.010074660181999207,9.796666145324707,23.69101333618164,9.985745429992676,53.031463623046875,-0.0030540991574525833,-0.0013887345558032393,0.008306748233735561,-0.012558870017528534
12.779999732971191,47,0.022273415699601173,0.014926321804523468,9.800228118896484,23.504846572875977,9.541568756103516,45.42271041870117,-0.005369771271944046,-0.0048153940588235855,0.007155605126172304,-0.012035583145916462
12.789999961853027,47,0.02161729522049427,0.014086280949413776,9.813278198242188,23.400127410888672,9.097392082214355,36.00410461425781,-0.002255437895655632,-0.0017769108526408672,0.011434468440711498,-0.011512297205626965
12.800000190734863,47,0.029421672224998474,0.015063471160829067,9.809333801269531,22.261150360107422,8.477739334106445,27.132694244384766,-0.0008142776787281036,-0.0003357508685439825,0.007882878184318542,-0.010465724393725395
12.8100004196167,47,0.02341299317777157,0.022898131981492043,9.814616203308105,21.740140914916992,7.922792911529541,19.93707275390625,-0.0025409928057342768,-0.0010987180285155773,0.0080435024574399,-0.009942438453435898
12.819999694824219,47,0.025933874770998955,0.01734357886016369,9.816996574401855,21.371686935424805,7.712220191955566,13.116278648376465,0.0005376464687287807,-0.0031645295675843954,0.004701617639511824,-0.010465724393725395
12.829999923706055,47,0.029421672224998474,0.018389344215393066,9.815241813659668,21.01228141784668,7.548807144165039,6.670313835144043,0.001840490847826004,-0.004654769320040941,0.005915225949138403,-0.0094191525131464
12.84000015258789,47,0.029421672224998474,0.01852649450302124,9.802313804626465,20.797670364379883,6.7668375968933105,1.5403552055358887,-0.0004885666421614587,-0.008148355409502983,0.003197992220520973,-0.0094191525131464
12.850000381469727,46,0.03270227462053299,0.016932131722569466,9.805753707885742,20.4835147857666,6.32266092300415,-4.221614837646484,-0.001840490847826004,-0.009237033315002918,0.00023089791648089886,-0.008895865641534328
12.859999656677246,46,0.03758864104747772,0.026909753680229187,9.79690933227539,19.99870491027832,5.878484725952148,-9.441861152648926,-0.0031433352269232273,-0.008723926730453968,-0.0002822086098603904,-0.008372579701244831
12.869999885559082,46,0.03905627876520157,0.021098045632243156,9.784120559692383,19.718162536621094,5.8466796875,-14.731874465942383,-0.0042944783344864845,-0.007546012755483389,0.0008957054815255105,-0.008372579701244831
12.880000114440918,46,0.049519672989845276,0.006543061230331659,9.795345306396484,19.61344337463379,5.744683742523193,-19.548564910888672,-0.005873953923583031,-0.005743447225540876,0.00427774665877223,-0.007849293760955334
12.890000343322754,45,0.04283760488033295,0.0025828713551163673,9.818594932556152,19.53199577331543,5.043871879577637,-23.180574417114258,-0.0075114332139492035,-0.004114891868084669,0.006615727674216032,-0.007849293760955334
12.899999618530273,45,0.05355998873710632,0.01698356308043003,9.803043365478516,19.636714935302734,5.132707118988037,-26.615596771240234,-0.005142219830304384,-0.0037936426233500242,0.004246514290571213,-0.008372579701244831
12.90999984741211,44,0.043545521795749664,0.010708975605666637,9.810724258422852,18.915319442749023,5.2215423583984375,-29.467851638793945,-0.00014500845281872898,-0.005930842831730843,0.0012838817201554775,-0.007849293760955334
12.920000076293945,43,0.03905627876520157,0.011103280819952488,9.811453819274902,18.68260955810547,4.740077495574951,-32.38030242919922,0.003741215681657195,-0.003936420194804668,0.003001673147082329,-0.007326007355004549
12.930000305175781,43,0.035223156213760376,0.004537250846624374,9.787247657775879,18.531349182128906,4.3386735916137695,-34.87551498413086,0.0020546570885926485,-0.000563302484806627,0.005852760747075081,-0.006802720949053764
12.9399995803833,42,0.018630221486091614,0.021955229341983795,9.812722206115723,18.116352081298828,4.332092761993408,-36.993160247802734,0.0027640825137495995,-0.002588957780972123,0.005852760747075081,-0.007326007355004549
12.949999809265137,42,0.026883523911237717,0.0186122115701437,9.8001070022583,18.221071243286133,3.4437403678894043,-40.76060104370117,0.0004350250819697976,-0.0026781936176121235,0.006298940163105726,-0.006802720949053764
12.960000038146973,41,0.029421672224998474,0.008908889256417751,9.799915313720703,18.42404556274414,3.388903856277466,-42.448699951171875,-0.0018672615988180041,-0.003735639387741685,0.012014501728117466,-0.006802720949053764
12.970000267028809,40,0.029421672224998474,0.03592732921242714,9.817239761352539,18.19133758544922,3.263876438140869,-43.6880989074707,-0.003031790256500244,-0.000242053167312406,0.01317902933806181,-0.006279435008764267
12.979999542236328,39,0.029421672224998474,0.024252483621239662,9.807474136352539,17.72333335876465,3.0862057209014893,-46.147743225097656,-0.0008098158868961036,-0.0012638043845072389,0.013214724138379097,-0.006802720949053764
12.989999771118164,38,0.025174157693982124,0.02171521820127964,9.801270484924316,17.39624786376953,2.9085352420806885,-49.668949127197266,-0.005945343058556318,-0.008826548233628273,0.012148355133831501,-0.006802720949053764
13,37,0.05050385370850563,0.017429297789931297,9.800697326660156,17.710405349731445,2.7308647632598877,-51.663475036621094,-0.0017289459938183427,-0.007943113334476948,0.006968209985643625,-0.006802720949053764
13.010000228881836,36,0.031579963862895966,0.01257763709872961,9.805110931396484,17.50096893310547,2.4643590450286865,-51.44186019897461,0.00221081986092031,-0.005614055320620537,0.00396988308057189,-0.006279435008764267
13.020000457763672,36,0.03387638181447983,0.020995182916522026,9.787613868713379,17.211376190185547,2.4018452167510986,-53.00136947631836,-0.004843279719352722,-0.0024060241412371397,0.007793641649186611,-0.006802720949053764
13.029999732971191,36,0.03876275196671486,0.017223574221134186,9.808916091918945,17.23076820373535,2.3546857833862305,-55.16552734375,-0.0063424427062273026,0.0002710533735807985,0.005451199132949114,-0.006802720949053764
13.039999961853027,36,0.04824196547269821,0.003251474816352129,9.810393333435059,17.575952529907227,2.081599473953247,-57.15184783935547,-0.0032593419309705496,0.0003379803092684597,0.004152816720306873,-0.006279435008764267
13.050000190734863,36,0.044028978794813156,0.0025828713551163673,9.796319007873535,17.9495792388916,1.4093029499053955,-58.592342376708984,-0.002532069105654955,-0.002209705300629139,0.0053173452615737915,-0.006802720949053764
13.0600004196167,36,0.048604559153318405,0.011977608315646648,9.791088104248047,17.635421752929688,1.3204677104949951,-60.032833099365234,-0.0030674845911562443,-0.005074177868664265,0.003965421114116907,-0.006279435008764267
13.069999694824219,37,0.0533355288207531,0.016914987936615944,9.805545806884766,17.58112335205078,1.158151388168335,-61.198360443115234,-0.0030674845911562443,-0.005703291390091181,0.002738427137956023,-0.006279435008764267
13.079999923706055,38,0.039298005402088165,0.01705213636159897,9.810393333435059,17.457012176513672,1.0331239700317383,-62.897403717041016,-0.0020591188222169876,-0.0035303966142237186,0.0033987730275839567,-0.006279435008764267
13.09000015258789,39,0.04774124175310135,0.02209237962961197,9.810011863708496,17.247573852539062,1.039704442024231,-64.56635284423828,-0.0019386502681300044,-0.0018036817200481892,0.002957055112347007,-0.006802720949053764
13.100000381469727,40,0.02434537373483181,0.031024238094687462,9.800436973571777,17.0898494720459,1.1406036615371704,-65.39808654785156,-0.0042944783344864845,-0.002588957780972123,0.005964305717498064,-0.006279435008764267
13.109999656677246,40,0.020443186163902283,0.025846844539046288,9.79684066772461,17.299285888671875,0.6964273452758789,-65.84131622314453,-0.003977690823376179,-0.002588957780972123,0.014441718347370625,-0.006279435008764267
13.119999885559082,40,0.02902454510331154,0.017720740288496017,9.809993743896484,16.950223922729492,0.48914504051208496,-66.97400665283203,-0.0023045174311846495,-0.0036062472499907017,0.01342442911118269,-0.006279435008764267
13.130000114440918,41,0.02600294165313244,0.026498304679989815,9.80648422241211,16.80542755126953,0.1370941400527954,-68.91792297363281,0.000037925281503703445,-0.0073050763458013535,0.00972559954971075,-0.006279435008764267
13.140000343322754,41,0.038521021604537964,0.025435397401452065,9.814702987670898,16.585647583007812,-0.15792669355869293,-70.36115264892578,-0.002549916272982955,-0.0058817630633711815,0.010760736651718616,-0.005756148602813482
13.149999618530273,41,0.03423897549510002,0.016332102939486504,9.811609268188477,16.255979537963867,-0.18095806241035461,-71.0342025756836,0.0013720022980123758,-0.0026558847166597843,0.01055995561182499,-0.005756148602813482
13.15999984741211,41,0.0322188176214695,0.010811838321387768,9.816022872924805,16.779571533203125,0.08554774522781372,-73.6935806274414,-0.006748466286808252,-0.003824875457212329,0.007061907090246677,-0.005756148602813482
13.170000076293945,41,0.021271968260407448,0.0033200497273355722,9.793242454528809,16.606332778930664,0.09870853275060654,-74.03557586669922,-0.006748466286808252,-0.006153932772576809,0.0024037924595177174,-0.006279435008764267
13.180000305175781,41,0.029421672224998474,0.00817171111702919,9.805545806884766,16.471879959106445,0.09870853275060654,-74.4952163696289,-0.002322364831343293,-0.00405688863247633,0.002171779051423073,-0.005756148602813482
13.1899995803833,41,0.029421672224998474,0.012149045243859291,9.804658889770508,16.468002319335938,-0.15792669355869293,-75.31600952148438,0.0002476296212989837,-0.003815951757133007,0.006348019931465387,-0.005756148602813482
13.199999809265137,40,0.03227061405777931,0.014034849591553211,9.80356502532959,16.624433517456055,-0.5812651515007019,-76.2052001953125,-0.0013496932806447148,-0.0057791415601968765,0.011006135493516922,-0.005756148602813482
13.210000038146973,40,0.04489229619503021,0.020703740417957306,9.815241813659668,16.93341827392578,-0.6635199785232544,-76.43639373779297,0.0027551588136702776,-0.004431679379194975,0.003715560305863619,-0.005756148602813482
13.220000267028809,40,0.04869088903069496,0.018012182787060738,9.816336631774902,16.828699111938477,-0.21934367716312408,-77.43365478515625,0.0034378136042505503,-0.0012459572171792388,0.001801449921913445,-0.005756148602813482
13.229999542236328,39,0.04984772950410843,0.02056659199297428,9.821253776550293,16.316740036010742,-0.5352023839950562,-78.9480209350586,0.0006848856573924422,0.000659229583106935,0.007731176912784576,-0.005756148602813482
13.239999771118164,39,0.04737864434719086,0.016932131722569466,9.817535400390625,16.143503189086914,-0.8269330263137817,-79.40629577636719,-0.0020769659895449877,0.0025554930325597525,0.009297267533838749,-0.005756148602813482
13.25,39,0.02812669798731804,0.018217908218503,9.80106258392334,16.19133758544922,-0.8335134387016296,-79.46785736083984,-0.0030674845911562443,0.0028767422772943974,0.00897601805627346,-0.005756148602813482
13.260000228881836,38,0.027332447469234467,0.01765216514468193,9.81112289428711,15.90045166015625,-0.6821644306182861,-80.74418640136719,-0.0030674845911562443,0.0017122133867815137,0.010747351683676243,-0.005756148602813482
13.270000457763672,37,0.03423897549510002,0.010211809538304806,9.809350967407227,15.90045166015625,-0.8598349690437317,-79.96854400634766,-0.003611823543906212,0.0005476847290992737,0.012532069347798824,-0.005756148602813482
13.279999732971191,37,0.03574114665389061,0.016932131722569466,9.822227478027344,15.548803329467773,-1.0375055074691772,-80.8673095703125,-0.0038126043509691954,-0.0006168440449982882,0.014178472571074963,-0.005756148602813482
13.289999961853027,36,0.03434257209300995,0.013811982236802578,9.807126998901367,15.636714935302734,-1.0002167224884033,-81.88509368896484,-0.0030674845911562443,-0.002620190382003784,0.013571668416261673,-0.005756148602813482
13.300000190734863,36,0.024604368954896927,0.00899460818618536,9.805440902709961,15.745312690734863,-0.822546124458313,-82.36116027832031,-0.003781371982768178,-0.005042945500463247,0.009176799096167088,-0.005756148602813482
13.3100004196167,36,0.024604368954896927,0.01045182067900896,9.801010131835938,15.425985336303711,-0.7172598838806152,-82.19973754882812,-0.0037546013481914997,-0.004748466890305281,0.008306748233735561,-0.005756148602813482
13.319999694824219,35,0.037053387612104416,0.012663355097174644,9.810393333435059,15.740141868591309,-1.0726009607315063,-82.42134857177734,0.0009124373318627477,-0.004047965165227652,0.009002788923680782,-0.005756148602813482
13.329999923706055,34,0.05463050305843353,0.01804647035896778,9.80109691619873,15.488040924072266,-1.3478806018829346,-82.94255065917969,-0.0030674845911562443,-0.005382041912525892,0.011309538036584854,-0.005756148602813482
13.34000015258789,34,0.052524011582136154,0.01024609711021185,9.799654960632324,15.52294635772705,-1.1405982971191406,-83.79206848144531,-0.002960401587188244,-0.0071756839752197266,0.006544339004904032,-0.005756148602813482
13.350000381469727,34,0.056339867413043976,0.015252050943672657,9.81209659576416,15.641886711120605,-1.0035068988800049,-84.02326202392578,-0.0016620190581306815,-0.0035928620491176844,0.0012124929344281554,-0.005756148602813482
13.359999656677246,33,0.05350819230079651,0.026498304679989815,9.808968544006348,15.600516319274902,-1.252465009689331,-83.575927734375,0.002996095921844244,0.002229781588539481,0.008199664764106274,-0.005756148602813482
13.369999885559082,32,0.04713691771030426,0.028606977313756943,9.813677787780762,15.39107894897461,-1.4301354885101318,-84.46238708496094,-0.0038126043509691954,-0.008001115173101425,0.009453429840505123,-0.005756148602813482
13.380000114440918,32,0.03905627876520157,0.029104143381118774,9.803339004516602,15.181641578674316,-1.3511707782745361,-84.28180694580078,0.0011266035726293921,-0.008723926730453968,0.008449525572359562,-0.005756148602813482
13.390000343322754,31,0.027746839448809624,0.02200666069984436,9.80525016784668,15.201033592224121,-1.3917498588562012,-84.54446411132812,-0.00224651419557631,-0.006680424325168133,0.0052414946258068085,-0.005756148602813482
13.399999618530273,48,0.01963166892528534,0.012303338386118412,9.808048248291016,15.357465744018555,-1.4805850982666016,-85.20657348632812,-0.00402677059173584,-0.003392081009224057,0.007503625005483627,-0.005232862196862698
13.40999984741211,31,0.027004387229681015,0.0049829864874482155,9.817623138427734,15.566903114318848,-1.546389102935791,-85.69084167480469,-0.0042944783344864845,-0.004382599610835314,0.010100390762090683,-0.005756148602813482
13.420000076293945,31,0.04423617571592331,0.007485963869839907,9.819846153259277,15.781512260437012,-1.5420022010803223,-85.06703186035156,-0.002625766908749938,-0.0067116571590304375,0.0015828218311071396,-0.005756148602813482
13.430000305175781,31,0.050711046904325485,0.007108802907168865,9.8180570602417,16.200387954711914,-1.364331603050232,-86.06430053710938,-0.001840490847826004,-0.0067250425927340984,0.00035136635415256023,-0.005756148602813482
13.4399995803833,31,0.03865915536880493,0.00517156720161438,9.81444263458252,16.122817993164062,-1.397233486175537,-87.06156158447266,-0.001840490847826004,-0.005560513585805893,0.002171779051423073,-0.005756148602813482
13.449999809265137,31,0.03959153592586517,0.010023228824138641,9.802851676940918,15.855202674865723,-1.5847746133804321,-86.88919830322266,-0.0011935303919017315,-0.0037490245886147022,0.002171779051423073,-0.005756148602813482
13.460000038146973,31,0.046618927270174026,0.012149045243859291,9.795171737670898,15.641886711120605,-1.6516753435134888,-86.17237091064453,-0.001782487495802343,-0.003757948288694024,0.0027562743052840233,-0.005756148602813482
13.470000267028809,32,0.04587647691369057,0.012149045243859291,9.79383373260498,15.65998649597168,-1.3731054067611694,-86.27360534667969,-0.004111544694751501,-0.006087005604058504,0.006008923519402742,-0.005756148602813482
13.479999542236328,32,0.035223156213760376,0.015012039802968502,9.798751831054688,15.869423866271973,-1.9061170816421509,-86.27360534667969,-0.0018449528142809868,-0.0056586735881865025,0.008614612743258476,-0.005232862196862698
13.489999771118164,32,0.02646913193166256,0.014000562950968742,9.812582969665527,15.989656448364258,-1.9850817918777466,-86.74555969238281,0.0042944783344864845,-0.003383157541975379,0.005888455081731081,-0.005756148602813482
13.5,32,0.027625974267721176,0.015149189159274101,9.814007759094238,16.159015655517578,-1.930245280265808,-87.23119354248047,0.0022866702638566494,-0.0053775799460709095,0.0047373115085065365,-0.005232862196862698
13.510000228881836,32,0.03251234441995621,0.020000850781798363,9.813504219055176,16.368453979492188,-1.8074113130569458,-87.33515930175781,-0.0030674845911562443,-0.005181260872632265,0.007490239571779966,-0.005756148602813482
13.520000457763672,32,0.04055844992399216,0.031127098947763443,9.82478141784668,16.48480796813965,-1.6560622453689575,-86.97401428222656,-0.003277188865467906,-0.0015716683119535446,0.006093697622418404,-0.005232862196862698
13.529999732971191,32,0.03418717533349991,0.03285861015319824,9.823287010192871,16.065933227539062,-1.6560622453689575,-87.08482360839844,-0.003999999724328518,-0.0028834363911300898,0.012773006223142147,-0.005756148602813482
13.539999961853027,32,0.029421672224998474,0.024732505902647972,9.800175666809082,16.316741943359375,-1.7372204065322876,-87.39808654785156,-0.001840490847826004,-0.004703849088400602,0.00944896787405014,-0.005232862196862698
13.550000190734863,32,0.03615553677082062,0.011686165817081928,9.807943344116211,16.275371551513672,-1.826055645942688,-87.2790756225586,-0.001862799865193665,-0.0002018970117205754,0.008284439332783222,-0.005756148602813482
13.5600004196167,32,0.042492277920246124,0.021012326702475548,9.8048677444458,16.065933227539062,-1.7964439392089844,-86.84815979003906,-0.003027328522875905,-0.0036954833194613457,0.007119910791516304,-0.005232862196862698
13.569999694824219,32,0.040368519723415375,0.023018138483166695,9.814806938171387,15.878473281860352,-1.6560622453689575,-86.61970520019531,-0.006440602242946625,0.0006815384840592742,0.008204126730561256,-0.005232862196862698
13.579999923706055,31,0.028333893045783043,0.018166476860642433,9.820089340209961,15.773755073547363,-1.6560622453689575,-87.6169662475586,-0.0014389293501153588,-0.0020936985965818167,0.006182933691889048,-0.005232862196862698
13.59000015258789,31,0.013674787245690823,0.0060801818035542965,9.812756538391113,15.771169662475586,-1.7427040338516235,-86.77702331542969,0.00038594534271396697,-0.0005900732357986271,0.003853876143693924,-0.005756148602813482
13.600000381469727,32,0.03242601081728935,0.009954653680324554,9.802921295166016,16.08144760131836,-1.8973432779312134,-87.12175750732422,-0.0003234801988583058,-0.0038828786928206682,0.005272727459669113,-0.005232862196862698
13.609999656677246,31,0.046618930995464325,0.0046401130966842175,9.796892166137695,16.182287216186523,-1.9401158094406128,-87.72914123535156,-0.0023625208996236324,-0.002419409342110157,0.008476296439766884,-0.005756148602813482
13.619999885559082,31,0.03713971748948097,0.006405912339687347,9.819099426269531,15.97284984588623,-1.8271524906158447,-88.11217498779297,-0.0014433908509090543,-0.0005499170511029661,0.011157836765050888,-0.005232862196862698
13.630000114440918,48,0.03815843164920807,0.019040804356336594,9.817049026489258,15.782805442810059,-1.6725132465362549,-88.29685974121094,0.0008856664644554257,-0.0016341335140168667,0.012737312354147434,-0.005232862196862698
13.640000343322754,31,0.0430447980761528,0.01775502786040306,9.811227798461914,16.096961975097656,-2.116689682006836,-87.52120971679688,0.002527607372030616,-0.00396319106221199,0.011153374798595905,-0.005232862196862698
13.649999618530273,31,0.0641615092754364,0.02498966082930565,9.802226066589355,15.738849639892578,-1.9192779064178467,-87.2790756225586,0.0011935303919017315,-0.005667597055435181,0.01015839446336031,-0.005756148602813482
13.65999984741211,32,0.05145350098609924,0.014206286519765854,9.800697326660156,15.63154411315918,-1.4630374908447266,-87.41997528076172,-0.000613496929872781,-0.0062699392437934875,0.00794980488717556,-0.005756148602813482
13.670000076293945,32,0.04869088903069496,0.020480873063206673,9.804920196533203,15.806076049804688,-1.1669199466705322,-87.1983642578125,-0.003611823543906212,-0.004271054640412331,0.007624093908816576,-0.005232862196862698
13.680000305175781,32,0.02736698091030121,0.017480729147791862,9.822713851928711,15.838396072387695,-1.344590425491333,-86.05472564697266,-0.006663692183792591,-0.0039854999631643295,0.009801450185477734,-0.005232862196862698
13.6899995803833,33,0.015936676412820816,0.02984132431447506,9.820575714111328,15.2100830078125,-1.5222610235214233,-86.60875701904297,-0.0035448966082185507,-0.007599554490298033,0.0069771334528923035,-0.005232862196862698
13.699999809265137,33,0.04138723015785217,0.022538114339113235,9.797934532165527,15.667742729187012,-1.3928465843200684,-86.20520782470703,-0.00340211926959455,-0.00535527104511857,0.008284439332783222,-0.005756148602813482
13.710000038146973,34,0.03940160572528839,0.01727500557899475,9.813851356506348,16.032320022583008,-1.4389094114303589,-86.13954162597656,-0.007225878071039915,-0.005020636599510908,0.003626324702054262,-0.005232862196862698
13.720000267028809,34,0.0299741942435503,0.021440919488668442,9.792391777038574,16.117647171020508,-1.5814845561981201,-86.36116027832031,-0.002982710488140583,-0.0005097609246149659,0.0008421639213338494,-0.005232862196862698
13.729999542236328,35,0.043251994997262955,0.012560493312776089,9.804920196533203,16.029733657836914,-1.6560622453689575,-86.47606658935547,0.0040446179918944836,-0.0027138881850987673,0.006954824086278677,-0.005232862196862698
13.739999771118164,35,0.03919440880417824,-0.006434704642742872,9.824381828308105,16.029733657836914,-1.6560622453689575,-86.0328369140625,0.0016530953580513597,-0.0036285563837736845,0.006477412302047014,-0.0047095762565732
13.75,36,0.06279747188091278,-0.002268790267407894,9.796266555786133,16.12669563293457,-1.6560622453689575,-86.00000762939453,-0.001840490847826004,-0.000134970061480999,0.018122699111700058,-0.0047095762565732
13.760000228881836,36,0.04875995218753815,0.007365958299487829,9.80048942565918,16.376211166381836,-1.7788962125778198,-85.08071899414062,-0.00416954793035984,-0.0059576136991381645,0.011135527864098549,-0.0047095762565732
13.770000457763672,36,0.0530937984585762,0.007640257012099028,9.787127494812012,16.40336036682129,-1.6725132465362549,-84.3584213256836,0.00011377596820238978,-0.004065812099725008,0.005250418558716774,-0.005232862196862698
13.779999732971191,37,0.038849081844091415,0.017137855291366577,9.819464683532715,16.112476348876953,-1.2480779886245728,-84.43228912353516,0.000613496929872781,-0.0006971563561819494,0.006704963743686676,-0.005232862196862698
13.789999961853027,37,0.035344019532203674,0.021166618913412094,9.80610179901123,15.903037071228027,-0.8927369117736816,-84.76470947265625,-0.0003636363544501364,-0.004043503198772669,0.010988288559019566,-0.005756148602813482
13.800000190734863,38,0.05385351926088333,0.013177665881812572,9.81489372253418,16.210729598999023,-1.0638271570205688,-84.22161865234375,-0.004272169433534145,-0.005042945500463247,0.01015839446336031,-0.005756148602813482
13.8100004196167,38,0.055424753576517105,0.026086857542395592,9.809142112731934,15.972850799560547,-1.2414976358413696,-83.91793060302734,-0.00466926908120513,-0.0016341335140168667,0.011238149367272854,-0.0047095762565732
13.819999694824219,39,0.02508782595396042,0.02267526462674141,9.797796249389648,15.825468063354492,-1.2809799909591675,-83.63885498046875,-0.0027150027453899384,-0.000924707914236933,0.011987730860710144,-0.005232862196862698
13.829999923706055,39,0.027211584150791168,0.029087001457810402,9.812460899353027,15.959921836853027,-1.1416950225830078,-82.89740753173828,-0.005476854275912046,-0.00572560029104352,0.007624093908816576,-0.0047095762565732
13.84000015258789,39,0.01326039619743824,0.014000562019646168,9.796630859375,16.14867401123047,-0.8927369117736816,-81.27223205566406,-0.005316229537129402,-0.006064696703106165,0.005955382250249386,-0.005232862196862698
13.850000381469727,40,0.03423897549510002,0.02375531569123268,9.829768180847168,15.939236640930176,-0.9815722107887268,-82.49111938476562,-0.0024651421699672937,-0.004418293945491314,0.004670384805649519,-0.005232862196862698
13.859999656677246,40,0.03499869257211685,0.011137568391859531,9.802227020263672,15.90045166015625,-0.708486020565033,-80.64022827148438,-0.0013006135122850537,-0.005042945500463247,0.003791410941630602,-0.005232862196862698
13.869999885559082,40,0.03905627876520157,0.025521116331219673,9.810393333435059,15.778925895690918,-0.662423312664032,-79.50615692138672,-0.0015683212550356984,-0.004088121000677347,0.005852760747075081,-0.005232862196862698
13.880000114440918,40,0.04085197672247887,0.00047419857583008707,9.809490203857422,15.750483512878418,-0.7172598838806152,-79.35704803466797,-0.0030674845911562443,-0.001344116753898561,0.006682654842734337,-0.005232862196862698
13.890000343322754,40,0.04385631904006004,0.012149045243859291,9.805545806884766,15.983192443847656,-0.588942289352417,-79.18467712402344,-0.00341996643692255,-0.0020803131628781557,0.007954266853630543,-0.005232862196862698
13.899999618530273,40,0.0287482850253582,0.009063182398676872,9.803461074829102,15.56431770324707,-0.8554480671882629,-79.40629577636719,-0.004004461690783501,-0.008500837720930576,0.007659787777811289,-0.005232862196862698
13.90999984741211,40,0.043873582035303116,-0.0011030200403183699,9.799185752868652,15.879766464233398,-0.4211423099040985,-78.85089111328125,-0.0035225877072662115,-0.0047261579893529415,0.009533742442727089,-0.005232862196862698
13.920000076293945,40,0.04269947111606598,0.004914411809295416,9.811574935913086,16.231414794921875,-0.28734102845191956,-79.25308227539062,-0.004696040414273739,-0.008558840490877628,0.008873396553099155,-0.0047095762565732
13.930000305175781,40,0.04029945284128189,0.013383389450609684,9.816493034362793,16.41758155822754,-0.30379199981689453,-79.75376892089844,-0.00010485217353561893,-0.007599554490298033,0.004625767003744841,-0.0047095762565732
13.9399995803833,40,0.04649806395173073,0.01823505200445652,9.818768501281738,16.38138198852539,-0.24566523730754852,-79.244873046875,-0.007975460030138493,-0.008563302457332611,0.004786391742527485,-0.0047095762565732
13.949999809265137,40,0.05212688818573952,0.024458207190036774,9.818021774291992,16.171945571899414,-0.3345004916191101,-77.36115264892578,-0.007975460030138493,-0.0039051875937730074,0.009444506838917732,-0.0047095762565732
13.960000038146973,40,0.044339776039123535,0.02840125374495983,9.817639350891113,16.15901756286621,-0.17328092455863953,-76.30917358398438,-0.004548800643533468,-0.0003892924287356436,0.015244841575622559,-0.005232862196862698
13.970000267028809,40,0.03727784752845764,0.024732505902647972,9.80528450012207,16.232707977294922,0.06690331548452377,-75.46785736083984,0.000024540051526855677,-0.0012147246161475778,0.009190184064209461,-0.005232862196862698
13.979999542236328,40,0.032754071056842804,0.024972517043352127,9.812045097351074,16.288299560546875,0.12503010034561157,-75.05609130859375,-0.0004037925391457975,-0.00339654297567904,0.00932403840124607,-0.005232862196862698
13.989999771118164,40,0.016782725229859352,0.013794838450849056,9.81555461883545,16.312862396240234,-0.03180254250764847,-75.00410461425781,-0.0063424427062273026,-0.003815951757133007,0.012398215010762215,-0.0047095762565732
14,40,0.031148303300142288,0.02036086656153202,9.825945854187012,16.41758155822754,-0.12063781172037125,-74.7824935913086,-0.005298382602632046,-0.004708311054855585,0.005183491390198469,-0.0047095762565732
14.010000228881836,40,0.03423897549510002,0.02471536211669445,9.810393333435059,16.73173713684082,-0.03180254250764847,-72.89877319335938,-0.0018047962803393602,-0.007532627321779728,0.005491354968398809,-0.0047095762565732
14.020000457763672,40,0.02677992545068264,0.02356673590838909,9.806639671325684,16.885583877563477,0.19302746653556824,-71.43913269042969,0.0009213608573190868,-0.008723926730453968,0.007079754490405321,-0.0047095762565732
14.029999732971191,40,0.02463890053331852,0.016897842288017273,9.804590225219727,16.76793670654297,0.5538522005081177,-70.58003234863281,-0.000979364151135087,-0.005904071964323521,0.007784718181937933,-0.005232862196862698
14.039999961853027,40,0.04105917364358902,0.0025828713551163673,9.812409400939941,16.577890396118164,0.7611345052719116,-70.23529815673828,-0.004352482035756111,-0.003815951757133007,0.011519242078065872,-0.0047095762565732
14.050000190734863,41,0.050089459866285324,0.0005256296717561781,9.811071395874023,16.676145553588867,0.46062999963760376,-70.01505279541016,-0.0020412716548889875,-0.0032359182368963957,0.015021751634776592,-0.0047095762565732
14.0600004196167,41,0.051902420818805695,0.006303049623966217,9.816319465637207,16.676145553588867,0.9936416745185852,-68.13133239746094,0.0008053542114794254,-0.002588957780972123,0.012563302181661129,-0.0047095762565732
14.069999694824219,42,0.04608367383480072,0.01034895796328783,9.811992645263672,16.676145553588867,1.1592481136322021,-66.79753875732422,-0.000613496929872781,-0.0012236481998115778,0.009216954931616783,-0.0041862898506224155
14.079999923706055,42,0.04869088903069496,0.009371768683195114,9.800175666809082,16.738201141357422,0.9848678112030029,-65.18467712402344,-0.00022085889941081405,-0.0008711663540452719,0.010368098504841328,-0.0047095762565732
14.09000015258789,42,0.05103910714387894,0.014600591734051704,9.812756538391113,16.80542755126953,0.9793841242790222,-63.45964431762695,0.0009436698746867478,-0.005373118445277214,0.009203569032251835,-0.0047095762565732
14.100000381469727,42,0.04383905231952667,0.016949275508522987,9.798213005065918,16.857139587402344,1.513492465019226,-62.14227294921875,0.001840490847826004,-0.005734523758292198,0.00884216371923685,-0.0047095762565732
14.109999656677246,42,0.03175262734293938,0.01677783951163292,9.793816566467285,17.276016235351562,1.4246572256088257,-61.69904327392578,0.0020457333885133266,-0.004226436838507652,0.010555493645370007,-0.0041862898506224155
14.119999885559082,43,0.024310842156410217,0.019760839641094208,9.805545806884766,17.41564178466797,1.6516807079315186,-60.07387161254883,0.00221081986092031,-0.006412716582417488,0.009533742442727089,-0.0047095762565732
14.130000114440918,43,0.017162585631012917,0.026498304679989815,9.81082820892334,17.38332176208496,1.9181864261627197,-58.8084831237793,-0.0038126043509691954,-0.007095371838659048,0.009533742442727089,-0.0047095762565732
14.140000343322754,43,0.025743946433067322,0.023823890835046768,9.809820175170898,17.32255744934082,2.0728256702423096,-57.95075607299805,0.003031790256500244,-0.001344116753898561,0.009480200707912445,-0.0047095762565732
14.149999618530273,44,0.025951141491532326,0.010743263177573681,9.80832576751709,17.28377342224121,2.155080556869507,-57.101234436035156,0.0007027327665127814,-0.00017958802345674485,0.005986614618450403,-0.0047095762565732
14.15999984741211,44,0.025450417771935463,-0.0002286922826897353,9.816093444824219,17.0743350982666,2.599256753921509,-55.439125061035156,-0.004986057057976723,-0.00013497007603291422,0.010332404635846615,-0.0047095762565732
14.170000076293945,45,0.023620188236236572,0.012200475670397282,9.825928688049316,16.864896774291992,2.5367431640625,-53.35567855834961,-0.007636363618075848,-0.004364752676337957,0.010760736651718616,-0.0041862898506224155
14.180000305175781,45,0.022756872698664665,0.006971653550863266,9.814842224121094,16.80542755126953,2.5115182399749756,-52.20246124267578,-0.000015616227756254375,-0.007032906636595726,0.006780814379453659,-0.0041862898506224155
14.1899995803833,45,0.030682113021612167,0.003834360046312213,9.805545806884766,16.755006790161133,2.5115182399749756,-51.160057067871094,0.001840490847826004,-0.0037668717559427023,0.0067852758802473545,-0.0047095762565732
14.199999809265137,46,0.028023099526762962,0.004280095919966698,9.802417755126953,16.75371551513672,2.6211915016174316,-49.72093200683594,0.0027105410117655993,0.0008912429912015796,0.005339654162526131,-0.0041862898506224155
14.210000038146973,46,0.030958374962210655,0.00889174547046423,9.797500610351562,17.063993453979492,3.0587875843048096,-47.94938659667969,0.0014523144345730543,-0.004141662735491991,0.004625767003744841,-0.0041862898506224155
14.220000267028809,46,0.037485044449567795,0.012149045243859291,9.805649757385254,17.063993453979492,2.969952344894409,-46.28728103637695,-0.0008767428807914257,-0.00675181346014142,0.006116006523370743,-0.0041862898506224155
14.229999542236328,46,0.052316814661026,0.00885745882987976,9.813730239868164,17.063993453979492,3.3647756576538086,-43.677154541015625,-0.0011578360572457314,-0.007635248824954033,0.0063970996998250484,-0.0036630036775022745
14.239999771118164,46,0.04817289859056473,0.01744644157588482,9.815241813659668,17.120878219604492,3.7047624588012695,-41.75923538208008,0.0006268823053687811,-0.006863357964903116,0.008333519101142883,-0.0036630036775022745
14.25,46,0.043873582035303116,0.014857746660709381,9.794389724731445,17.290237426757812,3.800178050994873,-40.582763671875,0.0007250419002957642,-0.0022543231025338173,0.009645286947488785,-0.0036630036775022745
14.260000228881836,46,0.047395914793014526,0.019143667072057724,9.796788215637207,17.612150192260742,3.7508251667022705,-39.195621490478516,-0.0016040155896916986,-0.0013842728221789002,0.008802007883787155,-0.0036630036775022745
14.270000457763672,46,0.037916701287031174,0.028846990317106247,9.804311752319336,18.03102684020996,4.195001602172852,-37.09029006958008,-0.0030674845911562443,-0.005908533930778503,0.008668153546750546,-0.0031397175043821335
14.279999732971191,46,0.04155989736318588,0.034915853291749954,9.809228897094727,18.537813186645508,4.340867042541504,-35.17100143432617,-0.0030674845911562443,-0.006015616934746504,0.007820412516593933,-0.0031397175043821335
14.289999961853027,47,0.03268500789999962,0.03236144408583641,9.817899703979492,18.808013916015625,4.4834418296813965,-32.818058013916016,-0.0024517567362636328,-0.003820413490757346,0.008610150776803493,-0.0031397175043821335
14.300000190734863,47,0.029421672224998474,0.02373817376792431,9.808621406555176,18.99030113220215,4.694014549255371,-30.733243942260742,-0.000613496929872781,-0.007742332294583321,0.006098159588873386,-0.0036630036775022745
14.3100004196167,47,0.013951048254966736,0.006354480981826782,9.801652908325195,19.38978385925293,4.948456287384033,-29.580028533935547,0.00011823759268736467,-0.007077523972839117,0.0072626881301403046,-0.0036630036775022745
14.319999694824219,47,0.018025901168584824,0.01040039025247097,9.812582969665527,20.33225440979004,5.126126766204834,-28.139535903930664,0.0038126043509691954,0.0015962066827341914,0.007824874483048916,-0.0031397175043821335
14.329999923706055,47,0.027798637747764587,0.020103711634874344,9.80717945098877,21.274723052978516,5.4639201164245605,-25.50068473815918,-0.0005554935778491199,-0.005158951971679926,0.0037467931397259235,-0.0031397175043821335
14.34000015258789,47,0.029421672224998474,-0.002560232998803258,9.821949005126953,21.58888053894043,5.6415910720825195,-23.61696434020996,0.000609035138040781,-0.007488009985536337,0.010733965784311295,-0.0031397175043821335
14.350000381469727,47,0.03770950436592102,0.005360147450119257,9.79991626739502,21.950870513916016,5.845582962036133,-21.314638137817383,-0.00402677059173584,-0.00517679937183857,0.007280535530298948,-0.002616431098431349
14.359999656677246,46,0.03484329581260681,0.019915131852030754,9.795849800109863,22.747251510620117,6.130733013153076,-17.92339324951172,-0.002099274890497327,-0.0017501401016488671,0.0059821526519954205,-0.0020931449253112078
14.369999885559082,46,0.047085121273994446,0.01746358536183834,9.808777809143066,23.37556266784668,6.130733013153076,-14.709986686706543,-0.001840490847826004,0.0007083093514665961,0.012063580565154552,-0.0015698587521910667
14.380000114440918,48,0.03998865932226181,0.016932131722569466,9.806015014648438,24.003877639770508,6.644003391265869,-11.70998764038086,-0.0008678192389197648,0.00011935230577364564,0.01224205270409584,-0.0015698587521910667
14.390000343322754,46,0.03905627876520157,0.02132091298699379,9.805545806884766,24.93729591369629,7.241722106933594,-8.314638137817383,-0.003344115801155567,-0.0019553827587515116,0.00743669830262661,-0.000523286173120141
14.399999618530273,46,0.043545521795749664,0.03062993288040161,9.801027297973633,25.829345703125,7.205530166625977,-4.878249645233154,-0.003446737304329872,-0.004284440074115992,0.0050050197169184685,-1.3757224526234069e-14
14.40999984741211,46,0.043873582035303116,0.022229528054594994,9.805285453796387,26.83386993408203,6.84031867980957,-1.1805751323699951,-0.0030674845911562443,-0.005828221328556538,0.003055214649066329,0.0005232862313278019
14.420000076293945,45,0.03924620896577835,0.035498738288879395,9.796232223510742,28.601160049438477,7.457778453826904,3.6114907264709473,-0.005958728492259979,-0.007715560961514711,0.004340211860835552,0.0010465724626556039
14.430000305175781,45,0.02027052268385887,0.017412154003977776,9.833661079406738,29.857786178588867,7.9019551277160645,9.484267234802246,-0.008635805919766426,-0.009384272620081902,0.005192414857447147,0.0015698587521910667
14.4399995803833,44,0.038831815123558044,0.02634401060640812,9.81067180633545,31.445377349853516,7.784604549407959,13.693570137023926,-0.00920245423913002,-0.004569994751363993,0.004027886316180229,0.0020931449253112078
14.449999809265137,44,0.033979982137680054,0.012149045243859291,9.815241813659668,33.23723220825195,7.616804599761963,19.18467903137207,-0.005989961326122284,0.00002119279270118568,0.005005019251257181,0.002616431098431349
14.460000038146973,43,0.01994246244430542,0.01199475210160017,9.815085411071777,35.29023742675781,7.499454021453857,26.054719924926758,-0.001840490847826004,-0.0018349143210798502,0.007552704773843288,0.002616431098431349
14.470000267028809,43,0.025053294375538826,0.006920222658663988,9.809941291809082,37.698768615722656,7.321784019470215,32.88645935058594,-0.003071946557611227,-0.0034099281765520573,0.007896263152360916,0.0031397175043821335
14.479999542236328,50,0.03423897549510002,-0.0022002155892550945,9.800697326660156,40.107303619384766,7.144113063812256,39.31326675415039,-0.0048254323191940784,-0.004694925621151924,0.008123815059661865,0.0036630036775022745
14.489999771118164,42,0.033876385539770126,-0.0011201638262718916,9.800697326660156,42.24821853637695,7.420489311218262,46.306427001953125,-0.0030674845911562443,-0.003815951757133007,0.010760736651718616,0.0036630036775022745
14.5,42,0.029853330925107002,0.013006229884922504,9.799394607543945,45.18292999267578,7.172628402709961,53.534881591796875,-0.003290574299171567,-0.0035928620491176844,0.010983826592564583,0.0036630036775022745
14.510000228881836,42,0.03423897549510002,0.02121805213391781,9.789177894592285,49.40012741088867,6.584780216217041,64.15595245361328,-0.003973228856921196,-0.002588957780972123,0.011505857110023499,0.0036630036775022745
14.520000457763672,41,0.03480876609683037,0.017497872933745384,9.817535400390625,54.44214630126953,6.104411602020264,78.96305847167969,-0.0019386503845453262,-0.0026871173176914454,0.008306748233735561,0.0041862898506224155
14.529999732971191,49,0.03905627876520157,0.02171521820127964,9.834633827209473,57.164833068847656,5.926741123199463,87.16278839111328,-0.0029247070197016,-0.0037445630878210068,0.008306748233735561,0.0047095762565732
14.539999961853027,40,0.03905627876520157,0.021012328565120697,9.830358505249023,59.50484848022461,5.586754322052002,95.4637451171875,0.0017334077274426818,-0.0014155053067952394,0.008306748233735561,0.0047095762565732
14.550000190734863,39,0.03983326256275177,0.017703596502542496,9.806326866149902,62.66192626953125,5.4123735427856445,109.34199523925781,0.001840490847826004,-0.001361963921226561,0.008306748233735561,0.005756148602813482
14.5600004196167,38,0.04133542999625206,0.02423533797264099,9.81209659576416,65.85002899169922,5.126126766204834,122.94664764404297,-0.0056865583173930645,0.0007886216626502573,0.008306748233735561,0.006279435008764267
14.569999694824219,38,0.028506558388471603,0.03061278909444809,9.816405296325684,68.55074310302734,4.686337471008301,132.6402130126953,0.002366982866078615,-0.000933631497900933,0.007293920498341322,0.006802720949053764
14.579999923706055,48,0.024604368954896927,0.007365958299487829,9.800697326660156,71.16870880126953,4.5975022315979,141.28317260742188,0.0042944783344864845,-0.00041160141699947417,0.00993084255605936,0.007326007355004549
14.59000015258789,36,0.026710860431194305,0.006320193875581026,9.803877830505371,77.4634780883789,3.902174234390259,160.51708984375,-0.003696598345413804,-0.006350251380354166,0.007209146860986948,0.007326007355004549
14.600000381469727,36,0.033116664737463,0.005925889126956463,9.812982559204102,81.52423858642578,3.3889036178588867,172.8782501220703,-0.006748466286808252,-0.008723926730453968,0.005852760747075081,0.007849293760955334
14.609999656677246,48,0.027038918808102608,0.015749217942357063,9.805545806884766,85.14156341552734,2.854795455932617,182.90834045410156,-0.005985499359667301,-0.008723926730453968,0.005852760747075081,0.008895865641534328
14.619999885559082,34,0.024828830733895302,0.013400533236563206,9.806814193725586,89.20620727539062,2.450101375579834,193.4637451171875,-0.005521472543478012,-0.0024194095749408007,0.007954266853630543,0.009942438453435898
14.630000114440918,33,0.035067759454250336,0.016932131722569466,9.80905532836914,93.51907348632812,2.6014504432678223,205.03282165527344,-0.004245399031788111,-0.0015092033427208662,0.006343558430671692,0.010989011265337467
14.640000343322754,32,0.02740151435136795,0.016932131722569466,9.808361053466797,98.33613586425781,2.068438768386841,217.775634765625,-0.0013407696969807148,-0.003316230373457074,0.008578917942941189,0.013082155957818031
14.649999618530273,31,0.03423897549510002,0.018389344215393066,9.818195343017578,103.5733642578125,0.8938390612602234,232.2079315185547,0.00010039040353149176,-0.0008488573948852718,0.011363078840076923,0.0141287287697196
14.65999984741211,30,0.03577568009495735,0.023241005837917328,9.820298194885254,108.91402435302734,-0.23689137399196625,245.73460388183594,0.0011890685418620706,-0.0005856114439666271,0.005277188960462809,0.015698587521910667
14.670000076293945,48,0.04708511754870415,0.02171521820127964,9.81362533569336,114.3943099975586,-1.4805852174758911,258.95758056640625,0.0027417733799666166,-0.003691021353006363,0.0033363078255206347,0.01726844534277916
14.680000305175781,30,0.0530938021838665,0.010486108250916004,9.816718101501465,120.3089828491211,-3.248516798019409,273.7701721191406,-0.0015906301559880376,-0.00904963817447424,0.007155605126172304,0.018315019086003304
14.6899995803833,30,0.035982873290777206,0.012560493312776089,9.808638572692871,127.6393051147461,-4.936386585235596,290.28045654296875,-0.004031232558190823,-0.009161182679235935,0.009970998391509056,0.019884876906871796
14.699999809265137,30,0.0372433140873909,0.019915131852030754,9.805545806884766,135.24110412597656,-6.163629531860352,306.1203918457031,-0.0028667037840932608,-0.005667597055435181,0.006477412302047014,0.021978022530674934
14.710000038146973,30,0.03423897549510002,0.016932131722569466,9.807439804077148,142.8855743408203,-7.2066216468811035,323.389892578125,-0.0015638595214113593,-0.003003904828801751,0.0038137200754135847,0.023547880351543427
14.720000267028809,30,0.03423897549510002,0.020806603133678436,9.804502487182617,150.98512268066406,-8.53476333618164,341.29962158203125,0.00023424426035489887,-0.006345789879560471,0.007155605126172304,0.023547880351543427
14.729999542236328,30,0.036259133368730545,0.020480873063206673,9.801948547363281,159.5966339111328,-10.457334518432617,358.5047912597656,-0.00549470167607069,-0.007510318886488676,0.008306748233735561,0.024071166291832924
14.739999771118164,31,0.041145503520965576,0.012149045243859291,9.810393333435059,167.24110412597656,-12.678215980529785,374.12860107421875,-0.0031656441278755665,-0.008674846962094307,0.008306748233735561,0.022501308470964432
14.75,30,0.041715290397405624,0.01000608503818512,9.810393333435059,173.6250762939453,-16.29743003845215,389.1368103027344,-0.0019520357018336654,-0.0098393764346838,0.008306748233735561,0.021454736590385437
14.760000228881836,30,0.03905627876520157,0.0007313538808375597,9.810393333435059,179.5462188720703,-19.844261169433594,404.4022216796875,-0.0007875069277361035,-0.005738985724747181,0.007253764662891626,0.0193615909665823
14.770000457763672,30,0.03905627876520157,0.00669735437259078,9.810393333435059,184.92308044433594,-23.471153259277344,419.24761962890625,0.001367540447972715,-0.00603346386924386,0.007079754490405321,0.0193615909665823
14.779999732971191,30,0.034325309097766876,0.017017850652337074,9.812774658203125,189.9146728515625,-27.113399505615234,433.3816833496094,0.0009124372154474258,-0.008126046508550644,0.005223647691309452,0.0193615909665823
14.789999961853027,30,0.029421672224998474,0.012149045243859291,9.805441856384277,195.15061950683594,-30.133798599243164,447.3433837890625,-0.0028488566167652607,-0.004395985044538975,0.0063569433987140656,0.020408162847161293
14.800000190734863,30,0.024414438754320145,0.004691543988883495,9.8034086227417,201.11053466796875,-32.89098358154297,461.8522644042969,0.0013273842632770538,-0.004998327232897282,0.006276631262153387,0.021978022530674934
14.8100004196167,30,0.03265047445893288,0.0054630097001791,9.807804107666016,207.39495849609375,-34.775169372558594,477.5362548828125,0.0035538203082978725,-0.007010597735643387,0.001408811891451478,0.023547880351543427
14.819999694824219,31,0.0465153306722641,0.012149045243859291,9.81086254119873,214.21717834472656,-36.55845260620117,493.71820068359375,-0.0003234801988583058,-0.008175126276910305,0.0012035693507641554,0.025117740035057068
14.829999923706055,31,0.04869088903069496,0.012149045243859291,9.823426246643066,221.59146118164062,-38.61372756958008,509.69219970703125,-0.0024517567362636328,-0.005645287688821554,0.005861684214323759,0.025641025975346565
14.84000015258789,31,0.043131131678819656,0.025949707254767418,9.804607391357422,229.4078826904297,-40.95853805541992,524.8673095703125,-0.002947016153484583,-0.002588957780972123,0.008860010653734207,0.026164311915636063
14.850000381469727,31,0.04475416615605354,0.0219209436327219,9.791888236999512,238.51841735839844,-43.978939056396484,539.9370727539062,-0.003803680883720517,-0.004552148282527924,0.0100245401263237,0.027734169736504555
14.859999656677246,31,0.04577288031578064,0.012149045243859291,9.807596206665039,247.6289520263672,-47.144107818603516,556.451416015625,-0.002639152342453599,-0.006211936008185148,0.01033240370452404,0.03035060130059719
14.869999885559082,31,0.0378994345664978,0.024012472480535507,9.821253776550293,257.34710693359375,-49.981353759765625,575.2229614257812,-0.0007428890094161034,-0.0023524826392531395,0.01063134428113699,0.03401360660791397
14.880000114440918,31,0.040351253002882004,0.028246959671378136,9.81263542175293,267.6858215332031,-52.55757522583008,595.2749633789062,0.0009302844409830868,-0.001031791209243238,0.012304517440497875,0.037153322249650955
14.890000343322754,31,0.04074837639927864,0.026498304679989815,9.808691024780273,278.4136962890625,-55.1338005065918,615.2571411132812,-0.0015995538560673594,-0.006051311735063791,0.008088120259344578,0.03976975381374359
14.899999618530273,31,0.03586200997233391,0.023326722905039787,9.80717945098877,289.5138854980469,-57.71002197265625,636.4213256835938,-0.0007919687777757645,-0.0010273292427882552,0.002707194536924362,0.04186289757490158
14.90999984741211,31,0.027712306007742882,0.015234907157719135,9.815398216247559,299.9715576171875,-60.83131790161133,658.7510375976562,-0.001840490847826004,-0.0062699392437934875,0.005620747338980436,0.042909473180770874
14.920000076293945,32,0.027936769649386406,0.012149045243859291,9.80667495727539,309.531982421875,-64.54265594482422,681.6005249023438,-0.0017869493458420038,-0.006109314505010843,0.003559397766366601,0.04238618537783623
14.930000305175781,32,0.02602020651102066,0.012149045243859291,9.814390182495117,318.42919921875,-68.86597442626953,704.1969604492188,-0.0006224204553291202,-0.002615728648379445,0.007052983622997999,0.04133961349725723
14.9399995803833,32,0.03501595929265022,0.025932565331459045,9.802626609802246,326.83514404296875,-73.69379425048828,726.0985107421875,-0.000613496929872781,-0.002588957780972123,0.003612939268350601,0.040816325694322586
14.949999809265137,33,0.0319770872592926,0.017223574221134186,9.817222595214844,334.3749084472656,-78.66856384277344,747.816650390625,-0.000613496929872781,-0.0058683776296675205,0.006678192876279354,0.040816325694322586
14.960000038146973,33,0.029421672224998474,0.01573207415640354,9.81041145324707,342.012939453125,-83.55998992919922,770.0546875,0.0014478527009487152,-0.0021472398657351732,0.007079754490405321,0.042909473180770874
14.970000267028809,33,0.04413257911801338,0.02423533797264099,9.801844596862793,350.3943176269531,-87.82079315185547,794.2763061523438,-0.0039687673561275005,-0.0023301735054701567,0.005143335089087486,0.04604918882250786
14.979999542236328,33,0.04119730368256569,0.026498304679989815,9.800697326660156,359.42987060546875,-91.8183822631836,819.0068359375,-0.004615727812051773,-0.0007774686673656106,0.00824874546378851,0.04918890818953514
14.989999771118164,33,0.04287213459610939,0.026498304679989815,9.816058158874512,369.3458251953125,-95.87847900390625,843.6183471679688,0.0007651980267837644,-0.0009782494744285941,0.012906860560178757,0.052328623831272125
15,33,0.043873582035303116,0.022640977054834366,9.820089340209961,380.8648986816406,-100.14257049560547,868.9931640625,-0.0008365866960957646,-0.005266035441309214,0.011318461038172245,0.05337519571185112
15.010000228881836,33,0.051781561225652695,0.017789315432310104,9.808152198791504,393.01226806640625,-103.518310546875,891.9302368164062,-0.0030674845911562443,-0.0046235364861786366,0.010970440693199635,0.05285191163420677
15.020000457763672,33,0.04546208307147026,0.02092660963535309,9.817691802978516,405.23980712890625,-107.0980453491211,915.3761596679688,-0.005035136826336384,-0.0012771898182108998,0.010020078159868717,0.052328623831272125
15.029999732971191,32,0.043873582035303116,0.0257782693952322,9.799498558044434,417.60308837890625,-110.74029541015625,939.0369262695312,-0.006748466286808252,-0.0036954833194613457,0.007119910791516304,0.054421767592430115
15.039999961853027,32,0.03971239924430847,0.014103424735367298,9.804224967956543,430.5610656738281,-114.27725219726562,963.0451049804688,-0.004624651279300451,-0.007496933452785015,0.007445621769875288,0.05860805884003639
15.050000190734863,32,0.03482602909207344,0.012149045243859291,9.805545806884766,444.76275634765625,-117.65737915039062,987.9945068359375,-0.00043502511107362807,-0.006091467570513487,0.009533742442727089,0.06541077792644501
15.0600004196167,32,0.03423897549510002,0.012149045243859291,9.79256534576416,459.9469909667969,-122.45448303222656,1016.582763671875,0.00102844403591007,-0.004627998452633619,0.007097601890563965,0.07378336042165756
15.069999694824219,32,0.029870595782995224,0.012149045243859291,9.795397758483887,476.9502258300781,-127.39855194091797,1048.8372802734375,-0.000613496929872781,-0.007300613913685083,0.0032024539541453123,0.08320251107215881
15.079999923706055,32,0.02054678462445736,0.016554970294237137,9.804780960083008,494.89202880859375,-133.95262145996094,1083.2366943359375,-0.000613496929872781,-0.008264361880719662,0.00529057439416647,0.09105180203914642
15.09000015258789,32,0.04682612791657448,-0.0009658705675974488,9.810080528259277,513.5552368164062,-142.323974609375,1119.4569091796875,-0.0010507529368624091,-0.0019330737413838506,0.004491913132369518,0.09680795669555664
15.100000381469727,32,0.03496416285634041,0.006885935086756945,9.801183700561523,532.7977294921875,-152.17152404785156,1157.1463623046875,-0.002598996041342616,0.0014043495757505298,0.009533742442727089,0.10047096014022827
15.109999656677246,32,0.03423897549510002,0.035035859793424606,9.828743934631348,551.8565063476562,-163.18710327148438,1194.1558837890625,0.0007071946747601032,0.0032649184577167034,0.008877858519554138,0.10465724766254425
15.119999885559082,31,0.02952527068555355,0.026704028248786926,9.801322937011719,571.194580078125,-174.5974884033203,1233.23388671875,0.0016218628734350204,-0.00022866779181640595,0.0010384829947724938,0.11250653862953186
15.130000114440918,31,0.0389181487262249,0.0028914576396346092,9.834217071533203,592.897216796875,-187.04539489746094,1275.1080322265625,-0.0065298378467559814,-0.003722253954038024,0.004532069433480501,0.12349554896354675
15.140000343322754,31,0.02983606420457363,0.02171521820127964,9.810601234436035,616.5779418945312,-200.23907470703125,1319.8577880859375,0.000051310809794813395,-0.0072158402763307095,0.0023591744247823954,0.13657771050930023
15.149999618530273,31,0.04834556207060814,0.02171521820127964,9.819567680358887,641.5824584960938,-213.90655517578125,1367.1190185546875,-0.00045733407023362815,-0.004284440539777279,0.006455102935433388,0.14756672084331512
15.15999984741211,31,0.03905627876520157,0.02171521820127964,9.805545806884766,667.8668823242188,-228.29788208007812,1416.0958251953125,-0.0016218628734350204,-0.0017992198700085282,0.008088120259344578,0.15227629244327545
15.170000076293945,45,0.03936707228422165,0.0214066319167614,9.805233001708984,693.9522094726562,-242.9425506591797,1464.9671630859375,-0.003732292214408517,-0.00419966597110033,0.005469046533107758,0.1428571492433548
15.180000305175781,32,0.04273400455713272,0.017686452716588974,9.802608489990234,701.356201171875,-247.10464477539062,1478.8426513671875,-0.0042944783344864845,-0.005042945500463247,0.0072760735638439655,0.1428571492433548
15.1899995803833,32,0.031217370182275772,0.02471536211669445,9.822678565979004,711.5914916992188,-254.67538452148438,1501.0902099609375,-0.0042944783344864845,-0.005042945500463247,0.008306748233735561,0.13239142298698425
15.199999809265137,32,0.04972686991095543,0.008908889256417751,9.801218032836914,731.8927001953125,-270.5088806152344,1546.3665771484375,-0.0042944783344864845,-0.005042945500463247,0.010582264512777328,0.12244898080825806
15.210000038146973,32,0.054216109216213226,0.02054944820702076,9.803772926330566,749.2203979492188,-286.65386962890625,1588.774169921875,-0.0063825990073382854,-0.004346905276179314,0.011291690170764923,0.11355311423540115
15.220000267028809,32,0.024604368954896927,0.010846124961972237,9.793642044067383,762.1008911132812,-300.95635986328125,1628.664794921875,-0.004807584919035435,-0.005716676823794842,0.009493586607277393,0.10622710734605789
15.229999542236328,32,0.025329554453492165,0.0033029059413820505,9.808934211730957,772.6192626953125,-313.6005859375,1667.7796630859375,-0.004124930128455162,-0.006925823632627726,0.006022308953106403,0.10099424421787262
15.239999771118164,32,0.026244670152664185,0.008943176828324795,9.804694175720215,781.3251342773438,-323.5512390136719,1706.8536376953125,-0.005222531966865063,-0.005252650007605553,0.00543335173279047,0.09314495325088501
15.25,32,0.0118790902197361,0.016074948012828827,9.82493782043457,788.20166015625,-330.6481628417969,1746.181884765625,-0.0026213049422949553,-0.004262131173163652,0.007414388936012983,0.08320251107215881
15.260000228881836,33,0.023516589775681496,0.014000562019646168,9.81836986541748,792.8908081054688,-335.4090881347656,1785.575927734375,-0.002607919741421938,-0.006577803287655115,0.005469046533107758,0.07221350073814392
15.270000457763672,33,0.040057726204395294,0.018732218071818352,9.794025421142578,794.6710205078125,-338.6071472167969,1822.91796875,-0.004936976823955774,-0.008665923960506916,0.006232013460248709,0.06959707289934158
15.279999732971191,33,0.043873582035303116,0.009491774253547192,9.807700157165527,796.5391235351562,-340.38824462890625,1856.0738525390625,-0.005713329650461674,-0.004525376949459314,0.010501952841877937,0.07692307978868484
15.289999961853027,33,0.04501315951347351,0.01919509656727314,9.812948226928711,800.5145874023438,-340.7698974609375,1889.9041748046875,-0.0016441717743873596,-0.002981595927849412,0.009926380589604378,0.09157509356737137
15.300000190734863,33,0.04748224467039108,0.024098189547657967,9.805545806884766,808.104736328125,-339.69073486328125,1924.574462890625,0.000055772485211491585,-0.00464138388633728,0.011318461038172245,0.10989011079072952
15.3100004196167,33,0.04642900079488754,0.013126234523952007,9.808116912841797,820.1021728515625,-337.3206787109375,1959.4720458984375,0.004950362723320723,-0.001290575135499239,0.005924149416387081,0.12820513546466827
15.319999694824219,33,0.04946787282824516,0.007931699976325035,9.809820175170898,835.8099975585938,-334.5668029785156,1997.1463623046875,-0.004312325734645128,-0.00014389367424882948,0.007106525357812643,0.14547356963157654
15.329999923706055,33,0.03905627876520157,0.017497872933745384,9.800124168395996,857.3690795898438,-332.7736511230469,2041.2120361328125,-0.006641383282840252,-0.0013084224192425609,0.01060011237859726,0.162742018699646
15.34000015258789,32,0.034601569175720215,0.011789027601480484,9.811887741088867,882.9902954101562,-332.92169189453125,2085.534912109375,-0.005637479014694691,-0.009138873778283596,0.008538762107491493,0.17687074840068817
15.350000381469727,32,0.024604368954896927,0.01862935535609722,9.810550689697266,911.7698974609375,-334.90899658203125,2132.1259765625,-0.0023759063333272934,-0.008902398869395256,0.00516118248924613,0.1894296109676361
15.359999656677246,32,0.019735265523195267,0.008926033042371273,9.805597305297852,943.0523681640625,-338.598388671875,2181.091796875,-0.0047986614517867565,-0.0037936423905193806,0.008569994941353798,0.2014652043581009
15.369999885559082,32,0.013536657206714153,0.010983274318277836,9.81013298034668,976.7718505859375,-344.2838439941406,2226.411865234375,-0.005521472543478012,-0.002588957780972123,0.009533742442727089,0.21768707036972046
15.380000114440918,31,0.021548230201005936,0.01600637286901474,9.806015014648438,1013.7181396484375,-352.1934509277344,2277.493896484375,-0.008965978398919106,-0.0043112109415233135,0.009533742442727089,0.23966509103775024
15.390000343322754,32,0.022774139419198036,0.006885935086756945,9.80971622467041,1054.9075927734375,-359.8651123046875,2328.635986328125,-0.00883212499320507,-0.0026469610165804625,0.007137758191674948,0.25954997539520264
15.399999618530273,32,0.025484951213002205,0.027372634038329124,9.800697326660156,1099.39111328125,-367.72320556640625,2382.946533203125,-0.005030674859881401,0.00011042870755773038,0.005852760747075081,0.27315542101860046
15.40999984741211,32,0.04211241751909256,0.03606447950005531,9.810602188110352,1146.2740478515625,-376.44879150390625,2440.307861328125,-0.003741215681657195,-0.0016029009129852057,0.004505298566073179,0.2757718563079834
15.420000076293945,32,0.047395914793014526,0.029995614662766457,9.822887420654297,1194.8350830078125,-386.771240234375,2496.86474609375,-0.004905744455754757,-0.003815951757133007,0.0027875069063156843,0.2689691185951233
15.430000305175781,32,0.04958873614668846,0.015440631657838821,9.81796932220459,1242.2728271484375,-397.78680419921875,2550.82763671875,-0.0033262690994888544,-0.0027183499187231064,0.002720579970628023,0.255886971950531
15.4399995803833,32,0.05661613121628761,0.011686165817081928,9.808673858642578,1284.8287353515625,-409.5043029785156,2604.0029296875,-0.002072504023090005,-0.0018482996383681893,0.005344115663319826,0.2380952388048172
15.449999809265137,32,0.05093551054596901,0.01470345351845026,9.805214881896973,1324.5753173828125,-419.8782653808594,2655.3681640625,-0.006837701890617609,-0.004284440539777279,0.007459007203578949,0.21978022158145905
15.460000038146973,32,0.058135565370321274,0.016743551939725876,9.801079750061035,1361.43115234375,-428.00177001953125,2705.452880859375,-0.01021081954240799,-0.005328500643372536,0.008744005113840103,0.20355834066867828
15.470000267028809,32,0.053611788898706436,0.014617735520005226,9.80299186706543,1394.3787841796875,-433.6619873046875,2755.106689453125,-0.00644952617585659,-0.0007328507490456104,0.015668712556362152,0.18785975873470306
15.479999542236328,32,0.03406631201505661,0.009800360538065434,9.822644233703613,1423.5953369140625,-436.23822021484375,2800.205322265625,-0.0045755719766020775,-0.003298383206129074,0.013540435582399368,0.1695447415113449
15.489999771118164,33,0.024604368954896927,0.0046401130966842175,9.8196382522583,1450.2249755859375,-438.8901062011719,2841.716796875,-0.0004394869029056281,-0.006095929071307182,0.004799777176231146,0.14652015268802643
15.5,33,0.024604368954896927,0.00037133650039322674,9.805180549621582,1473.10791015625,-442.103515625,2877.337890625,0.00016731733921915293,-0.005266035441309214,0.00618739565834403,0.11616954207420349
15.510000228881836,33,0.03258140757679939,0.010503252036869526,9.8114013671875,1492.3839111328125,-446.6769104003906,2906.3857421875,-0.0042944783344864845,-0.00725153461098671,0.009386503137648106,0.08215594291687012
15.520000457763672,34,0.03632820025086403,0.014223430305719376,9.803616523742676,1508.36328125,-452.8427429199219,2928.850830078125,-0.0042944783344864845,-0.0014288907404989004,0.005892917048186064,0.05180533602833748
15.529999732971191,35,0.023050399497151375,0.014926321804523468,9.805076599121094,1519.88232421875,-458.70587158203125,2944.142333984375,-0.0031433352269232273,-0.0048153940588235855,0.008155046962201595,0.03035060130059719
15.539999961853027,34,0.026434598490595818,0.011240430176258087,9.815241813659668,1527.7659912109375,-462.3777160644531,2950.525390625,0.0012872281949967146,-0.003954267594963312,0.003952035680413246,0.01151229627430439
15.550000190734863,34,0.02543315291404724,0.01610923558473587,9.806379318237305,1533.8836669921875,-464.0326843261719,2952.604736328125,-0.0012381484266370535,-0.0027897385880351067,0.005451199132949114,-0.013082155026495457
15.5600004196167,46,0.01978706568479538,0.02171521820127964,9.800697326660156,1540.446044921875,-464.12152099609375,2942.361083984375,-0.00569548225030303,-0.0035527057480067015,0.00778025621548295,-0.07692307978868484
15.569999694824219,34,0.01978706568479538,0.02171521820127964,9.809976577758789,1546.734375,-463.48980712890625,2923.712646484375,-0.001340769580565393,-0.002914668992161751,0.012813162989914417,-0.07692307978868484
15.579999923706055,46,0.02921447530388832,0.018595067784190178,9.818404197692871,1546.734375,-463.48980712890625,2923.712646484375,0.000613496929872781,-0.002588957780972123,0.014441718347370625,-0.12925170361995697
15.59000015258789,34,0.03745051100850105,0.016932131722569466,9.803929328918457,1543.0576171875,-460.89056396484375,2895.72216796875,0.000613496929872781,0.0012928044889122248,0.013665365986526012,-0.19518576562404633
15.600000381469727,33,0.05217868462204933,0.010417533107101917,9.812356948852539,1532.6943359375,-454.8037109375,2858.569091796875,0.000613496929872781,0.0006904623005539179,0.012500837445259094,-0.27315542101860046
15.609999656677246,33,0.048276495188474655,0.01734357886016369,9.803234100341797,1512.4964599609375,-444.7762756347656,2810.941162109375,0.002567763440310955,-0.002664808416739106,0.010033464059233665,-0.3474620580673218
15.619999885559082,33,0.050711046904325485,0.014926320873200893,9.809612274169922,1480.717529296875,-431.10772705078125,2751.406494140625,0.0031165643595159054,-0.0026380375493317842,0.009484662674367428,-0.41130298376083374
15.630000114440918,34,0.03955700248479843,0.022538114339113235,9.797691345214844,1437.0614013671875,-414.7291259765625,2679.09033203125,-0.0013184606796130538,-0.0008354720193892717,0.011287229135632515,-0.450549453496933
15.640000343322754,33,0.030682113021612167,0.01590351015329361,9.812478065490723,1380.0943603515625,-395.18536376953125,2593.436279296875,-0.004129392094910145,-0.00291913072578609,0.00920356996357441,-0.46781790256500244
15.649999618530273,33,0.03667352721095085,0.004948699381202459,9.801844596862793,1314.97607421875,-373.7168273925781,2501.291259765625,-0.001840490847826004,-0.007095371838659048,0.005027328617870808,-0.4631083309650421
15.65999984741211,33,0.03166629374027252,0.0025828713551163673,9.8032865524292,1246.1861572265625,-350.81597900390625,2403.898681640625,-0.001840490847826004,-0.0069481320679187775,0.005174567922949791,-0.4453165829181671
15.670000076293945,33,0.03318573161959648,0.010057516396045685,9.816909790039062,1176.4085693359375,-326.5343322753906,2304.541748046875,-0.002947016153484583,-0.009277189150452614,0.004228666890412569,-0.42386186122894287
15.680000305175781,33,0.011240236461162567,0.01976083777844906,9.800802230834961,1107.5513916015625,-300.6953430175781,2207.017822265625,-0.0054634688422083855,-0.010535416193306446,0.00686558848246932,-0.40711668133735657
15.6899995803833,33,0.013139531947672367,0.02558968961238861,9.823339462280273,1041.9974365234375,-272.5345764160156,2111.391357421875,0.0007651980267837644,-0.00613162387162447,0.005852760747075081,-0.395081102848053
15.699999809265137,33,0.03482602909207344,0.0186122115701437,9.797813415527344,978.25341796875,-242.45449829101562,2013.9453125,0.0015727831050753593,0.00309983198530972,0.005852760747075081,-0.3830455243587494
15.710000038146973,33,0.03905627876520157,0.024955373257398605,9.79913330078125,915.1234741210938,-213.3592987060547,1915.376220703125,-0.0017869493458420038,-0.002562186913564801,0.0057456777431070805,-0.3678702116012573
15.720000267028809,32,0.022618742659687996,0.0183379128575325,9.792426109313965,852.6011962890625,-186.77560424804688,1815.176513671875,0.0005421081441454589,-0.0013976582558825612,0.001087562763132155,-0.3469387888908386
15.729999542236328,32,0.049036215990781784,0.021080901846289635,9.786796569824219,791.1829223632812,-164.0337677001953,1713.4117431640625,0.003999999724328518,-0.001361963921226561,-0.00018404910224489868,-0.32077446579933167
15.739999771118164,32,0.04926067590713501,0.013280527666211128,9.794702529907227,732.2262573242188,-147.33273315429688,1612.5772705078125,0.00002900149775086902,-0.004561071749776602,0.005049637518823147,-0.29304030537605286
15.75,32,0.04437430575489998,0.020720884203910828,9.795849800109863,676.275390625,-135.56700134277344,1515.1285400390625,-0.0016174011398106813,-0.004039041697978973,0.0038449526764452457,-0.2679225504398346
15.760000228881836,32,0.043873582035303116,0.02171521820127964,9.80467700958252,623.75048828125,-127.02127075195312,1421.4747314453125,-0.003723368514329195,-0.004757390823215246,0.007164528593420982,-0.2469910979270935
15.770000457763672,31,0.03941887244582176,0.02171521820127964,9.796579360961914,574.9437866210938,-120.2237319946289,1331.8236083984375,-0.0016575570916756988,-0.003284998005256057,0.010943670757114887,-0.22762951254844666
15.779999732971191,46,0.030008727684617043,0.012731930240988731,9.841376304626465,529.9612426757812,-113.8868179321289,1245.45556640625,0.001019520335830748,-0.005854992661625147,0.009538204409182072,-0.2114076465368271
15.789999961853027,31,0.0340145118534565,0.0030286069959402084,9.784241676330566,488.8067321777344,-107.13533020019531,1160.4664306640625,-0.0019297265680506825,-0.007496933452785015,0.008306748233735561,-0.19623233377933502
15.800000190734863,31,0.015591349452733994,0.007211665157228708,9.814146995544434,452.306396484375,-98.98003387451172,1083.24755859375,-0.0042944783344864845,-0.007496933452785015,0.006232013460248709,-0.18210360407829285
15.8100004196167,31,0.024431705474853516,0.016760695725679398,9.800957679748535,418.3878479003906,-90.47268676757812,1006.376220703125,-0.0036653652787208557,-0.005609593819826841,0.005883993115276098,-0.16902145743370056
15.819999694824219,30,0.03890088200569153,0.012166189029812813,9.815085411071777,387.1971435546875,-82.22417449951172,932,-0.0030674845911562443,-0.003815951757133007,0.006513106636703014,-0.15698586404323578
15.829999923706055,30,0.02954253740608692,0.011909034103155136,9.805180549621582,358.2766418457031,-74.4944076538086,860.8713989257812,-0.002563301706686616,-0.004320134408771992,0.0033318460918962955,-0.14547356963157654
15.84000015258789,30,0.03423897549510002,0.0031486127991229296,9.791192054748535,330.6981201171875,-67.23623657226562,792.5006713867188,-0.004049079958349466,-0.003276074305176735,0.0010429448448121548,-0.13553114235401154
15.850000381469727,30,0.03449797257781029,0.016932131722569466,9.796110153198242,304.4136962890625,-60.4847526550293,728.3433227539062,-0.008733965456485748,-0.0031689913012087345,0.004157278221100569,-0.12715855240821838
15.859999656677246,30,0.03905627876520157,0.017909321933984756,9.801027297973633,279.4945068359375,-53.660884857177734,665.9917602539062,-0.008845509961247444,-0.009000558406114578,0.006803123280405998,-0.11826269328594208
15.869999885559082,30,0.03905627876520157,0.030492784455418587,9.807144165039062,255.55397033691406,-46.614383697509766,606.3009033203125,-0.003785833716392517,-0.007032906170934439,0.008262130431830883,-0.10884353518486023
15.880000114440918,30,0.03812389820814133,0.02171521820127964,9.822591781616211,232.6399383544922,-39.75652313232422,549.5786743164062,-0.0010730619542300701,-0.009950920939445496,0.004358059260994196,-0.09890110045671463
15.890000343322754,30,0.03102743998169899,0.021183764562010765,9.801236152648926,210.96315002441406,-33.64663314819336,495.8249206542969,0.0024205241352319717,-0.009045176208019257,0.009145566262304783,-0.08843537420034409
15.899999618530273,31,0.04266493767499924,0.017532160505652428,9.804329872131348,190.9618682861328,-28.405349731445312,445.5184631347656,-0.0031344115268439054,-0.0015627447282895446,0.005919687449932098,-0.07849293202161789
15.90999984741211,32,0.03289220482110977,0.02171521820127964,9.799238204956055,173.07174682617188,-23.397672653198242,399.2913818359375,-0.004298940300941467,-0.005025098100304604,0.007070831023156643,-0.06959707289934158
15.920000076293945,34,0.023861916735768318,0.020240861922502518,9.816352844238281,156.95797729492188,-18.993196487426758,357.6224365234375,-0.005463469307869673,-0.0003669834404718131,0.004741773474961519,-0.061747774481773376
15.930000305175781,35,0.023844651877880096,0.01295479852706194,9.797483444213867,142.4369659423828,-15.232503890991211,319.5294189453125,-0.005521472543478012,0.0009715553023852408,-0.0020133855286985636,-0.05546833947300911
15.9399995803833,36,0.04475416615605354,0.01430914830416441,9.80820369720459,129.41305541992188,-12.0070161819458,284.0191650390625,-0.003433351870626211,-0.00412827730178833,0.005616285372525454,-0.04971219226717949
15.949999809265137,37,0.045841947197914124,0.0025828713551163673,9.812443733215332,118.20813751220703,-9.07545280456543,251.4418487548828,-0.004049079492688179,-0.008969325572252274,0.009042944759130478,-0.04447932913899422
15.960000038146973,39,0.033220261335372925,0.006628779694437981,9.788481712341309,107.5927505493164,-6.894052982330322,222.6073760986328,-0.0015370885375887156,-0.005355271510779858,0.011372002772986889,-0.04029304161667824
15.970000267028809,40,0.03268500789999962,0.018475063145160675,9.817431449890137,98.12152099609375,-4.94954776763916,196.12448120117188,0.00024316787312272936,-0.0055292812176048756,0.0077044060453772545,-0.03610675036907196
15.979999542236328,41,0.04155989736318588,0.007365958299487829,9.823773384094238,89.70523071289062,-3.4174134731292725,171.72366333007812,-0.0009749024175107479,-0.007064139004796743,0.008235359564423561,-0.03244374692440033
15.989999771118164,42,0.03546488285064697,0.007365958299487829,9.813920974731445,82.25080108642578,-2.1375277042388916,149.48153686523438,-0.00037702181725762784,-0.0031065260991454124,0.012460680678486824,-0.0287807434797287
16,42,0.03517135605216026,0.007365958299487829,9.795849800109863,75.75823974609375,-0.4496574401855469,129.86866760253906,-0.0013943110825493932,-0.002812047488987446,0.011764640919864178,-0.025641025975346565
16.010000228881836,43,0.021876290440559387,0.010074659250676632,9.804086685180664,69.05623626708984,0.08335429430007935,112.36114501953125,-0.0030674845911562443,-0.0032225328031927347,0.011354154907166958,-0.023547880351543427
16.020000457763672,43,0.0207021813839674,0.022623833268880844,9.817726135253906,63.79702377319336,0.7523607015609741,95.61695861816406,-0.0008901281980797648,-0.0019063029903918505,0.011037367396056652,-0.021454736590385437
16.030000686645508,43,0.031234636902809143,0.03457297757267952,9.806744575500488,59.53587341308594,0.9442887306213379,80.98905181884766,-0.00008700496255187318,-0.0035527057480067015,0.007343000266700983,-0.0193615909665823
16.040000915527344,44,0.027746837586164474,0.026601167395710945,9.816926956176758,55.82805252075195,0.9409985542297363,67.9589614868164,-0.0030674845911562443,-0.003365310374647379,0.006691578309983015,-0.017791731283068657
16.049999237060547,44,0.03587927669286728,0.016932131722569466,9.816996574401855,52.3193244934082,1.5354270935058594,54.95759201049805,-0.003781371982768178,-0.00013497007603291422,0.008306748233735561,-0.016745159402489662
16.059999465942383,44,0.0322188176214695,0.01862935535609722,9.819464683532715,49.59663772583008,1.7130976915359497,44.76333999633789,-0.005521472543478012,-0.00013497007603291422,0.009190184064209461,-0.015698587521910667
16.06999969482422,44,0.02512235939502716,0.016417820006608963,9.80248737335205,46.35423278808594,2.1112112998962402,34.385772705078125,-0.005057445727288723,-0.0008310102275572717,0.012219743803143501,-0.014652014710009098
16.079999923706055,45,0.03239148110151291,0.009200331754982471,9.798108100891113,43.49967575073242,2.450101375579834,23.96990394592285,-0.0027283881790935993,-0.004155048169195652,0.01270607952028513,-0.013605441898107529
16.09000015258789,45,0.029421672224998474,0.01024609711021185,9.80737018585205,41.136390686035156,2.589386224746704,14.704513549804688,-0.00029224762693047523,-0.006377022247761488,0.009533742442727089,-0.013082155957818031
16.100000381469727,45,0.027436044067144394,0.007365958299487829,9.821496963500977,39.042015075683594,2.5444202423095703,7.502051830291748,0.0028443948831409216,-0.0075415512546896935,0.009667596779763699,-0.012558870017528534
16.110000610351562,44,0.020494984462857246,0.007365958299487829,9.80205249786377,36.94763946533203,2.8109259605407715,0.2995889186859131,-0.002978248754516244,-0.008706079795956612,0.013161182403564453,-0.012035583145916462
16.1200008392334,44,0.02134103514254093,0.01580064930021763,9.808256149291992,34.76018142700195,2.4457144737243652,-6.410397052764893,-0.0019208032172173262,-0.00528388237580657,0.010921360924839973,-0.010989011265337467
16.1299991607666,44,0.03819296509027481,0.0243210569024086,9.80775260925293,33.04072189331055,2.4084255695343018,-12.696307182312012,-0.0072615728713572025,-0.005042945500463247,0.005339654162526131,-0.010465724393725395
16.139999389648438,44,0.04869088903069496,0.012731929309666157,9.808116912841797,31.310922622680664,2.287785053253174,-18.232559204101562,-0.004910205956548452,-0.005042945500463247,0.0025822643656283617,-0.010465724393725395
16.149999618530273,43,0.04635993391275406,0.014154855161905289,9.807891845703125,29.391077041625977,1.853479266166687,-22.97674560546875,0.0014612381346523762,-0.0021650870330631733,0.004090351518243551,-0.0094191525131464
16.15999984741211,43,0.03667352721095085,0.026498304679989815,9.815223693847656,28.239171981811523,1.853479266166687,-27.630643844604492,0.0030674845911562443,-0.005846069194376469,0.007316229864954948,-0.009942438453435898
16.170000076293945,43,0.03435983881354332,0.03140139952301979,9.810150146484375,27.087265014648438,1.7690309286117554,-31.652530670166016,0.002233128761872649,-0.001656442298553884,0.00580368097871542,-0.008895865641534328
16.18000030517578,43,0.04413257911801338,0.03354435786604881,9.810914993286133,26.31027603149414,1.7438061237335205,-34.21340560913086,0.002612381475046277,-0.0012236483162268996,0.00539765739813447,-0.008372579701244831
16.190000534057617,42,0.0512981042265892,0.026104001328349113,9.820089340209961,25.42986297607422,1.8293511867523193,-37.488372802734375,0.0023580591659992933,-0.002588957780972123,0.0037244840059429407,-0.008372579701244831
16.200000762939453,42,0.04815563187003136,0.019057948142290115,9.803929328918457,24.5623779296875,1.8315447568893433,-41.75923538208008,0.0005465700523927808,-0.002588957780972123,-0.0004160625394433737,-0.007849293760955334
16.209999084472656,42,0.041128236800432205,0.00875459611415863,9.804816246032715,24.549449920654297,1.3040167093276978,-44.84678649902344,-0.002951477887108922,-0.002588957780972123,-0.0039051868952810764,-0.007849293760955334
16.219999313354492,41,0.030613048002123833,0.00817171111702919,9.803912162780762,23.502260208129883,1.2151814699172974,-46.730506896972656,-0.00395538192242384,-0.004155048169195652,-0.0010139429941773415,-0.007849293760955334
16.229999542236328,40,0.03325479477643967,0.015012039802968502,9.798751831054688,22.94375991821289,1.057252049446106,-49.906978607177734,-0.001840490847826004,-0.0035125494468957186,0.007842721417546272,-0.007326007355004549
16.239999771118164,40,0.036103736609220505,0.011068993248045444,9.809611320495605,22.468000411987305,0.7830691337585449,-52.67031478881836,-0.003031790489330888,0.0002978241245727986,0.014406023547053337,-0.007326007355004549
16.25,40,0.022152550518512726,0.0013656700029969215,9.815241813659668,22.009048461914062,0.5648195147514343,-54.502052307128906,-0.004517568275332451,-0.003035137429833412,0.014218628406524658,-0.006802720949053764
16.260000228881836,39,0.018060434609651566,0.0008685032371431589,9.815241813659668,21.65610694885254,0.6404939889907837,-55.7619743347168,-0.001840490847826004,-0.006408255081623793,0.004630228504538536,-0.006802720949053764
16.270000457763672,39,0.029266275465488434,-0.0005544222076423466,9.821601867675781,20.818357467651367,0.5516586899757385,-57.53488540649414,-0.0005822643870487809,-0.0027986622881144285,-0.002495259279385209,-0.006279435008764267
16.280000686645508,38,0.03101017326116562,0.017034992575645447,9.82493782043457,21.035551071166992,0.08993465453386307,-59.679893493652344,0.004932515323162079,-0.003815951757133007,0.005214724224060774,-0.006802720949053764
16.290000915527344,38,0.03271954134106636,0.019949419423937798,9.805024147033691,20.630897521972656,-0.12063781172037125,-61.2257194519043,0.0004439486947376281,-0.0035616294480860233,0.009618517011404037,-0.006802720949053764
16.299999237060547,38,0.04770670831203461,0.026961185038089752,9.806015014648438,19.99870491027832,-0.1535397619009018,-62.867305755615234,-0.0018851087661460042,-0.00011266109504504129,0.010604573413729668,-0.006802720949053764
16.309999465942383,38,0.04320019856095314,0.02104661613702774,9.80347728729248,19.865543365478516,-0.23031099140644073,-65.06977081298828,-0.004214166197925806,0.001051867613568902,0.0024528722278773785,-0.006802720949053764
16.31999969482422,38,0.03905627876520157,0.023892465978860855,9.818334579467773,19.551387786865234,-0.23031099140644073,-65.06977081298828,0.0002030118921538815,-0.00003234875839552842,0.007793641649186611,-0.006279435008764267
16.329999923706055,39,0.03905627876520157,0.00875459611415863,9.810550689697266,19.425983428955078,-0.23031099140644073,-65.96853637695312,0.0016754044918343425,-0.0011968774488195777,0.0019353039097040892,-0.006279435008764267
16.34000015258789,39,0.04269947111606598,0.020669452846050262,9.801878929138184,19.321264266967773,-0.11186396330595016,-67.18741607666016,0.001840490847826004,0.0006369206239469349,0.002943669678643346,-0.006279435008764267
16.350000381469727,39,0.03644906356930733,0.019126523286104202,9.804433822631836,19.171297073364258,-0.16450707614421844,-68.51709747314453,-0.0009704406256787479,-0.0007819304591976106,-0.0003491354873403907,-0.006279435008764267
16.360000610351562,39,0.04180162400007248,0.0019142677774652839,9.801739692687988,19.003231048583984,-0.5023004412651062,-69.6279067993164,0.0007830451941117644,0.003010595915839076,0.004612381104379892,-0.006279435008764267
16.3700008392334,39,0.04772397503256798,0.009268906898796558,9.812322616577148,19.003231048583984,-0.7688062787055969,-69.84951782226562,-0.000595649762544781,-0.001723369350656867,0.009515895508229733,-0.006279435008764267
16.3799991607666,39,0.044771432876586914,0.012149045243859291,9.79157543182373,18.801549911499023,-0.5220416188240051,-71.35157775878906,-0.00034132745349779725,-0.002044618595391512,0.013009482063353062,-0.006279435008764267
16.389999389648438,39,0.03190802410244942,0.01610923558473587,9.794181823730469,18.287006378173828,-0.6437788605690002,-71.3693618774414,-0.003509202506393194,-0.0008220866438932717,0.010319018736481667,-0.006279435008764267
16.399999618530273,39,0.03347925841808319,0.012903367169201374,9.791766166687012,17.968971252441406,-0.6909383535385132,-72.29275512695312,-0.005499163176864386,-0.002611266914755106,0.0077044060453772545,-0.006279435008764267
16.40999984741211,39,0.021859023720026016,0.008051705546677113,9.824225425720215,17.968971252441406,-0.6053932309150696,-74.18468475341797,-0.0014835470356047153,-0.0026915790513157845,0.009431120939552784,-0.005756148602813482
16.420000076293945,39,0.01978706568479538,0.007365958299487829,9.808673858642578,17.961214065551758,-0.7786768674850464,-74.4952163696289,0.0013407696969807148,-0.0018616850720718503,0.011260458268225193,-0.005756148602813482
16.43000030517578,39,0.03684619069099426,0.0200694240629673,9.809837341308594,17.647056579589844,-0.7786768674850464,-73.9411849975586,0.0001762409374350682,-0.0004026778624393046,0.007615170907229185,-0.006279435008764267
16.440000534057617,39,0.03905627876520157,0.02171521820127964,9.810393333435059,17.746604919433594,-0.6382952332496643,-74.7004165649414,-0.000613496929872781,0.003546011634171009,0.003840490709990263,-0.006279435008764267
16.450000762939453,39,0.02584754303097725,0.017343580722808838,9.832548141479492,17.54880142211914,-0.6086834073066711,-75.1928939819336,-0.000613496929872781,0.001984383212402463,0.011653095483779907,-0.005756148602813482
16.459999084472656,39,0.011188437230885029,0.03913319855928421,9.81213092803955,17.126049041748047,-0.868608832359314,-75.47743225097656,-0.0003636363544501364,-0.0028388183563947678,0.006330172996968031,-0.006279435008764267
16.469999313354492,39,0.02831662818789482,0.022812413051724434,9.824103355407715,16.934711456298828,-1.390653133392334,-76.28728485107422,0.000051310671551618725,-0.0028789746575057507,0.003773563774302602,-0.005756148602813482
16.479999542236328,39,0.04786210507154465,0.012560493312776089,9.811018943786621,16.934711456298828,-0.8576415181159973,-76.28728485107422,-0.002942554419860244,0.001819296507164836,0.006477412302047014,-0.005756148602813482
16.489999771118164,38,0.03933253884315491,0.016794981434941292,9.796266555786133,16.934711456298828,-1.0057003498077393,-77.41998291015625,-0.0015906302724033594,-0.0027138879522681236,0.011675405316054821,-0.006279435008764267
16.5,38,0.053300995379686356,0.016932131722569466,9.795849800109863,16.740787506103516,-1.3818793296813965,-77.79207611083984,0.0030674845911562443,-0.005042945500463247,0.005852760747075081,-0.006279435008764267
16.510000228881836,38,0.034446172416210175,0.01686355657875538,9.805476188659668,16.58694076538086,-1.5880649089813232,-78.1641616821289,0.0042320131324231625,-0.0003848306369036436,0.008181817829608917,-0.006279435008764267
16.520000457763672,37,0.04855275899171829,0.012423344887793064,9.800558090209961,16.66063117980957,-1.4235550165176392,-79.46102142333984,-0.0012158394092693925,-0.00013497007603291422,0.008306748233735561,-0.005756148602813482
16.530000686645508,37,0.043873582035303116,0.020892322063446045,9.796475410461426,16.5559139251709,-1.3347197771072388,-80.569091796875,-0.0008008923032321036,-0.004293364007025957,0.010385945439338684,-0.005756148602813482
16.540000915527344,37,0.04359732195734978,0.00340576795861125,9.81067180633545,16.451194763183594,-1.1647264957427979,-79.65253448486328,-0.004522030241787434,-0.006020078901201487,0.011737870052456856,-0.006279435008764267
16.549999237060547,36,0.0380202978849411,0.016932131722569466,9.814546585083008,16.34647560119629,-1.2283368110656738,-79.59781646728516,-0.0018627999816089869,-0.0062699392437934875,0.0055850534699857235,-0.005756148602813482
16.559999465942383,36,0.02418997697532177,0.01610923558473587,9.80471134185791,16.241758346557617,-1.208595633506775,-80.238037109375,0.0010909091215580702,-0.004565533250570297,-0.000862241955474019,-0.005756148602813482
16.56999969482422,36,0.02220434881746769,0.008806027472019196,9.798282623291016,16.18099594116211,-1.0539565086364746,-81.00820922851562,0.0010507529368624091,-0.0014467381406575441,0.005161182023584843,-0.005756148602813482
16.579999923706055,35,0.04276853799819946,0.022812414914369583,9.819533348083496,16.28571319580078,-1.3204623460769653,-81.34062957763672,-0.0015683211386203766,-0.00013497007603291422,0.0073519241996109486,-0.005756148602813482
16.59000015258789,34,0.03423897549510002,0.029429875314235687,9.81836986541748,16.288299560546875,-1.3270426988601685,-81.24076843261719,-0.001737869461067021,-0.0007997776847332716,0.00651756813749671,-0.005232862196862698
16.600000381469727,34,0.034929629415273666,0.016932131722569466,9.836701393127441,16.288299560546875,-1.5902583599090576,-81.70452117919922,-0.0024205241352319717,-0.0019643064588308334,0.005272727459669113,-0.005756148602813482
16.610000610351562,34,0.04057571664452553,0.016932131722569466,9.819324493408203,16.129281997680664,-1.8107013702392578,-82.25718688964844,-0.0032147238962352276,-0.0036687124520540237,0.003938650246709585,-0.005756148602813482
16.6200008392334,33,0.05034845694899559,0.016932131722569466,9.814408302307129,16.014219284057617,-1.8271524906158447,-82.39945983886719,-0.0023179028648883104,-0.005520357750356197,0.005103179253637791,-0.005756148602813482
16.6299991607666,32,0.05563194677233696,0.016040660440921783,9.813104629516602,16.433095932006836,-1.6494818925857544,-81.75923919677734,-0.0005778025952167809,-0.0037802571896463633,0.006267707794904709,-0.005756148602813482
16.639999389648438,32,0.04290666803717613,0.013109090737998486,9.820072174072266,16.851970672607422,-1.471811294555664,-81.75923919677734,0.002532069105654955,0.000034578148188302293,0.007784718181937933,-0.005756148602813482
16.649999618530273,32,0.03905627876520157,0.01590351201593876,9.80278205871582,16.68260955810547,-1.935728907585144,-82.91519165039062,-0.0024205243680626154,-0.0034590079449117184,0.009533742442727089,-0.005756148602813482
16.65999984741211,32,0.04126637056469917,0.014343436807394028,9.8081693649292,16.308984756469727,-2.002629518508911,-82.84542083740234,-0.0038393752183765173,-0.005359733011573553,0.009078639559447765,-0.005756148602813482
16.670000076293945,31,0.04869088903069496,0.02171521820127964,9.800697326660156,16.13445281982422,-1.6176766157150269,-81.84815979003906,-0.0020055773202329874,-0.0011968774488195777,0.007244840729981661,-0.005756148602813482
16.68000030517578,31,0.04744771495461464,0.018012182787060738,9.804450988769531,16.40723991394043,-1.252465009689331,-81.4582748413086,-0.002964863320812583,-0.00044283398892730474,0.008409369736909866,-0.005756148602813482
16.690000534057617,31,0.0399368591606617,0.007365958299487829,9.809959411621094,16.302520751953125,-1.6078060865402222,-82.56635284423828,-0.0020412716548889875,-0.003976576495915651,0.009413274005055428,-0.005756148602813482
16.700000762939453,31,0.03356558829545975,0.0059944638051092625,9.795849800109863,15.926308631896973,-1.5025197267532349,-83.48291015625,-0.007863915525376797,-0.008634691126644611,0.005919687915593386,-0.005756148602813482
16.709999084472656,31,0.043873582035303116,0.006903078872710466,9.798768997192383,16.100839614868164,-1.7163825035095215,-83.1135482788086,0.00002007781404245179,0.0015560503816232085,0.0024261013604700565,-0.005756148602813482
16.719999313354492,30,0.042354144155979156,0.01844077557325363,9.805545806884766,16.376211166381836,-1.774509310722351,-82.39945983886719,0.0016932516591623425,-0.0030797552317380905,0.005411042831838131,-0.005756148602813482
16.729999542236328,30,0.03270227089524269,0.018560780212283134,9.807144165039062,16.27149200439453,-1.4268453121185303,-82.23529815673828,0.0008232013205997646,-0.003815951757133007,0.00788733921945095,-0.005756148602813482
16.739999771118164,30,0.02144463360309601,0.012149045243859291,9.812061309814453,16.16677474975586,-2.048692226409912,-81.79206848144531,-0.00034132739529013634,-0.00477077579125762,0.0063970996998250484,-0.005756148602813482
16.75,31,0.028057632967829704,0.013863413594663143,9.810029029846191,15.965093612670898,-1.765735387802124,-82.68263244628906,-0.0015058561693876982,-0.006827664095908403,0.004960401449352503,-0.005756148602813482
16.760000228881836,31,0.03423897549510002,0.016932131722569466,9.809733390808105,16.04524803161621,-2.024564027786255,-83.52667999267578,-0.00018070278747472912,-0.009986615739762783,0.004625767003744841,-0.005756148602813482
16.770000457763672,31,0.028644688427448273,0.016932131722569466,9.817431449890137,16.15901756286621,-2.192363977432251,-83.89740753173828,-0.00015393196372315288,-0.007340770680457354,0.0038583381101489067,-0.005756148602813482
16.780000686645508,30,0.023654721677303314,0.016932131722569466,9.805545806884766,16.04266357421875,-2.083787679672241,-83.66348266601562,-0.004138315562158823,-0.0015181268099695444,0.00692359171807766,-0.005756148602813482
16.790000915527344,30,0.02541588619351387,0.020909463986754417,9.813608169555664,15.519068717956543,-2.5279641151428223,-82.99864196777344,-0.003535973373800516,-0.0014779706252738833,0.011461238376796246,-0.005756148602813482
16.799999237060547,48,0.021859023720026016,0.018269337713718414,9.820767402648926,15.926307678222656,-2.1824934482574463,-83.97537994384766,0.0005465699941851199,-0.003815951757133007,0.010894590057432652,-0.005756148602813482
16.809999465942383,31,0.03530948981642723,0.009491775184869766,9.815241813659668,15.793147087097168,-2.295456886291504,-85.38987731933594,0.0002877858350984752,-0.0007105417316779494,0.007789180148392916,-0.005756148602813482
16.81999969482422,31,0.04869088903069496,0.014343435876071453,9.817465782165527,15.750483512878418,-2.147397994995117,-85.56224822998047,-0.0032058004289865494,0.0012704958207905293,0.007079754490405321,-0.005756148602813482
16.829999923706055,31,0.0395742729306221,0.014669166877865791,9.806326866149902,15.87071704864502,-1.891859531402588,-85.17784118652344,-0.004343558568507433,-0.0018036817200481892,0.0082576684653759,-0.005756148602813482
16.84000015258789,31,0.03176989033818245,0.016812125220894814,9.798090934753418,15.771169662475586,-2.3053274154663086,-86.50889587402344,-0.001840490847826004,-0.0007953158346936107,0.010100390762090683,-0.005756148602813482
16.850000381469727,32,0.03907354548573494,0.016914987936615944,9.805545806884766,15.771169662475586,-2.127656936645508,-85.73324584960938,-0.0013050753623247147,-0.003392081009224057,0.006968209519982338,-0.005756148602813482
16.860000610351562,33,0.043873582035303116,0.012149045243859291,9.803043365478516,15.771169662475586,-2.0223705768585205,-86.67305755615234,-0.0000022308784082269995,-0.00565421162173152,0.0015560511965304613,-0.005756148602813482
16.8700008392334,34,0.04131816700100899,0.017223574221134186,9.803269386291504,15.710406303405762,-2.191267251968384,-86.7811279296875,-0.0029247072525322437,-0.0027317353524267673,-0.0005097602843306959,-0.005756148602813482
16.8799991607666,34,0.03118283674120903,0.02171521820127964,9.805545806884766,15.678086280822754,-2.3623576164245605,-86.38851165771484,-0.0015192416030913591,-0.003896264126524329,0.007240379229187965,-0.005756148602813482
16.889999389648438,34,0.02191082201898098,0.024389632046222687,9.802834510803223,15.840982437133789,-2.2241692543029785,-86.7086181640625,0.003049637423828244,-0.005025098100304604,0.009480200707912445,-0.005756148602813482
16.899999618530273,34,0.025312287732958794,0.026498304679989815,9.795137405395508,16.46929359436035,-2.4018397331237793,-86.93023681640625,0.0018851087661460042,-0.003860569791868329,0.005986614618450403,-0.005756148602813482
16.90999984741211,34,0.03508502617478371,0.026498304679989815,9.80525016784668,16.17970085144043,-2.5016424655914307,-86.37483215332031,-0.004878974054008722,-0.0015761300455778837,0.003612939268350601,-0.005756148602813482
16.920000076293945,34,0.04195702075958252,0.014977751299738884,9.812322616577148,16.365867614746094,-2.2482974529266357,-86.20793914794922,-0.0012916900450363755,-0.0024194095749408007,0.004456218797713518,-0.005756148602813482
16.93000030517578,34,0.04090377315878868,0.01621209643781185,9.822348594665527,16.420166015625,-1.9850817918777466,-86.27360534667969,-0.000613496929872781,-0.005573899019509554,0.004625767003744841,-0.005756148602813482
16.940000534057617,34,0.023861916735768318,0.015680642798542976,9.802261352539062,15.936651229858398,-2.0464987754821777,-86.08208465576172,0.0003190184070263058,-0.0034723933786153793,0.0036932516377419233,-0.005756148602813482
16.950000762939453,34,0.0274015124887228,0.012149045243859291,9.811176300048828,16.146089553833008,-2.4018397331237793,-84.97401428222656,-0.0019966536201536655,0.000021192876374698244,0.006008923519402742,-0.005756148602813482
16.959999084472656,34,0.03423897549510002,0.005840171128511429,9.815345764160156,15.765997886657715,-2.2570712566375732,-86.36116027832031,-0.002259899629279971,-0.000523146300110966,0.004656999371945858,-0.005756148602813482
16.969999313354492,34,0.03423897549510002,0.0025828713551163673,9.810393333435059,15.789268493652344,-2.266941785812378,-86.58687591552734,-0.001840490847826004,-0.002107083797454834,0.0071243722923099995,-0.006279435008764267
16.979999542236328,34,0.03423897549510002,0.012457631528377533,9.803720474243164,15.998706817626953,-2.105722188949585,-86.30643463134766,-0.0025231456384062767,-0.003954267129302025,0.009533742442727089,-0.005756148602813482
16.989999771118164,34,0.04100737348198891,0.013571970164775848,9.810914993286133,16.18358039855957,-1.8490869998931885,-86.21477508544922,-0.0024472950026392937,-0.003182376502081752,0.012014500796794891,-0.005756148602813482
17,34,0.03696705400943756,0.008720309473574162,9.811765670776367,16.288299560546875,-2.204428195953369,-86.54720306396484,-0.0035136642400175333,-0.0035928618162870407,0.011095371097326279,-0.005756148602813482
17.010000228881836,33,0.03423897549510002,0.010863268747925758,9.79621410369873,16.078861236572266,-2.38209867477417,-86.65800476074219,-0.002054657321423292,-0.0062699392437934875,0.007575013674795628,-0.005756148602813482
17.020000457763672,33,0.04501316323876381,0.008583159185945988,9.794615745544434,15.949579238891602,-2.2197823524475098,-87.36251831054688,0.0013363078469410539,-0.007135527674108744,0.008306748233735561,-0.005232862196862698
17.030000686645508,32,0.03770950809121132,0.014634878374636173,9.803216934204102,16.06722640991211,-2.0004360675811768,-88.01367950439453,-0.00221081986092031,-0.009464585222303867,0.007936418987810612,-0.005756148602813482
17.040000915527344,32,0.023050399497151375,0.03174427151679993,9.80179214477539,16.257272720336914,-2.0333380699157715,-87.8331069946289,-0.0027596207801252604,-0.010254323482513428,0.006464026868343353,-0.005756148602813482
17.049999237060547,31,0.02358565665781498,0.032292868942022324,9.815988540649414,16.165481567382812,-2.4840948581695557,-86.24624633789062,-0.001840490847826004,-0.00725153461098671,0.00536196306347847,-0.006279435008764267
17.059999465942383,31,0.02847202494740486,0.027441207319498062,9.812304496765137,16.270200729370117,-1.6845773458480835,-85.80301666259766,-0.001840490847826004,-0.00535527104511857,0.007940880954265594,-0.005756148602813482
17.06999969482422,30,0.029421672224998474,0.030407065525650978,9.826241493225098,16.20168113708496,-1.987275242805481,-85.35978698730469,-0.001840490847826004,-0.0003759070532396436,0.006093697622418404,-0.005756148602813482
17.079999923706055,30,0.029421672224998474,0.011394723318517208,9.809629440307617,16.096961975097656,-2.520286798477173,-85.63885498046875,-0.0020145007874816656,-0.0027049644850194454,0.008596764877438545,-0.005756148602813482
17.09000015258789,29,0.04164622724056244,0.02354959212243557,9.805545806884766,16.17970085144043,-2.7670514583587646,-86.01779174804688,-0.005508087109774351,-0.005034022033214569,0.014419409446418285,-0.005756148602813482
17.100000381469727,28,0.04801750183105469,0.026498304679989815,9.809715270996094,16.521007537841797,-2.577316999435425,-85.75376892089844,-0.0008812048472464085,-0.0027228116523474455,0.013281650841236115,-0.005756148602813482
17.110000610351562,26,0.04869088903069496,0.009766073897480965,9.806154251098633,16.31157112121582,-2.9326579570770264,-85.97538757324219,0.0015817065723240376,-0.004784161224961281,0.008824316784739494,-0.005756148602813482
17.1200008392334,24,0.04012678936123848,0.011617591604590416,9.809854507446289,16.38138198852539,-2.3404228687286377,-86.49247741699219,-0.003335192333906889,-0.005042945500463247,0.005201338790357113,-0.005232862196862698
17.1299991607666,22,0.043407391756772995,-0.005131784826517105,9.819150924682617,16.41758155822754,-2.3853888511657715,-86.46649169921875,0.0005688790697604418,-0.005042945500463247,0.006571109872311354,-0.005756148602813482
17.139999389648438,48,0.043873582035303116,-0.006983302533626556,9.820089340209961,16.5054931640625,-2.6058318614959717,-85.8550033569336,0.000020078139641555026,-0.005042945500463247,0.00434913532808423,-0.005756148602813482
17.149999618530273,16,0.043873582035303116,0.015303482301533222,9.811053276062012,16.676145553588867,-2.533447742462158,-85.04241180419922,0.0010819855378940701,-0.003347462974488735,0.0033987730275839567,-0.005756148602813482
17.15999984741211,48,0.043873582035303116,0.016932131722569466,9.810393333435059,16.676145553588867,-2.533447742462158,-85.04241180419922,0.001840490847826004,-0.002588957780972123,0.0033987730275839567,-0.005756148602813482
17.170000076293945,24,0.034618835896253586,0.026121143251657486,9.815051078796387,16.57659912109375,-2.533447742462158,-85.25308227539062,-0.0003279420197941363,-0.00042052491335198283,0.006290016695857048,-0.005756148602813482
17.18000030517578,26,0.024846097454428673,0.012509062886238098,9.786883354187012,16.546863555908203,-2.533447742462158,-85.31600952148438,-0.001840490847826004,0.001092023798264563,0.008306748233735561,-0.005756148602813482
17.190000534057617,28,0.024621635675430298,0.021595211699604988,9.82924747467041,16.345182418823242,-2.1484949588775635,-85.26265716552734,-0.0030362519901245832,-0.0018973794067278504,0.00770886754617095,-0.005756148602813482
17.200000762939453,30,0.02950800396502018,0.017017850652337074,9.810914039611816,16.029733657836914,-1.612192988395691,-84.82353973388672,-0.002152816392481327,-0.0039721145294606686,0.006544339004904032,-0.005756148602813482
17.209999084472656,31,0.03346199169754982,0.021869512274861336,9.838231086730957,16.028440475463867,-1.8786988258361816,-83.403564453125,-0.0012783044949173927,-0.002588957780972123,0.005852760747075081,-0.005232862196862698
17.219999313354492,33,0.01105030719190836,0.025829700753092766,9.800923347473145,15.923722267150879,-2.145204782485962,-83.62517547607422,-0.0038839932531118393,-0.0021784724667668343,0.007494702003896236,-0.005756148602813482
17.229999542236328,34,0.030302254483103752,0.012440487742424011,9.806727409362793,16.22624397277832,-1.9971458911895752,-83.50205993652344,-0.0013273842632770538,-0.0017099840333685279,0.009020635858178139,-0.005232862196862698
17.239999771118164,34,0.044598765671253204,0.017292149364948273,9.823113441467285,16.531349182128906,-1.6823837757110596,-82.73872375488281,0.001354155014269054,-0.004587842617183924,0.004911321680992842,-0.005232862196862698
17.25,36,0.05307653173804283,0.020858034491539,9.802000999450684,16.57918357849121,-1.4641340970993042,-82.34063720703125,-0.003179029328748584,-0.010508645325899124,0.006968209985643625,-0.005232862196862698
17.260000228881836,36,0.04869088903069496,0.012149045243859291,9.81574535369873,16.31157112121582,-1.539808750152588,-83.575927734375,0.001840490847826004,-0.0071756839752197266,0.012308980338275433,-0.005756148602813482
17.270000457763672,37,0.048121098428964615,0.01271478645503521,9.817795753479004,16.62572479248047,-1.450973391532898,-82.24624633789062,0.0013496932806447148,-0.004453988280147314,0.014049080200493336,-0.005232862196862698
17.280000686645508,38,0.043873582035303116,0.015663499012589455,9.800697326660156,16.500322341918945,-1.511293649673462,-81.19562530517578,-0.004401561338454485,0.002319017658010125,0.00960513111203909,-0.005756148602813482
17.290000915527344,39,0.0431656651198864,0.004554395098239183,9.806397438049316,16.54427719116211,-1.707608699798584,-80.73461151123047,-0.007895147427916527,0.002319017658010125,0.0119341891258955,-0.005232862196862698
17.299999237060547,39,0.03827929496765137,-0.007137595675885677,9.83244514465332,16.443437576293945,-1.7438007593154907,-80.62380981445312,-0.00001115475515689468,-0.002232014201581478,0.009712214581668377,-0.005232862196862698
17.309999465942383,39,0.033392924815416336,0.016932131722569466,9.79925537109375,15.92889404296875,-1.4125877618789673,-80.3324203491211,-0.002612381475046277,0.0027875062078237534,0.013834914192557335,-0.005232862196862698
17.31999969482422,40,0.031251903623342514,0.018749361857771873,9.810637474060059,16.13833236694336,-1.2349172830581665,-78.89193725585938,-0.000029001710572629236,0.003546011634171009,0.013428890146315098,-0.005756148602813482
17.329999923706055,40,0.038072098046541214,0.025521114468574524,9.795953750610352,16.15901756286621,-1.0572466850280762,-78.2503433227539,0.000613496929872781,0.0006949239759705961,0.011313999071717262,-0.005232862196862698
17.34000015258789,40,0.03318573161959648,0.023806747049093246,9.81206226348877,16.298641204833984,-1.1756937503814697,-77.32695007324219,-0.0020501951221376657,-0.0027986622881144285,0.008984941057860851,-0.005232862196862698
17.350000381469727,40,0.026054739952087402,0.032395731657743454,9.802956581115723,16.41758155822754,-1.5189707279205322,-77.0328369140625,-0.0030674845911562443,-0.006292248610407114,0.0050050197169184685,-0.005232862196862698
17.360000610351562,40,0.020926643162965775,0.031332824379205704,9.80679702758789,16.29347038269043,-1.7701224088668823,-77.32695770263672,-0.004593418911099434,-0.00291913072578609,0.0072136083617806435,-0.005232862196862698
17.3700008392334,40,0.04031671956181526,0.018183620646595955,9.802191734313965,15.665157318115234,-1.2371107339859009,-75.66484832763672,-0.0020189625211060047,-0.0015359739772975445,0.007432236336171627,-0.005232862196862698
17.3799991607666,40,0.038555555045604706,0.020395155996084213,9.817413330078125,15.641886711120605,-0.789644181728363,-74.3228530883789,-0.0025766873732209206,-0.003226994536817074,0.007128834258764982,-0.005232862196862698
17.389999389648438,40,0.02740151435136795,0.016932131722569466,9.808985710144043,15.641886711120605,-0.6690036654472351,-73.71956634521484,-0.003794757416471839,-0.003240379970520735,0.006580033339560032,-0.0047095762565732
17.399999618530273,40,0.037174250930547714,0.01547491829842329,9.808499336242676,15.693599700927734,-0.7128729224205017,-73.16826629638672,-0.0008142777951434255,-0.002075851196423173,0.005651980172842741,-0.0047095762565732
17.40999984741211,41,0.04694698750972748,0.00909747090190649,9.810602188110352,15.771169662475586,-0.7326141595840454,-72.13407135009766,0.0001628555473871529,-0.000010039734661404509,0.007079754490405321,-0.0041862898506224155
17.420000076293945,41,0.05029665678739548,-0.0006058532162569463,9.802313804626465,15.76082706451416,-0.548363208770752,-70.37757110595703,-0.001778025645762682,0.0007663127034902573,0.007467930670827627,-0.0047095762565732
17.43000030517578,41,0.048898082226514816,-0.003657428314909339,9.80385971069336,15.341952323913574,-0.10418683290481567,-69.26949310302734,-0.003317345166578889,-0.003240379970520735,0.007329614832997322,-0.0047095762565732
17.440000534057617,41,0.05134990066289902,0.004314383026212454,9.805962562561035,15.336780548095703,-0.43210962414741516,-67.63611602783203,-0.0011399888899177313,-0.004516453482210636,0.004625767003744841,-0.0041862898506224155
17.450000762939453,42,0.0372433140873909,0.014566304162144661,9.815241813659668,15.499675750732422,-0.4715919494628906,-66.23255920410156,-0.0026659229770302773,-0.0031913002021610737,0.0044249859638512135,-0.0047095762565732
17.459999084472656,42,0.03800303488969803,0.02276098169386387,9.813347816467285,15.67549991607666,-0.1447659134864807,-64.73323822021484,-0.00033686557435430586,-0.0061316234059631824,0.0033987730275839567,-0.0047095762565732
17.469999313354492,42,0.04192248731851578,0.018869366496801376,9.81432056427002,15.798318862915039,0.08335428684949875,-62.463748931884766,0.0015370887704193592,-0.00511879613623023,0.003550474066287279,-0.0047095762565732
17.479999542236328,42,0.0329958014190197,0.015697786584496498,9.811957359313965,16.112476348876953,-0.09431625157594681,-60.80164337158203,-0.0030540991574525833,-0.006216397508978844,0.005812604445964098,-0.0047095762565732
17.489999771118164,42,0.024604368954896927,0.015663499012589455,9.800697326660156,16.06981086730957,0.1820601373910904,-58.95075225830078,-0.0018895706161856651,-0.0015582828782498837,0.002319018356502056,-0.0047095762565732
17.5,42,0.02676265873014927,0.02006942592561245,9.809385299682617,15.771169662475586,0.4277280271053314,-57.27223205566406,0.003736753948032856,-0.004708311054855585,0.004402677062898874,-0.0041862898506224155
17.510000228881836,42,0.03164902701973915,0.01657211408019066,9.804398536682129,15.712992668151855,0.5713998675346375,-55.805747985839844,0.003241494530811906,-0.00293697789311409,0.004625767003744841,-0.0041862898506224155
17.520000457763672,43,0.03423897549510002,0.02171521820127964,9.804642677307129,16.127988815307617,0.6733959913253784,-54.21340560913086,0.00009592864807927981,0.0003825983440037817,0.010568879544734955,-0.0047095762565732
17.530000686645508,43,0.027142517268657684,0.017017850652337074,9.817795753479004,15.918551445007324,0.851066529750824,-51.110809326171875,-0.0015415505040436983,-0.0016921368660405278,0.011987730860710144,-0.0041862898506224155
17.540000915527344,43,0.02709071896970272,0.009731786325573921,9.805493354797363,15.99612045288086,0.9475789070129395,-50.640220642089844,0.0016218627570196986,-0.001723369350656867,0.0111221419647336,-0.0041862898506224155
17.549999237060547,43,0.03924620896577835,0.0023942908737808466,9.798177719116211,15.816417694091797,1.0364142656326294,-49.1395378112793,0.0006581149064004421,-0.002968210494145751,0.010760736651718616,-0.0041862898506224155
17.559999465942383,43,0.04901894927024841,0.0003541928017511964,9.798439025878906,15.641886711120605,1.0068024396896362,-46.935707092285156,-0.0013541551306843758,-0.0030752934981137514,0.008538762107491493,-0.0036630036775022745
17.56999969482422,43,0.04029945656657219,0.005205854307860136,9.808672904968262,15.751776695251465,0.9409984946250916,-44.655269622802734,-0.0011622977908700705,-0.003945343662053347,0.006401561666280031,-0.0041862898506224155
17.579999923706055,44,0.042975734919309616,0.012749074026942253,9.809785842895508,16.275371551513672,1.2963396310806274,-42.549930572509766,-0.000613496929872781,-0.0025800340808928013,0.007084216456860304,-0.0041862898506224155
17.59000015258789,44,0.0423886813223362,0.02521253004670143,9.808342933654785,15.879767417907715,1.391755223274231,-41.20109558105469,0.0010462910868227482,-0.00013497007603291422,0.0072002229280769825,-0.0041862898506224155
17.600000381469727,44,0.042785804718732834,0.02279527112841606,9.804658889770508,15.926307678222656,1.8096100091934204,-39.29685592651367,0.004049079958349466,-0.002588957780972123,0.00536196306347847,-0.0036630036775022745
17.610000610351562,44,0.054526906460523605,0.016932131722569466,9.806571006774902,16.029733657836914,2.207723617553711,-36.91108322143555,0.005521472543478012,-0.007126603741198778,0.0037691020406782627,-0.0036630036775022745
17.6200008392334,44,0.043390125036239624,0.013966275379061699,9.804381370544434,16.115060806274414,2.474229574203491,-34.402191162109375,0.005155605264008045,-0.007626324892044067,0.0025376463308930397,-0.0036630036775022745
17.6299991607666,44,0.03729511424899101,0.024286771193146706,9.794546127319336,16.425338745117188,2.7111237049102783,-32.313270568847656,0.003687674179673195,-0.004132739268243313,0.00461238157004118,-0.0031397175043821335
17.639999389648438,44,0.026555463671684265,0.03128139302134514,9.806727409362793,16.634775161743164,2.178112030029297,-30.65116310119629,0.0008767429389990866,-0.0018438379047438502,0.007824874483048916,-0.0031397175043821335
17.649999618530273,44,0.013398527167737484,0.02810981124639511,9.812026977539062,17.264381408691406,2.2154006958007812,-27.566349029541016,-0.0036029000766575336,-0.0036374798510223627,0.00567428907379508,-0.0031397175043821335
17.65999984741211,44,0.016679128631949425,0.032978616654872894,9.807109832763672,17.640592575073242,2.241722345352173,-24.571821212768555,-0.006284439470618963,-0.0030529845971614122,0.00508979381993413,-0.0031397175043821335
17.670000076293945,44,0.029784265905618668,0.016212098300457,9.802191734313965,17.81512451171875,2.1232755184173584,-21.61696434020996,-0.002161740092560649,-0.00722922571003437,0.009480200707912445,-0.0031397175043821335
17.68000030517578,44,0.030837509781122208,0.01412056852132082,9.807543754577637,18.201679229736328,1.9982479810714722,-18.158687591552734,-0.009148912504315376,-0.0014065817231312394,0.008315672166645527,-0.0031397175043821335
17.690000534057617,44,0.025951141491532326,0.013486252166330814,9.796422958374023,19.24886703491211,2.3535890579223633,-15.499316215515137,-0.0034244281705468893,-0.00020635878900066018,0.012929169461131096,-0.002616431098431349
17.700000762939453,44,0.02814396470785141,0.008634590543806553,9.808812141418457,20.11505889892578,2.785701274871826,-11.882352828979492,-0.0019743447192013264,0.0009581699268892407,0.014307864010334015,-0.0020931449253112078
17.709999084472656,44,0.04385631904006004,0.007365958299487829,9.804346084594727,20.68907356262207,2.72647762298584,-9.021888732910156,0.0022822085302323103,-0.0009693258907645941,0.010319018736481667,-0.0020931449253112078
17.719999313354492,43,0.04133543372154236,0.007365958299487829,9.811800956726074,21.314800262451172,2.3711366653442383,-5.600547790527344,0.00016285557649098337,0.001542665297165513,0.010501952841877937,-0.0020931449253112078
17.729999542236328,43,0.04654986411333084,0.014806315302848816,9.811470985412598,22.156431198120117,2.1013407707214355,-0.8413137197494507,-0.0015192416030913591,0.0005075285444036126,0.011666481383144855,-0.0020931449253112078
17.739999771118164,43,0.04105917364358902,0.013143378309905529,9.818073272705078,22.4705867767334,2.2790112495422363,2.1504783630371094,0.0015326268039643764,-0.002664808416739106,0.011987730860710144,-0.0015698587521910667
17.75,42,0.03517135605216026,0.01600637286901474,9.823999404907227,23.366514205932617,2.6211915016174316,6.373460292816162,0.0030674845911562443,-0.0022543231025338173,0.00808365922421217,-0.0015698587521910667
17.760000228881836,42,0.03819296136498451,0.024783937260508537,9.80902099609375,23.585002899169922,2.362362861633301,11.537619590759277,0.00019408806110732257,-0.0006436147959902883,0.0036977133713662624,-0.0015698587521910667
17.770000457763672,42,0.03905627876520157,0.022503826767206192,9.817691802978516,23.91079330444336,2.0728256702423096,16.774282455444336,-0.0038081428501755,-0.0034143899101763964,0.007418851368129253,-0.0010465724626556039
17.780000686645508,41,0.03087204322218895,0.0257782693952322,9.803616523742676,24.492565155029297,2.0333433151245117,21.551300048828125,-0.006114891264587641,-0.00508310180157423,0.009614055044949055,-0.0010465724626556039
17.790000915527344,40,0.03774403780698776,0.01823505200445652,9.804885864257812,24.178407669067383,1.8556727170944214,25.983583450317383,-0.006748466286808252,-0.003815951757133007,0.00495593948289752,-1.858973044943646e-15
17.799999237060547,39,0.03905627876520157,0.012731930240988731,9.801288604736328,24.277956008911133,1.239309549331665,31.2913818359375,-0.005811489187180996,-0.003815951757133007,0.0045142220333218575,0.0005232862313278019
17.809999465942383,38,0.030457651242613792,0.016417821869254112,9.81800365447998,24.30381202697754,0.2829594612121582,36.44322967529297,-0.005918572191148996,-0.003815951757133007,0.007088677957653999,0.0005232862313278019
17.81999969482422,37,0.04252680763602257,-0.0004172727931290865,9.811296463012695,24.249513626098633,-0.6909382939338684,43.66621017456055,-0.0067975460551679134,-0.003815951757133007,0.0056564416736364365,0.0010465724626556039
17.829999923706055,36,0.03056124970316887,0.002205710392445326,9.823790550231934,24.382675170898438,-1.5036165714263916,52.233924865722656,-0.0014567762846127152,-0.00297267222777009,0.008587841875851154,0.0010465724626556039
17.84000015258789,34,0.042941201478242874,0.011531872674822807,9.81586742401123,25.04330825805664,-2.134237289428711,59.181941986083984,-0.0036385944113135338,-0.0005722260684706271,0.008440602570772171,0.0015698587521910667
17.850000381469727,32,0.043873582035303116,-0.0014801810029894114,9.810636520385742,24.31027603149414,-2.9337546825408936,65.4979476928711,-0.0012381483102217317,-0.0024327950086444616,0.004179587122052908,0.0015698587521910667
17.860000610351562,30,0.029939662665128708,0.007023084908723831,9.819742202758789,24.174530029296875,-4.239962100982666,73.258544921875,-0.0052403793670237064,-0.0014556616079062223,0.01000223122537136,0.0020931449253112078
17.8700008392334,28,0.029421672224998474,0.012046183459460735,9.810602188110352,24.113767623901367,-5.558233737945557,82.05471801757812,-0.0017467931611463428,-0.0026826555840671062,0.01529392134398222,0.0015698587521910667
17.8799991607666,27,0.03905627876520157,0.017034992575645447,9.796127319335938,23.828052520751953,-6.648385047912598,90.78795623779297,0.0017467931611463428,-0.006176241673529148,0.0013195757055655122,0.0015698587521910667
17.889999389648438,28,0.04879448562860489,0.03585875779390335,9.820089340209961,23.223011016845703,-7.42816162109375,98.50752258300781,-0.0015593976713716984,-0.004003347363322973,0.006611265707761049,0.0010465724626556039
17.899999618530273,30,0.0533355288207531,0.026326866820454597,9.820262908935547,22.804136276245117,-8.050008773803711,106.81805419921875,-0.0039821527898311615,-0.0027451205532997847,0.011363079771399498,0.0005232862313278019
17.90999984741211,31,0.048449162393808365,0.021955229341983795,9.823721885681152,22.018096923828125,-8.593987464904785,115.22571563720703,-0.0053028445690870285,-0.002588957780972123,0.011987730860710144,0.0005232862313278019
17.920000076293945,32,0.043251994997262955,0.026806890964508057,9.8016357421875,21.180347442626953,-9.412149429321289,123.36251068115234,-0.0036296709440648556,0.00024874447262845933,0.013879531994462013,0
17.93000030517578,33,0.03461883217096329,0.03128139302134514,9.814859390258789,20.08661651611328,-10.172183990478516,130.93434143066406,-0.0057177916169166565,-0.0042085894383490086,0.005607361905276775,-0.0005232862313278019
17.940000534057617,34,0.03950520232319832,0.02994418516755104,9.810845375061035,18.620553970336914,-10.585651397705078,137.91519165039062,-0.002643614076077938,-0.0021650870330631733,0.007097601890563965,-0.0005232862313278019
17.950000762939453,35,0.04180162400007248,0.016932131722569466,9.815762519836426,17.154491424560547,-10.852157592773438,144.89602661132812,-0.000613496929872781,-0.0031689913012087345,0.008775237016379833,0.0005232862313278019
17.959999084472656,35,0.025778478011488914,0.01401770580559969,9.820089340209961,15.983192443847656,-11.202014923095703,151.6689453125,-0.0013095370959490538,-0.00295482506044209,0.01039486937224865,0.0005232862313278019
17.969999313354492,36,0.03423897549510002,-0.006983302533626556,9.819428443908691,14.536521911621094,-11.494842529296875,158.5061492919922,0.001327384146861732,-0.004529839381575584,0.010720580816268921,0.0015698587521910667
17.979999542236328,36,0.03351379185914993,-0.0026630950160324574,9.814512252807617,13.014866828918457,-11.511293411254883,165.4281768798828,0.007150027435272932,-0.006925823632627726,0.007820412516593933,0.0015698587521910667
17.989999771118164,36,0.03101017326116562,0.020137999206781387,9.813591003417969,11.794440269470215,-11.432329177856445,172.61695861816406,0.007377579342573881,-0.0042353603057563305,0.006870049983263016,0.002616431098431349
18,36,0.034739699214696884,0.013863412663340569,9.82544231414795,11.375565528869629,-11.965340614318848,180.48426818847656,0.0017289458774030209,-0.0035928620491176844,0.008306748233735561,0.0041862898506224155
18.010000228881836,36,0.022428812459111214,0.018937941640615463,9.80648422241211,10.53781509399414,-12.67602252960205,189.57044982910156,-0.002148354658856988,-0.006729504559189081,0.008306748233735561,0.005232862196862698
18.020000457763672,37,0.05050384998321533,0.010348958894610405,9.809385299682617,10.98254680633545,-13.046717643737793,199.92886352539062,-0.004878974054008722,-0.004079197533428669,0.005094255320727825,0.006802720949053764
18.030000686645508,37,0.03905627876520157,0.02065231092274189,9.805545806884766,11.764705657958984,-12.888788223266602,210.0889129638672,-0.0030674845911562443,-0.002914668759331107,-0.002151701133698225,0.007849293760955334
18.040000915527344,37,0.03677712380886078,0.016932131722569466,9.807839393615723,12.776987075805664,-12.382098197937012,220.41859436035156,-0.003656441578641534,-0.00793865043669939,0.004036809783428907,0.008895865641534328
18.049999237060547,37,0.029421672224998474,0.014532016590237617,9.815241813659668,14.400774955749512,-11.915987968444824,232.40628051757812,-0.006480758544057608,-0.0036820978857576847,0.0012124930508434772,0.008895865641534328
18.059999465942383,37,0.03069937974214554,0.009903223253786564,9.817813873291016,15.238525390625,-11.116470336914062,244.7058868408203,-0.004223089665174484,-0.002446180209517479,0.0037557166069746017,0.007849293760955334
18.06999969482422,38,0.03289220109581947,0.014257717877626419,9.82358169555664,16.595991134643555,-10.390434265136719,256.7304992675781,-0.003049637423828244,-0.00015281725791282952,0.009524818509817123,0.006802720949053764
18.079999923706055,38,0.03366918861865997,0.010177521966397762,9.8143892288208,17.50355339050293,-10.048254013061523,268.4350280761719,-0.0007205799920484424,-0.0024818747770041227,0.008360289968550205,0.005756148602813482
18.09000015258789,38,0.04090377688407898,0.01988084428012371,9.8081693649292,17.989654541015625,-9.800392150878906,279.5225830078125,-0.005057445727288723,-0.005921919364482164,0.004973786883056164,0.0047095762565732
18.100000381469727,38,0.037346914410591125,0.01724071614444256,9.821809768676758,18.382673263549805,-9.377053260803223,289.67718505859375,-0.004472950007766485,-0.0062699392437934875,0.008819854818284512,0.0047095762565732
18.110000610351562,39,0.04062751308083534,0.005857313983142376,9.813608169555664,18.592111587524414,-9.73239517211914,298.7633361816406,-0.003308421466499567,0.0006324586574919522,0.011505857110023499,0.005232862196862698
18.1200008392334,39,0.03423897549510002,0.02171521820127964,9.806987762451172,17.59146499633789,-9.613947868347168,309.0314636230469,-0.002143892925232649,-0.001375349354930222,0.007369771599769592,0.006279435008764267
18.1299991607666,39,0.03423897549510002,0.01996656320989132,9.800697326660156,17.261795043945312,-9.668784141540527,318.8673095703125,-0.000979364151135087,-0.005172337405383587,0.007575013674795628,0.007849293760955334
18.139999389648438,40,0.03240874409675598,0.015114901587367058,9.800697326660156,17.01486587524414,-9.958321571350098,329.23394775390625,-0.00221081986092031,-0.0062699392437934875,0.009105409495532513,0.008372579701244831
18.149999618530273,40,0.029421672224998474,0.010263239964842796,9.806431770324707,16.359403610229492,-10.418949127197266,341.2093200683594,-0.003803680883720517,-0.0062699392437934875,0.009533742442727089,0.0094191525131464
18.15999984741211,40,0.021548230201005936,0.01518347579985857,9.805336952209473,16.04524803161621,-10.951960563659668,355.1710205078125,-0.0036207472439855337,-0.004922477062791586,0.005491355434060097,0.010465724393725395
18.170000076293945,40,0.020339587703347206,0.022452397271990776,9.7951021194458,16.029733657836914,-13.173938751220703,367.3420104980469,-0.0018449525814503431,-0.0019821536261588335,0.00583937531337142,0.011512297205626965
18.18000030517578,40,0.04055844992399216,0.019023660570383072,9.817656517028809,15.729799270629883,-15.928929328918457,381.0862121582031,-0.0017110987100750208,-0.0006837709806859493,0.008436140604317188,0.013082155957818031
18.190000534057617,40,0.0465153306722641,0.02171521820127964,9.821966171264648,15.714284896850586,-18.774948120117188,396.1846923828125,-0.0035538203082978725,-0.0018482996383681893,0.007566090207546949,0.015698587521910667
18.200000762939453,40,0.043873582035303116,0.02394389547407627,9.809733390808105,16.05558967590332,-21.506906509399414,412.16693115234375,-0.00556609034538269,-0.001741216517984867,0.009154489263892174,0.018315019086003304
18.209999084472656,40,0.041559893637895584,0.024201050400733948,9.817761421203613,16.16935920715332,-24.167577743530273,428.5937194824219,-0.007252648938447237,-0.003387619275599718,0.010399331338703632,0.019884876906871796
18.219999313354492,40,0.04620453715324402,0.019349390640854836,9.815241813659668,17.007108688354492,-26.477294921875,447.2093200683594,-0.004923591855913401,-0.01028109434992075,0.009832683019340038,0.02093144878745079
18.229999542236328,40,0.05105637386441231,0.014497729018330574,9.80537223815918,17.763410568237305,-28.787012100219727,466.5143737792969,-0.0018851087661460042,-0.00796988420188427,0.009341885335743427,0.021454736590385437
18.239999771118164,40,0.041128240525722504,0.012149045243859291,9.798386573791504,18.553327560424805,-31.338008880615234,486.55816650390625,0.0020234244875609875,-0.00925488118082285,0.0033987730275839567,0.02093144878745079
18.25,40,0.03423897549510002,0.017292149364948273,9.803303718566895,19.455718994140625,-34.366085052490234,506.9206848144531,-0.004182933364063501,-0.004485221114009619,0.003175683319568634,0.020408162847161293
18.260000228881836,40,0.031579963862895966,0.024355344474315643,9.808221817016602,20.471878051757812,-38.08071517944336,527.0014038085938,-0.0028220857493579388,0.0009447845513932407,0.0009447852498851717,0.020408162847161293
18.270000457763672,40,0.032149750739336014,0.018372200429439545,9.813138961791992,21.10019302368164,-42.70014953613281,547.389892578125,0.003000557655468583,-0.002548801712691784,0.0009447852498851717,0.021454736590385437
18.280000686645508,40,0.031441830098629,0.014926321804523468,9.815241813659668,21.288944244384766,-47.617897033691406,569.5457763671875,-0.0015370887704193592,-0.002588957780972123,0.007851645350456238,0.02302459441125393
18.290000915527344,40,0.029421672224998474,0.022623833268880844,9.806588172912598,21.39366340637207,-52.43144989013672,590.6319580078125,-0.006195203401148319,0.0006770768668502569,0.009395427070558071,0.025117740035057068
18.299999237060547,40,0.029421672224998474,0.026498304679989815,9.79183578491211,21.731090545654297,-56.71199417114258,611.2092895507812,-0.005722253117710352,-0.000960402307100594,0.008507529273629189,0.02668759785592556
18.309999465942383,40,0.026417331770062447,0.020532304421067238,9.798247337341309,22.364574432373047,-60.25334167480469,633.0109252929688,-0.00648522051051259,-0.0032894599717110395,0.009270496666431427,0.02668759785592556
18.31999969482422,40,0.03689798712730408,0.01388055644929409,9.811731338500977,22.364574432373047,-63.717918395996094,658.1641845703125,-0.001340769580565393,-0.004717234522104263,0.009533742442727089,0.025641025975346565
18.329999923706055,40,0.043873582035303116,0.015269194729626179,9.799428939819336,22.647703170776367,-66.38188171386719,682.3187255859375,-0.0010641382541507483,-0.0058817630633711815,0.005339654628187418,0.024071166291832924
18.34000015258789,40,0.040662046521902084,0.013743407092988491,9.81362533569336,22.47317123413086,-69.90567779541016,705.8468017578125,-0.004169548396021128,-0.003940881695598364,0.007280535530298948,0.023547880351543427
18.350000381469727,40,0.042336881160736084,0.00889174547046423,9.805129051208496,22.099546432495117,-73.6729507446289,728.5416870117188,-0.0019520357018336654,-0.004730619955807924,0.0073920805007219315,0.025641025975346565
18.360000610351562,40,0.050572916865348816,0.020669452846050262,9.795849800109863,21.7440185546875,-77.38319396972656,750.4815063476562,-0.001340769580565393,-0.007572783622890711,0.0032470719888806343,0.029827315360307693
18.3700008392334,40,0.03983326256275177,0.029892753809690475,9.79928970336914,21.22042465209961,-82.09146881103516,772.4213256835938,-0.0013006135122850537,-0.007546012755483389,0.003889570478349924,0.035583462566137314
18.3799991607666,40,0.04121456667780876,0.03128139302134514,9.811227798461914,21.50355339050293,-85.51655578613281,797.6689453125,0.0016664807917550206,-0.0052169556729495525,0.003920803312212229,0.04133961349725723
18.389999389648438,40,0.05098731070756912,0.017155000939965248,9.815241813659668,22.122817993164062,-87.59815216064453,825.465087890625,0.002139430958777666,-0.004744005389511585,-0.0007462354260496795,0.04552590101957321
18.399999618530273,40,0.05350819230079651,0.019349390640854836,9.815241813659668,23.476404190063477,-88.3198013305664,856.134033203125,0.001818181830458343,-0.0054668160155415535,0.0004986057174392045,0.0476190485060215
18.40999984741211,40,0.035033226013183594,0.010708975605666637,9.796648979187012,25.791852951049805,-88.1651611328125,889.3679809570312,0.002598996041342616,-0.0007640832918696105,0.004625767003744841,0.048665620386600494
18.420000076293945,39,0.0407138466835022,0.011103280819952488,9.798577308654785,29.012279510498047,-88.08071899414062,924.1915283203125,-0.0007339654839597642,0.005567205138504505,0.00600892398506403,0.04918890818953514
18.43000030517578,39,0.03237421438097954,0.012149045243859291,9.80455493927002,31.211374282836914,-88.16954803466797,960.2037963867188,0.0030674845911562443,-0.00013497007603291422,0.009689905680716038,0.05285191163420677
18.440000534057617,39,0.029421672224998474,0.01602351665496826,9.817326545715332,33.90691375732422,-88.81991577148438,996.5663452148438,0.0018538761651143432,-0.00013497007603291422,0.004625767003744841,0.05965463072061539
18.450000762939453,38,0.029421672224998474,0.00904603861272335,9.81209659576416,36.61796951293945,-90.211669921875,1033.698974609375,-0.006569994613528252,-0.0004919137572869658,0.00444729533046484,0.07064364105463028
18.459999084472656,38,0.02134103514254093,0.015389200299978256,9.810393333435059,39.53845977783203,-91.96315002441406,1073.7564697265625,-0.004187395330518484,-0.004962633363902569,0.0020914666820317507,0.08320251107215881
18.469999313354492,37,0.03211521729826927,0.021012326702475548,9.826936721801758,43.352291107177734,-93.37354278564453,1119.6209716796875,0.0004707196494564414,-0.0014690469251945615,-0.001402119523845613,0.09576138108968735
18.479999542236328,37,0.02588207647204399,0.013417677022516727,9.808760643005371,49.8448600769043,-93.7288818359375,1173.5841064453125,-0.0005153373931534588,-0.00023312956909649074,0.0007484661764465272,0.1051805317401886
18.489999771118164,37,0.033099398016929626,0.02480108104646206,9.814094543457031,57.764705657958984,-93.63017272949219,1233.3994140625,-0.000613496929872781,-0.0012013392988592386,0.0020111543126404285,0.11250653862953186
18.5,36,0.04718871787190437,0.013640545308589935,9.810896873474121,67.03167724609375,-94.4944076538086,1296.1478271484375,-0.002621305175125599,-0.0023658680729568005,0.006187395192682743,0.11878597736358643
18.510000228881836,36,0.04869088903069496,0.02956702560186386,9.797152519226074,77.26050567626953,-96.78657531738281,1361.6949462890625,-0.004008923657238483,0.00023535908258054405,0.007079754490405321,0.12558870017528534
18.520000457763672,36,0.039781466126441956,0.022435253486037254,9.822748184204102,88.03490447998047,-100.84009552001953,1430.1038818359375,-0.0007785832276567817,-0.004181818570941687,0.005321807228028774,0.13448455929756165
18.530000686645508,36,0.043580055236816406,0.030698508024215698,9.811279296875,99.34452819824219,-107.76924133300781,1500.0233154296875,0.003063022857531905,-0.0062699392437934875,0.006258784327656031,0.14704343676567078
18.540000915527344,36,0.05305926874279976,0.013040516525506973,9.805771827697754,111.51518249511719,-115.50997924804688,1572.2708740234375,0.000524260918609798,-0.003253765171393752,0.0100959287956357,0.16221873462200165
18.549999237060547,46,0.05350819230079651,0.012149045243859291,9.805545806884766,125.47381591796875,-123.4481201171875,1649.93017578125,-0.0011489124735817313,-0.001361963921226561,0.008529838174581528,0.18733647465705872
18.559999465942383,35,0.04877721890807152,0.021543782204389572,9.80078411102295,147.6858367919922,-135.66790771484375,1775.843994140625,0.0019029559334740043,-0.0032493036706000566,0.007740100380033255,0.18733647465705872
18.56999969482422,34,0.05338732898235321,0.017052138224244118,9.805685043334961,175.8875274658203,-152.6277618408203,1941.147705078125,0.0014612380182370543,-0.005042945500463247,0.009533742442727089,0.19623233377933502
18.579999923706055,34,0.04375271871685982,0.026618311181664467,9.819968223571777,191.5953369140625,-167.55209350585938,2039.2120361328125,-0.001840490847826004,-0.006051311269402504,0.011046291328966618,0.2014652043581009
18.59000015258789,34,0.03905627876520157,0.03052707016468048,9.814668655395508,206.38397216796875,-187.84820556640625,2138.03271484375,0.0008098159451037645,-0.007055215537548065,0.011006135493516922,0.20512820780277252
18.600000381469727,34,0.0380202978849411,0.012920510955154896,9.801218032836914,219.52035522460938,-211.43890380859375,2238.18603515625,0.0032459564972668886,-0.00589068653061986,0.0059419963508844376,0.21088434755802155
18.610000610351562,34,0.020771246403455734,0.025521114468574524,9.810723304748535,231.6095733642578,-237.30422973632812,2340.761962890625,-0.00215727835893631,-0.005993308033794165,0.004032347816973925,0.22082678973674774
18.6200008392334,34,0.03225335106253624,0.012149045243859291,9.817639350891113,242.72140502929688,-264.093017578125,2447.811279296875,-0.002558839973062277,-0.006689347792416811,0.005598438438028097,0.23443223536014557
18.6299991607666,34,0.011084839701652527,0.013074804097414017,9.841984748840332,252.4718780517578,-290.2665100097656,2562.0205078125,-0.0011890685418620706,0.0005164521280676126,0.005009481217712164,0.2480376809835434
18.639999389648438,34,0.021392833441495895,0.02171521820127964,9.8179349899292,262.5248718261719,-315.5845642089844,2684.01904296875,-0.004165086429566145,-0.00245956564322114,0.0069503625854849815,0.25850340723991394
18.649999618530273,34,0.03423897549510002,0.02171521820127964,9.800089836120605,273.08209228515625,-342.542236328125,2804.95068359375,-0.0028667037840932608,-0.0014288908569142222,0.006254322361201048,0.2626896798610687
18.65999984741211,34,0.03760590776801109,0.02171521820127964,9.797883033752441,284.1202392578125,-371.4674377441406,2928.07373046875,0.000600111554376781,-0.002606804948300123,0.013192415237426758,0.2611198425292969
18.670000076293945,34,0.0538707859814167,0.020240861922502518,9.807404518127441,294.90625,-404.1588134765625,3047.4501953125,-0.002893474418669939,-0.007264920510351658,0.007369771134108305,0.25431710481643677
18.68000030517578,34,0.031856223940849304,0.015372057445347309,9.795084953308105,304.6141052246094,-442.818603515625,3154.755126953125,-0.0030674845911562443,-0.00528388237580657,-0.0006659228238277137,0.24542124569416046
18.690000534057617,33,0.04299300163984299,0.03215571865439415,9.817014694213867,314.03875732421875,-488.92413330078125,3254.37060546875,0.002152816392481327,-0.008175126276910305,0.0037110988050699234,0.2380952388048172
18.700000762939453,33,0.04000592604279518,0.03323577344417572,9.823982238769531,323.1919860839844,-540.4036254882812,3344.69775390625,0.0011042944388464093,-0.007742332294583321,0.004625767003744841,0.22867608070373535
18.709999084472656,33,0.03979873284697533,0.02171521820127964,9.81701374053955,331.8409729003906,-593.9580688476562,3425.541748046875,-0.003063022857531905,-0.00290128355845809,0.011978806927800179,0.21193093061447144
18.719999313354492,33,0.028955481946468353,0.019555116072297096,9.804450988769531,338.9360046386719,-647.9907836914062,3496.369384765625,-0.0042944783344864845,-0.001361963921226561,0.01187172345817089,0.18105703592300415
18.729999542236328,33,0.04155989736318588,0.009851791895925999,9.801861763000488,343.44537353515625,-700.920166015625,3555.956298828125,-0.005882877856492996,-0.002950363326817751,0.005201338790357113,0.1329147070646286
18.739999771118164,33,0.03301306441426277,0.007451676297932863,9.806779861450195,344.7019958496094,-750.0460205078125,3599.1708984375,-0.003821528283879161,-0.0016207480803132057,0.005098717287182808,0.07169021666049957
18.75,34,0.029421672224998474,0.02171521820127964,9.812999725341797,340.81964111328125,-787.5740356445312,3618.17236328125,-0.003848299151286483,0.0012035686522722244,0.005071946419775486,0.007326007355004549
18.760000228881836,34,0.028057632967829704,0.02171521820127964,9.814598083496094,333.7750549316406,-814.0403442382812,3615.0888671875,-0.006735080853104591,0.0017122133867815137,0.00400557741522789,-0.055991627275943756
18.770000457763672,34,0.02890368364751339,0.01602351665496826,9.79925537109375,325.16741943359375,-829.6117553710938,3593.09033203125,-0.0068867821246385574,-0.00271835015155375,0.005170105956494808,-0.10465724766254425
18.780000686645508,34,0.03755410760641098,0.008548871614038944,9.798872947692871,316.51068115234375,-834.7445068359375,3554.541748046875,-0.004075850825756788,-0.006051311735063791,0.006816508714109659,-0.135007843375206
18.790000915527344,34,0.027954036369919777,0.02327529340982437,9.81028938293457,309.07562255859375,-829.8585205078125,3499.359619140625,-0.001840490847826004,-0.00339654297567904,0.009564975276589394,-0.14756672084331512
18.799999237060547,34,0.019890664145350456,0.02161235548555851,9.82339096069336,305.88104248046875,-814.6194458007812,3435.6416015625,-0.0032682656310498714,-0.0015181266935542226,0.010203012265264988,-0.15122972428798676
18.809999465942383,34,0.02600293979048729,0.020635167136788368,9.819464683532715,306.919189453125,-790.8214721679688,3366.142333984375,-0.004687116481363773,0.0005030667525716126,0.005852760747075081,-0.15227629244327545
18.81999969482422,34,0.023343928158283234,0.03253288194537163,9.797118186950684,312.31414794921875,-761.40380859375,3293.920654296875,0.0011444506235420704,-0.0008979371632449329,0.0065488009713590145,-0.15436944365501404
18.829999923706055,34,0.029421672224998474,0.022829558700323105,9.802156448364258,321.85003662109375,-727.8460083007812,3218.5703125,-0.001840490847826004,0.00007473437290173024,0.009194646030664444,-0.15593929588794708
18.84000015258789,34,0.03325479477643967,0.018835080787539482,9.82201862335205,334.9747619628906,-690.4694213867188,3137.173828125,-0.0016263246070593596,-0.006055773235857487,0.007722252979874611,-0.15436944365501404
18.850000381469727,34,0.04302753508090973,0.019743695855140686,9.812948226928711,350.7873229980469,-651.8261108398438,3052.406494140625,0.0004350250819697976,-0.0036820978857576847,0.014441718347370625,-0.15018315613269806
18.860000610351562,34,0.05074558034539223,0.016932131722569466,9.7999849319458,369.0743408203125,-614.4856567382812,2967.1875,-0.004223089665174484,-0.00018851160712074488,0.014441718347370625,-0.14233385026454926
18.8700008392334,33,0.05350819230079651,0.01271478645503521,9.811957359313965,389.1997375488281,-578.781494140625,2882.637451171875,-0.005441160406917334,-0.0012816516682505608,0.006414947099983692,-0.13657771050930023
18.8799991607666,33,0.051315370947122574,0.007365958299487829,9.811262130737305,410.3568115234375,-544.8453369140625,2798.798828125,0.004236475098878145,-0.002446180209517479,0.005852760747075081,-0.13657771050930023
18.889999389648438,33,0.044167112559080124,0.009611780755221844,9.812078475952148,431.3587646484375,-512.4402465820312,2714.782470703125,-0.000609035138040781,-0.0015672065783292055,0.009939766488969326,-0.14861328899860382
18.899999618530273,32,0.0274015124887228,0.012149045243859291,9.810863494873047,449.4751281738281,-480.1930236816406,2627.023193359375,-0.00855549331754446,0.0005566083127632737,0.0117200231179595,-0.1716378927230835
18.90999984741211,32,0.022169817239046097,0.014532016590237617,9.807926177978516,462.634765625,-448.56878662109375,2536.54443359375,-0.0050485217943787575,0.00019520282512530684,0.009297267533838749,-0.2014652043581009
18.920000076293945,32,0.03435983881354332,0.01938367821276188,9.807665824890137,470.2559814453125,-417.43145751953125,2437.78662109375,-0.0030674845911562443,0.0015337415970861912,0.010809816420078278,-0.23181580007076263
18.93000030517578,32,0.04413257911801338,0.03179570287466049,9.793294906616211,471.7646789550781,-387.2044372558594,2331.284423828125,-0.0030674845911562443,-0.0015404357109218836,0.01121583953499794,-0.25745683908462524
18.940000534057617,32,0.04608367383480072,0.03567017614841461,9.796249389648438,466.897216796875,-358.3307800292969,2218.5634765625,-0.0016486335080116987,-0.002397100441157818,0.010760736651718616,-0.2757718563079834
18.950000762939453,32,0.030492182821035385,0.02596685104072094,9.811470985412598,455.2734375,-331.1471862792969,2099.335205078125,-0.000613496929872781,-0.004596766084432602,0.006878973916172981,-0.28623756766319275
18.959999084472656,32,0.03351379185914993,0.027166908606886864,9.811800956726074,438.5403747558594,-305.7139892578125,1976.9876708984375,-0.00002900167237385176,-0.004574457183480263,0.008659230545163155,-0.28833070397377014
18.969999313354492,46,0.043873582035303116,0.03128139302134514,9.805545806884766,404.4486083984375,-263.2671813964844,1768.89599609375,0.000613496929872781,-0.001361963921226561,0.014441718347370625,-0.27734169363975525
18.979999542236328,32,0.043873582035303116,0.02269240841269493,9.817152976989746,371.68841552734375,-224.77735900878906,1583.63330078125,-0.0003056330024264753,-0.0036597889848053455,0.012143893167376518,-0.27734169363975525
18.989999771118164,32,0.049778666347265244,0.016932131722569466,9.818995475769043,348.643798828125,-199.3222198486328,1466.024658203125,-0.001443390967324376,-0.007894032634794712,0.007115448825061321,-0.2679225504398346
19,32,0.05652979761362076,0.016932131722569466,9.815241813659668,325.9198303222656,-175.15902709960938,1351.893310546875,0.000055772448831703514,-0.007050753105431795,0.005964305717498064,-0.25641027092933655
19.010000228881836,32,0.05523482337594032,0.013863412663340569,9.818351745605469,303.3005676269531,-152.4171905517578,1243.74560546875,0.0012961517786607146,-0.0015002796426415443,0.008989403024315834,-0.24280481040477753
19.020000457763672,32,0.05034845322370529,0.002737164730206132,9.81054973602295,281.2424011230469,-131.3072967529297,1137.8878173828125,-0.0008232013788074255,0.001060791197232902,0.006870049983263016,-0.228152796626091
19.030000686645508,31,0.03577568009495735,0.004211520776152611,9.802295684814453,259.6897277832031,-112.53673553466797,1036.26123046875,-0.0024294478353112936,-0.004453988280147314,0.0057055214419960976,-0.21402406692504883
19.040000915527344,31,0.026123804971575737,0.007365958299487829,9.794059753417969,238.92823791503906,-96.10221099853516,939.2640380859375,-0.006494143977761269,-0.00013497007603291422,0.004710541106760502,-0.1983254849910736
19.049999237060547,31,0.04817289859056473,0.0006799228140152991,9.811331748962402,219.3845977783203,-81.57490539550781,846.50341796875,-0.0031344115268439054,-0.00022420599998440593,0.00587506964802742,-0.18210360407829285
19.059999465942383,30,0.04801749810576439,0.018269337713718414,9.799342155456543,200.43051147460938,-70.38166046142578,763.6196899414062,-0.006627997849136591,-0.004882320761680603,0.007039598189294338,-0.16483516991138458
19.06999969482422,30,0.02284320443868637,0.033458638936281204,9.819221496582031,183.46864318847656,-60.51107406616211,686.326904296875,-0.0011266035726293921,-0.006167317740619183,0.005955382250249386,-0.14756672084331512
19.079999923706055,30,0.03284040465950966,0.021869512274861336,9.815398216247559,167.3574676513672,-51.811798095703125,614.7988891601562,-0.0027373116463422775,-0.005208031740039587,0.010100390762090683,-0.1318681389093399
19.09000015258789,28,0.03541308641433716,0.024166764691472054,9.803060531616211,152.29476928710938,-44.26847839355469,549.1682739257812,-0.0030674845911562443,-0.0010451764101162553,0.012759621255099773,-0.11826269328594208
19.100000381469727,27,0.011965421959757805,0.015440631657838821,9.830585479736328,138.68002319335938,-37.7385368347168,489.1436462402344,-0.004941439256072044,-0.006693809758871794,0.008529838174581528,-0.10465724766254425
19.110000610351562,47,-0.0022274935618042946,0.008394579403102398,9.801427841186523,125.79961395263672,-31.52006721496582,434.072509765625,-0.002897936385124922,-0.005225879140198231,0.007954266853630543,-0.09262166172266006
19.1200008392334,21,0.014952495694160461,0.03795028477907181,9.810376167297363,114.96703338623047,-25.45952796936035,386.3885192871094,-0.003464584471657872,-0.003815951757133007,0.009118795394897461,-0.08163265138864517
19.1299991607666,17,0.027625974267721176,0.010606113821268082,9.79157543182373,105.41822814941406,-20.11625099182129,342.96307373046875,-0.0020457333885133266,-0.004565533250570297,0.011782487854361534,-0.07169021666049957
19.139999389648438,18,0.02543315291404724,-0.0013773188693448901,9.818264961242676,97.02779388427734,-15.58894157409668,303.2530822753906,0.00007361963071161881,-0.0029815956950187683,0.01046625804156065,-0.06384091824293137
19.149999618530273,24,0.012431612238287926,0.009886079467833042,9.796353340148926,89.50743103027344,-11.811798095703125,267.00274658203125,0.0012381484266370535,-0.00011266108049312606,0.009556051343679428,-0.0565149150788784
19.15999984741211,28,0.030785711482167244,0.016246384009718895,9.815918922424316,82.07239532470703,-8.613728523254395,234.093017578125,0.0012783044949173927,0.0016542100347578526,0.010198550298810005,-0.050235480070114136
19.170000076293945,31,0.042630407959222794,0.0002684744540601969,9.782087326049805,75.53328704833984,-5.753452301025391,205.18603515625,0.002612381475046277,-0.0006793092470616102,0.00853430014103651,-0.04447932913899422
19.18000030517578,34,0.06519749015569687,0.010503252036869526,9.802209854125977,70.01551055908203,-3.737658977508545,179.10533142089844,0.005521472543478012,-0.005042945500463247,0.006642498541623354,-0.03976975381374359
19.190000534057617,36,0.046290867030620575,0.02075517177581787,9.81863021850586,64.88429260253906,-2.1781065464019775,155.1833038330078,0.002148354658856988,-0.005792527459561825,0.006602342240512371,-0.035060178488492966
19.200000762939453,37,0.03947066888213158,0.026086855679750443,9.797934532165527,60.01163101196289,-0.822546124458313,133.86318969726562,-0.0036475181113928556,-0.006559956353157759,0.008306748233735561,-0.03192045912146568
19.209999084472656,38,0.06588813662528992,0.013177665881812572,9.818351745605469,55.92113494873047,0.3334091305732727,116.79753875732422,0.001840490847826004,-0.004065812099725008,0.007807027082890272,-0.0287807434797287
19.219999313354492,39,0.07250114530324936,0.030184198170900345,9.797240257263184,51.313507080078125,1.5771028995513916,99.62242889404297,0.0012783044949173927,-0.004668154753744602,0.00529057439416647,-0.025641025975346565
19.229999542236328,40,0.040506649762392044,0.06332293152809143,9.823686599731445,48.25339126586914,2.8207967281341553,83.39533996582031,-0.0017155605601146817,-0.0022141668014228344,0.0019219184760004282,-0.023547880351543427
19.239999771118164,40,0.015660414472222328,0.04153331369161606,9.810810089111328,45.29411697387695,3.7266969680786133,69.12448120117188,-0.0004261014983057976,0.0009670935105532408,-0.00009481317829340696,-0.021454736590385437
19.25,42,0.024466238915920258,-0.0015830430202186108,9.8342866897583,42.209434509277344,4.129197597503662,56.68125915527344,0.0030674845911562443,-0.001361963921226561,0.0033987730275839567,-0.0193615909665823
19.260000228881836,42,0.034584302455186844,-0.001994491321966052,9.805893898010254,39.50225830078125,4.053523063659668,45.23939895629883,0.0019029559334740043,-0.002526492578908801,0.010385945439338684,-0.017791731283068657
19.270000457763672,42,0.05749671161174774,0.012560494244098663,9.82909107208252,36.989009857177734,4.142358303070068,34.82353210449219,-0.001465699984692037,-0.003691021353006363,0.007454545237123966,-0.016221873462200165
19.280000686645508,42,0.02859289012849331,0.025263959541916847,9.804920196533203,34.82740783691406,4.082037925720215,25.896032333374023,-0.001840490847826004,-0.007974345237016678,0.007079754490405321,-0.015175300650298595
19.290000915527344,43,0.010428719222545624,-0.0022002155892550945,9.792947769165039,32.85972595214844,4.154422283172607,18.861831665039062,-0.001840490847826004,-0.0038382604252547026,0.008056887425482273,-0.013605441898107529
19.299999237060547,43,0.016351068392395973,-0.0018573419656604528,9.82285213470459,31.168710708618164,4.2004852294921875,11.934335708618164,-0.004584495443850756,-0.006247630808502436,0.006477412302047014,-0.013082155957818031
19.309999465942383,43,0.03423897549510002,0.0034057681914418936,9.797101020812988,29.8358097076416,4.1434550285339355,3.8536245822906494,0.001296151545830071,-0.004088121000677347,0.006704963743686676,-0.012035583145916462
19.31999969482422,43,0.03617280349135399,0.011669022962450981,9.808934211730957,28.683902740478516,4.854137420654297,-1.3543094396591187,0.0027150027453899384,-0.004168433602899313,0.007869492284953594,-0.010989011265337467
19.329999923706055,44,0.0512981042265892,0.00846315361559391,9.797517776489258,27.720746994018555,4.684144020080566,-7.461012840270996,-0.0017958726966753602,-0.005770218092948198,0.00539765739813447,-0.010989011265337467
19.34000015258789,44,0.035482149571180344,0.0194008219987154,9.811644554138184,26.84809112548828,4.417638301849365,-12.41039752960205,-0.0023000556975603104,-0.005605131853371859,0.0033987730275839567,-0.009942438453435898
19.350000381469727,44,0.04801749810576439,0.03606447950005531,9.817309379577637,26.010339736938477,4.189517974853516,-16.540355682373047,-0.000011154489584441762,-0.005042945500463247,0.007012827787548304,-0.0094191525131464
19.360000610351562,44,0.06897881627082825,0.034555833786726,9.801462173461914,25.23464584350586,4.082037925720215,-20.243501663208008,0.000613496929872781,-0.005582822952419519,0.010220859199762344,-0.008895865641534328
19.3700008392334,44,0.049519672989845276,0.026498304679989815,9.808048248291016,24.71105194091797,4.259708881378174,-23.235294342041016,-0.00034132739529013634,-0.006747351493686438,0.009056329727172852,-0.008895865641534328
19.3799991607666,44,0.05081464722752571,0.02471536211669445,9.818282127380371,24.08661651611328,3.9241087436676025,-26.227087020874023,0.00023424418759532273,-0.005837145261466503,0.008306748233735561,-0.007849293760955334
19.389999389648438,44,0.04002319276332855,0.013091947883367538,9.808446884155273,23.763410568237305,3.892303705215454,-28.492477416992188,0.0032370327971875668,-0.0011790302814915776,0.007954266853630543,-0.008372579701244831
19.399999618530273,44,0.04594554007053375,-0.00014297393499873579,9.805910110473633,23.502260208129883,3.8934004306793213,-30.377565383911133,0.000033463467843830585,0.0011589507339522243,0.006499721202999353,-0.008372579701244831
19.40999984741211,44,0.052403148263692856,0.007365958299487829,9.816040992736816,23.242403030395508,3.804564952850342,-32.46648406982422,-0.0022955939639359713,-0.0023614061065018177,0.004398215562105179,-0.007849293760955334
19.420000076293945,44,0.03812389820814133,0.0038686473853886127,9.794425010681152,23.127342224121094,3.7223100662231445,-35.44459915161133,-0.004789737518876791,-0.0016921368660405278,0.004059118684381247,-0.008372579701244831
19.43000030517578,44,0.002848804695531726,-0.010686337947845459,9.816336631774902,22.603748321533203,3.8999807834625244,-37.882354736328125,-0.007359732408076525,-0.003508087946102023,0.008614611811935902,-0.007849293760955334
19.440000534057617,44,0.0009495096746832132,-0.01872672513127327,9.804224967956543,22.32837677001953,3.7266972064971924,-39.006839752197266,-0.0007339654257521033,-0.00005465775029733777,0.011907418258488178,-0.007849293760955334
19.450000762939453,44,0.013588456436991692,-0.003537422278895974,9.80347728729248,22.060760498046875,3.5095443725585938,-41.44459533691406,-0.004227551631629467,0.002274399623274803,0.009578360244631767,-0.007326007355004549
19.459999084472656,44,0.008702087216079235,0.02557254582643509,9.806015014648438,21.712989807128906,3.303358793258667,-43.967166900634766,0.001416620216332376,-0.002249861368909478,0.002680423902347684,-0.007326007355004549
19.469999313354492,44,0.008374026976525784,0.04261336475610733,9.797378540039062,21.31221580505371,3.044530153274536,-44.06703186035156,-0.001398773049004376,-0.0015092032263055444,0.007570551708340645,-0.007326007355004549
19.479999542236328,43,0.018146764487028122,0.03291004151105881,9.80709171295166,21.1027774810791,2.8668594360351562,-46.39398193359375,-0.001840490847826004,-0.0044138324446976185,0.012375906109809875,-0.007326007355004549
19.489999771118164,44,0.03289220482110977,0.031435683369636536,9.818421363830566,20.804136276245117,2.6135141849517822,-48.62654113769531,0.002933630719780922,-0.0002688240201678127,0.010350251570343971,-0.006802720949053764
19.5,44,0.05214415490627289,0.04427630081772804,9.806553840637207,20.619260787963867,2.2921719551086426,-50.50068664550781,-0.00016731744108255953,-0.004262131173163652,0.005964305717498064,-0.006802720949053764
19.510000228881836,43,0.058325495570898056,0.045064911246299744,9.798230171203613,20.474464416503906,2.0048282146453857,-52.07797622680664,-0.001010596752166748,-0.0037802571896463633,0.008775237016379833,-0.006802720949053764
19.520000457763672,43,0.06019026041030884,0.028658410534262657,9.802886962890625,20.29605484008789,1.8139969110488892,-53.46921920776367,-0.005985499359667301,-0.0010540999937802553,0.008458449505269527,-0.006802720949053764
19.530000686645508,44,0.0573413148522377,0.015012039802968502,9.791001319885254,20.29605484008789,1.547491192817688,-54.57728958129883,-0.0063825990073382854,-0.00013497007603291422,0.009194646030664444,-0.006802720949053764
19.540000915527344,44,0.04668799415230751,0.004194376990199089,9.801079750061035,20.29605484008789,1.686776041984558,-56.59644317626953,-0.004936977289617062,0.0017925257561728358,0.01011823769658804,-0.006802720949053764
19.549999237060547,43,0.05216141790151596,-0.01315502729266882,9.811071395874023,20.153844833374023,1.6231656074523926,-57.8741455078125,-0.004361405503004789,0.0029659781139343977,0.008373675867915154,-0.006802720949053764
19.559999465942383,43,0.05029665678739548,-0.02133256383240223,9.814164161682129,20.130573272705078,1.4849774837493896,-58.95759582519531,-0.004102621227502823,-0.0018215288873761892,0.0081148911267519,-0.006279435008764267
19.56999969482422,43,0.023188529536128044,-0.016943780705332756,9.811593055725098,20.18616485595703,1.3961421251296997,-60.40355682373047,-0.005066369194537401,-0.007496933452785015,0.009533742442727089,-0.006802720949053764
19.579999923706055,43,0.005594149697571993,-0.004977491684257984,9.802730560302734,19.66257095336914,1.3073068857192993,-62.28727722167969,-0.005472392309457064,-0.003570553148165345,0.007963189855217934,-0.006802720949053764
19.59000015258789,43,0.0028660709504038095,0.004914411809295416,9.815119743347168,19.75177574157715,1.131829857826233,-62.65800476074219,-0.007975460030138493,0.003452313831076026,0.006276631727814674,-0.006802720949053764
19.600000381469727,43,0.015004294924438,0.019366534426808357,9.810359001159668,19.70135498046875,1.019963264465332,-64.22161102294922,-0.007975460030138493,-0.0014735087752342224,0.011028444394469261,-0.006802720949053764
19.610000610351562,43,0.024604368954896927,0.033750083297491074,9.800697326660156,19.490625381469727,0.7512639164924622,-65.76744079589844,-0.007154489401727915,-0.00565421162173152,0.01219297293573618,-0.006802720949053764
19.6200008392334,43,0.024604368954896927,0.038601744920015335,9.803269386291504,19.290237426757812,0.5001123547554016,-66.72503662109375,-0.0027819296810775995,-0.002446180209517479,0.0137858334928751,-0.006279435008764267
19.6299991607666,43,0.021979888901114464,0.051270924508571625,9.808186531066895,19.37944221496582,0.750167191028595,-67.2462387084961,-0.0005331846186891198,-0.001281651551835239,0.01756051369011402,-0.006279435008764267
19.639999389648438,43,0.04133543372154236,0.043933428823947906,9.810393333435059,19.06528663635254,0.5724966526031494,-66.913818359375,0.0005064138094894588,-0.00017066443979274482,0.009480200707912445,-0.006279435008764267
19.649999618530273,43,0.06108810752630234,0.03951035812497139,9.807613372802734,18.835163116455078,0.5374011993408203,-68.71546173095703,-0.006480758544057608,-0.002499721944332123,0.005986614618450403,-0.006279435008764267
19.65999984741211,43,0.06031112000346184,0.025949707254767418,9.814094543457031,18.685195922851562,0.3356025815010071,-70.03556823730469,-0.0056285555474460125,0.001890685292892158,0.0013731176732107997,-0.006279435008764267
19.670000076293945,43,0.055424753576517105,0.012149045243859291,9.820089340209961,18.580476760864258,0.12832029163837433,-70.88509368896484,-0.005521472543478012,-0.0029682102613151073,0.005174567922949791,-0.006279435008764267
19.68000030517578,43,0.056478001177310944,0.003302906174212694,9.81112289428711,18.475757598876953,0.1732863038778305,-72.24898529052734,-0.004526491742581129,-0.0008310102275572717,0.007842721417546272,-0.006279435008764267
19.690000534057617,43,0.061364367604255676,-0.01728665456175804,9.808603286743164,18.37103843688965,-0.1820547878742218,-72.91382598876953,0.0003680982335936278,0.002662576036527753,0.008306748233735561,-0.006279435008764267
19.700000762939453,43,0.05381898581981659,-0.026115650311112404,9.816648483276367,18.266319274902344,-0.3838534355163574,-74.05746459960938,-0.0016397099243476987,-0.0025443395134061575,0.00743669830262661,-0.006279435008764267
19.709999084472656,43,0.04869088903069496,-0.022961212322115898,9.807300567626953,17.96379852294922,-0.33779069781303406,-74.43913269042969,0.000970440567471087,-0.00746570061892271,0.004656999371945858,-0.006802720949053764
19.719999313354492,43,0.025968408212065697,-0.014886539429426193,9.807230949401855,17.586294174194336,-0.23031099140644073,-74.72230529785156,0.0015772447222843766,-0.007233687210828066,0.007869492284953594,-0.006279435008764267
19.729999542236328,43,0.008339494466781616,0.014566303230822086,9.810393333435059,17.32255744934082,-0.30159854888916016,-75.53762817382812,-0.0000691578388796188,-0.005587284453213215,0.008030117489397526,-0.006279435008764267
19.739999771118164,43,0.012103552930057049,0.026498304679989815,9.806987762451172,17.32255744934082,-0.7457749247550964,-75.9808578491211,0.000006692693659715587,-0.003802566323429346,0.008953709155321121,-0.006279435008764267
19.75,43,0.014969762414693832,0.04364198446273804,9.812496185302734,17.031673431396484,-1.2722060680389404,-76.93708038330078,-0.0016174010233953595,-0.004819856025278568,0.011987730860710144,-0.006279435008764267
19.760000228881836,43,0.004402773920446634,0.05740835890173912,9.81878662109375,17.07950782775879,-1.1296309232711792,-77.01505279541016,-0.0042944783344864845,-0.006506414618343115,0.008025655522942543,-0.006279435008764267
19.770000457763672,43,0.011292035691440105,0.049282256513834,9.816475868225098,16.954103469848633,-1.050666332244873,-76.68263244628906,-0.005592860747128725,-0.005042945500463247,0.0043357498943805695,-0.005756148602813482
19.780000686645508,43,0.014969762414693832,0.04926511272788048,9.818924903869629,16.546863555908203,-1.3270426988601685,-76.42407989501953,-0.006123814731836319,-0.005042945500463247,0.00941773597151041,-0.006279435008764267
19.790000915527344,53,0.014969762414693832,0.05041373893618584,9.820089340209961,16.546863555908203,-1.3270426988601685,-76.42407989501953,-0.001840490847826004,-0.005042945500463247,0.011987730860710144,-0.005756148602813482
19.799999237060547,43,0.03396271541714668,0.03532730042934418,9.808621406555176,16.65028953552246,-0.8883500099182129,-77.51847076416016,-0.002576687140390277,-0.004306748975068331,0.011987730860710144,-0.005756148602813482
19.809999465942383,43,0.03905627876520157,0.0005599170690402389,9.805545806884766,16.83386993408203,-0.9124781489372253,-78.54309844970703,-0.005155605264008045,-0.0019107648404315114,0.011438929475843906,-0.005756148602813482
19.81999969482422,43,0.046929724514484406,-0.006983302533626556,9.813468933105469,16.71751594543457,-0.9058977365493774,-79.31053924560547,-0.0030674845911562443,-0.005042945500463247,0.007945342920720577,-0.005756148602813482
19.829999923706055,43,0.052696675062179565,-0.014937969855964184,9.795084953308105,16.506786346435547,-0.8291265368461609,-79.7072525024414,-0.003009481355547905,-0.005042945500463247,0.004451756831258535,-0.005756148602813482
19.84000015258789,43,0.0575830452144146,-0.012503567151725292,9.799202919006348,16.80542755126953,-1.0111839771270752,-79.80027770996094,-0.001844952697865665,-0.005042945500463247,0.0009581706835888326,-0.005756148602813482
19.850000381469727,43,0.05418157950043678,0.0005770607385784388,9.817378997802734,16.80542755126953,-1.277689814567566,-81.68399810791016,-0.0006804238073527813,-0.010843280702829361,0.005585053004324436,-0.005756148602813482
19.860000610351562,52,0.05350819230079651,0.0025828713551163673,9.820089340209961,16.80542755126953,-1.3270426988601685,-82.0328369140625,-0.00610150583088398,-0.0067875077947974205,0.011340769939124584,-0.006279435008764267
19.8700008392334,43,0.049226146191358566,0.015337769873440266,9.807161331176758,16.744665145874023,-1.2754963636398315,-82.09713745117188,-0.006748466286808252,-0.0062699392437934875,0.011987730860710144,-0.006279435008764267
19.8799991607666,43,0.035637546330690384,0.029892755672335625,9.805545806884766,16.712345123291016,-1.4630374908447266,-82.16963958740234,-0.007721137721091509,-0.005297267809510231,0.0129604022949934,-0.005756148602813482
19.889999389648438,43,0.02981879748404026,0.04883652180433273,9.809993743896484,16.828699111938477,-2.0552725791931152,-82.18195343017578,-0.006155047565698624,-0.0032225328031927347,0.008663692511618137,-0.006279435008764267
19.899999618530273,43,0.03391091525554657,0.06378581374883652,9.805875778198242,17.038137435913086,-1.6999315023422241,-82.29275512695312,-0.0038259900175035,-0.001741216517984867,0.011318461038172245,-0.005756148602813482
19.90999984741211,43,0.01600574143230915,0.06023706868290901,9.81013298034668,16.146087646484375,-1.4224584102630615,-83.18058013916016,-0.004638036713004112,-0.001361963921226561,0.010858896188437939,-0.006279435008764267
19.920000076293945,44,0.028851883485913277,0.04619639366865158,9.810393333435059,15.972850799560547,-1.5551629066467285,-82.8262710571289,-0.0004617962404154241,-0.001361963921226561,0.0073653096333146095,-0.005756148602813482
19.93000030517578,44,0.024725232273340225,0.031641408801078796,9.805667877197266,16.15901756286621,-1.6571589708328247,-82.93708038330078,0.001746793044731021,-0.0007016181480139494,0.009154490195214748,-0.005232862196862698
19.940000534057617,44,0.015125159174203873,0.031178530305624008,9.80081844329834,16.104719161987305,-1.390653133392334,-84.30369567871094,0.00001561628596391529,-0.002526492578908801,0.012585611082613468,-0.006279435008764267
19.950000762939453,44,0.02933534048497677,0.0025828713551163673,9.819742202758789,15.79056167602539,-1.1241474151611328,-83.19562530517578,-0.00007808142981957644,-0.005578360985964537,0.01053764671087265,-0.006279435008764267
19.959999084472656,44,0.02538135275244713,0.0019656987860798836,9.800697326660156,15.96767807006836,-1.4411028623580933,-84.58277130126953,-0.0008053540950641036,-0.008161741308867931,0.005660903640091419,-0.006279435008764267
19.969999313354492,44,0.04958873987197876,-0.01610374078154564,9.800697326660156,15.808660507202148,-1.4838753938674927,-84.73050689697266,-0.002656999509781599,-0.008304518647491932,0.0033987730275839567,-0.005756148602813482
19.979999542236328,44,0.066492460668087,-0.007857630029320717,9.801288604736328,15.543631553649902,-1.436715841293335,-85.1190185546875,-0.0007964305696077645,-0.0022409376688301563,0.005486893467605114,-0.005756148602813482
19.989999771118164,44,0.043873582035303116,-0.019172459840774536,9.809663772583008,15.432449340820312,-1.4783916473388672,-86.00684356689453,0.0006982710910961032,-0.0016475188313052058,0.009904071688652039,-0.005756148602813482
20,44,0.04344192519783974,0.008651734329760075,9.801132202148438,15.641886711120605,-1.6560622453689575,-85.45281219482422,-0.0028443948831409216,-0.001250418950803578,0.006187395192682743,-0.005756148602813482
20.010000228881836,44,0.03905627876520157,0.022709552198648453,9.806049346923828,15.74660587310791,-1.8337328433990479,-86.67168426513672,-0.0013586168643087149,0.0041305068880319595,0.0024930282961577177,-0.005756148602813482
20.020000457763672,44,0.03962606564164162,0.03128139302134514,9.809247016906738,15.610858917236328,-1.9434059858322144,-87.04241180419922,0.0016441717743873596,-0.0006257676286622882,0.004429447930306196,-0.005756148602813482
20.030000686645508,44,0.046428997069597244,0.03508728742599487,9.801340103149414,15.457013130187988,-2.0322413444519043,-87.21204376220703,-0.00057780253700912,-0.006198550574481487,0.002171779051423073,-0.005756148602813482
20.040000915527344,44,0.05960320308804512,0.05576256662607193,9.808395385742188,15.414349555969238,-2.0157902240753174,-87.53215026855469,0.0005867261788807809,-0.0038694932591170073,0.002171779051423073,-0.005756148602813482
20.049999237060547,44,0.03594834357500076,0.03050992637872696,9.821028709411621,15.512604713439941,-1.765735387802124,-88.01778411865234,-0.005075293127447367,-0.00040267783333547413,0.011273843236267567,-0.005756148602813482
20.059999465942383,44,0.018941015005111694,0.029018426313996315,9.805806159973145,15.512604713439941,-1.765735387802124,-87.46375274658203,-0.004446179606020451,-0.00013497007603291422,0.011987730860710144,-0.005756148602813482
20.06999969482422,44,0.015884878113865852,0.035395875573158264,9.824260711669922,15.25274658203125,-2.1331405639648438,-86.08482360839844,0.0007696598768234253,0.0029035129118710756,0.007936419919133186,-0.006279435008764267
20.079999923706055,44,0.02175542525947094,0.010194665752351284,9.801688194274902,15.248867988586426,-2.5246737003326416,-85.32148742675781,-0.000060234186094021425,0.0016452864510938525,0.005179029423743486,-0.005756148602813482
20.09000015258789,37,0.024155445396900177,0.0015371069312095642,9.805545806884766,15.495798110961914,-2.5937678813934326,-85.41724395751953,0.0011622977908700705,0.001092023798264563,0.006401561666280031,-0.005756148602813482
20.100000381469727,44,0.010946709662675858,-0.0022002155892550945,9.8032865524292,15.758241653442383,-2.2592647075653076,-86.01368713378906,-0.0014612381346523762,-0.000558840692974627,0.007079754490405321,-0.005756148602813482
20.110000610351562,44,0.03180442377924919,-0.0045660436153411865,9.798248291015625,15.653522491455078,-2.7034411430358887,-86.1244888305664,-0.0007785834022797644,0.0001639702677493915,0.010131623595952988,-0.005756148602813482
20.1200008392334,44,0.03905627876520157,-0.009263412095606327,9.805545806884766,15.548803329467773,-2.5948646068573,-86.8262710571289,-0.0007875069859437644,-0.00030898008844815195,0.011287229135632515,-0.005756148602813482
20.1299991607666,44,0.04836282506585121,0.001759974635206163,9.808221817016602,15.307044982910156,-2.30094051361084,-87.31190490722656,-0.0031165643595159054,-0.003276074305176735,0.008846625685691833,-0.005756148602813482
20.139999389648438,44,0.06718312203884125,0.014926320873200893,9.80679702758789,15.080801010131836,-2.16933274269104,-87.45828247070312,-0.0014166200999170542,-0.0038918021600693464,0.006504182703793049,-0.005756148602813482
20.149999618530273,44,0.054975830018520355,0.02171521820127964,9.792061805725098,15.053651809692383,-2.330552101135254,-87.26539611816406,0.0008142777951434255,-0.002588957780972123,0.006878973916172981,-0.005756148602813482
20.15999984741211,44,0.05371538922190666,0.030869944021105766,9.80245304107666,15.36780834197998,-2.4193875789642334,-86.71135711669922,-0.0015147796366363764,-0.0012370336335152388,0.008306748233735561,-0.005756148602813482
20.170000076293945,44,0.0422678142786026,0.04563065245747566,9.803930282592773,15.184226989746094,-2.508222818374634,-86.89466857910156,-0.0003502510371617973,-0.0004606811562553048,0.007530395872890949,-0.005756148602813482
20.18000030517578,45,0.03738144785165787,0.03273860365152359,9.816718101501465,15.274724960327148,-2.279006004333496,-87.98905944824219,0.004870050121098757,-0.0031645295675843954,0.007155605126172304,-0.005756148602813482
20.190000534057617,45,0.032495077699422836,0.03169284015893936,9.808638572692871,15.28248119354248,-2.2658450603485107,-88.52257537841797,0.0038572223857045174,-0.002151701832190156,0.010760736651718616,-0.005756148602813482
20.200000762939453,45,0.023982780054211617,0.0390474796295166,9.80737018585205,15.202326774597168,-2.533447742462158,-88.18878936767578,0.005744562018662691,-0.005444507114589214,0.010359174571931362,-0.005756148602813482
20.209999084472656,45,0.016851790249347687,0.03419581800699234,9.810393333435059,15.511311531066895,-2.5290608406066895,-88.18605041503906,0.00019854992569889873,-0.007081986404955387,0.00844506360590458,-0.005756148602813482
20.219999313354492,45,0.015884876251220703,0.019657978788018227,9.812356948852539,15.40659236907959,-2.173719644546509,-87.96443939208984,-0.0030674845911562443,-0.003740101121366024,0.009533742442727089,-0.005756148602813482
20.229999542236328,45,0.022273415699601173,0.0005770607385784388,9.81727409362793,15.464770317077637,-2.302037239074707,-88.51847076416016,-0.003013943089172244,-0.002588957780972123,0.009453429840505123,-0.005756148602813482
20.239999771118164,45,0.024431705474853516,0.0019485552329570055,9.820089340209961,15.626373291015625,-2.7615678310394287,-89.1135482788086,0.0016441717743873596,-0.002588957780972123,0.0024662576615810394,-0.005756148602813482
20.25,45,0.013968314975500107,0.007365958299487829,9.824434280395508,15.771169662475586,-3.1366500854492188,-89.59097290039062,-0.0026213049422949553,-0.003704406786710024,0.001056330162100494,-0.005756148602813482
20.260000228881836,45,0.03128643333911896,0.005154423415660858,9.811853408813477,15.747899055480957,-2.9458186626434326,-89.97264862060547,0.002197434427216649,-0.004868935327976942,0.0072626881301403046,-0.005756148602813482
20.270000457763672,45,0.04135270044207573,0.0025828713551163673,9.807178497314453,15.433741569519043,-2.590477705001831,-88.1997299194336,0.004058002959936857,-0.007023983169347048,0.004344673827290535,-0.005232862196862698
20.280000686645508,45,0.043873582035303116,0.011977608315646648,9.813035011291504,15.471234321594238,-2.608025312423706,-88.93844604492188,-0.0012738427612930536,-0.005640826188027859,0.004326826427131891,-0.005756148602813482
20.290000915527344,45,0.043873582035303116,0.02654973603785038,9.800697326660156,15.385908126831055,-2.428161382675171,-90.22434997558594,-0.005664249882102013,-0.003311768639832735,0.0020290017127990723,-0.005756148602813482
20.299999237060547,45,0.048880815505981445,0.03625306114554405,9.810775756835938,15.254039764404297,-2.566349744796753,-90.56908416748047,-0.003535973373800516,-0.001785834552720189,0.0017479084199294448,-0.005756148602813482
20.309999465942383,44,0.05350819230079651,0.03062993288040161,9.80455493927002,15.268260955810547,-3.386704921722412,-89.4500732421875,-0.0003591746208257973,0.0008600105065852404,0.00587506964802742,-0.005756148602813482
20.31999969482422,44,0.04822469502687454,0.029584167525172234,9.814929008483887,15.372979164123535,-3.2090342044830322,-89.67168426513672,-0.006168432533740997,-0.00039375422056764364,0.005593976471573114,-0.005756148602813482
20.329999923706055,44,0.043873582035303116,0.027989806607365608,9.810080528259277,15.666450500488281,-3.27154803276062,-90.29275512695312,-0.00980925839394331,-0.0007417742162942886,0.0033987730275839567,-0.006279435008764267
20.34000015258789,44,0.04665346071124077,0.024475350975990295,9.80778694152832,15.49191951751709,-3.064265727996826,-90.88372802734375,-0.004102621227502823,-0.000567764334846288,0.0028455103747546673,-0.005232862196862698
20.350000381469727,44,0.0515398308634758,0.018012182787060738,9.811488151550293,15.163541793823242,-2.900852680206299,-91.29412078857422,0.000613496929872781,-0.0016073626466095448,0.005116564221680164,-0.005756148602813482
20.360000610351562,44,0.05642620101571083,0.006354480981826782,9.80260944366455,15.016160011291504,-2.937044858932495,-91.47196197509766,0.001041829353198409,-0.0014199672732502222,0.009533742442727089,-0.005756148602813482
20.3700008392334,44,0.04040305316448212,0.014446297660470009,9.812722206115723,15.120878219604492,-2.7593743801116943,-91.47196197509766,0.000011154582352901343,-0.004547686316072941,0.009899609722197056,-0.005756148602813482
20.3799991607666,43,0.01719711720943451,0.006543061695992947,9.79548454284668,14.822236061096191,-2.1539785861968994,-91.25855255126953,-0.0042944783344864845,-0.006876743398606777,0.010153932496905327,-0.005756148602813482
20.389999389648438,43,0.032028887420892715,0.004005796741694212,9.800175666809082,14.965739250183105,-2.6968605518341064,-91.03694152832031,-0.003330730367451906,-0.006555493921041489,0.006620189640671015,-0.005756148602813482
20.399999618530273,43,0.034290775656700134,0.02005228027701378,9.800749778747559,15.021330833435059,-3.016009569168091,-91.14364624023438,0.00025655326317064464,0.0016051302663981915,0.0006101505714468658,-0.005756148602813482
20.40999984741211,43,0.03268500789999962,0.01353768352419138,9.81555461883545,14.866191864013672,-2.729762554168701,-91.18468475341797,-0.0020725042559206486,-0.00293697789311409,0.005852760747075081,-0.005232862196862698
20.420000076293945,42,0.027574175968766212,0.017292149364948273,9.8115234375,14.86877727508545,-2.6453142166137695,-90.12859344482422,-0.00402677059173584,-0.006002231501042843,0.005799219012260437,-0.005232862196862698
20.43000030517578,42,0.04501316323876381,0.0048286933451890945,9.812392234802246,14.973496437072754,-2.73414945602417,-91.1258544921875,0.0017958729295060039,-0.00017958802345674485,0.004634690470993519,-0.005756148602813482
20.440000534057617,42,0.046567127108573914,0.004691543988883495,9.808257102966309,14.82999324798584,-2.682603120803833,-92.03556823730469,0.0006848855991847813,-0.004757390357553959,0.004625767003744841,-0.005756148602813482
20.450000762939453,42,0.029715199023485184,0.017909321933984756,9.801982879638672,14.736909866333008,-2.5937678813934326,-91.13680267333984,0.000613496929872781,-0.002856665523722768,0.0068120467476546764,-0.005756148602813482
20.459999084472656,42,0.03182169049978256,0.01454916037619114,9.807960510253906,14.837750434875488,-2.704537868499756,-89.66348266601562,-0.00041717791464179754,-0.007742331828922033,0.0091411042958498,-0.005756148602813482
20.469999313354492,42,0.041594427078962326,0.004845837131142616,9.802990913391113,15.115707397460938,-3.1914865970611572,-90.06292724609375,-0.002549916272982955,-0.005819297861307859,0.009533742442727089,-0.005232862196862698
20.479999542236328,41,0.062607541680336,0.006303050089627504,9.819551467895508,15.010988235473633,-3.1914865970611572,-91.1709976196289,-0.002161740092560649,0.0003915220149792731,0.011345231905579567,-0.005756148602813482
20.489999771118164,41,0.06796009838581085,0.022520970553159714,9.81725788116455,14.906270027160645,-3.040137767791748,-90.76881408691406,0.0015326268039643764,-0.002740659052506089,0.006928053684532642,-0.005756148602813482
20.5,40,0.05242041125893593,0.018783649429678917,9.815241813659668,14.93083381652832,-3.026977062225342,-90.71956634521484,0.0030674845911562443,-0.005823759827762842,0.006968209519982338,-0.005756148602813482
20.510000228881836,40,0.03682892397046089,0.020858034491539,9.815241813659668,14.995474815368652,-2.9798176288604736,-91.05198669433594,0.0009124372736550868,-0.007706637494266033,0.008306748233735561,-0.005756148602813482
20.520000457763672,40,0.03423897549510002,0.02171521820127964,9.815241813659668,14.995474815368652,-2.7659547328948975,-91.08892059326172,0.002665923209860921,-0.005444506648927927,0.007650864310562611,-0.005756148602813482
20.530000686645508,39,0.03423897549510002,0.02984132431447506,9.815241813659668,14.995474815368652,-2.854789972305298,-89.42681884765625,0.00314779719337821,-0.002588957780972123,0.008266592398285866,-0.005756148602813482
20.540000915527344,39,0.030077792704105377,0.010623257607221603,9.811053276062012,15.091143608093262,-2.9436252117156982,-88.67579650878906,-0.0004484104865696281,-0.0031199115328490734,0.007409927435219288,-0.005756148602813482
20.549999237060547,38,0.01673092693090439,0.01156616024672985,9.818907737731934,15.2669677734375,-3.1531009674072266,-88.08618927001953,-0.0023089793976396322,-0.0019419974414631724,0.005094255320727825,-0.005756148602813482
20.559999465942383,38,0.032167017459869385,0.016417821869254112,9.807109832763672,15.429863929748535,-3.103748083114624,-87.77838897705078,-0.0030674845911562443,-0.0017501403344795108,0.007476854603737593,-0.006279435008764267
20.56999969482422,37,0.0036603217013180256,0.016932131722569466,9.801149368286133,15.446670532226562,-2.808727264404297,-88.0807113647461,-0.0023803680669516325,-0.007153375074267387,0.009730061516165733,-0.005232862196862698
20.579999923706055,37,0.009392740204930305,0.01252620667219162,9.805163383483887,15.132513999938965,-3.075233221054077,-89.52120971679688,-0.000613496929872781,-0.006551032420247793,0.008204127661883831,-0.005756148602813482
20.59000015258789,37,0.01916547864675522,0.003200043924152851,9.810080528259277,15.022624015808105,-2.8218882083892822,-88.15184783935547,-0.0010507529368624091,-0.006841049529612064,0.012206358835101128,-0.005756148602813482
20.600000381469727,37,0.01978706568479538,0.011669022031128407,9.80578899383545,15.150613784790039,-2.9502058029174805,-88.10670471191406,-0.0027551588136702776,-0.004596766084432602,0.012746235355734825,-0.005756148602813482
20.610000610351562,36,0.024431705474853516,0.012149045243859291,9.805545806884766,15.201033592224121,-2.946915626525879,-87.98905944824219,-0.0004261014983057976,-0.009482432156801224,0.00925264973193407,-0.005232862196862698
20.6200008392334,36,0.05760030820965767,0.02150949463248253,9.815032958984375,15.010988235473633,-2.728665828704834,-87.41450500488281,0.001809258246794343,-0.003784719156101346,0.005883993115276098,-0.005232862196862698
20.6299991607666,36,0.03933253884315491,0.01696641929447651,9.805615425109863,14.607626914978027,-2.623379707336426,-87.0779800415039,0.0006447294726967812,-0.002620190382003784,0.007048522122204304,-0.005232862196862698
20.639999389648438,36,0.058014702051877975,0.01734357886016369,9.80565071105957,14.607626914978027,-2.0903680324554443,-86.63475799560547,-0.006186279933899641,-0.0014556616079062223,0.007079754490405321,-0.005232862196862698
20.649999618530273,35,0.04421890899538994,0.03572160378098488,9.810566902160645,14.85972785949707,-2.4128072261810303,-87.08071899414062,-0.006748466286808252,-0.0056452881544828415,0.007079754490405321,-0.005756148602813482
20.65999984741211,35,0.0542333759367466,0.02673831582069397,9.814268112182617,15.173884391784668,-2.5422215461730957,-86.99043273925781,-0.008765198290348053,-0.0062699392437934875,0.010104852728545666,-0.005756148602813482
20.670000076293945,35,0.06640612334012985,0.030355634167790413,9.79741382598877,15.453134536743164,-2.5126097202301025,-86.65801239013672,-0.0006893475074321032,-0.009107641875743866,0.009814836084842682,-0.005232862196862698
20.68000030517578,36,0.04349372163414955,0.016554970294237137,9.81932544708252,15.652229309082031,-2.735246419906616,-86.913818359375,0.0009570551919750869,-0.005533743184059858,0.006883435416966677,-0.005232862196862698
20.690000534057617,36,0.03815843164920807,0.014377724379301071,9.808134078979492,15.756948471069336,-2.5575759410858154,-86.47058868408203,0.0030764080584049225,-0.0070998333394527435,0.0025688789319247007,-0.005232862196862698
20.700000762939453,37,0.027867702767252922,0.03246430680155754,9.790844917297363,15.409178733825684,-3.0708463191986084,-83.82490539550781,0.0042944783344864845,-0.006448410917073488,0.003978806547820568,-0.005232862196862698
20.709999084472656,39,0.014969762414693832,0.0014171008951961994,9.824469566345215,15.319973945617676,-3.189293146133423,-83.20520782470703,-0.00057780253700912,-0.00295482506044209,0.005156720522791147,-0.005232862196862698
20.719999313354492,40,0.015625882893800735,-0.006983302533626556,9.792097091674805,15.466062545776367,-2.941431760787964,-83.58686828613281,-0.003027328522875905,-0.0038962638936936855,0.008427217602729797,-0.005232862196862698
20.729999542236328,41,0.018336694687604904,-0.006983302533626556,9.824677467346191,15.591466903686523,-2.700150728225708,-83.24076843261719,-0.001840490847826004,-0.0062699392437934875,0.010845511220395565,-0.005756148602813482
20.739999771118164,42,0.014123711735010147,-0.003040255978703499,9.795050621032715,15.277310371398926,-3.0554919242858887,-82.2435073852539,-0.001840490847826004,-0.004744004923850298,0.008007808588445187,-0.005756148602813482
20.75,43,0.03164902701973915,0.016932131722569466,9.793607711791992,15.351001739501953,-2.9173035621643066,-81.55403900146484,-0.002286670496687293,-0.0034813168458640575,0.006298940163105726,-0.005232862196862698
20.760000228881836,44,0.023516589775681496,0.018783649429678917,9.800853729248047,15.238525390625,-2.9853010177612305,-80.50615692138672,-0.0026837701443582773,-0.005426659714430571,0.008230897597968578,-0.005756148602813482
20.770000457763672,45,0.040057726204395294,0.027492638677358627,9.78936767578125,14.981253623962402,-3.0818135738372803,-80.40082550048828,-0.001840490847826004,-0.0046636927872896194,0.00883324071764946,-0.005232862196862698
20.780000686645508,46,0.046014606952667236,0.03128139302134514,9.814702987670898,14.853263854980469,-3.160778284072876,-80.80711364746094,-0.001840490847826004,-0.00013497007603291422,0.004692693706601858,-0.005756148602813482
20.790000915527344,46,0.05806650221347809,0.027886943891644478,9.79928970336914,15.37685775756836,-3.5161192417144775,-78.3693618774414,-0.0020368099212646484,-0.0013128842692822218,0.0091411042958498,-0.005756148602813482
20.799999237060547,47,0.07398605346679688,0.019332246854901314,9.805527687072754,14.866191864013672,-3.432767629623413,-79.10533905029297,-0.0034690462052822113,-0.007363079581409693,0.006276631262153387,-0.005756148602813482
20.809999465942383,48,0.06992846727371216,0.026498304679989815,9.800003051757812,15.131220817565918,-3.3439323902130127,-78.29549407958984,-0.006677077617496252,-0.006484105251729488,0.000003346325001984951,-0.005232862196862698
20.81999969482422,48,0.05003766342997551,0.026498304679989815,9.8195161819458,15.329023361206055,-3.485410690307617,-77.25308227539062,-0.005512549076229334,-0.009906303137540817,0.004661461338400841,-0.005756148602813482
20.829999923706055,48,0.04926067590713501,0.020875178277492523,9.806970596313477,15.254039764404297,-3.8407516479492188,-76.38304138183594,-0.004348020069301128,-0.004083659499883652,0.009319576434791088,-0.005756148602813482
20.84000015258789,48,0.036086469888687134,0.005891601555049419,9.80889892578125,15.243697166442871,-4.187318801879883,-75.31327056884766,-0.0031834912952035666,-0.003815951757133007,0.010644730180501938,-0.005756148602813482
20.850000381469727,49,0.030975639820098877,0.0025828713551163673,9.811800956726074,15.034259796142578,-4.364989757537842,-74.9808578491211,-0.004116006661206484,-0.005912995431572199,0.0076151699759066105,-0.005232862196862698
20.860000610351562,49,0.027746839448809624,0.0009713653125800192,9.823304176330566,15.336780548095703,-4.542660236358643,-73.74555969238281,-0.0042944783344864845,-0.0042978255078196526,0.009051868692040443,-0.005232862196862698
20.8700008392334,49,0.013277662917971611,-0.0005201348685659468,9.811574935913086,15.39107894897461,-4.6172380447387695,-72.62654113769531,-0.005218070466071367,-0.0047395434230566025,0.010457334108650684,-0.005232862196862698
20.8799991607666,49,0.006630128715187311,0.007828837260603905,9.801166534423828,15.254039764404297,-4.555820941925049,-71.93161010742188,-0.004660345613956451,-0.003320692339912057,0.008177356794476509,-0.005232862196862698
20.889999389648438,49,0.007838771678507328,0.016932131722569466,9.815918922424316,15.277310371398926,-4.476856231689453,-71.32832336425781,0.0004974902840331197,-0.0017902962863445282,0.00468377023935318,-0.005232862196862698
20.899999618530273,49,0.017887771129608154,0.016932131722569466,9.81920337677002,15.486748695373535,-5.1875386238098145,-68.55813598632812,0.0015950920060276985,0.00011042870755773038,0.008552148006856441,-0.005232862196862698
20.90999984741211,49,0.0189064834266901,0.013023372739553452,9.802470207214355,15.23723316192627,-5.119541168212891,-67.63337707519531,0.0039821527898311615,-0.0009291697642765939,0.007271612528711557,-0.0047095762565732
20.920000076293945,48,0.022566944360733032,0.01141186710447073,9.803303718566895,15.191984176635742,-5.284050941467285,-66.82626342773438,0.0055259340442717075,-0.006256554275751114,0.0021762410178780556,-0.0047095762565732
20.93000030517578,48,0.03242601454257965,0.02529824897646904,9.811609268188477,15.29670238494873,-5.7479681968688965,-65.30780029296875,0.002099274890497327,-0.007755717262625694,0.005335192661732435,-0.0047095762565732
20.940000534057617,48,0.050866447389125824,0.03606447950005531,9.798508644104004,15.437620162963867,-6.262335300445557,-63.061561584472656,-0.0015861684223636985,-0.0055292812176048756,0.00978806521743536,-0.0041862898506224155
20.950000762939453,47,0.05575281381607056,0.03160712122917175,9.811662673950195,15.751777648925781,-6.262335300445557,-61.731876373291016,-0.0034913551062345505,-0.0075415512546896935,0.007882877252995968,-0.0047095762565732
20.959999084472656,47,0.05369812250137329,0.017309291288256645,9.806501388549805,15.771169662475586,-6.679093360900879,-60.50615692138672,-0.005740100517868996,-0.008143893443048,0.005995538085699081,-0.0047095762565732
20.969999313354492,46,0.046308137476444244,0.009731786325573921,9.798090934753418,15.697478294372559,-7.060756206512451,-59.44322967529297,-0.007707752753049135,-0.0035170114133507013,0.004594534169882536,-0.0047095762565732
20.979999542236328,46,0.043873582035303116,0.007280239835381508,9.80290412902832,15.641886711120605,-7.166042327880859,-58.1860466003418,-0.0035404351074248552,-0.0030619080644100904,0.008306748233735561,-0.0041862898506224155
20.989999771118164,46,0.0463944673538208,0.00007989400182850659,9.811297416687012,15.641886711120605,-7.155075550079346,-56.582763671875,-0.004999442491680384,-0.005042945500463247,0.008306748233735561,-0.0047095762565732
21,45,0.03833109512925148,-0.007343319710344076,9.811540603637695,15.641886711120605,-7.688086986541748,-54.80984878540039,-0.0016174010233953595,-0.005042945500463247,0.008306748233735561,-0.0047095762565732
21.010000228881836,44,0.018785618245601654,-0.0038460087962448597,9.78514575958252,15.432449340820312,-8.043428421020508,-53.59096908569336,0.0005644171615131199,-0.004944785963743925,0.0082576684653759,-0.0047095762565732
21.020000457763672,44,0.004696301184594631,0.005291572771966457,9.798421859741211,15.46347713470459,-8.126779556274414,-51.94801712036133,-0.000600111554376781,-0.002615728648379445,0.007093139924108982,-0.0047095762565732
21.030000686645508,43,0.014503571204841137,0.004588681738823652,9.80398178100586,15.734970092773438,-8.409736633300781,-49.9398078918457,-0.0017646403284743428,-0.00028667112928815186,0.007079754490405321,-0.0047095762565732
21.040000915527344,44,0.027470577508211136,0.013966274447739124,9.816040992736816,15.936650276184082,-8.86378288269043,-47.62517166137695,-0.001840490847826004,-0.005578360985964537,0.0016363636823371053,-0.0047095762565732
21.049999237060547,42,0.020615849643945694,0.02171521820127964,9.81501579284668,15.680671691894531,-9.135772705078125,-45.23392868041992,0.00021193524298723787,-0.0062699392437934875,0.0019709982443600893,-0.0041862898506224155
21.059999465942383,42,0.014969762414693832,0.027681220322847366,9.814616203308105,16.308984756469727,-9.491113662719727,-45.23392868041992,-0.0013139988295733929,-0.005306191276758909,0.0012080312008038163,-0.0047095762565732
21.06999969482422,42,0.030336787924170494,0.034332968294620514,9.807717323303223,16.244342803955078,-9.626011848449707,-42.02599334716797,-0.004544339142739773,-0.005042945500463247,0.005451199132949114,-0.0041862898506224155
21.079999923706055,41,0.03905627876520157,0.03606447950005531,9.810185432434082,16.28312873840332,-9.87277603149414,-39.789329528808594,-0.005521472543478012,-0.0016876750160008669,0.014629113487899303,-0.0041862898506224155
21.09000015258789,40,0.05190242454409599,0.032875753939151764,9.812009811401367,16.717517852783203,-10.355338096618652,-37.92749786376953,-0.004745119716972113,0.000641382415778935,0.013464584946632385,-0.0036630036775022745
21.100000381469727,40,0.05504489317536354,0.03128139302134514,9.816996574401855,17.451841354370117,-11.011183738708496,-34.782493591308594,-0.0042944783344864845,-0.0003357508685439825,0.012902398593723774,-0.0036630036775022745
21.110000610351562,40,0.06020752340555191,0.017977897077798843,9.789750099182129,17.451841354370117,-11.277689933776855,-32.12311935424805,-0.0042944783344864845,-0.002664808416739106,0.013138874433934689,-0.0036630036775022745
21.1200008392334,40,0.05972406640648842,0.015543493442237377,9.807421684265137,17.35875701904297,-11.544195175170898,-30.054719924926758,-0.0031165643595159054,-0.00440490897744894,0.0055092028342187405,-0.0036630036775022745
21.1299991607666,39,0.03391091525554657,0.006543061230331659,9.795519828796387,18.076274871826172,-12.217589378356934,-27.770177841186523,0.0007919686613604426,-0.00293697789311409,0.0005967651377432048,-0.0036630036775022745
21.139999389648438,39,0.04594554379582405,0.009646067395806313,9.800472259521484,19.00840187072754,-13.143230438232422,-24.913818359375,0.002438371302559972,-0.0005989968194626272,0.0057189068756997585,-0.0031397175043821335
21.149999618530273,40,0.06438597291707993,0.0013485263334587216,9.794598579406738,19.65610694885254,-14.054615020751953,-21.376197814941406,-0.001416620216332376,-0.002165087265893817,0.009533742442727089,-0.0031397175043821335
21.15999984741211,39,0.05687512457370758,-0.0022002155892550945,9.80959415435791,20.389137268066406,-14.676461219787598,-17.387142181396484,-0.0023892915342003107,-0.004494144581258297,0.007838260382413864,-0.0031397175043821335
21.170000076293945,39,0.023395728319883347,0.009011751972138882,9.796300888061523,21.221717834472656,-15.467205047607422,-12.976744651794434,-0.0011667596409097314,-0.005716676823794842,0.0036754044704139233,-0.0031397175043821335
21.18000030517578,38,0.011136638931930065,0.015954941511154175,9.802574157714844,22.359405517578125,-16.075891494750977,-9.417237281799316,-0.0034958170726895332,-0.003815951757133007,0.0048399330116808414,-0.002616431098431349
21.190000534057617,38,0.021859023720026016,0.005308716557919979,9.813400268554688,23.313508987426758,-16.694448471069336,-5.937073230743408,-0.0049146683886647224,-0.004119353834539652,0.006156162824481726,-0.0020931449253112078
21.200000762939453,39,0.012690607458353043,0.010468964464962482,9.807249069213867,24.019390106201172,-17.558671951293945,-2.2517106533050537,-0.0008812046726234257,-0.0062699392437934875,0.008128276094794273,-0.0020931449253112078
21.209999084472656,39,0.018233096227049828,0.024183908477425575,9.817743301391602,24.96832275390625,-18.880233764648438,1.191517949104309,-0.004214166197925806,-0.006136085372418165,0.005879531614482403,-0.0020931449253112078
21.219999313354492,39,0.02389645017683506,0.030578501522541046,9.787004470825195,26.43438720703125,-19.324411392211914,5.291380882263184,-0.0007205799920484424,-0.00031344188028015196,0.007044060155749321,-0.0020931449253112078
21.229999542236328,40,0.024604368954896927,0.03128139302134514,9.810741424560547,27.57465934753418,-20.597715377807617,9.305061340332031,-0.0028711655177176,0.0009938642615452409,0.011595092713832855,-0.002616431098431349
21.239999771118164,40,0.037346914410591125,0.035498738288879395,9.79814338684082,28.62184715270996,-21.528841018676758,13.835841178894043,-0.006266592536121607,-0.0074389297515153885,0.006655883975327015,-0.0020931449253112078
21.25,41,0.06063918024301529,0.03177855908870697,9.821914672851562,29.50743293762207,-22.110109329223633,18.240764617919922,-0.007752370089292526,-0.005712214857339859,0.006856664549559355,-0.0020931449253112078
21.260000228881836,42,0.054371509701013565,0.018217908218503,9.780801773071289,29.999998092651367,-22.991880416870117,21.532146453857422,-0.003268265398219228,-0.008808701299130917,0.006138315424323082,-0.002616431098431349
21.270000457763672,42,0.0445987693965435,0.0036629231180995703,9.812322616577148,30.10471534729004,-23.791399002075195,27.18330955505371,-0.0009615169838070869,-0.009071947075426579,0.005852760747075081,-0.0020931449253112078
21.280000686645508,42,0.03482602909207344,0.007074515800923109,9.815241813659668,30.736907958984375,-24.74007225036621,31.346101760864258,-0.001430005650036037,-0.00627440121024847,0.006669269409030676,-0.0015698587521910667
21.290000915527344,42,0.05261034518480301,-0.010874917730689049,9.801375389099121,31.27989387512207,-25.44856071472168,35.8946647644043,-0.002594534307718277,-0.008059119805693626,0.006325711030513048,-0.0020931449253112078
21.299999237060547,42,0.058170098811388016,0.0021199919283390045,9.819463729858398,31.659984588623047,-26.04737663269043,41.045143127441406,-0.0016843278426676989,-0.005801450461149216,0.010693809948861599,-0.0015698587521910667
21.309999465942383,42,0.044132575392723083,-0.006811865605413914,9.801044464111328,31.94569969177246,-26.79425048828125,46.44459533691406,-0.005017289891839027,-0.0019598444923758507,0.010037925094366074,-0.0020931449253112078
21.31999969482422,42,0.0389181487262249,0.016794981434941292,9.8246431350708,32.050418853759766,-27.771438598632812,51.652530670166016,-0.0063692135736346245,-0.00022866777726449072,0.005852760747075081,-0.0010465724626556039
21.329999923706055,42,0.02496696077287197,0.01238905731588602,9.80578899383545,31.966384887695312,-28.668563842773438,56.361148834228516,-0.0030674845911562443,-0.000924707914236933,0.004844394978135824,-0.0010465724626556039
21.34000015258789,49,0.038106631487607956,0.022658120840787888,9.814286231994629,32.21072769165039,-29.91225814819336,62.04924774169922,-0.003950920421630144,-0.003374233841896057,0.0051656439900398254,-0.0010465724626556039
21.350000381469727,42,0.014969762414693832,0.04485918581485748,9.791783332824707,32.312862396240234,-31.37200927734375,68.44596862792969,-0.0036252092104405165,-0.0018304524710401893,0.010203011333942413,-0.0005232862313278019
21.360000610351562,42,0.015297822654247284,0.030304202809929848,9.806206703186035,31.99870491027832,-32.917301177978516,75.33515930175781,0.0012470718938857317,-0.0014021201059222221,0.013491355814039707,0.0005232862313278019
21.3700008392334,42,0.01859568990767002,0.016932131722569466,9.815241813659668,31.684547424316406,-34.60517120361328,83.20246124267578,0.0023045174311846495,-0.005551590118557215,0.009743447415530682,0.0005232862313278019
21.3799991607666,42,0.007666108198463917,0.01600637286901474,9.815241813659668,31.67291259765625,-36.036407470703125,90.10943603515625,-0.001380925765261054,-0.006921361666172743,0.005660903640091419,0.0010465724626556039
21.389999389648438,48,0.030492184683680534,0.008428866975009441,9.81308650970459,31.82546615600586,-38.42837905883789,97.86730194091797,-0.005650864448398352,-0.003427775576710701,0.005143335554748774,0.0015698587521910667
21.399999618530273,42,0.03905627876520157,0.014532016590237617,9.797674179077148,32.2934684753418,-41.22614288330078,106.61285400390625,-0.006882320158183575,-0.00040267783333547413,0.009935304522514343,0.0015698587521910667
21.40999984741211,42,0.037036120891571045,-0.0008630084339529276,9.807682037353516,32.78215789794922,-44.09190368652344,115.60054016113281,-0.009180145338177681,-0.005056330934166908,0.016860011965036392,0.0020931449253112078
21.420000076293945,42,0.02905908040702343,0.005891601555049419,9.791748046875,32.5908203125,-47.0344352722168,123.3789291381836,-0.003357501234859228,-0.008549916557967663,0.007543780840933323,0.0020931449253112078
21.43000030517578,42,0.052696675062179565,-0.0022002155892550945,9.800749778747559,33.11441421508789,-50.41017532348633,132.02188110351562,-0.007493586279451847,-0.005404350813478231,0.009292805567383766,0.0020931449253112078
21.440000534057617,42,0.04957146942615509,-0.0022002155892550945,9.819620132446289,33.38978576660156,-53.78591537475586,139.43911743164062,-0.004843279253691435,-0.0019107647240161896,0.011621863581240177,0.0015698587521910667
21.450000762939453,42,0.051608894020318985,0.0006284917471930385,9.795849800109863,33.599220275878906,-57.16165542602539,146.46922302246094,-0.007239263504743576,-0.006269939709454775,0.009042944759130478,0.0015698587521910667
21.459999084472656,42,0.04489229619503021,0.01619495451450348,9.796875,33.875885009765625,-60.7655143737793,153.734619140625,-0.004298940300941467,-0.00290128355845809,0.010145008563995361,0.0010465724626556039
21.469999313354492,42,0.0465153306722641,0.03236144408583641,9.797412872314453,34.26761245727539,-64.85961151123047,161.45828247070312,-0.001354155014269054,0.00035136568476445973,0.011617401614785194,0.0005232862313278019
21.479999542236328,41,0.036742594093084335,0.03261859714984894,9.795467376708984,34.37232971191406,-69.03487396240234,167.66348266601562,0.0001807027292670682,-0.0012905752519145608,0.011987730860710144,-2.918765421955176e-14
21.489999771118164,41,0.029421672224998474,0.02171521820127964,9.820002555847168,34.56625747680664,-72.98310852050781,172.8303680419922,0.0035404351074248552,0.0003379803092684597,0.008329058066010475,-0.0005232862313278019
21.5,41,0.029421672224998474,0.02557254768908024,9.805545806884766,34.90497589111328,-76.78218841552734,178.63748168945312,0.000836587103549391,0.0016497483011335135,0.009868376888334751,-0.0010465724626556039
21.510000228881836,41,0.026693593710660934,0.034710127860307693,9.809663772583008,35.484161376953125,-80.37727355957031,183.89329528808594,-0.004281093366444111,-0.001335193170234561,0.009573898278176785,-0.0015698587521910667
21.520000457763672,41,0.02265327423810959,0.027012616395950317,9.82297420501709,36.35293960571289,-83.6740493774414,187.4062957763672,-0.004977133125066757,-0.0016385953640565276,0.004764082375913858,-0.0015698587521910667
21.530000686645508,40,0.030923841521143913,0.012457631528377533,9.826762199401855,37.40012741088867,-86.51677703857422,190.73049926757812,-0.004776352550834417,0.00012827588943764567,0.0033987730275839567,-0.0020931449253112078
21.540000915527344,40,0.031096506863832474,0.007263096049427986,9.816926956176758,38.255977630615234,-89.11603546142578,193.7510223388672,-0.0038438374176621437,-0.000523146300110966,0.003818181809037924,-0.0020931449253112078
21.549999237060547,40,0.02952527068555355,0.010417533107101917,9.800488471984863,39.66257095336914,-91.45097351074219,196.2161407470703,-0.0023982152342796326,-0.0003357508685439825,0.006410485599189997,-0.0020931449253112078
21.559999465942383,40,0.044184375554323196,-0.0022002155892550945,9.791626930236816,41.338069915771484,-93.51392364501953,199.02325439453125,-0.004392637871205807,-0.0026380375493317842,0.01134969387203455,-0.0020931449253112078
21.56999969482422,40,0.05172976106405258,0.0030971819069236517,9.80860424041748,43.03554916381836,-95.58455657958984,202.40628051757812,0.002603457774966955,0.0006279970402829349,0.01182264368981123,-0.0020931449253112078
21.579999923706055,40,0.04499589651823044,0.01398341916501522,9.799967765808105,44.81576919555664,-98.42728424072266,205.1764678955078,-0.00006469603977166116,-0.0022097050677984953,0.0053441161289811134,-0.0020931449253112078
21.59000015258789,40,0.050555646419525146,0.02073802798986435,9.806431770324707,46.800254821777344,-100.40359497070312,206.7578582763672,-0.003973228856921196,-0.0076040164567530155,0.002707194536924362,-0.0015698587521910667
21.600000381469727,40,0.05803196504712105,0.014669165946543217,9.815797805786133,49.022621154785156,-102.8843994140625,209.1299591064453,-0.0007919687777757645,-0.008813162334263325,0.008395983837544918,-0.0015698587521910667
21.610000610351562,40,0.047982968389987946,0.005960176233202219,9.797917366027832,51.22042465209961,-105.23469543457031,212.57455444335938,-0.0054500834085047245,-0.011142220348119736,0.010725041851401329,-0.0005232862313278019
21.6200008392334,40,0.04926067590713501,0.025366822257637978,9.796422958374023,53.37168502807617,-107.54331970214844,216.60464477539062,-0.0020814277231693268,-0.006591188721358776,0.011907418258488178,-0.0005232862313278019
21.6299991607666,40,0.05483769625425339,0.027355490252375603,9.784380912780762,55.68325424194336,-110.56700897216797,220.18740844726562,0.0024963747709989548,-0.009522588923573494,0.00981929711997509,-0.0005232862313278019
21.639999389648438,39,0.05212688073515892,0.019177952781319618,9.796944618225098,58.19650650024414,-113.6762466430664,224.73049926757812,0.0030674845911562443,-0.00790741853415966,0.002381483092904091,3.048901192279074e-14
21.649999618530273,39,0.029577068984508514,0.014772027730941772,9.784902572631836,59.70135498046875,-117.35577392578125,228.82899475097656,0.0011489123571664095,-0.005578360985964537,0.006700501777231693,0.0005232862313278019
21.65999984741211,38,0.024604368954896927,0.01213190145790577,9.788430213928223,61.374271392822266,-121.2765884399414,233.761962890625,-0.0011801449581980705,-0.0005588407511822879,0.010100390762090683,0.0005232862313278019
21.670000076293945,38,0.019666200503706932,0.014480585232377052,9.817361831665039,63.22430419921875,-125.39263153076172,239.48699951171875,-0.0010061349021270871,0.002760735573247075,0.009092024527490139,0.0010465724626556039
21.68000030517578,42,0.014969762414693832,0.012149045243859291,9.805545806884766,64.63994598388672,-129.31564331054688,244.77975463867188,-0.000613496929872781,-0.0010853325948119164,0.007534857839345932,0.0010465724626556039
21.690000534057617,37,0.012362547218799591,0.014737741090357304,9.813416481018066,64.63994598388672,-129.31564331054688,244.77975463867188,-0.000613496929872781,-0.003815951757133007,0.007079754490405321,0.0010465724626556039
21.700000762939453,36,0.02888641692698002,0.01427486166357994,9.793156623840332,66.26890563964844,-133.92190551757812,250.5253143310547,-0.0012604574440047145,-0.0031689913012087345,0.006432794034481049,0.0010465724626556039
21.709999084472656,36,0.046618927270174026,0.023052426055073738,9.821340560913086,68.02198028564453,-139.58763122558594,256.755126953125,-0.001840490847826004,-0.0031734530348330736,0.00526826549321413,0.0010465724626556039
21.719999313354492,36,0.040247656404972076,0.02569255232810974,9.810724258422852,69.69747924804688,-145.7315216064453,262.51983642578125,-0.0023625208996236324,-0.0012058012653142214,0.008802007883787155,0.0015698587521910667
21.729999542236328,36,0.04288940504193306,0.010263239964842796,9.808378219604492,71.32256317138672,-152.29107666015625,268.16278076171875,-0.0030674845911562443,-0.00043837225530296564,0.013982153497636318,0.0020931449253112078
21.739999771118164,36,0.06345359236001968,0.023103857412934303,9.788187026977539,72.68390655517578,-158.7760467529297,274.9220275878906,-0.0026703847106546164,-0.005837145261466503,0.011626324616372585,0.0020931449253112078
21.75,36,0.06371258944272995,0.021063758060336113,9.7984037399292,74.23916625976562,-166.24807739257812,282.0916748046875,0.00016731735377106816,-0.005823759827762842,0.00763747887685895,0.002616431098431349
21.760000228881836,36,0.04287213459610939,0.009080326184630394,9.81697940826416,76.09954071044922,-173.9833221435547,289.3707580566406,0.003888455219566822,-0.001361963921226561,0.004491913132369518,0.0031397175043821335
21.770000457763672,36,0.05003765970468521,0.01677783764898777,9.815241813659668,78.47187805175781,-181.71966552734375,296.7852478027344,-0.0020501951221376657,-0.000523146300110966,0.0013954265741631389,0.0036630036775022745
21.780000686645508,36,0.055096693336963654,0.02171521820127964,9.811992645263672,81.0433120727539,-189.49769592285156,304.2708740234375,-0.0027730059809982777,0.002809815341606736,0.009533742442727089,0.0041862898506224155
21.790000915527344,36,0.023827385157346725,0.02498966082930565,9.833625793457031,82.71881103515625,-197.75938415527344,311.5841369628906,-0.0005287228268571198,-0.0030128282960504293,0.008940323255956173,0.0041862898506224155
21.799999237060547,41,0.01015245821326971,0.026498304679989815,9.844329833984375,87.91079711914062,-215.14585876464844,327.7619934082031,0.000613496929872781,-0.008723926730453968,0.0009447852498851717,0.0041862898506224155
21.809999465942383,36,0.006716460455209017,0.009440342895686626,9.785545349121094,89.20362091064453,-219.46697998046875,331.78387451171875,0.000613496929872781,-0.008723926730453968,0.0009447852498851717,0.0041862898506224155
21.81999969482422,36,0.026365533471107483,0.013023372739553452,9.818352699279785,90.39818572998047,-224.02720642089844,335.058837890625,0.0028622420504689217,-0.007599554490298033,0.005442275665700436,0.0036630036775022745
21.829999923706055,36,0.04138723015785217,0.016932131722569466,9.817900657653809,92.82093811035156,-232.67054748535156,342.0670471191406,0.0020055773202329874,-0.005373118445277214,0.0037289459723979235,0.0041862898506224155
21.84000015258789,36,0.029300807043910027,0.013314815238118172,9.817726135253906,95.52812194824219,-240.9234619140625,350.6949462890625,-0.005155604798346758,-0.005042945500463247,0.0023993307258933783,0.0047095762565732
21.850000381469727,36,0.020892109721899033,0.026892609894275665,9.805145263671875,97.93665313720703,-249.00746154785156,356.900146484375,-0.003000557655468583,0.0005789174465462565,0.0077936421148478985,0.005232862196862698
21.860000610351562,37,0.01600574143230915,0.03128139302134514,9.808307647705078,100.60115814208984,-255.93331909179688,364.0985107421875,-0.000965978775639087,0.001444505644030869,0.004286670126020908,0.005232862196862698
21.8700008392334,37,0.03422170877456665,0.004520107060670853,9.82201862335205,103.38461303710938,-262.2351379394531,371.072509765625,0.001010596752166748,-0.0029682102613151073,0.006232012994587421,0.0036630036775022745
21.8799991607666,37,0.05081464722752571,0.025041094049811363,9.801271438598633,105.92242431640625,-267.9688720703125,377.0697937011719,-0.0011578359408304095,-0.006542108952999115,0.0060580032877624035,0.0020931449253112078
21.889999389648438,37,0.05749671161174774,0.02336101233959198,9.82394790649414,107.8771743774414,-273.0226135253906,381.8221740722656,-0.0030674845911562443,-0.005435583647340536,0.006687116343528032,0.0010465724626556039
21.899999618530273,37,0.046152736991643906,0.017686452716588974,9.784868240356445,109.55268096923828,-277.2867126464844,386.47607421875,-0.004316787701100111,-0.0031913002021610737,0.007057445589452982,-6.54398342697475e-14
21.90999984741211,37,0.03562027961015701,0.016932131722569466,9.809680938720703,110.58564758300781,-280.2270202636719,391.0328369140625,-0.002148354658856988,-0.003713330253958702,0.0030418294481933117,-0.0010465724626556039
21.920000076293945,37,0.03843469172716141,0.016932131722569466,9.789907455444336,111.66256713867188,-282.58172607421875,394.79345703125,0.00034132739529013634,-0.004043503198772669,0.0012169549008831382,-0.0010465724626556039
21.93000030517578,37,0.03905627876520157,-0.004240313544869423,9.82478141784668,112.43051147460938,-284.4242248535156,397.75653076171875,-0.001403234782628715,-0.001714445766992867,0.004710541106760502,-0.002616431098431349
21.940000534057617,38,0.03905627876520157,0.014532016590237617,9.812339782714844,112.73043823242188,-285.73809814453125,399.906982421875,-0.001363078597933054,-0.0012593426508828998,0.007454545237123966,-0.0031397175043821335
21.950000762939453,38,0.03025045618414879,0.02567540854215622,9.801531791687012,113.46347045898438,-286.5376281738281,400.6826477050781,-0.004316787235438824,-0.00412827730178833,0.008306748233735561,-0.0047095762565732
21.959999084472656,38,0.020477717742323875,0.04425915703177452,9.823200225830078,113.1156997680664,-285.920166015625,402.80987548828125,-0.006976017728447914,-0.005042945500463247,0.008056887425482273,-0.005756148602813482
21.969999313354492,38,0.01978706568479538,0.03210429102182388,9.78837776184082,112.69683074951172,-285.0219421386719,403.9343566894531,-0.0023179028648883104,-0.004855549894273281,0.006892358884215355,-0.006802720949053764
21.979999542236328,38,0.01978706568479538,0.01754930429160595,9.832549095153809,112.0814437866211,-283.50299072265625,403.61151123046875,0.0013407696969807148,-0.004190742503851652,0.006227551493793726,-0.007326007355004549
21.989999771118164,38,0.024466238915920258,0.021578067913651466,9.811088562011719,111.26825714111328,-281.6418151855469,402.197021484375,-0.0031299497932195663,-0.007184607908129692,0.009596207179129124,-0.007326007355004549
