Time (s),Signal strength,Ax (m/s²),Ay (m/s²),Az (m/s²),Bx (µT),By (µT),Bz (µT),ωx (rad/s),ωy (rad/s),ωz (rad/s),Voltage (mV)
0.009999999776482582,48,0.03423897549510002,0.02628779411315918,9.782088279724121,22.364574432373047,-11.087955474853516,-100.63748931884766,-1.1159509420394897,-1.7571901082992554,-0.15979140996932983,-0.0041862898506224155
0.019999999552965164,45,0.03423897549510002,0.012570067308843136,9.833069801330566,21.800207138061523,-11.224745750427246,-100.7228012084961,-1.1390511989593506,-1.791290521621704,-0.1619914323091507,-0.0041862898506224155
0.029999999329447746,43,0.03423897549510002,0.02586677111685276,9.783652305603027,21.853662490844727,-11.21178913116455,-100.7147216796875,-1.1199508905410767,-1.7630947828292847,-0.16017235815525055,-0.0041862898506224155
0.03999999910593033,42,0.03395628556609154,0.013271770440042019,9.83520221710205,22.14081573486328,-11.142189979553223,-100.67131042480469,-1.1363846063613892,-1.7873539924621582,-0.16173747181892395,-0.0041862898506224155
0.05000000074505806,42,0.028008226305246353,0.03233394771814346,9.838284492492676,21.451961517333984,-11.287867546081543,-100.6611557006836,-1.0671355724334717,-1.4677929878234863,-0.35688671469688416,-0.0041862898506224155
0.05999999865889549,42,0.010576492175459862,0.043104518204927444,9.770447731018066,21.347007751464844,-11.020764350891113,-99.10638427734375,-0.855819821357727,-1.0963106155395508,-0.3952104151248932,-0.004185523372143507
0.07000000029802322,42,0.01447505597025156,0.019879287108778954,9.848419189453125,21.065532684326172,-10.828536033630371,-99.232666015625,-0.5963173508644104,-0.7613871693611145,-0.3372715711593628,-0.0036638977471739054
0.07999999821186066,43,0.01015245821326971,0.04282383620738983,9.766169548034668,21.006399154663086,-10.813169479370117,-99.60924530029297,-0.3474724292755127,-0.4456733167171478,-0.247941792011261,-0.0041862898506224155
0.09000000357627869,44,0.013332712464034557,0.021083686500787735,9.83015251159668,20.952943801879883,-10.902203559875488,-99.90050506591797,-0.1144942119717598,-0.15125977993011475,-0.09849981218576431,-0.0041862898506224155
0.10000000149011612,44,0.03706586733460426,0.01763383485376835,9.799985885620117,20.729721069335938,-10.991238594055176,-99.97716522216797,-0.0018833172507584095,-0.00944449007511139,-0.003499586135149002,-0.0041862898506224155
0.10999999940395355,43,0.05195339769124985,0.020171470940113068,9.800543785095215,21.044580459594727,-11.080272674560547,-99.19977569580078,-0.003785052802413702,-0.005212754011154175,0.0020019705407321453,-0.004184885416179895
0.11999999731779099,43,0.04472165182232857,0.011307001113891602,9.814696311950684,20.879955291748047,-10.76254940032959,-99.33563995361328,-0.007975460030138493,-0.004746154882013798,0.004328976385295391,-0.0036630036775022745
0.12999999523162842,42,0.05328458920121193,0.004629314877092838,9.779706001281738,21.02788734436035,-10.770687103271484,-99.55775451660156,-0.007172239013016224,-0.004663496743887663,0.005852760747075081,-0.0036646637599915266
0.14000000059604645,40,0.06980916857719421,-0.006000917870551348,9.825672149658203,21.0120792388916,-10.948755264282227,-100.32969665527344,-0.004507113713771105,-0.0006857246626168489,0.0045002824626863,-0.0041862898506224155
0.15000000596046448,39,0.054085154086351395,0.0020100052934139967,9.79953670501709,20.660993576049805,-11.049086570739746,-101.07042694091797,-0.001016605063341558,-0.000555747770704329,0.0014940424589440227,-0.0041862898506224155
0.1599999964237213,36,0.03792552277445793,0.016932131722569466,9.822957992553711,20.556039810180664,-10.871017456054688,-99.29354095458984,0.002262766007333994,-0.005847664084285498,0.0033987730275839567,-0.0041862898506224155
0.17000000178813934,33,0.030634688213467598,0.015739236027002335,9.806742668151855,20.55462074279785,-10.692949295043945,-100.14591979980469,0.0038515387568622828,-0.003815951757133007,0.0035464195534586906,-0.004184118937700987
0.18000000715255737,28,0.022331269457936287,0.01467517763376236,9.819816589355469,20.47541618347168,-10.716453552246094,-99.77722930908203,0.00027687475085258484,-0.003984262701123953,0.004709922708570957,-0.0036653021816164255
0.1899999976158142,23,0.030764447525143623,0.025714928284287453,9.809599876403809,20.425336837768555,-10.526178359985352,-99.29016876220703,-0.004253149498254061,-0.006228610407561064,0.005832096096128225,-0.0041862898506224155
0.20000000298023224,27,0.02999863587319851,0.03606447950005531,9.820089340209961,20.30315399169922,-10.288307189941406,-99.29430389404297,-0.0019261437701061368,-0.0039016047958284616,0.004668593406677246,-0.00418373616412282
0.20999999344348907,31,0.02127118408679962,0.03164374828338623,9.811127662658691,19.926856994628906,-10.523768424987793,-99.8495864868164,0.0015215383609756827,-0.001574598834849894,0.011349826119840145,-0.00366568542085588
0.2199999988079071,34,0.018385203555226326,0.023258965462446213,9.805084228515625,20.241716384887695,-10.25666618347168,-100.40486145019531,-0.0055598062463104725,-0.0055907052010297775,0.008816174231469631,-0.004183480516076088
0.23000000417232513,35,0.008586081676185131,0.028112223371863365,9.81663990020752,20.20921516418457,-10.726250648498535,-99.94934844970703,-0.002773689106106758,-0.0062699392437934875,0.006319359876215458,-0.003665940836071968
0.23999999463558197,36,0.023450439795851707,0.022860949859023094,9.801788330078125,19.979238510131836,-10.819192886352539,-99.67989349365234,-0.0027706939727067947,-0.003479329403489828,0.005852760747075081,-0.0041862898506224155
0.25,37,0.03728947043418884,0.007365958299487829,9.818145751953125,19.626195907592773,-10.584481239318848,-99.43748474121094,-0.005667621735483408,-0.005189094692468643,0.0067194728180766106,-0.004183097276836634
0.25999999046325684,38,0.04158889874815941,0.009190387092530727,9.797947883605957,19.31720542907715,-10.45341968536377,-98.93238830566406,-0.004338802304118872,-0.0062699392437934875,-0.0001492371375206858,-0.0036630036775022745
0.27000001072883606,38,0.047783732414245605,0.01593824289739132,9.807655334472656,19.737018585205078,-10.631487846374512,-99.4876708984375,-0.002327754395082593,-0.0025712880305945873,-0.00174399942625314,-0.003666451433673501
0.2800000011920929,38,0.043013930320739746,0.019750447943806648,9.79922866821289,19.7789249420166,-10.729409217834473,-99.84300231933594,-0.0045454478822648525,-0.00622112350538373,0.001070269849151373,-0.0041862898506224155
0.28999999165534973,39,0.04869088903069496,0.01286225114017725,9.820813179016113,19.5684814453125,-10.699427604675293,-100.54730224609375,-0.003071976825594902,-0.008114174008369446,0.0009462826419621706,-0.004182586446404457
0.30000001192092896,39,0.055051397532224655,0.0010506270918995142,9.800305366516113,19.25362205505371,-10.649262428283691,-100.27216339111328,0.00006423973536584526,-0.004493688233196735,0.0019148201681673527,-0.0036668344400823116
0.3100000023841858,38,0.04561606049537659,0.0038931011222302914,9.794533729553223,19.024721145629883,-10.685722351074219,-99.08648681640625,-0.002070795511826873,-0.00527325039729476,0.0026827023830264807,-0.0041862898506224155
0.3199999928474426,37,0.03365042433142662,0.01917758211493492,9.805841445922852,19.12967300415039,-10.863790512084961,-100.19703674316406,-0.005139028653502464,-0.006652383133769035,0.0005623417091555893,-0.0041862898506224155
0.33000001311302185,36,0.036877021193504333,0.024030840024352074,9.805391311645508,19.030399322509766,-10.781984329223633,-100.8753890991211,-0.005313329864293337,-0.006119297817349434,0.003248131601139903,-0.0041862898506224155
0.3400000035762787,36,0.03182453289628029,0.03126988932490349,9.80072021484375,18.769878387451172,-10.824921607971191,-100.30712890625,-0.002135783899575472,-0.007838047109544277,0.005852760747075081,-0.0041862898506224155
0.3499999940395355,36,0.04165957123041153,0.023784669116139412,9.798469543457031,18.668838500976562,-10.687220573425293,-99.98638153076172,-0.0035310888197273016,-0.004115737043321133,0.005389156751334667,-0.004181820899248123
0.36000001430511475,34,0.03342566639184952,0.01467517763376236,9.81066608428955,18.715539932250977,-10.52874755859375,-100.56610107421875,-0.005521472543478012,-0.0011448366567492485,0.0039037063252180815,-0.0036630036775022745
0.3700000047683716,34,0.022401941940188408,0.011739525943994522,9.815241813659668,18.58180809020996,-10.880815505981445,-101.72173309326172,-0.00520701240748167,-0.0069728330709040165,0.006870114244520664,-0.0036630036775022745
0.3799999952316284,34,0.027289917692542076,0.012698904611170292,9.812539100646973,17.847135543823242,-11.147917747497559,-101.49961853027344,-0.0017165036406368017,-0.0014032929902896285,0.004832412116229534,-0.003667856100946665
0.38999998569488525,34,0.021153010427951813,0.01966877467930317,9.802072525024414,17.710405349731445,-11.4874849319458,-101.72943878173828,0.0017740050097927451,-0.0025667957961559296,0.010649926960468292,-0.004181310068815947
0.4000000059604645,35,0.023450439795851707,0.010487962514162064,9.815764427185059,17.710405349731445,-11.843621253967285,-101.67475128173828,0.001840490847826004,-0.008295661769807339,0.006195372901856899,-0.0036630036775022745
0.4099999964237213,36,0.03231923654675484,0.005459855776280165,9.821038246154785,17.526596069335938,-12.106200218200684,-101.22488403320312,0.0007626409060321748,-0.006568227428942919,0.002619211096316576,-0.0036630036775022745
0.41999998688697815,36,0.04017544910311699,0.0014716490404680371,9.818228721618652,17.063993453979492,-12.226875305175781,-100.7032699584961,-0.0024295796174556017,-0.0062699392437934875,0.0011574203381314874,-0.0036630036775022745
0.4300000071525574,36,0.043873582035303116,0.0008171093068085611,9.79868221282959,17.063993453979492,-12.583011627197266,-101.25853729248047,-0.0030674845911562443,-0.005319071467965841,0.005699124187231064,-0.0036630036775022745
0.4399999976158142,36,0.05631191283464432,0.008757862262427807,9.811188697814941,16.6917667388916,-12.623379707336426,-102.10921478271484,-0.0012927309144288301,-0.0014934382634237409,0.005305001046508551,-0.0036630036775022745
0.44999998807907104,36,0.0695033073425293,0.018464375287294388,9.796133041381836,16.271953582763672,-12.856593132019043,-102.34314727783203,-0.0022612684406340122,-0.002606627531349659,0.002977995201945305,-0.0036630036775022745
0.46000000834465027,36,0.06627555191516876,0.01848738268017769,9.827109336853027,15.985335350036621,-13.288057327270508,-102.46699523925781,-0.002307089976966381,-0.006097136065363884,0.0014113843208178878,-0.0036630036775022745
0.4699999988079071,36,0.04985640197992325,0.016932131722569466,9.815750122070312,15.860313415527344,-13.80523681640625,-103.05986785888672,-0.001840490847826004,-0.004709318280220032,0.004429304040968418,-0.0036630036775022745
0.47999998927116394,37,0.043873582035303116,0.023668484762310982,9.814352989196777,15.650406837463379,-14.250408172607422,-104.28147888183594,0.0006931601092219353,-0.006389434449374676,0.0058129290118813515,-0.0036630036775022745
0.49000000953674316,37,0.030021807178854942,0.02993665263056755,9.813118934631348,15.037727355957031,-14.780999183654785,-103.47867584228516,0.0030674845911562443,-0.008241156116127968,0.004055845085531473,-0.003656746819615364
0.5,37,0.02813798561692238,0.04180694371461868,9.813949584960938,14.48437213897705,-15.379985809326172,-103.96389770507812,0.000028900431061629206,-0.0047506471164524555,0.004918064922094345,-0.0031397175043821335
0.5099999904632568,36,0.01140023022890091,0.034894589334726334,9.804359436035156,14.427919387817383,-15.914939880371094,-104.19255828857422,-0.005180357955396175,-0.0030318975914269686,0.007079754490405321,-0.0031462297774851322
0.5199999809265137,36,0.01636003702878952,0.03128139302134514,9.81549072265625,14.681498527526855,-16.289600372314453,-103.84249877929688,-0.004471774213016033,-0.0034365030005574226,0.0074592032469809055,-0.0036630036775022745
0.5299999713897705,36,0.0122957993298769,0.02384333498775959,9.805010795593262,14.47159194946289,-16.47626304626465,-104.03960418701172,-0.0003343760035932064,-0.0029049154836684465,0.006411002483218908,-0.003669771598652005
0.5400000214576721,51,0.006336153019219637,0.010347622446715832,9.789175987243652,14.261685371398926,-16.92143440246582,-103.48432159423828,-0.002815017942339182,-0.004068418405950069,0.0017021851381286979,-0.0041793943382799625
0.550000011920929,34,0.01699608750641346,0.011225326918065548,9.80571174621582,14.051778793334961,-17.01030731201172,-103.1068115234375,-0.001840490847826004,-0.005042945500463247,0.004625767003744841,-0.0036630036775022745
0.5600000023841858,34,0.01978706568479538,0.012149045243859291,9.810393333435059,13.961215019226074,-17.01030731201172,-102.96306610107422,-0.0017150061903521419,-0.005419399123638868,0.003998343832790852,-0.0036630036775022745
0.5699999928474426,34,0.03590035438537598,0.012149045243859291,9.814447402954102,13.819847106933594,-17.280139923095703,-102.96306610107422,-0.0007374840788543224,-0.00859993975609541,-0.00132322171702981,-0.003655725158751011
0.5799999833106995,32,0.04315527155995369,0.004009285010397434,9.794615745544434,13.411046981811523,-17.978681564331055,-102.97471618652344,-0.0030644896905869246,-0.006272933911532164,0.002167286816984415,-0.0031397175043821335
0.5899999737739563,31,0.043873582035303116,0.015003022737801075,9.803590774536133,13.096186637878418,-17.80061149597168,-103.08577728271484,-0.001905479235574603,-0.0062699392437934875,0.0010097736958414316,-0.0031472514383494854
0.6000000238418579,30,0.03539290279150009,0.00851169042289257,9.822615623474121,13.05623722076416,-18.16670799255371,-102.7120132446289,-0.005136033985763788,-0.00846696738153696,0.0009447852498851717,-0.0036553421523422003
0.6100000143051147,30,0.04286099970340729,0.020207131281495094,9.803244590759277,13.325468063354492,-18.554779052734375,-102.3390121459961,-0.004486449062824249,-0.008723926730453968,0.0030148320365697145,-0.0031475068535655737
0.6200000047683716,30,0.043873582035303116,0.02171521820127964,9.79628849029541,13.57336711883545,-18.765077590942383,-101.55107116699219,0.0015347156440839171,-0.0077523947693407536,0.004370305687189102,-0.0036630036775022745
0.6299999952316284,32,0.052778296172618866,0.03497741371393204,9.80929183959961,13.592016220092773,-18.765077590942383,-100.48229217529297,-0.001472722040489316,-0.0020486852154135704,0.006441849749535322,-0.003654958913102746
0.6399999856948853,33,0.058031219989061356,0.0315735787153244,9.796738624572754,13.696969985961914,-18.765077590942383,-101.14862060546875,-0.003912034910172224,-0.0009795203804969788,0.005390653852373362,-0.0031478898599743843
0.6499999761581421,34,0.044544391334056854,0.02215924672782421,9.823587417602539,13.901196479797363,-18.680862426757812,-101.394775390625,-0.0042944783344864845,-0.002924082800745964,0.004625767003744841,-0.0036630036775022745
0.6600000262260437,36,0.03454483672976494,0.02171521820127964,9.815549850463867,13.736382484436035,-18.71898078918457,-102.25129699707031,-0.0042944783344864845,-0.0016632467741146684,0.0031906303483992815,-0.0036630036775022745
0.6700000166893005,36,0.020033840090036392,0.026416631415486336,9.824771881103516,13.623982429504395,-18.808015823364258,-101.80867767333984,-0.0049485559575259686,-0.004713510628789663,0.0034799338318407536,-0.003654448315501213
0.6800000071525574,37,0.03402695804834366,0.02149205282330513,9.782005310058594,13.755221366882324,-18.85245132446289,-100.14364624023438,-0.0031591274309903383,-0.005180409178137779,0.005806939210742712,-0.0031484004575759172
0.6899999976158142,37,0.019397789612412453,0.0024540338199585676,9.829263687133789,13.965127944946289,-18.771717071533203,-99.8456802368164,-0.0043031638488173485,-0.001361963921226561,0.003917183261364698,-0.0036541929002851248
0.699999988079071,38,0.005335154943168163,-0.0022002155892550945,9.809788703918457,14.175034523010254,-19.127853393554688,-101.40045166015625,-0.0078116413205862045,-0.002752776723355055,-0.0002822086098603904,-0.0031486558727920055
0.7099999785423279,39,0.006690673064440489,-0.0011235034326091409,9.797486305236816,13.972038269042969,-19.20376968383789,-100.33377075195312,-0.003520906437188387,-0.004642832558602095,0.0033188103698194027,-0.0036630036775022745
0.7200000286102295,40,0.029763448983430862,0.017610827460885048,9.823905944824219,13.831932067871094,-19.35201644897461,-99.48146057128906,0.00027687475085258484,-0.005162440240383148,0.010424114763736725,-0.0036630036775022745
0.7300000190734863,40,0.03382652625441551,0.026088787242770195,9.809563636779785,13.831932067871094,-19.44645881652832,-99.58576965332031,-0.0000672345922794193,-0.008177664130926132,0.008714349009096622,-0.003672325285151601
0.7400000095367432,41,0.03280351683497429,0.02171521820127964,9.798266410827637,13.822339057922363,-19.252595901489258,-100.01924133300781,0.0014212105888873339,-0.006060298997908831,0.006691321264952421,-0.00417684018611908
0.75,42,0.0609276257455349,0.021165359765291214,9.782031059265137,13.717386245727539,-19.786802291870117,-99.24185180664062,-0.000759646063670516,-0.005042945500463247,0.010468438267707825,-0.003672580700367689
0.7599999904632568,42,0.04324911907315254,0.018172191455960274,9.825566291809082,13.612432479858398,-20.091407775878906,-98.55992889404297,-0.0017578327096998692,-0.004794971086084843,0.008389406837522984,-0.004176585003733635
0.7699999809265137,42,0.041836827993392944,0.027188505977392197,9.823490142822266,13.375704765319824,-19.855464935302734,-98.03303527832031,-0.0006518311565741897,-0.0014386323746293783,0.009418739937245846,-0.0036630036775022745
0.7799999713897705,42,0.05373063683509827,0.030521022155880928,9.791547775268555,13.019286155700684,-19.779573440551758,-98.02855682373047,-0.0029788368847221136,-0.006092643830925226,0.002437722636386752,-0.0036630036775022745
0.7900000214576721,42,0.03276760131120682,0.024837221950292587,9.817564010620117,12.754536628723145,-20.271268844604492,-98.4578857421875,0.0002900520630646497,-0.007389118429273367,0.002171779051423073,-0.0036630036775022745
0.800000011920929,42,0.04415511339902878,0.01873355358839035,9.806458473205566,13.279302597045898,-20.093202590942383,-97.68050384521484,-0.0036092547234147787,-0.006441245321184397,0.010617283172905445,-0.0036630036775022745
0.8100000023841858,41,0.02753784880042076,0.024556541815400124,9.812361717224121,13.314802169799805,-20.579221725463867,-95.66060638427734,-0.006278872489929199,-0.00428554555401206,0.008018942549824715,-0.0036630036775022745
0.8199999928474426,40,0.03486228361725807,0.016932131722569466,9.816924095153809,13.241278648376465,-20.739194869995117,-95.33992767333984,-0.006748466286808252,-0.00938818696886301,0.0015075193950906396,-0.0036734745372086763
0.8299999833106995,38,0.01978706568479538,0.014709686860442162,9.811177253723145,13.283909797668457,-20.989593505859375,-95.78414916992188,-0.006748466286808252,-0.007717055268585682,-0.0002822086098603904,-0.0041862898506224155
0.8399999737739563,36,0.02097690850496292,0.006184565834701061,9.817811965942383,13.419219017028809,-21.291763305664062,-96.1494369506836,-0.0043432945385575294,-0.0062699392437934875,0.0045281341299414635,-0.0041862898506224155
0.8500000238418579,33,0.023343853652477264,0.007589122746139765,9.79272174835205,13.314802169799805,-20.847047805786133,-96.25027465820312,-0.006020416039973497,-0.004055240657180548,0.0056032887659966946,-0.0041754357516765594
0.8600000143051147,27,0.025111818686127663,0.019071752205491066,9.814220428466797,13.314802169799805,-20.49091148376465,-94.36233520507812,-0.0032522676046937704,-0.004613182973116636,0.007999476045370102,-0.003673985367640853
0.8700000047683716,50,0.03625255823135376,0.012149045243859291,9.790386199951172,13.395962715148926,-20.27247428894043,-93.76258087158203,0.000613496929872781,-0.004436186980456114,0.010149485431611538,-0.0041862898506224155
0.8799999952316284,26,0.0308942049741745,0.015073193237185478,9.805143356323242,13.500916481018066,-20.094406127929688,-93.29993438720703,-0.0021253020968288183,-0.0042322371155023575,0.007342703174799681,-0.0041862898506224155
0.8899999856948853,30,0.03886859491467476,0.02171521820127964,9.812135696411133,13.508362770080566,-19.833620071411133,-92.5648193359375,-0.005037203431129456,-0.0077227456495165825,0.0036572294775396585,-0.004174924921244383
0.8999999761581421,32,0.04223537817597389,0.01530556008219719,9.812042236328125,13.331148147583008,-19.38151741027832,-91.7801513671875,-0.0034529229160398245,-0.007005476858466864,0.0013302236329764128,-0.003674495965242386
0.9100000262260437,35,0.03615987300872803,0.004255456384271383,9.816461563110352,13.541054725646973,-18.847312927246094,-92.22437286376953,-0.001840490847826004,-0.0010046771494671702,-0.0009967820951715112,-0.0041862898506224155
0.9200000166893005,34,0.04693566635251045,0.009108713828027248,9.805996894836426,13.662164688110352,-18.689748764038086,-92.38671112060547,-0.0006653080345131457,-0.0016039485344663262,-0.0012672179145738482,-0.0041862898506224155
0.9300000071525574,35,0.042047686874866486,0.01940074749290943,9.811566352844238,13.767117500305176,-18.491336822509766,-92.90706634521484,0.0026068752631545067,-0.006730548571795225,0.0024775543715804815,-0.0041862898506224155
0.9399999976158142,35,0.04284941405057907,0.023749008774757385,9.805545806884766,13.8720703125,-18.01993179321289,-93.72692108154297,0.0007803105982020497,-0.008557112887501717,-0.0013423888012766838,-0.0041862898506224155
0.949999988079071,34,0.04475640878081322,0.012149045243859291,9.809505462646484,13.97702407836914,-17.27227020263672,-94.34770965576172,0.001840490847826004,-0.006773674860596657,0.0007510178838856518,-0.0041862898506224155
0.9599999785423279,34,0.037018366158008575,0.01619591750204563,9.811140060424805,14.081976890563965,-16.827098846435547,-93.45926666259766,0.0019201540853828192,0.0009725288837216794,0.011669077910482883,-0.004174031317234039
0.9700000286102295,33,0.03423897549510002,0.019621610641479492,9.801301956176758,14.090497016906738,-16.70915412902832,-92.5708236694336,0.004247159697115421,-0.0025179798249155283,0.002361054066568613,-0.0036753900349140167
0.9800000190734863,33,0.03859748691320419,0.016932131722569466,9.80242919921875,14.234704971313477,-16.436616897583008,-92.82682800292969,0.0020147915929555893,-0.00030927086481824517,-0.00010790785745484754,-0.0041862898506224155
0.9900000095367432,31,0.02812408283352852,0.005762393586337566,9.80812931060791,14.349061965942383,-16.283123016357422,-92.64371490478516,-0.001388566568493843,-0.002287674928084016,0.007252258248627186,-0.0041862898506224155
1,31,0.01711426116526127,0.006841405760496855,9.803210258483887,14.44284439086914,-16.312488555908203,-91.36067199707031,-0.003866213606670499,-0.007653264794498682,0.008306748233735561,-0.0041862898506224155
1.0099999904632568,49,0.03416946157813072,0.01934092864394188,9.798291206359863,14.86265754699707,-16.13442039489746,-90.25011444091797,-0.0014463672414422035,-0.002078334102407098,0.012104230001568794,-0.00417339289560914
1.0199999809265137,30,0.038949690759181976,0.019376590847969055,9.795849800109863,14.24177360534668,-15.868067741394043,-92.22293853759766,0.00027238245820626616,0.0007509093265980482,0.014100603759288788,-0.0036760284565389156
1.0299999713897705,28,0.03170635923743248,0.014171331189572811,9.808592796325684,14.010756492614746,-16.07448387145996,-92.70315551757812,0.000613496929872781,-0.0005527529283426702,0.01279694214463234,-0.0041862898506224155
1.0399999618530273,27,0.019008511677384377,0.01253555715084076,9.809609413146973,14.016626358032227,-16.054567337036133,-92.8790512084961,-0.00014540042320732027,-0.001361963921226561,0.009711038321256638,-0.0041862898506224155
1.0499999523162842,26,0.015500383451581001,0.022242071107029915,9.806078910827637,14.152661323547363,-15.724799156188965,-93.1135482788086,-0.001308903330937028,-0.002057370264083147,0.006220529321581125,-0.0041862898506224155
1.059999942779541,24,0.0335102379322052,0.018322885036468506,9.818679809570312,14.376073837280273,-15.480610847473145,-93.12069702148438,-0.004368152003735304,-0.00448470376431942,0.006521512754261494,-0.0041862898506224155
1.0700000524520874,24,0.043873582035303116,0.020534975454211235,9.810771942138672,14.795886039733887,-15.569644927978516,-93.23175048828125,-0.0033379204105585814,-0.0028593936003744602,0.007738323882222176,-0.004172626882791519
1.0800000429153442,49,0.03232966363430023,0.029363786801695824,9.80360221862793,14.516684532165527,-15.288060188293457,-92.32577514648438,-0.000396369636291638,0.0005870905006304383,0.004555088002234697,-0.003676794469356537
1.090000033378601,49,0.03938763216137886,0.0166031364351511,9.802570343017578,14.286014556884766,-15.038893699645996,-92.0824966430664,-0.0027233753353357315,-0.0019007391529157758,0.0022691120393574238,-0.004172371234744787
1.100000023841858,20,0.05171821266412735,0.013377601280808449,9.812884330749512,14.219779968261719,-14.992207527160645,-92.82536315917969,-0.004672429524362087,-0.0061767990700900555,0.004247815813869238,-0.0036630036775022745
1.1100000143051147,49,0.050410196185112,0.013856139965355396,9.820089340209961,14.277337074279785,-15.182482719421387,-93.85797882080078,-0.00520701240748167,-0.007466085720807314,0.0033987730275839567,-0.0036630036775022745
1.1200000047683716,22,0.02967887371778488,0.012149045243859291,9.820089340209961,14.697150230407715,-15.4495849609375,-92.3031997680664,-0.004545447416603565,-0.0035649824421852827,0.004904588218778372,-0.0036630036775022745
1.1299999952316284,22,0.02302640676498413,0.018581708893179893,9.807049751281738,14.356856346130371,-15.636085510253906,-91.2511215209961,-0.0051465160213410854,-0.002588957780972123,0.010385780595242977,-0.0036630036775022745
1.1399999856948853,22,0.0279143825173378,0.011855710297822952,9.79736614227295,14.3611478805542,-15.99404239654541,-90.10203552246094,-0.0026955229695886374,-0.0033328807912766933,0.0076868124306201935,-0.0036630036775022745
1.149999976158142,22,0.02604098618030548,0.0006526115466840565,9.812860488891602,14.246570587158203,-16.517860412597656,-88.97853088378906,0.0003715122875291854,-0.009950920939445496,0.0022927713580429554,-0.0036630036775022745
1.159999966621399,49,0.021153010427951813,-0.0022002155892550945,9.823562622070312,13.699777603149414,-17.32794952392578,-87.90911102294922,-0.004282499197870493,-0.009950920939445496,0.004619777202606201,-0.0036630036775022745
1.1699999570846558,49,0.016265034675598145,0.015284853987395763,9.828482627868652,13.070058822631836,-18.841529846191406,-86.57645416259766,-0.005454986821860075,-0.007629905361682177,-0.001176773221231997,-0.0036630036775022745
1.1799999475479126,49,0.014969762414693832,0.02171521820127964,9.82978630065918,13.05623722076416,-18.8747501373291,-86.54720306396484,-0.005521472543478012,-0.007496933452785015,-0.0015092025278136134,-0.0036630036775022745
1.190000057220459,49,0.029623262584209442,0.014440509490668774,9.80766487121582,13.52616024017334,-19.273395538330078,-85.05547332763672,-0.0013873687712475657,-0.004396355710923672,0.006759005133062601,-0.0036630036775022745
1.2000000476837158,30,0.045441120862960815,0.01585656963288784,9.804455757141113,13.723949432373047,-19.578590393066406,-84.6561279296875,-0.004493636544793844,-0.0076960911974310875,0.007336713373661041,-0.0036630036775022745
1.2100000381469727,32,0.041081447154283524,0.005599046126008034,9.801716804504395,13.306408882141113,-19.868928909301758,-85.23310852050781,-0.00824110396206379,-0.00691083911806345,0.007079754490405321,-0.0036630036775022745
1.2200000286102295,34,0.04680706560611725,0.014126468449831009,9.824098587036133,12.425824165344238,-20.679285049438477,-84.37671661376953,-0.0033010835759341717,-0.003740780521184206,0.008765860460698605,-0.003647424979135394
1.2300000190734863,35,0.044744823127985,0.036522310227155685,9.825814247131348,12.740683555603027,-21.658660888671875,-82.0445556640625,-0.000613496929872781,-0.00570720573887229,0.011872428469359875,-0.0031397175043821335
1.2400000095367432,36,0.0478903204202652,0.028882946819067,9.804725646972656,12.367888450622559,-22.56511688232422,-80.8947982788086,0.00010257393296342343,-0.005348720587790012,0.00820222869515419,-0.0031397175043821335
1.25,38,0.05686570703983307,0.014323175884783268,9.800697326660156,12.151260375976562,-23.19405746459961,-80.00636291503906,0.002571236342191696,-0.005121111404150724,0.003973186947405338,-0.0031237557996064425
1.2599999904632568,40,0.03337700664997101,0.008020497858524323,9.804882049560547,12.07666301727295,-23.797435760498047,-78.68378448486328,0.0007599454838782549,-0.005091761704534292,0.003987861797213554,-0.0026486096903681755
1.2699999809265137,41,0.029421672224998474,-0.005230193957686424,9.814057350158691,11.840818405151367,-24.687776565551758,-76.60118103027344,-0.0030674845911562443,-0.001713560544885695,0.005151364952325821,-0.003646786557510495
1.2799999713897705,42,0.042319949716329575,0.0015544731868430972,9.832549095153809,11.421005249023438,-25.5781192779541,-74.71324157714844,-0.003991698380559683,-0.00029429662390612066,0.004928546957671642,-0.0031397175043821335
1.2899999618530273,43,0.05261377990245819,0.0025828713551163673,9.795051574707031,11.094785690307617,-26.944843292236328,-73.02337646484375,-0.004325625021010637,-0.003386189229786396,0.0018043098971247673,-0.0031397175043821335
1.2999999523162842,44,0.040185876190662384,0.015810556709766388,9.817815780639648,11.195509910583496,-27.72304916381836,-70.33146667480469,-0.0035161145497113466,-0.00470782071352005,0.00016642134869471192,-0.0031397175043821335
1.309999942779541,45,0.03003339283168316,0.025890927761793137,9.806468963623047,11.150891304016113,-28.396934509277344,-68.25200653076172,-0.00743219256401062,-0.004630852956324816,0.005169034469872713,-0.0031397175043821335
1.3200000524520874,46,0.011093211360275745,0.017399167641997337,9.81015682220459,10.687941551208496,-29.323871612548828,-67.26065826416016,-0.0048970445059239864,-0.007913218811154366,0.00624718377366662,-0.003156572813168168
1.3300000429153442,46,0.028763609007000923,0.021551871672272682,9.80102825164795,10.478034973144531,-30.036144256591797,-64.4842758178711,-0.0011172323720529675,-0.009372314438223839,0.0015931722009554505,-0.003646020544692874
1.340000033378601,47,0.02469821274280548,0.03109503909945488,9.819711685180664,10.673047065734863,-30.404916763305664,-62.136356353759766,0.004375638905912638,-0.0051241060718894005,-0.0024927142076194286,-0.0031397175043821335
1.350000023841858,48,0.0151111064478755,0.026662802323698997,9.796110153198242,10.806053161621094,-31.6091251373291,-60.61791229248047,0.005380115006119013,-0.006252269726246595,0.0009801245760172606,-0.0031224789563566446
1.3600000143051147,48,0.02436802349984646,0.040612898766994476,9.810393333435059,10.85843563079834,-32.676734924316406,-59.396305084228516,-0.003927907440811396,-0.005088767036795616,0.0033071301877498627,-0.00263379723764956
1.3700000047683716,48,0.016669373959302902,0.030156368389725685,9.809252738952637,10.632498741149902,-33.49163818359375,-57.845970153808594,-0.0009414339438080788,-0.00392526388168335,-0.0010719529818743467,-0.0031222235411405563
1.3799999952316284,48,0.058065976947546005,0.002840546192601323,9.783655166625977,9.851566314697266,-34.7939567565918,-55.361351013183594,-0.000613496929872781,-0.005924332421272993,0.0005991784273646772,-0.0026340526528656483
1.3899999856948853,49,0.052517618983983994,0.007693803403526545,9.82394027709961,10.586237907409668,-35.23912811279297,-51.807586669921875,-0.0035855951718986034,-0.0062699392437934875,-0.0030180125031620264,-0.003121968125924468
1.399999976158142,49,0.04065973311662674,0.011751029640436172,9.809183120727539,10.560078620910645,-36.18629837036133,-49.86395263671875,0.00034156377660110593,-0.005342730786651373,-0.0002543563605286181,-0.002598554128780961
1.409999966621399,49,0.05879703164100647,0.008302330039441586,9.797273635864258,10.35017204284668,-37.05040740966797,-46.90760040283203,-0.004205530975013971,-0.005042945500463247,0.006127089727669954,-0.0020931449253112078
1.4199999570846558,50,0.06205838546156883,0.016932131722569466,9.809847831726074,10.17614459991455,-37.884429931640625,-43.47908020019531,-0.00914914533495903,-0.00584317184984684,0.0059060691855847836,-0.0020931449253112078
1.4299999475479126,50,0.05166955292224884,0.01571507938206196,9.804311752319336,10.05964183807373,-38.95283889770508,-41.01249313354492,-0.006745770573616028,-0.005533203948289156,0.005362502299249172,-0.0020931449253112078
1.440000057220459,50,0.03837272897362709,0.006687261629849672,9.79378604888916,9.849735260009766,-40.02124786376953,-37.4587287902832,-0.001601500785909593,-0.0016767237102612853,0.00517951650545001,-0.0020747571252286434
1.4500000476837158,50,0.032730527222156525,0.0033317385241389275,9.785099983215332,10.285041809082031,-41.167850494384766,-33.12470245361328,-0.0024352699983865023,0.0023115305230021477,0.0021867535542696714,-0.0015698587521910667
1.4600000381469727,50,0.02130478248000145,0.009004033170640469,9.805545806884766,10.67411994934082,-42.44040298461914,-30.11826515197754,-0.004975209943950176,0.0002684374921955168,0.000810316065326333,-0.0015698587521910667
1.4700000286102295,50,0.008021862246096134,0.01871054619550705,9.804644584655762,10.814920425415039,-43.55442810058594,-26.699995040893555,-0.006225563585758209,-0.003333180444315076,0.0016890077386051416,-0.00155108782928437
1.4800000190734863,51,0.01978706568479538,0.028417062014341354,9.804586410522461,10.825080871582031,-44.42083740234375,-21.733564376831055,-0.005848211701959372,-0.004685359075665474,0.003879747586324811,-0.0010276739485561848
1.4900000095367432,51,0.021860891953110695,0.03297583386301994,9.814871788024902,11.349847793579102,-45.57828140258789,-17.40241241455078,0.001325075514614582,-0.008368137292563915,0.0077547961845994,-0.0004852336714975536
1.5,51,0.02831408567726612,0.022814936935901642,9.800308227539062,11.674994468688965,-46.65105438232422,-11.698294639587402,0.0030674845911562443,-0.006620038766413927,0.003983369562774897,0.0005232862313278019
1.5099999904632568,50,0.0281391441822052,0.022988637909293175,9.811684608459473,12.140815734863281,-48.29574966430664,-5.923423767089844,0.003296291921287775,-0.004273566417396069,0.006310375407338142,0.0005425679264590144
1.5199999809265137,50,0.03905627876520157,0.009668925777077675,9.79818344116211,12.460976600646973,-49.905113220214844,0.2844482958316803,0.003798529738560319,-0.005773990415036678,0.00880269706249237,0.0010659818071871996
1.5299999713897705,50,0.037736676633358,0.007823790423572063,9.80162525177002,12.565929412841797,-51.240623474121094,7.259957313537598,0.0009189725969918072,-0.0021816568914800882,0.0114786047488451,0.0015698587521910667
1.5399999618530273,50,0.0370195247232914,0.01895441673696041,9.819992065429688,12.683347702026367,-52.57402038574219,15.129049301147461,0.004141141660511494,0.001974009908735752,0.0057760924100875854,0.0015895235119387507
1.5499999523162842,50,0.043873582035303116,0.015050185844302177,9.800260543823242,13.313067436218262,-53.820499420166016,22.347639083862305,-0.0005128698539920151,-0.008497514761984348,0.0034490865655243397,0.0020931449253112078
1.559999942779541,49,0.043873582035303116,0.018673736602067947,9.815017700195312,13.94278621673584,-54.99646759033203,28.86263084411621,-0.005166881252080202,-0.005308888852596283,0.002260426990687847,0.0021130649838596582
1.5700000524520874,49,0.043873582035303116,0.008967222645878792,9.818488121032715,14.748868942260742,-56.15391540527344,36.25027084350586,-0.001222052494995296,-0.003968090750277042,0.007546054199337959,0.0026565268635749817
1.5800000429153442,49,0.04052765294909477,0.0025828713551163673,9.808913230895996,15.417779922485352,-57.0775032043457,44.72359085083008,-0.005670316983014345,-0.003815951757133007,0.009318112395703793,0.0036630036775022745
1.590000033378601,49,0.0394698865711689,0.004314123187214136,9.81348705291748,15.593639373779297,-57.582820892333984,53.55828857421875,-0.004852720070630312,-0.003815951757133007,0.003846504492685199,0.0037036100402474403
1.600000023841858,48,0.04143365100026131,0.01457164715975523,9.810393333435059,16.433263778686523,-58.65122985839844,60.88793182373047,-0.003410096513107419,-0.002931569702923298,-0.002250130521133542,0.004689145367592573
1.6100000143051147,48,0.02753669209778309,0.024626711383461952,9.816084861755371,16.819124221801758,-59.796630859375,70.3302230834961,-0.0030674845911562443,-0.005872522015124559,-0.003963190130889416,0.004206848330795765
1.6200000047683716,48,0.026560023427009583,0.02171521820127964,9.817065238952637,17.001134872436523,-60.67232894897461,79.611083984375,-0.0038248845376074314,-0.004467333666980267,-0.000933590461499989,0.004730262327939272
1.6299999952316284,48,0.02536902017891407,0.027751019224524498,9.805545806884766,17.190279006958008,-61.456024169921875,88.38384246826172,-0.00151884276419878,-0.004670684225857258,0.005108238663524389,0.005253675859421492
1.6399999856948853,48,0.01769006811082363,0.03190027177333832,9.807656288146973,17.576200485229492,-62.331295013427734,97.03082275390625,-0.000647338863927871,-0.0056395214051008224,0.008306748233735561,0.005777090322226286
1.649999976158142,47,0.014969762414693832,0.02434603124856949,9.801667213439941,18.31087303161621,-63.13260269165039,106.692626953125,-0.002974344417452812,-0.007877579890191555,0.008306748233735561,0.006321573629975319
1.659999966621399,46,0.028399819508194923,0.023937663063406944,9.804516792297363,18.651987075805664,-64.10083770751953,117.81196594238281,-0.0032876066397875547,-0.010171042755246162,0.008810183964669704,0.007410795893520117
1.6699999570846558,46,0.03694653511047363,0.028790919110178947,9.817766189575195,19.92963409423828,-64.64042663574219,128.87181091308594,-0.004040215164422989,-0.006524202413856983,0.01085357740521431,0.009440477006137371
1.6799999475479126,46,0.031801361590623856,0.021830251440405846,9.805662155151367,21.509424209594727,-65.67157745361328,140.28726196289062,-0.006846098694950342,-0.0007066887337714434,0.01208536233752966,0.009963891468942165
1.690000057220459,45,0.04159005731344223,0.007283134385943413,9.808178901672363,22.77555274963379,-67.19366455078125,152.6002197265625,-0.0039815157651901245,0.0010423092171549797,0.008907816372811794,0.0105088846758008
1.7000000476837158,44,0.04364882409572601,0.0025828713551163673,9.812478065490723,23.41707420349121,-67.90685272216797,166.26568603515625,-0.0035664280876517296,-0.006519411224871874,0.005582924000918865,0.011512297205626965
1.7100000381469727,44,0.04423968866467476,0.005156167317181826,9.802937507629395,25.20128059387207,-68.70816040039062,180.4807586669922,-0.0049635302275419235,-0.006195067893713713,0.0006476952112279832,0.011555967852473259
1.7200000286102295,43,0.05135326460003853,0.01000942476093769,9.808735847473145,27.312273025512695,-69.7173843383789,193.65846252441406,-0.0019629804883152246,0.0002345955144846812,0.005852760747075081,0.012580832466483116
1.7300000190734863,43,0.048042092472314835,0.009435408748686314,9.812490463256836,29.22945213317871,-70.34779357910156,206.60157775878906,-0.00330347940325737,-0.007378935813903809,0.006265752017498016,0.013082155957818031
1.7400000095367432,43,0.04106986150145531,0.01850118674337864,9.804750442504883,30.67743492126465,-70.55884552001953,219.8747100830078,-0.007957491092383862,-0.005051929969340563,0.014410272240638733,0.013082155957818031
1.75,42,0.03043309599161148,0.029352283105254173,9.806482315063477,31.604595184326172,-70.66265106201172,233.73817443847656,0.00013761351874563843,-0.003883935045450926,0.008646665140986443,0.013059808872640133
1.7599999904632568,42,0.027549434453248978,0.025433097034692764,9.804465293884277,32.33926773071289,-70.92975616455078,247.39796447753906,0.001709016622044146,0.000566126371268183,0.007211228832602501,0.01258134376257658
1.7699999809265137,42,0.026405934244394302,0.01572658121585846,9.791592597961426,32.716609954833984,-70.89372253417969,261.6249084472656,-0.0043516806326806545,0.001092023798264563,0.008111783303320408,0.013127359561622143
1.7799999713897705,41,0.01843154802918434,0.021342510357499123,9.786153793334961,32.576438903808594,-70.85983276367188,276.1573791503906,-0.005521472543478012,0.00012348630116321146,0.0034640608355402946,0.014174187555909157
1.7899999618530273,41,0.02128392830491066,0.013959669508039951,9.795684814453125,32.36000061035156,-70.41126251220703,291.7635498046875,-0.005521472543478012,-0.0037551559507846832,0.00036168607766740024,0.015266728587448597
1.7999999523162842,40,0.018148858100175858,0.007365958299487829,9.803945541381836,32.4322624206543,-69.22608947753906,308.93524169921875,-0.0029968060553073883,-0.005884500686079264,0.0014009022852405906,0.01736038364470005
1.809999942779541,40,0.0248650461435318,0.0139159569516778,9.80886459350586,32.327308654785156,-67.89057159423828,326.4819641113281,-0.003396619576960802,-0.0047138105146586895,0.005284036975353956,0.019315365701913834
1.8200000524520874,40,0.029421672224998474,0.00020628224592655897,9.817173957824707,31.155689239501953,-65.81470489501953,344.9521484375,-0.0028653317131102085,-0.0031013782136142254,0.007794328033924103,0.018268540501594543
1.8300000429153442,40,0.03630121797323227,0.01009339839220047,9.809704780578613,29.8236083984375,-63.369773864746094,363.1140441894531,-0.002491573104634881,-0.004542205017060041,0.01025999616831541,0.01717497408390045
1.840000033378601,40,0.03554583340883255,0.009961110539734364,9.809078216552734,27.976102828979492,-60.33696365356445,379.8269958496094,0.000458063674159348,-0.005094756372272968,0.010224956087768078,0.015128309838473797
1.850000023841858,40,0.05214456468820572,0.007365958299487829,9.813997268676758,25.298376083374023,-56.69422149658203,395.1177062988281,0.00219807680696249,-0.004340052139014006,0.008830849081277847,0.014081482775509357
1.8600000143051147,41,0.058325495570898056,0.010991809889674187,9.782166481018066,21.729965209960938,-52.77671432495117,410.6654052734375,-0.0010741063160821795,-0.004121726844459772,0.008612523786723614,0.013082155957818031
1.8700000047683716,41,0.05088057368993759,0.008453023619949818,9.790340423583984,18.266159057617188,-50.0128288269043,426.8772888183594,-0.001046254183165729,-0.004177431110292673,0.0054912809282541275,0.013082155957818031
1.8799999952316284,42,0.04869088903069496,0.011132149957120419,9.814935684204102,14.802702903747559,-47.252769470214844,442.8365173339844,-0.0010546398116275668,-0.004827914759516716,0.003172661177814007,0.012986131012439728
1.8899999856948853,42,0.04482708126306534,0.012149045243859291,9.796758651733398,10.44408130645752,-44.35032653808594,458.89501953125,-0.004711063578724861,0.0009683361276984215,0.007473578676581383,0.010916609317064285
1.899999976158142,42,0.03993910551071167,0.02386864274740219,9.806839942932129,5.427845478057861,-41.18905258178711,474.0384521484375,-0.0008072644122876227,-0.005055823363363743,0.01176820695400238,0.009322105906903744
1.909999966621399,42,0.023035675287246704,0.026498304679989815,9.806363105773926,0.5883195996284485,-37.76618957519531,486.8606872558594,0.004151324275881052,-0.010748452506959438,0.004625767003744841,0.007350396830588579
1.9199999570846558,42,0.015711242333054543,0.018404558300971985,9.817851066589355,-5.81382942199707,-35.00613021850586,501.8531494140625,0.002828494878485799,-0.007337606977671385,0.004227450583130121,0.007996396161615849
1.9299999475479126,42,0.006676770281046629,0.016932131722569466,9.815917015075684,-12.040152549743652,-32.320648193359375,517.9619140625,-0.0006296691717579961,-0.004978256765753031,-0.001428341376595199,0.011087590828537941
1.940000057220459,43,0.005335154943168163,0.021119344979524612,9.802509307861328,-18.486732482910156,-29.919322967529297,535.0944213867188,-0.001793172094039619,-0.0003242451639380306,0.004389173351228237,0.013206018134951591
1.9500000476837158,43,0.009622994810342789,0.013200449757277966,9.805012702941895,-24.863258361816406,-28.09307861328125,554.4136352539062,0.00039187728543765843,-0.006832074839621782,0.0012772147310897708,0.015798188745975494
1.9600000381469727,43,0.014510971494019032,0.012149045243859291,9.801158905029297,-30.920223236083984,-26.998945236206055,576.8768920898438,-0.0035972753539681435,-0.006444239988923073,0.0009447852498851717,0.017891842871904373
1.9700000286102295,43,0.0326865017414093,0.020944494754076004,9.814069747924805,-37.42732238769531,-26.286670684814453,601.5311279296875,-0.0023160744458436966,-0.003302333177998662,0.0019339871359989047,0.019960343837738037
1.9800000190734863,44,0.002739974297583103,0.01724732294678688,9.819769859313965,-43.64777755737305,-25.817569732666016,624.9721069335938,-0.0009147797245532274,-0.0007375357672572136,0.009577468037605286,0.021555868908762932
1.9900000095367432,44,0.037082087248563766,0.012394065968692303,9.806290626525879,-48.914154052734375,-25.311981201171875,649.7255859375,-0.0023379370104521513,-0.0009971900144591928,0.013712170533835888,0.023751167580485344
2,44,0.04833868518471718,0.012149045243859291,9.800874710083008,-52.71039581298828,-24.857332229614258,676.1495971679688,-0.0006712977192364633,-0.0005632349639199674,0.008850615471601486,0.02793847769498825
2.009999990463257,45,0.06753838062286377,0.016827451065182686,9.824407577514648,-54.89084243774414,-24.520334243774414,704.2559204101562,-0.0008569789933972061,-0.00013497007603291422,0.004382284823805094,0.03217712417244911
2.0199999809265137,45,0.06314163655042648,0.012254876084625721,9.810426712036133,-55.83542251586914,-24.253232955932617,734.0187377929688,-0.0038557318039238453,-0.0021502110175788403,0.00877274852246046,0.03751443699002266
2.0299999713897705,45,0.05843208357691765,0.02150355651974678,9.801126480102539,-53.271671295166016,-25.474227905273438,766.18359375,-0.002480192808434367,-0.0007746721967123449,0.011389955878257751,0.04479038715362549
2.0399999618530273,36,0.06261102110147476,0.01232504565268755,9.819554328918457,-49.30727005004883,-26.787601470947266,800.892822265625,0.000613496929872781,0.002319017658010125,0.007899447344243526,0.05107135698199272
2.049999952316284,45,0.04869088903069496,0.016685960814356804,9.805047035217285,-43.045291900634766,-29.510826110839844,837.411376953125,0.0010947708506137133,0.0018377437954768538,0.005852760747075081,0.05729997158050537
2.059999942779541,45,0.04677926003932953,0.01309807039797306,9.7968111038208,-34.67626190185547,-33.799163818359375,875.731689453125,0.001840490847826004,-0.000996890477836132,0.004181629046797752,0.06250780820846558
2.069999933242798,45,0.019008511677384377,0.024952257052063942,9.809218406677246,-25.141735076904297,-38.72532653808594,916.1923217773438,0.002194782719016075,-0.004688653629273176,0.0027162444312125444,0.06724496185779572
2.0799999237060547,45,0.01015245821326971,0.008279322646558285,9.797700881958008,-12.337435722351074,-42.64282989501953,955.394775390625,0.0033582854084670544,-0.003234350122511387,0.006788953673094511,0.07245253771543503
2.0899999141693115,45,0.01015245821326971,0.017985837534070015,9.814173698425293,2.802182912826538,-44.65260314941406,994.7803344726562,0.0029306195210665464,-0.0006800344563089311,0.00608007051050663,0.07705651223659515
2.0999999046325684,45,0.011355046182870865,0.024110212922096252,9.805545806884766,19.310518264770508,-45.41145706176758,1033.4156494140625,-0.0032313033007085323,0.0011722861090674996,0.007407391909509897,0.07959313690662384
2.109999895095825,45,0.01978706568479538,0.007365958299487829,9.805545806884766,37.28810119628906,-45.42904281616211,1071.027099609375,-0.0041941506788134575,-0.0061696115881204605,0.009533742442727089,0.08074774593114853
2.119999885559082,45,0.01978706568479538,0.008840685710310936,9.80704116821289,57.17406463623047,-45.116111755371094,1108.1435546875,-0.0029938111547380686,-0.005042945500463247,0.009460069239139557,0.08396942913532257
2.130000114440918,45,0.02304030954837799,0.017739666625857353,9.813604354858398,79.52911376953125,-44.49287414550781,1147.6793212890625,-0.0006668053683824837,-0.005042945500463247,0.007133062928915024,0.08848977088928223
2.140000104904175,45,0.03728831186890602,0.019959809258580208,9.804656028747559,102.26067352294922,-42.03303146362305,1184.625244140625,-0.000613496929872781,-0.0016323996242135763,0.011627149768173695,0.08939997106790543
2.1500000953674316,44,0.03228563815355301,0.014992669224739075,9.802618980407715,126.2221450805664,-38.118526458740234,1219.6485595703125,-0.0016868546372279525,-0.008875466883182526,0.01306108757853508,0.08771990984678268
2.1600000858306885,44,0.04489890858530998,0.023444170132279396,9.812457084655762,150.73573303222656,-32.999168395996094,1251.4959716796875,0.00017924226995091885,-0.0038917213678359985,0.005135791841894388,0.08380777388811111
2.1700000762939453,44,0.04869088903069496,0.012149045243859291,9.816781044006348,175.04185485839844,-27.087039947509766,1278.961669921875,-0.004118381068110466,-0.0035353333223611116,0.010969777591526508,0.07526689767837524
2.180000066757202,44,0.04985756054520607,0.009832273237407207,9.806719779968262,198.76129150390625,-21.032718658447266,1301.2838134765625,-0.007287241518497467,-0.0046988362446427345,0.00880030170083046,0.06386314332485199
2.190000057220459,44,0.057220228016376495,0.00872565247118473,9.809148788452148,220.64894104003906,-16.79133415222168,1316.283447265625,-0.005517279263585806,-0.004223552066832781,0.0005246064392849803,0.05477726459503174
2.200000047683716,43,0.06011199578642845,0.023900851607322693,9.809494972229004,240.9304656982422,-13.197952270507812,1331.5455322265625,-0.0012708683498203754,-0.0045718541368842125,-0.0027361963875591755,0.05177724361419678
2.2100000381469727,43,0.04043496772646904,0.015563234686851501,9.813152313232422,259.75885009765625,-11.076123237609863,1346.1392822265625,-0.0049257948994636536,-0.007120179943740368,-0.000658961886074394,0.051028069108724594
2.2200000286102295,43,0.03517741337418556,0.010709977708756924,9.792932510375977,276.87127685546875,-10.381089210510254,1359.17919921875,-0.0060578519478440285,-0.0068371654488146305,0.004718307871371508,0.04597717151045799
2.2300000190734863,42,0.01800983026623726,0.01189367100596428,9.792272567749023,291.7524108886719,-10.274735450744629,1369.931640625,-0.00024033745285123587,-0.00560837471857667,0.005479601211845875,0.03498547524213791
2.240000009536743,42,0.016650836914777756,0.02171521820127964,9.80234432220459,306.1310119628906,-11.78831672668457,1372.7080078125,0.004573300015181303,-0.004262185655534267,0.002673717448487878,0.02448004111647606
2.25,42,0.002179230097681284,0.023364795371890068,9.80588150024414,320.9349670410156,-14.312272071838379,1373.864013671875,0.005871571600437164,-0.001361963921226561,0.004714115057140589,0.022961003705859184
2.259999990463257,42,0.0036031038034707308,0.023058807477355003,9.817965507507324,338.87554931640625,-17.587636947631836,1376.3126220703125,0.0027946527116000652,-0.0021118768490850925,0.0059548853896558285,0.03168192878365517
2.2699999809265137,41,0.007728745229542255,0.016932131722569466,9.809174537658691,360.41033935546875,-21.516061782836914,1382.7132568359375,-0.0012364276917651296,-0.0031930210534483194,0.004021703731268644,0.04639549180865288
2.2799999713897705,41,0.021660462021827698,0.013211953453719616,9.809585571289062,384.97259521484375,-26.029285430908203,1395.004638671875,-0.0028195101767778397,-0.00061804085271433,0.006596683990210295,0.06233082339167595
2.2899999618530273,40,0.032380640506744385,0.011226477101445198,9.808523178100586,412.7851867675781,-31.01519775390625,1412.99560546875,-0.0020249742083251476,0.0017655676929280162,0.008795809000730515,0.08254221081733704
2.299999952316284,40,0.047903064638376236,0.014931701123714447,9.811979293823242,444.7697448730469,-37.88865661621094,1444.5242919921875,-0.0033094692043960094,-0.0016039485344663262,0.004746759310364723,0.10865940153598785
2.309999942779541,40,0.05559360608458519,0.012149045243859291,9.80699348449707,481.20294189453125,-45.64948654174805,1486.161865234375,-0.005291467532515526,-0.0035284452605992556,0.006140267476439476,0.14312376081943512
2.319999933242798,40,0.058325495570898056,0.020712127909064293,9.810901641845703,524.2581176757812,-53.00419998168945,1540.5933837890625,-0.0006374559598043561,0.0022890688851475716,0.011957782320678234,0.18520426750183105
2.3299999237060547,40,0.06945928186178207,0.029070451855659485,9.798822402954102,575.0653076171875,-58.67313003540039,1610.379150390625,-0.0040860362350940704,-0.0023110348265618086,0.00967270415276289,0.2305627465248108
2.3399999141693115,40,0.07092486321926117,0.017373859882354736,9.800249099731445,632.2648315429688,-61.52222442626953,1696.6690673828125,-0.0042944783344864845,-0.0014949357137084007,0.004063631873577833,0.2717640697956085
2.3499999046325684,41,0.053589291870594025,0.009717239998281002,9.80801010131836,694.58203125,-59.43401336669922,1788.1617431640625,-0.003263947321102023,-0.005484088324010372,0.001337710884399712,0.29214373230934143
2.359999895095825,41,0.046252112835645676,0.012149045243859291,9.805545806884766,755.765869140625,-50.541465759277344,1880.7781982421875,-0.0030674845911562443,-0.007236979436129332,0.0009447852498851717,0.2943088114261627
2.369999885559082,42,0.043873582035303116,0.014640667475759983,9.805545806884766,814.929931640625,-36.64576721191406,1975.4815673828125,-0.0030674845911562443,-0.00840048212558031,0.001848334213718772,0.2887720465660095
2.380000114440918,42,0.03871334344148636,0.011808546259999275,9.802948951721191,873.0143432617188,-18.29452896118164,2072.278076171875,-0.001387368538416922,-0.008723926730453968,0.003851895220577717,0.2793370485305786
2.390000104904175,42,0.026286602020263672,0.01789380982518196,9.808700561523438,932.7117309570312,5.67124080657959,2170.13916015625,0.001716204104013741,-0.007947360165417194,0.003072632709518075,0.28779399394989014
2.4000000953674316,42,0.011622674763202667,0.02109403908252716,9.80976390838623,1002.2957763671875,39.14808654785156,2276.19677734375,0.0023544086143374443,-0.006070781499147415,0.002884855028241873,0.3142735958099365
2.4100000858306885,42,0.00812729075551033,0.019704435020685196,9.802735328674316,1080.663330078125,77.59248352050781,2388.893310546875,-0.0027066038455814123,-0.0063421158120036125,0.005997112486511469,0.33696529269218445
2.4200000762939453,42,0.007289649918675423,0.02455769293010235,9.80357837677002,1166.132080078125,120.9251937866211,2504.6611328125,-0.006748466286808252,-0.005738651379942894,0.008306748233735561,0.35303276777267456
2.430000066757202,42,0.011202116496860981,0.02941094897687435,9.802593231201172,1255.5523681640625,167.75738525390625,2620.083984375,-0.003612848464399576,-0.0006803339347243309,0.0098745571449399,0.3485580384731293
2.440000057220459,42,0.023982221260666847,0.02531576342880726,9.806743621826172,1345.051025390625,216.09532165527344,2731.4638671875,-0.0012229507556185126,-0.0010451076086610556,0.00877394713461399,0.322256475687027
2.450000047683716,42,0.04172097519040108,0.03087417408823967,9.804204940795898,1431.5325927734375,265.15313720703125,2831.968994140625,-0.0054813409224152565,-0.009515169076621532,0.0037943939678370953,0.28580519556999207
2.4600000381469727,42,0.03925439342856407,0.020448701456189156,9.803863525390625,1512.0802001953125,312.4297790527344,2921.848388671875,-0.006314810365438461,-0.010181525722146034,0.006286416668444872,0.2530291974544525
2.4700000286102295,42,0.04710365831851959,0.012149045243859291,9.812019348144531,1589.1951904296875,357.45166015625,3008.86181640625,-0.002377768512815237,-0.006959655787795782,0.010223458521068096,0.23308315873146057
2.4800000190734863,42,0.05022135004401207,0.00562205258756876,9.811933517456055,1665.3780517578125,399.9712219238281,3097.136474609375,-0.0042944783344864845,-0.004837797489017248,0.00728100910782814,0.23788711428642273
2.490000009536743,42,0.0621209442615509,0.005916538182646036,9.79687786102295,1741.8511962890625,440.3575439453125,3188.932373046875,-0.004152821376919746,-0.0046658930368721485,0.0024550927337259054,0.2593764364719391
2.5,42,0.06453191488981247,0.010769795626401901,9.791001319885254,1816.1580810546875,480.1558532714844,3283.66259765625,-0.0027548212092369795,-0.011177915148437023,0.004625767003744841,0.26242053508758545
2.509999990463257,42,0.0631427988409996,0.012149045243859291,9.798043251037598,1876.813232421875,518.4435424804688,3375.04296875,0.0017671168316155672,-0.011104540899395943,0.004640441853553057,0.2218930423259735
2.5199999809265137,42,0.04886467009782791,0.012149045243859291,9.79710578918457,1922.2393798828125,553.79150390625,3454.22119140625,-0.00405039731413126,-0.005287026520818472,0.005803944543004036,0.15484675765037537
2.5299999713897705,42,0.04751378670334816,0.01937774010002613,9.803176879882812,1955.0709228515625,584.9102783203125,3520.485595703125,-0.005409165285527706,0.0016451745759695768,0.0013940142234787345,0.10503177344799042
2.5399999618530273,42,0.03755825757980347,0.018030699342489243,9.809280395507812,1980.548583984375,611.6327514648438,3576.639892578125,-0.0023678855504840612,-0.001885764766484499,0.006200763396918774,0.08735202252864838
2.549999952316284,42,0.019112782552838326,0.020686820149421692,9.818004608154297,2006.0133056640625,635.0545043945312,3628.644287109375,-0.001840490847826004,-0.002588957780972123,0.008067458868026733,0.09604983031749725
2.559999942779541,42,0.01882198266685009,0.02936493791639805,9.808459281921387,2035.715087890625,653.12841796875,3682.6171875,-0.007385772652924061,-0.002588957780972123,0.004609894473105669,0.11780401319265366
2.569999933242798,42,0.015864172950387,0.011806245893239975,9.789753913879395,2071.748779296875,667.15625,3734.240478515625,-0.008341731503605843,-0.0017282351618632674,-0.00004411723784869537,0.14348244667053223
2.5799999237060547,42,0.02295689284801483,0.011331157758831978,9.806248664855957,2116.36474609375,677.5119018554688,3784.908447265625,-0.006380997132509947,-0.003753658616915345,0.005665881559252739,0.1623619943857193
2.5899999141693115,42,0.004283179994672537,0.02425515465438366,9.814483642578125,2170.7626953125,684.3394775390625,3832.556640625,-0.003320250893011689,-0.005776686128228903,0.008800001814961433,0.19070398807525635
2.5999999046325684,42,0.02532731182873249,0.014181684702634811,9.80691909790039,2235.874267578125,687.7886962890625,3875.604736328125,-0.002510740188881755,-0.0009079431183636189,0.004285251256078482,0.23674681782722473
2.609999895095825,42,0.03362725302577019,0.003797623561695218,9.818242073059082,2318.787353515625,688.23388671875,3932.020751953125,-0.0030674845911562443,0.001118977670557797,0.0009447852498851717,0.29851946234703064
2.619999885559082,42,0.04279148578643799,0.028058158233761787,9.811482429504395,2421.651611328125,682.8848876953125,3986.6298828125,-0.0019809496589004993,-0.0008186964550986886,-0.00014174971147440374,0.36773207783699036
2.630000114440918,42,0.06560821831226349,0.009701135568320751,9.801644325256348,2539.333740234375,673.5055541992188,4035.457275390625,-0.0010932734003290534,-0.0020540759433060884,-0.0010294259991496801,0.42905014753341675
2.640000104904175,42,0.06796009838581085,0.01613840088248253,9.827372550964355,2667.292724609375,660.3643798828125,4073.925537109375,-0.001840490847826004,-0.0037940891925245523,-0.0002822086098603904,0.457876980304718
2.6500000953674316,41,0.05898355692625046,0.021388523280620575,9.82978630065918,2770.056884765625,643.5474243164062,4096.32275390625,-0.003251668531447649,-0.0017147583421319723,0.0018345578573644161,0.4389440417289734
2.6600000858306885,41,0.05376655235886574,0.02171521820127964,9.811433792114258,2714.11669921875,623.069580078125,4091.880126953125,-0.006459163036197424,-0.0034568679984658957,0.006501147523522377,0.3792826533317566
2.6700000762939453,41,0.05813780799508095,0.007925020530819893,9.796416282653809,2343.231689453125,598.125,4063.810791015625,-0.00506984768435359,-0.0058183143846690655,0.005754828918725252,0.2969021201133728
2.680000066757202,41,0.06772606819868088,0.03536737710237503,9.814770698547363,1801.133544921875,571.9702758789062,4015.818115234375,-0.0025805204641073942,-0.003653630381450057,0.01059841550886631,0.21172252297401428
2.690000057220459,41,0.03913969546556473,0.03125493600964546,9.796085357666016,1123.5714111328125,545.7695922851562,3953.082763671875,-0.00007831554103177041,-0.002490127459168434,0.009237251244485378,0.1293584555387497
2.700000047683716,41,0.0004228492034599185,0.016932131722569466,9.805928230285645,353.8601989746094,520.7816772460938,3880.609619140625,-0.007728084456175566,-0.0016093392623588443,0.0058881002478301525,0.05935889109969139
2.7100000381469727,41,-0.0038024287205189466,0.016932131722569466,9.8247709274292,-448.2616271972656,498.5276184082031,3802.07275390625,0.00041643489385023713,-0.009753858670592308,0.007051602937281132,-0.0081312395632267
2.7200000286102295,41,0.010861499235033989,0.017401468008756638,9.819375991821289,-1114.2950439453125,478.76202392578125,3711.895751953125,0.00969630666077137,-0.023575134575366974,0.008215105161070824,-0.06873819977045059
2.7300000190734863,41,0.02982369437813759,0.02771765924990177,9.80523681640625,-1747.1949462890625,462.4242248535156,3619.239013671875,0.010429447516798973,-0.03432158753275871,0.0018755875062197447,-0.1433762162923813
2.740000009536743,41,0.10461007058620453,0.04488063603639603,9.801837921142578,-2021.859619140625,448.0207824707031,3523.03271484375,0.010429447516798973,-0.03571779280900955,-0.0010719529818743467,-0.22840997576713562
2.75,41,0.07478982955217361,0.032503046095371246,9.815241813659668,-1921.504638671875,434.0984802246094,3425.09619140625,0.0038153009954839945,-0.01304071769118309,0.005104944109916687,-0.2918284833431244
2.759999990463257,41,-0.000001184721440949943,-0.0011695167049765587,9.815241813659668,-1612.4542236328125,419.49688720703125,3329.395751953125,-0.014024477452039719,0.02105305902659893,0.006198367569595575,-0.3114963173866272
2.7699999809265137,41,0.001597631722688675,0.007951478473842144,9.815834999084473,-851.85791015625,404.8952941894531,3242.328369140625,-0.017791710793972015,0.02522370032966137,0.006670656614005566,-0.31320086121559143
2.7799999713897705,41,0.04453396052122116,0.013460425660014153,9.814772605895996,-163.87889099121094,391.1190490722656,3160.595947265625,-0.013546797446906567,0.012143653817474842,0.005570944398641586,-0.3076910078525543
2.7899999618530273,41,0.04722878336906433,0.018811777234077454,9.786455154418945,431.0412902832031,378.3671569824219,3083.99755859375,-0.008201871998608112,0.00047268677735701203,0.003243938786908984,-0.2754914462566376
2.799999952316284,41,0.042263180017471313,0.005766994785517454,9.815241813659668,835.1439819335938,363.1651916503906,2995.2138671875,-0.0036392034962773323,-0.0025611056480556726,-0.0009653359884396195,-0.22549396753311157
2.809999942779541,51,0.058325495570898056,0.02171521820127964,9.815241813659668,983.9677124023438,346.00787353515625,2898.8154296875,0.000979169155471027,-0.012076672166585922,-0.0005795979523099959,-0.17690075933933258
2.819999933242798,41,0.059268563985824585,0.024524332955479622,9.813343048095703,983.9677124023438,346.00787353515625,2898.8154296875,0.0042944783344864845,-0.024674847722053528,0.0033987730275839567,-0.10622710734605789
2.8299999237060547,40,0.0651702806353569,0.03606447950005531,9.807586669921875,763.9302978515625,337.2861022949219,2858.146240234375,0.0047314283438026905,-0.024237897247076035,0.004272672813385725,-0.10434797406196594
2.8399999141693115,40,0.06735533475875854,0.03175763040781021,9.806510925292969,570.0858154296875,325.7506408691406,2817.444580078125,0.006268390454351902,-0.01971326395869255,0.005852760747075081,-0.07673154026269913
2.8499999046325684,40,0.034829843789339066,0.018079014495015144,9.788082122802734,354.3087158203125,311.8776550292969,2779.217041015625,0.003945876844227314,-0.0074582998640835285,0.004612889140844345,-0.04313778504729271
2.859999895095825,40,-0.004213718697428703,0.020498165860772133,9.82493782043457,33.95890426635742,295.983154296875,2742.4892578125,-0.0069895521737635136,0.004038965329527855,0.001930692931637168,-0.002506359713152051
2.869999885559082,40,0.011448889970779419,0.01564490795135498,9.819719314575195,-470.2366027832031,278.9776306152344,2707.83984375,-0.0014206113992258906,0.002889238763600588,0.006035746540874243,0.020837722346186638
2.880000114440918,40,0.020438177511096,0.01893601194024086,9.811049461364746,-848.5128173828125,261.7081604003906,2674.5078125,0.007855964824557304,-0.015934349969029427,0.006840764544904232,0.03352709487080574
2.890000104904175,40,0.03423897549510002,0.030354224145412445,9.822044372558594,-1458.39404296875,245.917236328125,2642.955322265625,0.006580454763025045,-0.0257338285446167,0.004569763317704201,0.03475167229771614
2.9000000953674316,40,0.03423897549510002,0.016932131722569466,9.810687065124512,-2111.987548828125,230.8369140625,2615.23388671875,0.0030899459961801767,-0.02224332094192505,0.003406260162591934,0.04607165977358818
2.9100000858306885,40,0.03739721700549126,0.018500035628676414,9.807053565979004,-2609.15234375,216.43753051757812,2592.712646484375,0.005379516165703535,-0.015284765511751175,-0.0012252897722646594,0.06828118860721588
2.9200000762939453,40,0.04882296174764633,0.024991368874907494,9.810127258300781,-2792.1591796875,203.18775939941406,2575.942138671875,0.002243898343294859,-0.011581323109567165,0.0006758468225598335,0.08633967489004135
2.930000066757202,40,0.06348688900470734,0.024448411539196968,9.792733192443848,-2898.791748046875,190.1887664794922,2564.281494140625,-0.003304677316918969,-0.01323598250746727,0.004031886346638203,0.10005991160869598
2.940000057220459,40,0.06023944169282913,0.015705876052379608,9.80666446685791,-2985.581298828125,177.7065887451172,2561.277099609375,-0.003328935708850622,-0.00397647637873888,0.010419023223221302,0.10144244879484177
2.950000047683716,40,0.04836532846093178,0.023563804104924202,9.82119083404541,-3103.5849609375,164.79893493652344,2558.794677734375,-0.003969536162912846,0.002246242482215166,0.007477472070604563,0.09986824542284012
2.9600000381469727,40,0.06894025206565857,0.026498304679989815,9.809407234191895,-3144.6904296875,151.1096649169922,2554.2451171875,-0.002617357298731804,-0.00819383654743433,0.008368442766368389,0.09130463749170303
2.9700000286102295,40,0.07358840107917786,0.02252045087516308,9.804729461669922,-3034.787841796875,136.30494689941406,2546.3486328125,-0.0002903516578953713,-0.01595711149275303,0.00798360351473093,0.07913727313280106
2.9800000190734863,40,0.06381244957447052,0.014873034320771694,9.810393333435059,-3078.34375,119.03231811523438,2530.4677734375,0.0041713896207511425,-0.013754991814494133,0.008502911776304245,0.05039764940738678
2.990000009536743,40,0.07119249552488327,0.018536847084760666,9.819026947021484,-3145.755126953125,101.51876831054688,2506.973876953125,0.0035080285742878914,-0.015066440217196941,0.006293304730206728,0.0007545381085947156
3,40,0.1071658656001091,0.039694931358098984,9.798576354980469,-2848.670166015625,84.57572174072266,2478.6337890625,0.0017826900584623218,-0.01795528084039688,0.0033987730275839567,-0.06605052202939987
3.009999990463257,40,0.07801063358783722,0.04384878650307655,9.789518356323242,-2414.308349609375,69.87779998779297,2450.84716796875,-0.001622465206310153,-0.005327457562088966,0.008088722825050354,-0.10850361734628677
3.0199999809265137,40,-0.017917197197675705,0.01256316527724266,9.817717552185059,-2060.115234375,58.13988494873047,2425.547119140625,-0.012093990109860897,0.01639934815466404,0.012153645977377892,-0.12741240859031677
3.0299999713897705,40,0.003389929421246052,0.00747638987377286,9.803028106689453,-1800.3560791015625,48.16805648803711,2397.3388671875,-0.015865417197346687,0.01696118339896202,0.007518501486629248,-0.17327938973903656
3.0399999618530273,40,0.0656406581401825,0.02915557473897934,9.791001319885254,-1388.4727783203125,40.88658142089844,2365.342041015625,-0.006226761732250452,-0.0053295535035431385,0.005852760747075081,-0.21152102947235107
3.049999952316284,40,0.01658943109214306,0.0182124525308609,9.806510925292969,-892.4912719726562,34.27013397216797,2333.247314453125,0.00023764208890497684,-0.010743062011897564,0.005852760747075081,-0.18264593183994293
3.059999942779541,40,-0.01518994104117155,0.0025828713551163673,9.804153442382812,-567.6870727539062,27.814167022705078,2305.352783203125,-0.00491052120923996,0.00682478304952383,0.005649110302329063,-0.1294148862361908
3.069999933242798,40,0.07699689269065857,0.029489172622561455,9.807364463806152,-395.848388671875,21.662832260131836,2282.716552734375,-0.00015857780817896128,-0.0036045145243406296,0.0049060857854783535,-0.11068959534168243
3.0799999237060547,40,0.10407250374555588,0.03937053680419922,9.8088960647583,-136.517822265625,16.498634338378906,2263.60888671875,0.011810078285634518,-0.019767170771956444,0.007003086153417826,-0.09027057141065598
3.0899999141693115,40,0.04338003695011139,0.01712653785943985,9.806435585021973,-52.03044128417969,13.115337371826172,2251.059814453125,-0.004307655617594719,-0.0012433674419298768,0.005852760747075081,-0.03313711658120155
3.0999999046325684,40,0.05192791298031807,0.02767394669353962,9.810393333435059,-189.87171936035156,11.329782485961914,2241.1376953125,-0.0054711587727069855,0.009228158742189407,0.005852760747075081,-0.0025459446478635073
3.109999895095825,40,0.09372537583112717,0.03490494191646576,9.807381629943848,-353.43572998046875,11.516791343688965,2237.255859375,0.005610419437289238,-0.009243234992027283,0.0036263824440538883,0.00629807822406292
3.119999885559082,40,0.057486698031425476,0.02215694636106491,9.814793586730957,-570.5142211914062,13.761357307434082,2238.507080078125,-0.00059942074585706,-0.009078518487513065,0.004448471125215292,0.027035435661673546
3.130000114440918,40,0.038823407143354416,0.023155435919761658,9.807474136352539,-900.8563232421875,18.0643367767334,2241.846923828125,-0.0038129049353301525,-0.010696341283619404,0.01054301019757986,0.04387610778212547
3.140000104904175,40,0.05028275400400162,0.020134659484028816,9.810372352600098,-1104.15087890625,25.187068939208984,2243.6240234375,0.000319102342473343,-0.013946063816547394,0.01014229841530323,0.04294956848025322
3.1500000953674316,40,0.11246281117200851,0.046200066804885864,9.798760414123535,-1595.0166015625,33.49634552001953,2249.939697265625,0.001840490847826004,-0.01657734625041485,0.008674517273902893,0.042306505143642426
3.1600000858306885,40,0.03984178602695465,0.020113954320549965,9.794368743896484,-1708.0714111328125,43.942359924316406,2258.1376953125,-0.005321116652339697,0.0017847351264208555,0.009102482348680496,0.02728775516152382
3.1700000762939453,40,-0.04188206419348717,-0.004201795905828476,9.819918632507324,-1768.7755126953125,56.108612060546875,2265.134765625,-0.013595912605524063,0.023850856348872185,0.0036757977213710546,0.004440271761268377
3.180000066757202,40,0.0717393308877945,0.04495425894856453,9.812238693237305,-1983.75830078125,69.05915069580078,2268.333740234375,-0.007870640605688095,0.009029299020767212,0.00038654348463751376,-0.060223884880542755
3.190000057220459,41,0.1351822316646576,0.0506323017179966,9.784062385559082,-1915.013916015625,81.43489837646484,2266.334716796875,0.0018075472908094525,-0.010556181892752647,-0.0008709980174899101,-0.12399061769247055
3.200000047683716,41,0.08216176182031631,0.034822121262550354,9.802019119262695,-2011.6162109375,92.35576629638672,2261.3466796875,-0.006540922448039055,0.010492888279259205,-0.000027346191927790642,-0.13728028535842896
3.2100000381469727,41,-0.15881463885307312,-0.060543984174728394,9.825285911560059,-1722.1712646484375,101.00991821289062,2255.18505859375,-0.02646302618086338,0.04794570058584213,0.0062684472650289536,-0.15376149117946625
3.2200000286102295,41,0.03423202410340309,0.005283854901790619,9.788052558898926,-1232.3563232421875,108.97782897949219,2242.4990234375,-0.022093525156378746,0.039611008018255234,0.0066128564067184925,-0.18495959043502808
3.2300000190734863,41,0.14106424152851105,0.07322830706834793,9.815109252929688,-562.6155395507812,117.5768814086914,2222.734130859375,0.007980551570653915,-0.011009903624653816,-0.0022117963526397943,-0.27376118302345276
3.240000009536743,41,-0.04962242394685745,-0.013192804530262947,9.789511680603027,443.8722839355469,127.56685638427734,2200.624755859375,0.006051862146705389,-0.007391215767711401,-0.0025241603143513203,-0.27302902936935425
3.25,42,0.07539691030979156,0.03548470884561539,9.829394340515137,1229.1326904296875,138.07289123535156,2181.412353515625,-0.017777934670448303,0.026488730683922768,0.0014988341135904193,-0.2566320598125458
3.259999990463257,42,0.1356317549943924,0.07858080416917801,9.78238296508789,1989.304443359375,148.22181701660156,2160.239990234375,-0.005301050841808319,-0.0030714296735823154,-0.0010267306352034211,-0.2917020618915558
3.2699999809265137,42,-0.004096704069525003,-0.01026750449091196,9.800657272338867,2508.395751953125,156.20065307617188,2139.977783203125,0.003613147884607315,-0.005588608793914318,0.002171779051423073,-0.24465011060237885
3.2799999713897705,42,0.009360001422464848,-0.0302798580378294,9.797103881835938,2815.0830078125,161.49586486816406,2120.91552734375,-0.004226794466376305,0.002115966286510229,0.0022394629195332527,-0.22633011639118195
3.2899999618530273,42,0.09173380583524704,0.0453200601041317,9.791557312011719,3032.301025390625,164.3174591064453,2102.372314453125,-0.0018997890874743462,-0.004865051247179508,0.0045664687640964985,-0.18582406640052795
3.299999952316284,42,0.07133383303880692,-0.0007622986449860036,9.808453559875488,3080.57958984375,164.67359924316406,2085.714111328125,-0.0075097596272826195,-0.009578360244631767,0.004625767003744841,-0.16634909808635712
3.309999942779541,42,0.015087935142219067,0.006140853278338909,9.797091484069824,3051.1728515625,162.3032989501953,2071.096435546875,-0.003694009268656373,-0.0067398324608802795,0.0024850412737578154,-0.14096523821353912
3.319999933242798,42,0.03253588825464249,-0.005968708544969559,9.80486011505127,2991.829345703125,159.48597717285156,2059.127197265625,-0.0030674845911562443,-0.0062699392437934875,0.008213009685277939,-0.1322351098060608
3.3299999237060547,42,0.020596900954842567,0.020107051357626915,9.810121536254883,2915.560302734375,156.5270233154297,2045.679443359375,-0.0021241039503365755,-0.0072133201174438,0.012363884598016739,-0.14399220049381256
3.3399999141693115,42,0.029023125767707825,0.012544759549200535,9.805746078491211,2828.30908203125,153.2510223388672,2028.343505859375,-0.0062399390153586864,-0.007496933452785015,0.006175606977194548,-0.16444800794124603
3.3499999046325684,42,0.00597815727815032,0.02611524425446987,9.814983367919922,2733.221435546875,149.24447631835938,2011.463134765625,-0.004709865432232618,-0.009129730984568596,0.0042151715606451035,-0.18521344661712646
3.359999895095825,42,0.024372655898332596,0.01704716496169567,9.796121597290039,2630.475341796875,143.3816680908203,1989.63623046875,-0.0030674845911562443,-0.004680567886680365,0.007637397386133671,-0.2030695378780365
3.369999885559082,42,0.024938033893704414,0.017346251755952835,9.810057640075684,2528.58349609375,135.8866729736328,1961.9710693359375,-0.0016886513913050294,0.0007062859949655831,0.009533742442727089,-0.20832474529743195
3.380000114440918,42,0.043719492852687836,0.040694572031497955,9.791932106018066,2431.567626953125,125.80204010009766,1933.763671875,-0.000613496929872781,0.0004412408161442727,0.005778188817203045,-0.19525039196014404
3.390000104904175,42,0.03950579836964607,0.03539498522877693,9.819636344909668,2340.77099609375,113.2225570678711,1906.8563232421875,-0.0011759315384551883,-0.001361963921226561,0.002171779051423073,-0.1717321276664734
3.4000000953674316,42,0.048100024461746216,0.02200855314731598,9.810393333435059,2254.5634765625,99.51676177978516,1878.485107421875,-0.0028383778408169746,-0.001361963921226561,0.004666496999561787,-0.16173657774925232
3.4100000858306885,42,0.039788488298654556,0.026134800165891647,9.810761451721191,2166.402587890625,86.07260131835938,1847.6116943359375,-0.00516538368538022,-0.0031037740409374237,0.00917765311896801,-0.16976016759872437
3.4200000762939453,42,0.04956444725394249,0.01998051442205906,9.812164306640625,2074.4345703125,74.17317962646484,1816.3004150390625,-0.005632581654936075,-0.007385823875665665,0.009272890165448189,-0.19139480590820312
3.430000066757202,42,0.057310592383146286,0.004598255734890699,9.783859252929688,1978.8160400390625,62.83650588989258,1779.306396484375,-0.003684425726532936,-0.008717038668692112,0.006778172217309475,-0.21490463614463806
3.440000057220459,42,0.048112764954566956,0.022289235144853592,9.805545806884766,1880.6953125,52.08119583129883,1735.1756591796875,-0.0052764927968382835,-0.005042945500463247,0.009533742442727089,-0.23749558627605438
3.450000047683716,42,0.041278403252363205,0.025854118168354034,9.808157920837402,1781.450439453125,42.345523834228516,1685.0606689453125,-0.004475967027246952,-0.004861457273364067,0.008444811217486858,-0.2548511326313019
3.4600000381469727,42,0.025323836132884026,0.019572146236896515,9.822041511535645,1679.540771484375,33.17500686645508,1631.4210205078125,-0.004931485280394554,-0.0035799567122012377,0.002171779051423073,-0.2667061388492584
3.4700000286102295,42,0.027051253244280815,0.009719540365040302,9.806340217590332,1581.4283447265625,24.77142333984375,1575.0072021484375,0.0003954711719416082,-0.0016890024999156594,0.00228079198859632,-0.2700515687465668
3.4800000190734863,42,0.016691386699676514,0.017441729083657265,9.809527397155762,1485.2481689453125,16.435192108154297,1517.5177001953125,-0.004258539993315935,-0.0086700189858675,0.00460779806599021,-0.26416072249412537
3.490000009536743,42,0.023672884330153465,0.004273861646652222,9.808358192443848,1391.59912109375,8.243059158325195,1458.3768310546875,-0.0042944783344864845,-0.008723926730453968,0.0034712485503405333,-0.25714486837387085
3.5,42,0.01978706568479538,0.029291315004229546,9.81706428527832,1286.3388671875,-0.5232456922531128,1386.034912109375,-0.00865858793258667,-0.00545084523037076,0.0033987730275839567,-0.2538832128047943
3.509999990463257,52,0.01978706568479538,0.02171521820127964,9.805545806884766,1109.3876953125,-13.522233963012695,1257.099853515625,-0.000982164405286312,-0.004015409387648106,0.009563990868628025,-0.2547507584095001
3.5199999809265137,42,0.020930567756295204,0.019444460049271584,9.808998107910156,1097.736328125,-14.37814998626709,1248.610107421875,0.000613496929872781,-0.003815951757133007,0.010760736651718616,-0.2537938356399536
3.5299999713897705,42,0.02703271619975567,0.012149045243859291,9.81275749206543,1039.650146484375,-17.81744956970215,1199.7047119140625,-0.002088165609166026,-0.005617059767246246,0.007158519700169563,-0.25320786237716675
3.5399999618530273,42,0.03809351474046707,0.014700484462082386,9.794880867004395,959.8112182617188,-21.960243225097656,1130.4910888671875,-0.0039045477751642466,-0.00878112856298685,0.004178634379059076,-0.24595142900943756
3.549999952316284,42,0.04462433233857155,0.019023437052965164,9.806909561157227,884.7738037109375,-25.063213348388672,1061.986572265625,-0.0050680506974458694,-0.0068566324189305305,0.0026252008974552155,-0.23368623852729797
3.559999942779541,42,0.0385175496339798,0.016397226601839066,9.808958053588867,814.8236694335938,-27.542625427246094,994.2605590820312,-0.0033912290818989277,-0.006463108118623495,0.005722184665501118,-0.21889428794384003
3.569999933242798,42,0.04719402641057968,0.025012074038386345,9.805545806884766,752.5863647460938,-28.07682991027832,929.0711669921875,-0.004426851402968168,-0.004910572897642851,0.008953338488936424,-0.2026684582233429
3.5799999237060547,42,0.04544111713767052,0.018602415919303894,9.807123184204102,693.6030883789062,-27.98993682861328,866.6362915039062,-0.007914664223790169,-0.002588957780972123,0.007784444838762283,-0.18662548065185547
3.5899999141693115,42,0.051967304199934006,0.013775616884231567,9.810393333435059,639.8404541015625,-27.09400177001953,807.6554565429688,-0.005565197207033634,0.000009082622455025557,0.006891977041959763,-0.17263083159923553
3.5999999046325684,42,0.051489975303411484,0.016932131722569466,9.812113761901855,590.7189331054688,-25.66945457458496,751.010009765625,-0.0015257310587912798,0.004002128727734089,0.008306748233735561,-0.1601608395576477
3.609999895095825,42,0.03905627876520157,0.01869904436171055,9.813450813293457,544.252685546875,-24.209440231323242,694.9213256835938,-0.0022822325117886066,0.0024172489065676928,0.0059509919956326485,-0.1486918181180954
3.619999885559082,42,0.03905627876520157,0.02355230040848255,9.802945137023926,501.74652099609375,-22.3397216796875,642.6143188476562,0.0007030432461760938,-0.00357636297121644,0.0025904604699462652,-0.13770011067390442
3.630000114440918,41,0.03521448373794556,0.020776547491550446,9.802599906921387,462.4439697265625,-20.092559814453125,591.8138427734375,0.0029662582091987133,-0.007332515437155962,0.007345398422330618,-0.1267547756433487
3.640000104904175,41,0.0314132422208786,0.018081314861774445,9.818084716796875,425.9792175292969,-17.832521438598633,543.7467651367188,-0.00204264372587204,-0.01016714982688427,0.008508901111781597,-0.1163329929113388
3.6500000953674316,41,0.028052249923348427,0.022403117269277573,9.815241813659668,391.8927001953125,-15.709299087524414,498.40948486328125,-0.0030674845911562443,-0.005042945500463247,0.009672404266893864,-0.10648134350776672
3.6600000858306885,41,0.0219199787825346,0.021167658269405365,9.813095092773438,359.869140625,-13.886266708374023,455.52862548828125,-0.002992313588038087,-0.0048926034942269325,0.01030971109867096,-0.09763004630804062
3.6700000762939453,40,0.026807954534888268,0.02212243713438511,9.810393333435059,330.6921081542969,-12.81785774230957,415.6598205566406,-0.0018521707970649004,-0.002553917933255434,0.003433812875300646,-0.08925541490316391
3.680000066757202,40,0.0339701883494854,0.019190236926078796,9.796660423278809,303.9306640625,-10.68387508392334,377.7335510253906,-0.0030156734865158796,0.0009365907171741128,0.006924321409314871,-0.08097478002309799
3.690000057220459,40,0.036711350083351135,0.014730393886566162,9.79782485961914,279.4017333984375,-9.316614151000977,343.7231140136719,-0.0008441010140813887,-0.0011313597206026316,0.009303138591349125,-0.07359986752271652
3.700000047683716,40,0.03423897549510002,0.007365958299487829,9.807948112487793,256.9863586425781,-8.133792877197266,312.319580078125,0.0004347038338892162,-0.001361963921226561,0.006389140151441097,-0.0657959058880806
3.7100000381469727,40,0.031752701848745346,0.004897342529147863,9.81320858001709,236.51565551757812,-7.07014799118042,282.9518737792969,-0.0023406322579830885,-0.0003772541822399944,0.007822180166840553,-0.058515485376119614
3.7200000286102295,40,0.034535568207502365,0.017815588042140007,9.817217826843262,217.83396911621094,-7.248216152191162,256.8538818359375,-0.0039887032471597195,0.0007862486527301371,0.009227966889739037,-0.05180610716342926
3.7300000190734863,39,0.03642866015434265,0.028672436252236366,9.815681457519531,201.2374725341797,-6.718722343444824,233.29327392578125,-0.006867661606520414,0.003665206953883171,0.005245103966444731,-0.046191442757844925
3.740000009536743,39,0.039635561406612396,0.023819178342819214,9.817374229431152,186.3333740234375,-6.320129871368408,210.93365478515625,-0.004798513371497393,0.0055672419257462025,0.006575719453394413,-0.04205188527703285
3.75,39,0.0383356511592865,0.02171521820127964,9.820815086364746,172.45518493652344,-6.058328151702881,190.2390594482422,-0.00014450190064962953,0.007461490109562874,0.00976824015378952,-0.03838798776268959
3.759999990463257,39,0.0370786115527153,0.016076283529400826,9.8220796585083,159.52151489257812,-5.853731632232666,171.18968200683594,0.002507745521143079,0.0017814402235671878,0.00942622683942318,-0.034772101789712906
3.7699999809265137,38,0.04778720811009407,0.015038683079183102,9.81130313873291,147.87783813476562,-5.59840726852417,153.3832550048828,0.0018599573522806168,-0.004419715143740177,0.008306748233735561,-0.03167975693941116
3.7799999713897705,38,0.03264131769537926,0.02877136506140232,9.814545631408691,137.8023223876953,-5.509373188018799,136.61392211914062,-0.0026281389873474836,-0.0034221275709569454,0.009387293830513954,-0.02906268835067749
3.7899999618530273,51,0.01978706568479538,0.03606447950005531,9.820089340209961,120.72150421142578,-5.940329551696777,110.3008804321289,-0.003410995239391923,-0.0027923088055104017,0.007900047115981579,-0.02639722265303135
3.799999952316284,37,0.010420086793601513,0.02366388402879238,9.813804626464844,113.37944030761719,-6.15266227722168,99.08891296386719,0.001840490847826004,-0.005042945500463247,0.0033987730275839567,-0.023547880351543427
3.809999942779541,36,0.024493146687746048,0.016932131722569466,9.813607215881348,110.57807922363281,-5.9216179847717285,94.0661849975586,0.0007910921121947467,-0.004693145863711834,0.00409837206825614,-0.023353276774287224
3.819999933242798,36,0.030975304543972015,0.02341311052441597,9.811957359313965,103.07975769042969,-5.360215663909912,80.87226104736328,-0.0012678737984970212,-0.004102260340005159,0.004421217832714319,-0.021357178688049316
3.8299999237060547,36,0.03609035909175873,0.02318764477968216,9.810393333435059,95.94293212890625,-5.182147026062012,69.87779235839844,-0.00027777321520261467,-0.005265763029456139,0.0012775140348821878,-0.02026144228875637
3.8399999141693115,35,0.028841232880949974,0.014953558333218098,9.813820838928223,89.37732696533203,-5.246366500854492,58.581119537353516,-0.0034978457260876894,-0.006588592194020748,0.008466075174510479,-0.018691202625632286
3.8499999046325684,34,0.028080057352781296,0.022502046078443527,9.81873893737793,83.64983367919922,-4.914535999298096,48.60337829589844,0.0020321619231253862,-0.00853225588798523,0.009150400757789612,-0.017170121893286705
3.859999895095825,34,0.032968033105134964,0.019455963745713234,9.802245140075684,78.2972183227539,-4.49878454208374,38.880741119384766,0.004068066831678152,-0.0061729056760668755,0.004690455738455057,-0.016123294830322266
3.869999885559082,34,0.03785600885748863,0.016932131722569466,9.803130149841309,73.03346252441406,-4.250527381896973,29.298337936401367,-0.00407645246013999,-0.002682397374883294,0.007017461583018303,-0.015076465904712677
3.880000114440918,34,0.050119396299123764,0.013270620256662369,9.827813148498535,68.10065460205078,-4.0724592208862305,22.079750061035156,-0.0042944783344864845,-0.002588957780972123,0.010476823896169662,-0.013980094343423843
3.890000104904175,35,0.049749813973903656,0.015880726277828217,9.808156967163086,63.887725830078125,-3.719909429550171,15.187615394592285,-0.0010878825560212135,-0.004726688377559185,0.007554140407592058,-0.012558870017528534
3.9000000953674316,36,0.041032787412405014,0.013130279257893562,9.812257766723633,60.1606559753418,-3.9631874561309814,8.800639152526855,-0.00262424536049366,-0.006048319861292839,0.008085128851234913,-0.012409469112753868
3.9100000858306885,37,0.04685572534799576,0.012149045243859291,9.77992057800293,56.53806686401367,-4.086619853973389,2.0655722618103027,0.001641931594349444,-0.005328055936843157,0.012074281461536884,-0.010939083062112331
3.9200000762939453,38,0.04869088903069496,0.02791781723499298,9.799579620361328,52.954254150390625,-3.984522581100464,-4.142233371734619,0.0013107000850141048,-0.005042945500463247,0.008822762407362461,-0.010415668599307537
3.930000066757202,40,0.044649820774793625,0.023256665095686913,9.793344497680664,49.60127258300781,-4.092295169830322,-7.90639066696167,0.0022432992700487375,-0.005042945500463247,0.006264853291213512,-0.009942438453435898
3.940000057220459,40,0.02742662839591503,0.02171521820127964,9.799277305603027,46.34772491455078,-4.537466049194336,-13.459150314331055,-0.002192386658862233,-0.00654576625674963,0.009609811939299107,-0.009841816499829292
3.950000047683716,42,0.020421957597136497,0.005104402545839548,9.825952529907227,43.43875503540039,-4.836477279663086,-18.738447189331055,-0.002081876387819648,-0.010248609818518162,0.010611891746520996,-0.008845426142215729
3.9600000381469727,42,0.01978706568479538,-0.0016400031745433807,9.786983489990234,40.85228729248047,-4.684053897857666,-23.43475341796875,-0.0012597874738276005,-0.00928276777267456,0.010782599449157715,-0.008372579701244831
3.9700000286102295,43,0.01978706568479538,0.014971963129937649,9.820467948913574,38.438358306884766,-4.4614949226379395,-27.131227493286133,-0.003628421574831009,-0.005148065276443958,0.01086585596203804,-0.008321885019540787
3.9800000190734863,44,0.006603781133890152,0.021295346319675446,9.816092491149902,35.93232727050781,-4.695377349853516,-30.033588409423828,-0.0028021400794386864,-0.005805735941976309,0.009036296047270298,-0.007849293760955334
3.990000009536743,52,0.03212575614452362,0.012848448008298874,9.79726791381836,32.78372573852539,-5.3186163902282715,-35.36423873901367,-0.000613496929872781,-0.0065541514195501804,0.008740703575313091,-0.007747394498437643
4,46,0.03423897549510002,0.012149045243859291,9.795849800109863,32.4486083984375,-5.384950160980225,-35.931602478027344,-0.000613496929872781,-0.002588957780972123,0.009533742442727089,-0.006802720949053764
4.010000228881836,46,0.020419640466570854,0.012149045243859291,9.805121421813965,31.19844627380371,-5.32603120803833,-37.25444793701172,-0.0018413892248645425,-0.0035098770167678595,0.008305850438773632,-0.006802720949053764
4.019999980926514,46,0.03381841629743576,0.012149045243859291,9.81025218963623,29.534908294677734,-5.734635353088379,-39.30118942260742,-0.004060579929500818,-0.005296010989695787,0.004382284823805094,-0.006751388777047396
4.03000020980835,47,0.02474571391940117,0.026291243731975555,9.810394287109375,28.170516967773438,-6.573713779449463,-41.41123580932617,0.0007605445571243763,-0.001541954930871725,0.002858799882233143,-0.006330895237624645
4.039999961853027,48,0.03416714817285538,0.02642698399722576,9.81495189666748,26.806123733520508,-6.48468017578125,-43.52128601074219,-0.0052884723991155624,-0.0021229577250778675,-0.0001657085813349113,-0.006699544843286276
4.050000190734863,48,0.030134188011288643,0.021149255335330963,9.7965669631958,25.44173240661621,-6.739789962768555,-46.48986053466797,-0.0029614665545523167,0.00210698158480227,0.0012628393014892936,-0.005756148602813482
4.059999942779541,48,0.052868664264678955,0.0034295169170945883,9.819445610046387,24.07733917236328,-6.941495418548584,-48.835777282714844,-0.0006344608846120536,-0.0025470296386629343,0.008243856020271778,-0.005756148602813482
4.070000171661377,48,0.03962397575378418,0.020587891340255737,9.807259559631348,23.13503074645996,-7.298595905303955,-50.49919891357422,0.0005395238986238837,-0.004894999321550131,0.00945976935327053,-0.005756148602813482
4.079999923706055,48,0.04904541000723839,0.0046948837116360664,9.831779479980469,22.43967628479004,-7.615729808807373,-52.14198684692383,-0.00265509239397943,0.00040470348903909326,0.00735468277707696,-0.005704049952328205
4.090000152587891,48,0.05138222873210907,0.030014876276254654,9.796706199645996,21.313905715942383,-7.372987270355225,-54.85325622558594,-0.0020414458122104406,-0.0009600538178347051,0.008105793036520481,-0.005232862196862698
4.099999904632568,48,0.029917536303400993,0.016932131722569466,9.805545806884766,20.894092559814453,-7.729124069213867,-55.963809967041016,-0.0008779429481364787,-0.006174703128635883,0.002531461650505662,-0.005232862196862698
4.110000133514404,48,0.03367244079709053,0.016932131722569466,9.804975509643555,19.965923309326172,-8.085260391235352,-57.4329719543457,-0.0033106671180576086,-0.0039007060695439577,0.004541012458503246,-0.005232862196862698
4.119999885559082,48,0.028784463182091713,0.017564814537763596,9.801338195800781,18.795597076416016,-8.3389253616333,-58.6682014465332,-0.0026233470998704433,-0.0009178263135254383,0.003346063429489732,-0.005232862196862698
4.130000114440918,48,0.02248072437942028,0.02171521820127964,9.805545806884766,17.860767364501953,-8.486396789550781,-59.78219223022461,-0.003384640207514167,-0.0024511944502592087,0.0013997043715789914,-0.005232862196862698
4.139999866485596,48,0.010931012220680714,0.022488242015242577,9.807112693786621,17.522430419921875,-8.585389137268066,-61.10243225097656,-0.0007515598554164171,-0.003107368014752865,0.0009447852498851717,-0.005232862196862698
4.150000095367432,48,0.01836666837334633,0.026498304679989815,9.813532829284668,16.997663497924805,-8.763457298278809,-62.324039459228516,-0.0007398799061775208,-0.0006536796572618186,0.002234970685094595,-0.005232862196862698
4.159999847412109,48,0.03423897549510002,0.026498304679989815,9.804619789123535,16.288171768188477,-8.94152545928955,-63.350181579589844,-0.0030674845911562443,-0.0018159844912588596,0.0022355697583407164,-0.005232862196862698
4.170000076293945,48,0.033248405903577805,0.02256416529417038,9.803688049316406,15.825634002685547,-9.4658784866333,-64.34967803955078,-0.005658037960529327,-0.0055610560812056065,0.001981006469577551,-0.005232862196862698
4.179999828338623,48,0.029421672224998474,0.014741896651685238,9.815241813659668,15.554478645324707,-9.659098625183105,-66.13534545898438,-0.008747834712266922,-0.0035422213841229677,0.0033987730275839567,-0.00512611074373126
4.190000057220459,47,0.03168550133705139,0.03635206073522568,9.814102172851562,15.325197219848633,-9.256383895874023,-68.20272064208984,-0.0044553023763000965,-0.0008636193233542144,0.0037899017333984375,-0.0042932964861392975
4.199999809265137,47,0.042664043605327606,0.022909263148903847,9.809183120727539,15.010337829589844,-9.434452056884766,-66.64794921875,0.0020845718681812286,-0.004715308081358671,0.005608679726719856,-0.005179231055080891
4.210000038146973,46,0.04841515049338341,0.023969871923327446,9.8068265914917,14.495479583740234,-9.697352409362793,-68.90243530273438,-0.0011417900677770376,-0.003023511962965131,0.008835041895508766,-0.0047095762565732
4.21999979019165,46,0.038270775228738785,0.018266519531607628,9.809041023254395,14.349061965942383,-9.836069107055664,-70.46489715576172,-0.0028668290469795465,0.00006568549724761397,0.009757459163665771,-0.0047095762565732
4.230000019073486,46,0.05152009800076485,0.02171521820127964,9.808392524719238,14.195040702819824,-9.837996482849121,-71.08892822265625,-0.0021148198284208775,0.0005433655460365117,0.005037260707467794,-0.0047095762565732
4.239999771118164,45,0.0523843839764595,0.02171521820127964,9.809263229370117,13.90719223022461,-9.817706108093262,-71.1460952758789,-0.004147131461650133,-0.003815951757133007,0.008527768775820732,-0.0047095762565732
4.25,45,0.037500329315662384,0.017080524936318398,9.803678512573242,13.699967384338379,-9.995774269104004,-71.3965835571289,-0.001820125849917531,-0.0038464993704110384,0.01194700039923191,-0.004763845819979906
4.260000228881836,44,0.03586559742689133,0.007365958299487829,9.815178871154785,13.595014572143555,-10.173842430114746,-72.729248046875,0.0005068798782303929,-0.007337008137255907,0.007292988710105419,-0.005178465042263269
4.269999980926514,43,0.040753573179244995,0.010736435651779175,9.805545806884766,13.406754493713379,-10.281240463256836,-73.3567123413086,0.0017236913554370403,-0.0019459613831713796,0.00818994827568531,-0.0047095762565732
4.28000020980835,43,0.04210561513900757,0.016932131722569466,9.805545806884766,13.373779296875,-10.320242881774902,-73.738525390625,-0.0023463224060833454,-0.001361963921226561,0.007260045036673546,-0.0047095762565732
4.289999961853027,42,0.042733557522296906,0.022408869117498398,9.81109619140625,13.236198425292969,-10.320242881774902,-74.14501190185547,-0.0030674845911562443,-0.0033283887896686792,0.010029392316937447,-0.0047095762565732
4.300000190734863,42,0.029597774147987366,0.02938564121723175,9.816246032714844,12.678709030151367,-10.337749481201172,-74.78763580322266,-0.003987205680459738,-0.005655394401401281,0.008001572452485561,-0.0047095762565732
4.309999942779541,42,0.004477818496525288,0.02256646566092968,9.812386512756348,12.783661842346191,-10.515817642211914,-76.23135375976562,-0.000013327030501386616,-0.005413709208369255,0.008792215026915073,-0.0047095762565732
4.320000171661377,41,0.01630442589521408,0.01896822266280651,9.813178062438965,12.252016067504883,-10.462440490722656,-76.13539123535156,0.0002550123317632824,-0.006628424394875765,0.00557004613801837,-0.0047095762565732
4.329999923706055,41,0.024604368954896927,0.02171521820127964,9.808259010314941,12.155204772949219,-10.429916381835938,-76.1546630859375,0.001574247726239264,-0.005309188738465309,0.0070450142957270145,-0.0047095762565732
4.340000152587891,40,0.02679636888206005,0.023891648277640343,9.809957504272461,12.322826385498047,-10.609269142150879,-76.33202362060547,0.005064756143838167,-0.0031501944176852703,0.007536470890045166,-0.0047095762565732
4.349999904632568,40,0.03847236558794975,0.022005101665854454,9.81296443939209,12.338005065917969,-10.932586669921875,-76.46207427978516,0.0025326029863208532,-0.0007821590988896787,0.007659559603780508,-0.004654029384255409
4.360000133514404,40,0.04402419552206993,0.019248902797698975,9.81509017944336,11.918191909790039,-10.665484428405762,-76.68418884277344,-0.0023792660795152187,-0.001063077012076974,0.008994966745376587,-0.004241964314132929
4.369999885559082,40,0.03905627876520157,0.016941335052251816,9.800734519958496,11.695537567138672,-10.565635681152344,-76.90629577636719,-0.0025922004133462906,-0.002390099223703146,0.00973260123282671,-0.0047095762565732
4.380000114440918,39,0.04153096675872803,0.014606157317757607,9.793758392333984,11.485630989074707,-10.476601600646973,-77.2855453491211,-0.0014286976074799895,-0.0017821426736190915,0.011987730860710144,-0.0047095762565732
4.389999866485596,49,0.043873582035303116,0.016932131722569466,9.805545806884766,11.275724411010742,-10.6416597366333,-78.04669952392578,-0.00026519480161368847,-0.00295313261449337,0.010594521649181843,-0.004653518553823233
4.400000095367432,40,0.043873582035303116,0.016932131722569466,9.808177947998047,11.117000579833984,-10.97828197479248,-78.88645935058594,0.000613496929872781,0.002319017658010125,0.007079754490405321,-0.0041862898506224155
4.409999847412109,40,0.043873582035303116,0.022267378866672516,9.81309700012207,11.119524955749512,-10.979352951049805,-78.8837890625,0.00017085672880057245,0.001655057305470109,0.007522394880652428,-0.0042426022700965405
4.420000076293945,40,0.04663096368312836,0.01828492432832718,9.81801700592041,11.329431533813477,-11.068387031555176,-78.66167449951172,-0.0012091745156794786,-0.0012041347799822688,0.009375913068652153,-0.004653136245906353
4.429999828338623,50,0.03737867996096611,0.014957008883357048,9.814396858215332,11.375565528869629,-11.087955474853516,-78.7861557006836,0.0025014562997967005,-0.00041798429447226226,0.007835057564079762,-0.004242857918143272
4.440000057220459,41,0.03521911799907684,0.01117586251348257,9.807476043701172,11.375565528869629,-10.892647743225098,-79.00826263427734,-0.004325325600802898,-0.003785104723647237,0.0022643201518803835,-0.0047095762565732
4.449999809265137,41,0.03311748802661896,0.013262568041682243,9.817499160766602,11.442021369934082,-10.762014389038086,-79.54681396484375,-0.005488828755915165,-0.002621601801365614,0.005754828918725252,-0.004652753006666899
4.460000038146973,50,0.026381604373455048,0.016932131722569466,9.809639930725098,11.589637756347656,-11.080406188964844,-80.60835266113281,-0.0032597545068711042,-0.007112393621355295,0.0024601840414106846,-0.004243241157382727
4.46999979019165,42,0.018382888287305832,0.013843486085534096,9.806958198547363,11.064870834350586,-10.991372108459473,-79.94202423095703,-0.007336955983191729,-0.004294829908758402,0.005373882595449686,-0.004652497358620167
4.480000019073486,42,0.027695413678884506,0.018466675654053688,9.797586441040039,10.808671951293945,-10.750450134277344,-80.60187530517578,-0.003959952853620052,-0.0028120747301727533,0.001837253337725997,-0.0041862898506224155
4.489999771118164,42,0.03749106079339981,0.0023413009475916624,9.79427433013916,10.92473316192627,-10.759872436523438,-81.697265625,-0.006829028017818928,-0.003529343754053116,0.0037659427616745234,-0.0041862898506224155
4.5,42,0.03905627876520157,0.009512480348348618,9.80588150024414,11.035271644592285,-10.833942413330078,-82.14055633544922,-0.005344775505363941,-0.0064466362819075584,0.005502661690115929,-0.004243751987814903
4.510000228881836,42,0.025482559576630592,0.02030145935714245,9.793318748474121,10.874970436096191,-10.801016807556152,-81.69559478759766,-0.005107882432639599,-0.005870125722140074,0.0034125493839383125,-0.00465198652818799
4.519999980926514,43,0.030179372057318687,0.01827572099864483,9.800098419189453,10.979923248291016,-11.068120002746582,-83.02825927734375,-0.003271734109148383,-0.0027932070661336184,0.0029216918628662825,-0.0041862898506224155
4.53000020980835,43,0.03423897549510002,0.020441798493266106,9.798431396484375,10.404763221740723,-10.428577423095703,-82.40757751464844,-0.001840490847826004,-0.0006755421636626124,0.0068308818154037,-0.0041862898506224155
4.539999961853027,43,0.030633527785539627,0.014555542729794979,9.806735038757324,10.503342628479004,-10.272353172302246,-82.40083312988281,-0.0012175600277259946,-0.002626693109050393,0.009533742442727089,-0.00424426281824708
4.550000190734863,43,0.036773908883333206,0.015799053013324738,9.810393333435059,10.63215160369873,-10.44367504119873,-82.63135528564453,-0.0011729367543011904,-0.003364626318216324,0.006177104078233242,-0.004651475697755814
4.559999942779541,43,0.04654986411333084,0.03925320506095886,9.810393333435059,10.543102264404297,-10.649262428283691,-82.84471893310547,-0.0008485934231430292,-0.001361963921226561,0.00564342038705945,-0.0042445180006325245
4.570000171661377,43,0.044873423874378204,0.022888557985424995,9.810393333435059,10.857962608337402,-10.649262428283691,-83.39999389648438,0.000613496929872781,-0.0017944215796887875,0.010328278876841068,-0.004651220515370369
4.579999923706055,44,0.043873582035303116,0.020792650058865547,9.814306259155273,10.124866485595703,-10.915963172912598,-82.6246109008789,0.0024583302438259125,-0.002588957780972123,0.010271675884723663,-0.0041862898506224155
4.590000152587891,44,0.03991477191448212,0.02957659773528576,9.79930591583252,10.355789184570312,-10.84175968170166,-83.1243896484375,0.005221087951213121,-0.002283482113853097,0.010154876857995987,-0.0041862898506224155
4.599999904632568,44,0.022938355803489685,0.0272805318236351,9.803959846496582,10.656007766723633,-10.711313247680664,-83.4188232421875,0.00012952765973750502,-0.001361963921226561,0.004625767003744841,-0.0041862898506224155
4.610000133514404,44,0.032087523490190506,0.014285214245319366,9.801419258117676,10.633728981018066,-10.67624568939209,-83.43231201171875,-0.001840490847826004,-0.0015404574805870652,0.005339741241186857,-0.0041862898506224155
4.619999885559082,44,0.03006814979016781,0.0038666436448693275,9.792302131652832,10.31139087677002,-10.803345680236816,-83.9480209350586,-0.001955493353307247,-0.0023589525371789932,0.008728723973035812,-0.0041862898506224155
4.630000114440918,45,0.03790466859936714,0.015216984786093235,9.808075904846191,9.89157772064209,-11.426584243774414,-83.9480209350586,-0.0029129497706890106,-0.00013497007603291422,0.0012538547161966562,-0.0041862898506224155
4.639999866485596,45,0.0218075979501009,0.004087507724761963,9.80605411529541,9.736072540283203,-11.451908111572266,-83.388671875,0.0005775585887022316,-0.00013497007603291422,0.008234871551394463,-0.0041862898506224155
4.650000095367432,45,0.046084124594926834,0.0069345831871032715,9.801135063171387,10.013760566711426,-11.0382719039917,-83.46463775634766,0.000613496929872781,-0.0035895404871553183,0.004852178506553173,-0.0041862898506224155
4.659999847412109,45,0.03978385776281357,0.025053486227989197,9.791733741760254,10.420194625854492,-10.74964714050293,-84.31207275390625,-0.0026506001595407724,-0.009256113320589066,0.005713799502700567,-0.0041862898506224155
4.670000076293945,45,0.03905627876520157,0.026498304679989815,9.8001070022583,10.554525375366211,-10.95263671875,-85.40483093261719,-0.0030674845911562443,-0.0017545899609103799,0.010975467972457409,-0.004245922435075045
4.679999828338623,45,0.03905627876520157,0.008249414153397083,9.82381820678711,10.239665031433105,-10.774569511413574,-85.07166290283203,-0.001145383925177157,-0.0030181212350726128,0.009104578755795956,-0.0047095762565732
4.690000057220459,45,0.04838734492659569,0.011998351663351059,9.815546989440918,10.21202278137207,-10.677718162536621,-84.63719177246094,0.002079180907458067,-0.003815951757133007,0.004716511350125074,-0.0047095762565732
4.699999809265137,45,0.025009866803884506,0.021554172039031982,9.82000732421875,10.283432960510254,-10.770419120788574,-84.6463394165039,0.0030674845911562443,-0.003815951757133007,0.0050669098272919655,-0.004649560432881117
4.710000038146973,45,0.038844261318445206,0.031440138816833496,9.79602336883545,10.200063705444336,-11.068306922912598,-85.46626281738281,0.0007557527860626578,-0.0015042198356240988,-0.0003118576714769006,-0.0041862898506224155
4.71999979019165,45,0.02499712072312832,0.044980715960264206,9.805545806884766,9.97620964050293,-11.28187084197998,-86.58769989013672,-0.0027347556315362453,-0.0029633152298629284,0.0024005866143852472,-0.0041862898506224155
4.730000019073486,45,0.03865309804677963,0.020914586260914803,9.805343627929688,10.08116340637207,-10.658631324768066,-86.14347839355469,-0.0017200972652062774,-0.0018249691929668188,0.003218183061107993,-0.004246688447892666
4.739999771118164,45,0.030238458886742592,0.0036641848273575306,9.80124568939209,9.669239044189453,-11.175436973571777,-84.38663482666016,0.000613496929872781,-0.0012283931719139218,0.0020382083021104336,-0.0047095762565732
4.75,45,0.043187711387872696,0.020693721249699593,9.810393333435059,9.565610885620117,-10.904961585998535,-85.28629302978516,-0.003002795623615384,-0.006399017758667469,0.0030759272631257772,-0.004648922011256218
4.760000228881836,45,0.03382537141442299,0.007365958299487829,9.809977531433105,9.784479141235352,-10.742097854614258,-85.67361450195312,-0.006162971258163452,-0.010857164859771729,0.002304151887074113,-0.00424707168713212
4.769999980926514,45,0.027484556660056114,0.008808476850390434,9.805058479309082,10.052352905273438,-10.765494346618652,-85.13887786865234,-0.002288222312927246,-0.01045675203204155,0.0034568733535706997,-0.004587757401168346
4.78000020980835,45,0.011262360960245132,0.02061319909989834,9.803489685058594,9.947399139404297,-10.44019603729248,-85.42716979980469,-0.002244197763502598,-0.005943798925727606,0.0022493458818644285,-0.003785078413784504
4.789999961853027,45,0.02416643314063549,0.012770225293934345,9.820530891418457,9.842446327209473,-10.618264198303223,-84.98294830322266,-0.005697869695723057,-0.005042945500463247,0.006378058809787035,-0.004648411180824041
4.800000190734863,45,0.05350819230079651,0.016932131722569466,9.79450511932373,9.390762329101562,-10.796332359313965,-86.00628662109375,-0.0024379652459174395,-0.004644629079848528,0.006912641227245331,-0.004247582517564297
4.809999942779541,45,0.051974255591630936,0.0176936537027359,9.812925338745117,9.177762985229492,-10.7628173828125,-86.28328704833984,-0.00470746960490942,-0.0028602920938283205,0.00012479278666432947,-0.004648155998438597
4.820000171661377,45,0.041360657662153244,0.01755676232278347,9.800697326660156,9.177762985229492,-10.778289794921875,-85.95977020263672,0.001840490847826004,-0.005403826013207436,0.0036153013352304697,-0.00412474200129509
4.829999923706055,45,0.030329985544085503,0.0005053689237684011,9.80344009399414,9.136677742004395,-11.064720153808594,-86.03710174560547,0.0018491758964955807,-0.011143174953758717,0.007088439539074898,-0.0037246793508529663
4.840000152587891,45,0.03717593476176262,0.015065140090882778,9.813271522521973,8.821817398071289,-10.886651039123535,-87.36975860595703,0.00301267858594656,-0.006489162798970938,0.008251942694187164,-0.0041862898506224155
4.849999904632568,45,0.0507902055978775,0.025456102564930916,9.804489135742188,8.789915084838867,-11.028635025024414,-86.6065673828125,0.0019587876740843058,-0.002943848492577672,0.0071980515494942665,-0.0041862898506224155
4.860000133514404,45,0.057205162942409515,0.019490472972393036,9.799570083618164,8.649935722351074,-11.147329330444336,-86.27360534667969,-0.0023403328377753496,-0.0015437519177794456,0.006034548860043287,-0.004248348996043205
4.869999885559082,45,0.04517117515206337,0.01096650306135416,9.799445152282715,8.66833209991455,-11.197628021240234,-86.22528839111328,-0.0011040548561140895,-0.0003802490246016532,0.0038893308956176043,-0.004647389519959688
4.880000114440918,45,0.027357114478945732,0.007365958299487829,9.807853698730469,8.855203628540039,-11.161436080932617,-86.069091796875,-0.000613496929872781,0.0007832538103684783,0.004316996783018112,-0.0041862898506224155
4.889999866485596,45,0.04336149990558624,0.007365958299487829,9.799356460571289,8.540343284606934,-10.983367919921875,-85.73592376708984,-0.0023229627404361963,0.00023729095119051635,0.004625767003744841,-0.0041862898506224155
4.900000095367432,45,0.026615632697939873,0.008759012445807457,9.801497459411621,8.429394721984863,-10.718809127807617,-86.15794372558594,-0.001485000946559012,-0.0017174537060782313,0.0038345251232385635,-0.0041862898506224155
4.909999847412109,45,0.022734448313713074,0.012149045243859291,9.80486011505127,8.24681568145752,-10.846818923950195,-85.9450454711914,-0.001341247814707458,-0.001861206954345107,0.008493029512465,-0.0041862898506224155
4.920000076293945,45,0.02478858083486557,0.015215834602713585,9.787522315979004,8.409988403320312,-10.752216339111328,-86.00838470458984,0.00015228860138449818,-0.0053475224412977695,0.009994951076805592,-0.0041862898506224155
4.929999828338623,45,0.01819983497262001,0.01850808970630169,9.802322387695312,8.905786514282227,-10.528212547302246,-86.19583892822266,0.002441259566694498,-0.00752238929271698,0.008306748233735561,-0.004249242600053549
4.940000057220459,45,0.029661495238542557,0.013822780922055244,9.808938980102539,9.283851623535156,-10.864673614501953,-85.48716735839844,0.0009183735237456858,-0.0062699392437934875,0.009918581694364548,-0.004646495915949345
4.949999809265137,45,0.04432542249560356,0.02216384932398796,9.80463695526123,8.759085655212402,-10.775639533996582,-86.26455688476562,-0.0013667040038853884,-0.0053223660215735435,0.008671223185956478,-0.0042494977824389935
4.960000038146973,45,0.04437292367219925,0.027653241530060768,9.79902458190918,8.745895385742188,-10.831265449523926,-85.5082015991211,-0.0010237926617264748,-0.003815951757133007,0.002578181680291891,-0.0047095762565732
4.96999979019165,45,0.03131939843297005,0.025483710691332817,9.821999549865723,8.607114791870117,-10.920299530029297,-85.55821990966797,-0.0025341000873595476,-0.003815951757133007,0.004066028166562319,-0.00464611267670989
4.980000019073486,45,0.02833378128707409,0.021509310230612755,9.81701374053955,8.438672065734863,-10.947229385375977,-85.90441131591797,-0.004011164885014296,-0.0026826970279216766,0.010854476131498814,-0.0041862898506224155
4.989999771118164,45,0.03202148899435997,-0.0007323896861635149,9.805545806884766,8.519075393676758,-10.858195304870605,-85.40692901611328,-0.0028476619627326727,0.001092023798264563,0.00839869026094675,-0.0041862898506224155
5,45,0.05502011626958847,-0.003387359669432044,9.805545806884766,8.414122581481934,-10.769161224365234,-86.18431854248047,-0.0012151642004027963,0.0007793604745529592,0.013191064819693565,-0.00425013666972518
5.010000228881836,45,0.0631427988409996,0.009530886076390743,9.809934616088867,8.402068138122559,-10.601318359375,-86.8634033203125,0.0029746440704911947,-0.0012691232841461897,0.004440085496753454,-0.004645601846277714
5.019999980926514,45,0.058640625327825546,0.01661924086511135,9.810710906982422,8.676347732543945,-10.772266387939453,-86.51394653320312,0.0018111412646248937,-0.00022301894205156714,0.002377226483076811,-0.0041862898506224155
5.03000020980835,45,0.04422115162014961,0.01479941327124834,9.803208351135254,8.874957084655762,-10.97828197479248,-85.81275939941406,0.0006476382841356099,-0.0037135276943445206,0.010521747171878815,-0.0041862898506224155
5.039999961853027,45,0.02945411205291748,0.009741396643221378,9.803105354309082,8.869561195373535,-10.89382553100586,-85.4317398071289,0.000613496929872781,-0.003815951757133007,0.013019459322094917,-0.0041862898506224155
5.050000190734863,45,0.022141264751553535,0.007257827091962099,9.800588607788086,9.289374351501465,-10.448655128479004,-85.32068634033203,0.0038111081812530756,-0.0006183403893373907,0.008951242081820965,-0.0041862898506224155
5.059999942779541,45,0.017253288999199867,0.007614430505782366,9.800950050354004,8.804368019104004,-10.600488662719727,-86.48619842529297,0.003292099107056856,-0.002139728982001543,0.006301989778876305,-0.0041862898506224155
5.070000171661377,45,0.0201786607503891,0.014734994620084763,9.80816650390625,9.041664123535156,-10.261377334594727,-85.53060913085938,-0.002565845614299178,-0.007283399812877178,0.009608314372599125,-0.0041862898506224155
5.079999923706055,44,0.02727949060499668,0.022244371473789215,9.813085556030273,9.358922004699707,-10.211265563964844,-84.79669952392578,-0.0016682862769812346,-0.005222337786108255,0.009885339066386223,-0.0041862898506224155
5.090000152587891,44,0.03765905275940895,0.03195088729262352,9.809715270996094,9.381232261657715,-10.446111679077148,-85.2173080444336,-0.0014254034031182528,-0.006251670885831118,0.008721835911273956,-0.0041862898506224155
5.099999904632568,44,0.04950651526451111,0.03606447950005531,9.814048767089844,9.177762985229492,-10.111818313598633,-85.84617614746094,-0.0040857368148863316,-0.00974217988550663,0.009803579188883305,-0.0041862898506224155
5.110000133514404,44,0.05062105506658554,0.024597954005002975,9.817184448242188,9.177762985229492,-10.467954635620117,-85.29090118408203,-0.002781775314360857,-0.007068369071930647,0.008021038956940174,-0.0041862898506224155
5.119999885559082,43,0.03094402514398098,0.011058528907597065,9.812264442443848,9.596977233886719,-10.752965927124023,-85.26792907714844,-0.002477796748280525,-0.0031945183873176575,0.002124160761013627,-0.004120911005884409
5.130000114440918,43,0.02887251414358616,0.01638687402009964,9.795154571533203,9.586121559143066,-10.717148780822754,-85.44195556640625,-0.003178593935444951,-0.0031469000969082117,0.003512278199195862,-0.003728510346263647
5.139999866485596,43,0.03423897549510002,0.01863807626068592,9.798629760742188,9.377413749694824,-10.599284172058105,-85.06838989257812,-0.0013460395857691765,-0.004310403019189835,0.010522644966840744,-0.0041862898506224155
5.150000095367432,43,0.04691828787326813,0.016932131722569466,9.799165725708008,9.61988639831543,-10.758935928344727,-83.75482940673828,-0.00018253667803946882,-0.005042945500463247,0.011125810444355011,-0.0041862898506224155
5.159999847412109,42,0.037305694073438644,0.007279682904481888,9.799110412597656,10.144652366638184,-10.758935928344727,-84.53221893310547,-0.00012144154607085511,-0.005410414654761553,0.008798804134130478,-0.004120400175452232
5.170000076293945,42,0.03273284435272217,0.0058705247938632965,9.81735897064209,9.84610652923584,-10.758935928344727,-85.11600494384766,-0.001840490847826004,-0.005358004476875067,0.007079754490405321,-0.00372902094386518
5.179999828338623,42,0.044384509325027466,0.004008134827017784,9.821534156799316,9.627742767333984,-10.64500617980957,-85.3870620727539,-0.0013595164055004716,-0.002588957780972123,0.006358292885124683,-0.0041862898506224155
5.190000057220459,42,0.04523836821317673,0.006010865326970816,9.816615104675293,9.608431816101074,-10.539588928222656,-85.22625732421875,0.000613496929872781,-0.0018809729954227805,0.003575769253075123,-0.0041862898506224155
5.199999809265137,42,0.05091996118426323,0.017860449850559235,9.81169605255127,9.694892883300781,-10.555275917053223,-84.76881408691406,-0.0004080495273228735,0.0018649969715625048,0.00439875666052103,-0.004119889345020056
5.210000038146973,42,0.03194502368569374,0.011010214686393738,9.817626953125,9.694892883300781,-10.644309997558594,-84.76881408691406,-0.010329418815672398,-0.0026389718987047672,0.002371835755184293,-0.0037295317742973566
5.21999979019165,41,0.03926250338554382,0.014642967842519283,9.801650047302246,10.190470695495605,-10.817425727844238,-83.61515808105469,-0.00800241343677044,-0.00380247482098639,0.007025847211480141,-0.0041862898506224155
5.230000019073486,40,0.036403171718120575,0.02064080722630024,9.803367614746094,10.191733360290527,-10.487951278686523,-83.02662658691406,-0.0010753043461591005,-0.004965977743268013,0.007079754490405321,-0.0041862898506224155
5.239999771118164,40,0.041850730776786804,0.025494063273072243,9.805545806884766,9.981826782226562,-10.338980674743652,-82.53328704833984,-0.00278656673617661,-0.005042945500463247,0.0038201496936380863,-0.0041193789802491665
5.25,40,0.03224392980337143,0.022649290040135384,9.786039352416992,9.876431465148926,-10.47309398651123,-82.17107391357422,-0.0030674845911562443,0.0010953183518722653,0.006467904895544052,-0.003730042604729533
5.260000228881836,40,0.03336889669299126,0.01779603213071823,9.789250373840332,10.080942153930664,-10.205991744995117,-82.71873474121094,-0.004986590705811977,0.00039991180528886616,0.010917967185378075,-0.0041862898506224155
5.269999980926514,40,0.02218529023230076,0.02491084486246109,9.803132057189941,9.975988388061523,-9.938889503479004,-82.82978820800781,-0.0019372248789295554,-0.0010310319485142827,0.011987730860710144,-0.004118995741009712
5.28000020980835,39,0.02796420082449913,0.018379250541329384,9.805545806884766,10.200726509094238,-10.161233901977539,-81.54541015625,-0.00311120948754251,0.00030317786149680614,0.00782487541437149,-0.003730425611138344
5.289999961853027,49,0.02110319212079048,0.004543039482086897,9.809731483459473,9.992744445800781,-10.369524955749512,-81.3548812866211,-0.0012181588681414723,-0.0050606150180101395,0.004314600955694914,-0.0041862898506224155
5.300000190734863,40,0.01978706568479538,0.0025828713551163673,9.810393333435059,9.734432220458984,-10.458559036254883,-81.78274536132812,0.000613496929872781,-0.008723926730453968,0.0033987730275839567,-0.0041862898506224155
5.309999942779541,40,0.036989402025938034,-0.0016871668631210923,9.810393333435059,10.21202278137207,-10.539588928222656,-81.07524108886719,-0.0025969925336539745,-0.007439731154590845,0.005967163946479559,-0.0041862898506224155
5.320000171661377,40,0.04342753440141678,0.01950082555413246,9.81479263305664,10.21202278137207,-10.539588928222656,-81.07524108886719,-0.004364258609712124,-0.005112725775688887,0.0071495347656309605,-0.0041862898506224155
5.329999923706055,41,0.048315513879060745,0.017304839566349983,9.810770988464355,10.482200622558594,-10.845185279846191,-80.97994995117188,-0.004612831864506006,-0.0022706042509526014,0.006367876660078764,-0.0041862898506224155
5.340000152587891,42,0.04417828470468521,0.012451582588255405,9.801310539245605,10.402680397033691,-10.587961196899414,-80.24293518066406,-0.004038717597723007,0.0012199042830616236,0.007983003742992878,-0.0041862898506224155
5.349999904632568,42,0.04845685884356499,0.016699764877557755,9.800697326660156,10.294824600219727,-10.24569034576416,-79.61426544189453,0.0010016306769102812,0.0012172089191153646,0.008369341492652893,-0.0041862898506224155
5.360000133514404,43,0.03007510118186474,0.007690352387726307,9.800697326660156,10.453516006469727,-10.291278839111328,-79.544677734375,0.0008665625937283039,-0.004465237259864807,0.005203475244343281,-0.0041862898506224155
5.369999885559082,43,0.029421672224998474,0.030821260064840317,9.819716453552246,10.348563194274902,-10.113210678100586,-78.54518127441406,-0.0010570356389507651,-0.0062699392437934875,0.0044433800503611565,-0.004117718432098627
5.380000114440918,44,0.02002573013305664,0.017287584021687508,9.810388565063477,10.536696434020996,-10.349528312683105,-78.26931762695312,0.0014451694441959262,-0.0064675998874008656,0.008306748233735561,-0.0037317024543881416
5.389999866485596,45,0.03893694654107094,0.04515671357512474,9.805665969848633,10.746603012084961,-10.55439281463623,-77.5037841796875,-0.0008818363421596587,-0.007228593807667494,0.007904238998889923,-0.0041862898506224155
5.400000095367432,45,0.03404897078871727,0.026309650391340256,9.810775756835938,10.85843563079834,-10.399666786193848,-76.86750030517578,-0.0029261272866278887,-0.004901587963104248,0.004696445539593697,-0.0041862898506224155
5.409999847412109,46,0.02890031971037388,0.021197566762566566,9.819564819335938,10.85843563079834,-10.05410385131836,-76.61924743652344,-0.0006206845864653587,-0.0025961454957723618,0.005838385317474604,-0.004117208067327738
5.420000076293945,46,0.021112462505698204,0.012149045243859291,9.809392929077148,10.857678413391113,-10.320564270019531,-76.28327941894531,-0.0017841875087469816,-0.0037596484180539846,0.0035113797057420015,-0.0036630036775022745
5.429999828338623,46,0.03905627876520157,0.01254821103066206,9.795849800109863,10.647771835327148,-10.409598350524902,-75.1727294921875,-0.0007332912646234035,-0.0027087521739304066,0.0022915734443813562,-0.0036630036775022745
5.440000057220459,46,0.040474358946084976,0.01552412286400795,9.79680061340332,10.35686206817627,-10.429916381835938,-74.57644653320312,-0.000613496929872781,-0.0036326663102954626,0.00843403022736311,-0.0036630036775022745
5.449999809265137,47,0.052421461790800095,0.0036618842277675867,9.806639671325684,10.268696784973145,-10.141451835632324,-74.1322250366211,0.00036672051646746695,-0.006756604183465242,0.005612872540950775,-0.0036630036775022745
5.460000038146973,47,0.043873582035303116,0.012149045243859291,9.814005851745605,10.503026962280273,-9.799315452575684,-73.24308013916016,-0.002136682393029332,-0.00658020656555891,0.004625767003744841,-0.0036630036775022745
5.46999979019165,47,0.044558294117450714,0.01146919745951891,9.804856300354004,10.971687316894531,-9.874750137329102,-71.52476501464844,-0.0030674845911562443,-0.002003762172535062,0.009745179675519466,-0.0036630036775022745
5.480000019073486,46,0.0464247390627861,0.007365958299487829,9.80373764038086,10.761780738830566,-9.785717010498047,-71.8579330444336,0.00009149301331490278,-0.0009247144917026162,0.006459519732743502,-0.003593027824535966
5.489999771118164,46,0.03258686512708664,0.012287084944546223,9.815933227539062,11.526905059814453,-9.696682929992676,-70.59661865234375,0.0003879840951412916,-0.004266977310180664,0.0033987730275839567,-0.0031397175043821335
5.5,46,0.027294551953673363,0.03428376466035843,9.801264762878418,12.021315574645996,-9.71675968170166,-69.0418472290039,-0.0019390216330066323,-0.006932701915502548,0.004724297672510147,-0.0031397175043821335
5.510000228881836,46,0.03615408018231392,0.025537775829434395,9.819096565246582,11.951356887817383,-9.77187728881836,-67.69860076904297,-0.0030674845911562443,-0.005099847912788391,0.006452031899243593,-0.0031397175043821335
5.519999980926514,46,0.026680512353777885,0.024807313457131386,9.796894073486328,11.536150932312012,-9.758599281311035,-66.84815216064453,-0.0019959239289164543,-0.002588957780972123,0.007079754490405321,-0.0031397175043821335
5.53000020980835,45,0.033130232244729996,0.031661003828048706,9.800697326660156,11.74605655670166,-9.669565200805664,-66.84815216064453,-0.0020303649362176657,-0.003533536335453391,0.006135175935924053,-0.0031397175043821335
5.539999961853027,45,0.02706283889710903,0.01576109230518341,9.800697326660156,11.667137145996094,-9.907221794128418,-63.69009017944336,-0.0038856801111251116,-0.006678138859570026,0.00626096036285162,-0.00306897540576756
5.550000190734863,44,0.022287243977189064,0.012149045243859291,9.801955223083496,11.849968910217285,-9.686055183410645,-62.60738754272461,-0.0027221774216741323,-0.008569692261517048,0.010569664649665356,-0.0026873007882386446
5.559999942779541,43,0.028100911527872086,0.013460425660014153,9.804216384887695,12.021977424621582,-9.48325252532959,-61.80121994018555,-0.0012768582673743367,-0.005888394080102444,0.011523826979100704,-0.0031397175043821335
5.570000171661377,43,0.025995802134275436,0.015550580807030201,9.800697326660156,12.06855297088623,-9.532774925231934,-59.97505187988281,0.00017684644262772053,-0.008505601435899734,0.006726061925292015,-0.0031397175043821335
5.579999923706055,42,0.027959566563367844,0.013600765727460384,9.802168846130371,12.278459548950195,-9.443740844726562,-57.97605895996094,-0.0019953250885009766,-0.00718726497143507,0.011070405133068562,-0.003068464808166027
5.590000152587891,41,0.02766992710530758,0.013888349756598473,9.80863094329834,12.592278480529785,-9.619158744812012,-56.856693267822266,-0.0030674845911562443,-0.004768915940076113,0.012940694577991962,-0.002616431098431349
5.599999904632568,40,0.03423897549510002,0.010550081729888916,9.818469047546387,12.588807106018066,-9.324645042419434,-54.90404510498047,-0.0030953367240726948,-0.0014455205528065562,0.00958944670855999,-0.002616431098431349
5.610000133514404,39,0.03758722171187401,0.011945435777306557,9.816513061523438,12.483854293823242,-8.879474639892578,-53.092201232910156,-0.004258839413523674,-0.004936029203236103,0.011916453018784523,-0.002616431098431349
5.619999885559082,38,0.047363173216581345,0.007780078332871199,9.80245304107666,12.59537124633789,-8.644173622131348,-51.38670349121094,-0.003166614333167672,-0.003915081731975079,0.0029648179188370705,-0.002616431098431349
5.630000114440918,36,0.05169272422790527,0.020537277683615685,9.803718566894531,13.178925514221191,-8.905681610107422,-49.047569274902344,-0.004131857305765152,-0.0016872055130079389,0.003236152231693268,-0.0025445397477597
5.639999866485596,36,0.04303246736526489,0.02275281958281994,9.800697326660156,13.07397174835205,-9.083749771118164,-46.60435485839844,-0.007297124247997999,-0.0033637280575931072,0.005400537047535181,-0.002165163867175579
5.650000095367432,35,0.04010941460728645,0.01887504570186138,9.806605339050293,13.49233341217041,-9.113838195800781,-43.88426971435547,-0.004225896205753088,-0.005690733436495066,0.004915369674563408,-0.002544284565374255
5.659999847412109,34,0.05274586006999016,0.019702134653925896,9.807080268859863,13.70265007019043,-8.900434494018555,-41.6402587890625,-0.002193584805354476,-0.005396039225161076,0.0011301671620458364,-0.002020870801061392
5.670000076293945,35,0.0415402390062809,0.02109863981604576,9.80640697479248,14.011136054992676,-8.740569114685059,-39.507503509521484,-0.004271717742085457,-0.008284580893814564,0.004580244887620211,-0.0015698587521910667
5.679999828338623,36,0.01978706568479538,0.022191455587744713,9.804810523986816,14.850761413574219,-8.894492149353027,-36.9984130859375,-0.007015308365225792,-0.009204003028571606,0.004839000757783651,-0.0014973290963098407
5.690000057220459,36,0.01978706568479538,0.014708537608385086,9.806438446044922,15.690387725830078,-8.894492149353027,-34.77730941772461,-0.005925179459154606,-0.006673646159470081,0.004765626974403858,-0.0010465724626556039
5.699999809265137,37,0.02671758644282818,0.016736574470996857,9.813511848449707,15.8660249710083,-8.894492149353027,-32.054351806640625,-0.005534350406378508,-0.0031831378582865,0.0021331454627215862,-0.0010465724626556039
5.710000038146973,38,0.02709643542766571,0.02171521820127964,9.798245429992676,16.253082275390625,-9.133808135986328,-28.90483856201172,-0.0028533523436635733,-0.0024748537689447403,-0.0009527576039545238,-0.0009736596839502454
5.71999979019165,38,0.02469010278582573,0.014412901364266872,9.805631637573242,16.685455322265625,-9.489944458007812,-25.42653465270996,0.00233344454318285,-0.004308905452489853,0.00021074523101560771,-0.0005232862313278019
5.730000019073486,39,0.021855099126696587,0.0023574058432132006,9.807855606079102,17.06591796875,-9.790428161621094,-21.66915512084961,0.0017790962010622025,-0.0046134828589856625,0.003951025195419788,-0.0005232862313278019
5.739999771118164,39,0.022748351097106934,0.005523123778402805,9.81076431274414,17.695636749267578,-9.879462242126465,-17.56011199951172,-0.000613496929872781,-0.003815951757133007,0.010265686549246311,-0.00044999041710980237
5.75,40,0.026758136227726936,0.014793661423027515,9.81256103515625,18.120372772216797,-10.142388343811035,-13.342618942260742,0.0005964262527413666,-0.0029085094574838877,0.010777807794511318,0
5.760000228881836,40,0.030072784051299095,0.016932131722569466,9.807641983032227,18.46202278137207,-10.542105674743652,-9.205228805541992,0.002621549880132079,-0.0013299189740791917,0.006362785119563341,0.00007355121488217264
5.769999980926514,40,0.04826337844133377,0.022502046078443527,9.797077178955078,18.66921615600586,-10.66759967803955,-4.298698902130127,-0.004469977226108313,-0.0062699392437934875,0.003574271686375141,0.0005232862313278019
5.78000020980835,40,0.043947733938694,0.026498304679989815,9.80547046661377,19.098716735839844,-10.71479320526123,1.5212146043777466,-0.005633480381220579,-0.005933916196227074,0.0049617900513112545,0.0005232862313278019
5.789999961853027,40,0.040131423622369766,0.026498304679989815,9.806346893310547,20.30640411376953,-11.324862480163574,7.658166408538818,-0.0065543996170163155,-0.0027830246835947037,0.00820971466600895,0.0005972204962745309
5.800000190734863,40,0.04085668548941612,0.017511900514364243,9.812841415405273,20.516311645507812,-11.680998802185059,12.211429595947266,-0.0019003880443051457,-0.007437036372721195,0.005882709287106991,0.0010465724626556039
5.809999942779541,40,0.035968709737062454,0.009083406068384647,9.823197364807129,20.726219177246094,-11.673209190368652,18.85280418395996,-0.0006919621955603361,0.0005427669384516776,0.007001289166510105,0.0011949518229812384
5.820000171661377,39,0.043713703751564026,0.007365958299487829,9.818581581115723,20.690244674682617,-11.949198722839355,24.98468017578125,-0.0016985345864668489,-0.004333163611590862,0.011419905349612236,0.0020931449253112078
5.829999923706055,38,0.04546197131276131,0.023395856842398643,9.805493354797363,20.48033905029297,-12.38888168334961,30.897985458374023,-0.0028620371595025063,-0.008107584901154041,0.009944637306034565,0.0021675899624824524
5.840000152587891,37,0.04717317223548889,0.018176792189478874,9.80733871459961,20.308866500854492,-12.688589096069336,37.88925552368164,-0.0030674845911562443,-0.008723926730453968,0.012407909147441387,0.0027655765879899263
5.849999904632568,51,0.045320626348257065,-0.0012362361885607243,9.803609848022461,20.413818359375,-13.222794532775879,46.44050598144531,-0.0012783556012436748,-0.00604023365303874,0.010531030595302582,0.0038871050346642733
5.860000133514404,36,0.043873582035303116,-0.006983302533626556,9.800697326660156,20.518774032592773,-13.756999015808105,52.91553497314453,-0.000613496929872781,-0.005042945500463247,0.009533742442727089,0.005232862196862698
5.869999885559082,35,0.036850374191999435,0.003476680489256978,9.807765007019043,20.761938095092773,-14.58432674407959,67.90951538085938,-0.0013810794334858656,-0.0035077806096524,0.007998577319085598,0.00538277393206954
5.880000114440918,34,0.03065669909119606,0.02515011467039585,9.81399917602539,20.942466735839844,-15.145862579345703,79.11627197265625,-0.00043230800656601787,-0.00047668343177065253,0.0056715719401836395,0.006354518234729767
5.889999866485596,32,0.018462829291820526,0.02402738854289055,9.807888984680176,20.819780349731445,-15.163208961486816,81.19339752197266,0.0012540974421426654,0.001092023798264563,0.004625767003744841,0.006953143514692783
5.900000095367432,30,0.03358786180615425,0.025412390008568764,9.809292793273926,20.190061569213867,-15.252243041992188,91.85469818115234,-0.0033534937538206577,0.001092023798264563,0.0057799858041107655,0.007924633100628853
5.909999847412109,29,0.03146769478917122,0.01896362006664276,9.810393333435059,19.76248550415039,-15.941468238830566,103.58548736572266,-0.006634362041950226,0.00006478705472545698,0.006052517797797918,0.00852351263165474
5.920000076293945,29,0.021691743284463882,0.024607155472040176,9.822062492370605,19.419414520263672,-16.718843460083008,115.11372375488281,-0.004417866468429565,-0.001361963921226561,0.00732653122395277,0.009494747035205364
5.929999828338623,31,0.03159397840499878,0.022590622305870056,9.797212600708008,19.419034957885742,-17.609079360961914,127.77254486083984,-0.006748466286808252,-0.0021352367475628853,0.011601094156503677,0.010093881748616695
5.940000057220459,33,0.03824528679251671,0.025693072006106377,9.79503345489502,19.368799209594727,-18.326385498046875,141.65444946289062,-0.006425321102142334,-0.0028465157374739647,0.009145010262727737,0.011216560378670692
5.949999809265137,35,0.03497929871082306,0.01435423456132412,9.795849800109863,18.334287643432617,-18.383724212646484,155.5840301513672,-0.0052618179470300674,-0.0009139330359175801,0.0035871497821062803,0.012710824608802795
5.960000038146973,36,0.04253428429365158,0.012149045243859291,9.808371543884277,17.70456886291504,-19.986337661743164,170.798583984375,-0.004490641877055168,-0.003815951757133007,0.0014832610031589866,0.013833757489919662
5.96999979019165,38,0.052310239523649216,0.00796068087220192,9.801902770996094,16.990468978881836,-20.873146057128906,186.72743225097656,-0.0053888000547885895,-0.003550607245415449,0.01115875318646431,0.015403999015688896
5.980000019073486,40,0.040641192346811295,-0.0011511113261803985,9.805013656616211,16.075647354125977,-21.53447914123535,203.21168518066406,-0.003948572091758251,-0.0012927827192470431,0.014234174974262714,0.016897881403565407
5.989999771118164,40,0.034696608781814575,-0.0022002155892550945,9.809932708740234,15.347600936889648,-22.581954956054688,221.0771484375,0.0018291104352101684,-0.00015773100312799215,0.010760736651718616,0.018097683787345886
6,42,0.051960352808237076,0.015395286493003368,9.80593490600586,15.12873363494873,-24.528982162475586,241.139404296875,-0.0004978952929377556,-0.004811742343008518,0.010760736651718616,0.020191339775919914
6.010000228881836,42,0.01750006340444088,0.0035249944776296616,9.823664665222168,13.974246978759766,-27.110973358154297,261.795654296875,0.0027036091778427362,-0.0028315414674580097,0.005232226103544235,0.022284995764493942
6.019999980926514,42,0.01954144984483719,-0.0019563448149710894,9.811135292053223,12.819761276245117,-29.536846160888672,283.91241455078125,-0.003185781417414546,0.0005376754561439157,0.003583555808290839,0.02437864989042282
6.03000020980835,43,0.024429425597190857,0.020846717059612274,9.815065383911133,12.003706932067871,-32.51496887207031,307.308837890625,-0.0013583183754235506,-0.0028228561859577894,0.009271093644201756,0.026703305542469025
6.039999961853027,43,0.029317401349544525,0.007676548324525356,9.834214210510254,11.504058837890625,-36.434505462646484,332.0766906738281,-0.0033591839019209146,0.0016754224197939038,0.010760736651718616,0.030212948098778725
6.050000190734863,44,0.019817188382148743,0.026364866644144058,9.805747985839844,11.11308765411377,-41.355342864990234,358.3955078125,-0.005997954402118921,-0.0007126782438717782,0.003946831915527582,0.03267550840973854
6.059999942779541,44,0.01572398655116558,0.026498304679989815,9.805004119873047,10.37841510772705,-46.78642654418945,386.714599609375,-0.005171972326934338,-0.007318439893424511,0.0009447852498851717,0.034245751798152924
6.070000171661377,44,0.04833405464887619,0.026321154087781906,9.782023429870605,9.942697525024414,-52.7247314453125,415.8772277832031,-0.0021202105563133955,-0.00705189723521471,0.003843809012323618,0.03581599146127701
6.079999923706055,45,0.03955445811152458,0.02171521820127964,9.801198959350586,9.824175834655762,-59.07341003417969,446.1208801269531,-0.003919821698218584,-0.003720415523275733,0.005852760747075081,0.03738623484969139
6.090000152587891,45,0.048371125012636185,0.02235020324587822,9.8097505569458,9.977156639099121,-65.61616516113281,477.41961669921875,-0.006748466286808252,-0.004980053752660751,0.008243856951594353,0.03887871280312538
6.099999904632568,45,0.043483149260282516,0.029343079775571823,9.801090240478516,10.558658599853516,-72.2046890258789,509.2906494140625,-0.004611334763467312,-0.008031216450035572,0.01022645365446806,0.04000343382358551
6.110000133514404,45,0.03951738402247429,0.006908125709742308,9.804617881774902,11.939397811889648,-78.775390625,540.8475952148438,-0.000898907077498734,-0.008253134787082672,0.009533742442727089,0.04157367721199989
6.119999885559082,45,0.041746463626623154,0.0015268651768565178,9.799060821533203,14.03846263885498,-84.56260681152344,573.1646728515625,0.00142809865064919,-0.00871883612126112,0.009126441553235054,0.04330021142959595
6.130000114440918,45,0.027014179155230522,-0.00518878223374486,9.823118209838867,16.30344581604004,-90.27945709228516,603.2871704101562,0.0023798649199306965,-0.009802675805985928,0.00727531872689724,0.04591728001832962
6.139999866485596,45,0.04320045933127403,0.008034301921725273,9.810393333435059,19.491865158081055,-95.6792221069336,632.889892578125,0.00033317808993160725,-0.006550258025527,0.005186404567211866,0.048455946147441864
6.150000095367432,45,0.038312479853630066,0.013626073487102985,9.810393333435059,23.923948287963867,-100.726806640625,663.3764038085938,-0.0003966691147070378,-0.0064127943478524685,0.007296582218259573,0.050471071153879166
6.159999847412109,45,0.03423897549510002,0.01848047971725464,9.810393333435059,29.556272506713867,-105.56848907470703,695.5613403320312,1.4974300199810386e-7,-0.0012086271308362484,0.00800007488578558,0.0521986298263073
6.170000076293945,45,0.033353835344314575,0.006977145094424486,9.807721138000488,35.85346984863281,-110.73247528076172,727.5452270507812,-0.0044741700403392315,-0.00022481585619971156,0.00513399438932538,0.05497327446937561
6.179999828338623,45,0.03037748485803604,0.025549279525876045,9.797773361206055,43.23781204223633,-116.12701416015625,759.0498046875,-0.0066430470906198025,-0.001467383000999689,-0.003778706770390272,0.05879499763250351
6.190000057220459,45,0.03321249037981033,0.023753609508275986,9.803479194641113,51.05950927734375,-122.56997680664062,791.67041015625,-0.0019890358671545982,-0.006121394224464893,0.004365812987089157,0.06358476728200912
6.199999809265137,45,0.030518831685185432,0.03128139302134514,9.80026626586914,59.53920364379883,-130.1017303466797,825.4307250976562,-0.004093223717063665,-0.005143572576344013,0.012510333210229874,0.0689772516489029
6.210000038146973,45,0.027231987565755844,0.02664324827492237,9.811716079711914,68.951171875,-138.60597229003906,860.1746215820312,-0.0042944783344864845,-0.005042945500463247,0.006837470456957817,0.07533750683069229
6.21999979019165,45,0.00905066542327404,0.013378751464188099,9.804436683654785,79.2365951538086,-148.22166442871094,896.4896850585938,-0.0012963247718289495,-0.0060423300601542,0.0038539916276931763,0.08206246793270111
6.230000019073486,45,0.023714592680335045,0.015632255002856255,9.815241813659668,89.32554626464844,-159.67066955566406,935.6112060546875,0.00406597089022398,-0.0025263652205467224,-0.0012806945014744997,0.08818432688713074
6.239999771118164,45,0.035618823021650314,0.012149045243859291,9.812464714050293,100.14009094238281,-171.80934143066406,977.8963012695312,-0.0005853448528796434,-0.001361963921226561,0.004243023693561554,0.09349814802408218
6.25,45,0.037605758756399155,0.013589262962341309,9.805545806884766,111.01726531982422,-185.27850341796875,1023.4232788085938,-0.0030674845911562443,0.00025585907860659063,0.007888666354119778,0.09941532462835312
6.260000228881836,45,0.041844941675662994,0.016932131722569466,9.807076454162598,121.76901245117188,-200.3974609375,1071.04345703125,-0.0038129049353301525,-0.004125920124351978,0.009797589853405952,0.10637956857681274
6.269999980926514,45,0.055141765624284744,0.013771015219390392,9.807188987731934,132.99717712402344,-216.88584899902344,1118.281494140625,-0.0036125490441918373,-0.008178862743079662,0.011442665942013264,0.1143108457326889
6.28000020980835,45,0.04536581411957741,0.009016687050461769,9.810736656188965,144.01727294921875,-235.31593322753906,1170.0333251953125,-0.0030674845911562443,-0.006868611555546522,0.011987730860710144,0.12324680387973785
6.289999961853027,45,0.04598911851644516,0.013869944028556347,9.822809219360352,155.03736877441406,-254.7144012451172,1226.0126953125,-0.0030674845911562443,-0.00393305066972971,0.010877835564315319,0.1364901065826416
6.300000190734863,45,0.056521616876125336,0.016932131722569466,9.817655563354492,165.88583374023438,-274.77923583984375,1285.082763671875,-0.001593115390278399,-0.005046239588409662,0.009042286314070225,0.1568625122308731
6.309999942779541,44,0.04600997641682625,0.016932131722569466,9.816580772399902,177.61036682128906,-296.0048522949219,1347.9456787109375,0.00018553153495304286,-0.00658409995958209,0.008734713308513165,0.18037617206573486
6.320000171661377,44,0.03618420287966728,0.022726362571120262,9.805638313293457,191.99671936035156,-319.2388000488281,1416.3046875,-0.000613496929872781,-0.004411329515278339,0.00880479346960783,0.20703108608722687
6.329999923706055,44,0.035024482756853104,0.0272782314568758,9.826175689697266,211.20318603515625,-344.4354553222656,1491.60009765625,-0.0024193970020860434,-0.008121959865093231,0.007681721355766058,0.2379588633775711
6.340000152587891,44,0.025248529389500618,0.015499966219067574,9.82203483581543,235.76016235351562,-371.52337646484375,1570.103759765625,-0.00726298289373517,-0.00603244686499238,0.009058757685124874,0.2789526879787445
6.349999904632568,44,0.021944308653473854,0.013791721314191818,9.809887886047363,266.5812072753906,-401.1463317871094,1654.527099609375,-0.003598473034799099,-0.004346940200775862,0.007079754490405321,0.32528600096702576
6.360000133514404,43,0.029060199856758118,0.02171521820127964,9.808515548706055,304.013427734375,-434.3643798828125,1747.576904296875,0.000613496929872781,-0.0009085421916097403,0.007079754490405321,0.3628365397453308
6.369999885559082,43,0.027343209832906723,0.02171521820127964,9.803010940551758,347.7006530761719,-472.0281066894531,1850.1605224609375,0.0005194583209231496,-0.008582868613302708,0.007267831824719906,0.39069420099258423
6.380000114440918,43,0.02689484693109989,0.019362786784768105,9.793623924255371,396.7138671875,-514.58642578125,1958.6614990234375,-0.0018075472908094525,-0.00509236054494977,0.011921843513846397,0.416504442691803
6.389999866485596,43,0.03667891025543213,0.016932131722569466,9.788671493530273,448.0505065917969,-560.1834716796875,2070.54296875,-0.0041345530189573765,-0.002748883329331875,0.005105543415993452,0.4415666162967682
6.400000095367432,43,0.03654567524790764,0.02191767655313015,9.8009033203125,501.82952880859375,-607.3273315429688,2185.1630859375,-0.006461558863520622,-0.006923118606209755,0.01004346739500761,0.455667644739151
6.409999847412109,43,0.03940153121948242,0.018809476867318153,9.802947998046875,558.4931640625,-652.9254760742188,2299.863525390625,-0.004708367865532637,-0.006476884242147207,0.009740686975419521,0.4555836021900177
6.420000076293945,43,0.03061383217573166,0.012149045243859291,9.814042091369629,617.9437255859375,-695.1085205078125,2412.202392578125,-0.0042944783344864845,-0.005313381087034941,0.011446858756244183,0.4375669062137604
6.429999828338623,43,0.01978706568479538,0.020258896052837372,9.81397819519043,679.3413696289062,-734.1945190429688,2520.592041015625,-0.0042944783344864845,-0.00236374419182539,0.011987730860710144,0.40079444646835327
6.440000057220459,42,0.025373654440045357,0.020951395854353905,9.811168670654297,740.8434448242188,-767.8755493164062,2617.48779296875,-0.0034649022854864597,-0.0005323878722265363,0.011987730860710144,0.3612317144870758
6.449999809265137,42,0.035149604082107544,0.016932131722569466,9.800830841064453,798.0997924804688,-797.384521484375,2702.628662109375,-0.0015353146009147167,-0.003199310041964054,0.009689475409686565,0.32621610164642334
6.460000038146973,42,0.03612164035439491,0.0256735160946846,9.814628601074219,849.9672241210938,-823.8098754882812,2775.99658203125,0.0007916910690255463,-0.0043403515592217445,0.00549637246876955,0.293380469083786
6.46999979019165,42,0.040249597281217575,0.03128139302134514,9.811638832092285,895.8231811523438,-848.2767944335938,2839.489013671875,-0.00007681814167881384,-0.0031768486369401217,0.007233391050249338,0.2549510896205902
6.480000019073486,42,0.05002555251121521,0.019064849242568016,9.797601699829102,935.4497680664062,-871.5380859375,2896.252197265625,-0.0006892669480293989,-0.0031645698472857475,0.00960951205343008,0.21305105090141296
6.489999771118164,42,0.05350819230079651,0.012149045243859291,9.808516502380371,967.2506713867188,-890.2352294921875,2947.115478515625,0.001637738780118525,-0.003815951757133007,0.008306748233735561,0.17495523393154144
6.5,42,0.04385620355606079,0.012149045243859291,9.802290916442871,992.8208618164062,-905.8056640625,2994.078857421875,0.001721594831906259,-0.0020214321557432413,0.008755378425121307,0.14501899480819702
6.510000228881836,42,0.03248027712106705,0.012149045243859291,9.809085845947266,1010.193115234375,-920.0101318359375,3036.049560546875,-0.0013837747974321246,0.0018623017240315676,0.007222909014672041,0.12590205669403076
6.519999980926514,42,0.032780345529317856,0.012149045243859291,9.811861038208008,1021.00341796875,-934.5505981445312,3075.831298828125,-0.0043540759943425655,0.002259419998154044,0.002493426902219653,0.10977109521627426
6.53000020980835,42,0.017092248424887657,0.01895901933312416,9.813844680786133,1027.3770751953125,-951.1892700195312,3115.22900390625,-0.007200989406555891,-0.0018782777478918433,0.0033987730275839567,0.10444450378417969
6.539999961853027,42,0.02415252849459648,0.014764903113245964,9.811718940734863,1027.167236328125,-972.1123046875,3146.324462890625,-0.0042944783344864845,-0.004205283243209124,0.003982770722359419,0.10917758196592331
6.550000190734863,42,0.01870960183441639,0.02278502844274044,9.799612998962402,1021.9014892578125,-1000.480224609375,3178.5302734375,-0.00468800263479352,-0.005876414943486452,0.007210929412394762,0.11043484508991241
6.559999942779541,42,0.03317657485604286,0.01565181091427803,9.810507774353027,1016.4843139648438,-1033.5731201171875,3208.365966796875,-0.007366305682808161,-0.002656641649082303,0.008239064365625381,0.10637293756008148
6.570000171661377,42,0.042768314480781555,0.02320604957640171,9.800298690795898,1010.1151123046875,-1072.25048828125,3235.435791015625,0.0030632917769253254,-0.003815951757133007,0.007062983233481646,0.0952097475528717
6.579999923706055,42,0.03252546116709709,0.018986627459526062,9.79204273223877,1002.1469116210938,-1116.490478515625,3258.969482421875,0.0018997890874743462,-0.003815951757133007,0.0024089720100164413,0.06831452250480652
6.590000152587891,42,0.03712842985987663,0.016932131722569466,9.791001319885254,993.435791015625,-1164.3018798828125,3276.73828125,-0.0047847372479736805,-0.008232769556343555,0.00879700668156147,0.020702367648482323
6.599999904632568,42,0.03513222560286522,0.013035952113568783,9.806797981262207,982.9732055664062,-1207.7431640625,3291.78173828125,-0.002399331657215953,-0.0024796451907604933,0.004330174531787634,-0.026932770386338234
6.610000133514404,42,0.03823370113968849,0.0240480937063694,9.826475143432617,970.8251953125,-1236.94921875,3306.10791015625,-0.003794935764744878,-0.0023391866125166416,0.0014443278778344393,-0.059097759425640106
6.619999885559082,42,0.03905627876520157,0.03053482621908188,9.805237770080566,958.397705078125,-1250.1334228515625,3315.839599609375,-0.0006395520176738501,-0.0007614946225658059,0.0036859801039099693,-0.07619445770978928
6.630000114440918,42,0.034920211881399155,0.010747939348220825,9.81318473815918,946.944091796875,-1247.9368896484375,3320.5498046875,0.002313978038728237,-0.003535932395607233,0.005476007703691721,-0.06147770583629608
6.639999866485596,42,0.04265245795249939,0.007365958299487829,9.815241813659668,937.591064453125,-1232.953125,3323.063232421875,0.0022807351779192686,-0.005042945500463247,0.007426259573549032,-0.028897201642394066
6.650000095367432,42,0.04815099760890007,0.015860021114349365,9.81093692779541,933.4979248046875,-1206.6881103515625,3328.727294921875,-0.0003292847832199186,-0.005766204092651606,0.003967197146266699,-0.007849293760955334
6.659999847412109,42,0.035646628588438034,0.012614930048584938,9.806017875671387,934.9302368164062,-1178.006103515625,3337.040283203125,0.00013881173799745739,-0.004950404167175293,-0.0010345173068344593,-0.011761298403143883
6.670000076293945,42,0.029820218682289124,0.02531116083264351,9.827780723571777,937.9880981445312,-1149.4866943359375,3348.680419921875,-0.0011408915743231773,-0.001430845819413662,-0.0033324728719890118,-0.03924519196152687
6.679999828338623,43,0.024932242929935455,0.026498304679989815,9.820749282836914,939.990234375,-1121.44091796875,3362.866943359375,-0.0042944783344864845,0.00002645285530888941,-0.0002336919860681519,-0.08084683865308762
6.690000057220459,42,0.020044267177581787,0.026498304679989815,9.810911178588867,938.7027587890625,-1092.987548828125,3378.10791015625,-0.0014787117252126336,-0.001361963921226561,0.006502944976091385,-0.09954199194908142
6.699999809265137,42,0.02441783994436264,0.012704656459391117,9.805733680725098,931.4609985351562,-1061.7364501953125,3392.76708984375,0.0018500742735341191,-0.0033909811172634363,0.0075047253631055355,-0.08628068119287491
6.710000038146973,42,0.015201474539935589,0.0261532049626112,9.81973934173584,918.5809326171875,-1028.89111328125,3407.3271484375,0.000413440284319222,-0.005443058907985687,0.0033987730275839567,-0.045890338718891144
6.71999979019165,42,0.019792858511209488,0.026447689160704613,9.834317207336426,906.0169677734375,-999.10888671875,3420.4013671875,0.003346306039020419,0.00014385132817551494,0.003956415690481663,0.021673090755939484
6.730000019073486,42,0.029421672224998474,0.016550220549106598,9.80079460144043,895.8958129882812,-975.4716186523438,3437.33154296875,0.002571835182607174,0.0006613630102947354,0.005422099959105253,0.1016850695014
6.739999771118164,42,0.02975533902645111,-0.0018689194694161415,9.806217193603516,890.2907104492188,-960.975830078125,3461.696533203125,-0.0056733121164143085,-0.001361963921226561,0.004309809301048517,0.1715344488620758
6.75,42,0.03810625895857811,0.006894321646541357,9.824699401855469,892.4947509765625,-959.3732299804688,3491.5703125,-0.006395072676241398,-0.0015386606100946665,0.01014229841530323,0.21605591475963593
6.760000228881836,42,0.02040342055261135,-0.001282249460928142,9.818227767944336,904.3515625,-974.061767578125,3533.055908203125,-0.0018156334990635514,-0.0039153811521828175,0.002171779051423073,0.24728810787200928
6.769999980926514,42,0.0309370718896389,0.012901362963020802,9.792144775390625,921.00830078125,-999.5136108398438,3575.169189453125,-0.0006521305767819285,-0.008569392375648022,0.002171779051423073,0.28006666898727417
6.78000020980835,42,0.04958993196487427,0.02171521820127964,9.805998802185059,940.064453125,-1035.635009765625,3616.417724609375,-0.0017383662052452564,-0.006474188528954983,0.003296648385003209,0.32750439643859863
6.789999961853027,42,0.055204328149557114,0.020682217553257942,9.808822631835938,961.0740356445312,-1083.0574951171875,3656.3369140625,-0.001840490847826004,-0.004147183150053024,-0.002969495952129364,0.38431239128112793
6.800000190734863,42,0.031194273382425308,0.014495725743472576,9.797633171081543,985.4107055664062,-1142.8367919921875,3695.1201171875,-0.0038362648338079453,-0.0018201773054897785,0.0030220195185393095,0.42167267203330994
6.809999942779541,42,0.04585820063948631,0.03390875458717346,9.810393333435059,1014.3778076171875,-1216.02294921875,3731.87939453125,-0.0005568939377553761,-0.0022963599767535925,0.00556016294285655,0.42753711342811584
6.820000171661377,42,0.05466443672776222,0.048232704401016235,9.811866760253906,1046.3170166015625,-1296.0523681640625,3771.963134765625,-0.003741028718650341,-0.0052016731351614,0.004110950510948896,0.39936521649360657
6.829999923706055,42,0.033436089754104614,0.03526729717850685,9.818472862243652,1079.13916015625,-1375.846435546875,3808.08740234375,-0.0014844019897282124,0.00018937331333290786,0.0025913589634001255,0.3509506285190582
6.840000152587891,42,0.028548115864396095,0.03214874491095543,9.810393333435059,1111.4781494140625,-1448.7491455078125,3839.3564453125,-0.0008743491489440203,-0.0038932187017053366,0.003659625304862857,0.27217012643814087
6.849999904632568,42,0.020827455446124077,0.034189436584711075,9.80754280090332,1142.45849609375,-1509.168701171875,3865.698974609375,-0.001840490847826004,-0.00736306281760335,0.003945334814488888,0.1658296287059784
6.860000133514404,42,0.00736495666205883,0.02145984396338463,9.795849800109863,1171.9503173828125,-1554.0418701171875,3874.028076171875,-0.005542137194424868,-0.0062699392437934875,0.0052495962008833885,0.05782683566212654
6.869999885559082,42,0.021483201533555984,0.005816458724439144,9.800219535827637,1194.6859130859375,-1579.443603515625,3868.9404296875,-0.007542103994637728,-0.005163039546459913,0.00652630440890789,-0.061540912836790085
6.880000114440918,42,0.04040484502911568,0.01233999989926815,9.811750411987305,1213.10498046875,-1589.0408935546875,3849.710693359375,-0.006011431571096182,-0.004305910784751177,0.001933088875375688,-0.20827992260456085
6.889999866485596,42,0.026967836543917656,-0.0009820123668760061,9.800697326660156,1225.25439453125,-1585.2783203125,3816.8681640625,-0.005469062365591526,-0.005895881447941065,-0.0022573182359337807,-0.3609408140182495
6.900000095367432,42,0.02757260762155056,0.003871245076879859,9.799391746520996,1229.123779296875,-1568.0003662109375,3769.92431640625,-0.0037934386637061834,-0.00677097961306572,0.002033716067671776,-0.5142287015914917
6.909999847412109,42,0.04321783781051636,0.0032903265673667192,9.80135726928711,1223.7711181640625,-1529.7156982421875,3703.7353515625,-0.0061204442754387856,-0.0047434596344828606,0.006422682665288448,-0.6682990789413452
6.920000076293945,42,0.033738475292921066,0.0030176967848092318,9.810896873474121,1207.1973876953125,-1463.80859375,3615.177734375,-0.007267475128173828,-0.0035799567122012377,0.011515741236507893,-0.7808948159217834
6.929999828338623,42,0.04689279571175575,0.020502766594290733,9.799178123474121,1180.07666015625,-1375.7374267578125,3510.064208984375,-0.0032594550866633654,-0.002588957780972123,0.009361238218843937,-0.8438795208930969
6.940000057220459,42,0.05034762993454933,0.013642177917063236,9.799030303955078,1144.3231201171875,-1270.83935546875,3385.8681640625,0.002740446012467146,-0.002588957780972123,0.00863378681242466,-0.8705626130104065
6.949999809265137,42,0.037269774824380875,0.024859080091118813,9.805545806884766,1101.2347412109375,-1155.0560302734375,3240.824462890625,-0.0007045406382530928,-0.0026344796642661095,0.011987730860710144,-0.8606067895889282
6.960000038146973,42,0.02976924180984497,0.01829642616212368,9.809011459350586,1051.22119140625,-1034.49853515625,3074.4951171875,-0.003031546249985695,-0.0037979825865477324,0.011987730860710144,-0.8200868368148804
6.96999979019165,42,0.03905627876520157,0.01570817641913891,9.808027267456055,995.4910278320312,-920.0897216796875,2885.590087890625,-0.0042130183428525925,-0.004961485508829355,0.007405595388263464,-0.7689809203147888
6.980000019073486,42,0.03533034026622772,0.02171521820127964,9.801474571228027,939.5938110351562,-815.8804931640625,2691.38427734375,-0.0042944783344864845,-0.0017968174070119858,0.007079754490405321,-0.7209045886993408
6.989999771118164,43,0.03135531395673752,0.027474939823150635,9.812339782714844,882.529541015625,-720.9680786132812,2496.504638671875,-0.0042944783344864845,-0.002380515681579709,0.006061202846467495,-0.6697642803192139
7,43,0.028226036578416824,0.030094249173998833,9.813224792480469,824.2818603515625,-634.88623046875,2301.789306640625,-0.001429296564310789,-0.004499079193919897,0.008717942982912064,-0.6138353943824768
7.010000228881836,42,0.02601202204823494,0.01965497061610222,9.810393333435059,765.4345703125,-557.3121337890625,2107.3330078125,-0.003288205713033676,-0.011283932253718376,0.012208451516926289,-0.5557364821434021
7.019999980926514,43,0.04067595303058624,0.01480171363800764,9.810393333435059,706.8706665039062,-489.9132385253906,1921.8707275390625,-0.005122557282447815,-0.010319587774574757,0.008246252313256264,-0.49781686067581177
7.03000020980835,43,0.03982556611299515,0.012149045243859291,9.803702354431152,649.491455078125,-430.24530029296875,1743.255126953125,-0.001698534470051527,-0.0064301639795303345,0.005088173318654299,-0.4413033425807953
7.039999961853027,42,0.027134669944643974,0.012149045243859291,9.802754402160645,594.02880859375,-376.79351806640625,1575.8568115234375,-0.000087599633843638,-0.003640752285718918,0.004625767003744841,-0.388110876083374
7.050000190734863,48,0.024604368954896927,0.012149045243859291,9.810393333435059,541.3843994140625,-329.0325622558594,1419.66455078125,-0.0018887079786509275,-0.0038641688879579306,0.006538583431392908,-0.33235493302345276
7.059999942779541,42,0.02703271619975567,0.016971243545413017,9.807950019836426,485.0760803222656,-281.29608154296875,1253.3009033203125,-0.0030674845911562443,-0.005042945500463247,0.008306748233735561,-0.26216641068458557
7.070000171661377,42,0.0344197116792202,0.01923394948244095,9.803030967712402,398.38470458984375,-213.89720153808594,1000.3172607421875,-0.004599355161190033,-0.006574816070497036,0.007285501342266798,-0.25656911730766296
7.079999923706055,41,0.03905627876520157,0.006726372055709362,9.811041831970215,393.2760009765625,-209.9254150390625,985.4089965820312,-0.004512803629040718,-0.006935396697372198,0.006299893371760845,-0.2248407006263733
7.090000152587891,40,0.04697737470269203,0.013529445044696331,9.809460639953613,366.775634765625,-190.66514587402344,910.2651977539062,0.0009210690041072667,-0.005350517574697733,0.006696112919598818,-0.1971195638179779
7.099999904632568,39,0.04537508264183998,0.026498304679989815,9.800697326660156,330.91558837890625,-165.29513549804688,809.9390258789062,0.0042944783344864845,-0.007443325128406286,0.006813212297856808,-0.17235833406448364
7.110000133514404,37,0.04461969807744026,0.020974403247237206,9.806296348571777,297.4484558105469,-142.75396728515625,718.0830078125,0.0035244999453425407,-0.0030459733679890633,0.00979040190577507,-0.14960047602653503
7.119999885559082,36,0.04013374075293541,0.016932131722569466,9.804652214050293,266.3339538574219,-122.936279296875,633.47998046875,-0.0005455136415548623,-0.0014871490420773625,0.010953905060887337,-0.12868602573871613
7.130000114440918,33,0.0400850810110569,0.019834423437714577,9.81540584564209,239.25601196289062,-105.75269317626953,558.295654296875,-0.006748466286808252,-0.008853604085743427,0.011469021439552307,-0.11073071509599686
7.139999866485596,28,0.028904952108860016,0.0187427569180727,9.812886238098145,214.3941192626953,-91.00602722167969,490.4064636230469,-0.006616093683987856,-0.009421429596841335,0.007278313860297203,-0.09486956894397736
7.150000095367432,49,0.01978706568479538,0.016932131722569466,9.805545806884766,192.22879028320312,-78.35926818847656,429.8056640625,-0.004281001631170511,-0.00012957933358848095,0.01073378324508667,-0.07955048978328705
7.159999847412109,23,0.03232734650373459,0.01381932944059372,9.802390098571777,167.7862548828125,-65.48477935791016,362.04400634765625,0.0015365126309916377,0.002197426278144121,-0.0009012461523525417,-0.06227106228470802
7.170000076293945,28,0.01982182264328003,0.021697962656617165,9.803923606872559,137.68453979492188,-51.00899124145508,277.748291015625,0.001840490847826004,0.002319017658010125,-0.0015092025278136134,-0.06080617010593414
7.179999828338623,34,0.026534533128142357,0.013485732488334179,9.812140464782715,137.68453979492188,-51.00899124145508,277.748291015625,0.0008012745529413223,-0.0007986309938132763,0.004726094659417868,-0.05261491239070892
7.190000057220459,34,0.02754480019211769,0.014012585394084454,9.80176830291748,126.56025695800781,-45.8338737487793,246.04238891601562,0.000613496929872781,0.0005894863861612976,0.008779936470091343,-0.045378927141427994
7.199999809265137,36,0.024604368954896927,0.023719098418951035,9.795849800109863,114.46141052246094,-40.88886260986328,212.06324768066406,-0.0021232054568827152,-0.0025569128338247538,0.00770927406847477,-0.03894229978322983
7.210000038146973,37,0.028092801570892334,0.01957099698483944,9.806381225585938,103.69657135009766,-36.9634895324707,181.27149963378906,-0.001369998324662447,-0.0004209792532492429,0.007079754490405321,-0.034231577068567276
7.21999979019165,38,0.04009898379445076,0.016932131722569466,9.810393333435059,94.32978820800781,-33.636940002441406,153.41073608398438,-0.002184001263231039,-0.0012637325562536716,0.0007977376226335764,-0.029705239459872246
7.230000019073486,38,0.03661402687430382,0.034952107816934586,9.792129516601562,85.93353271484375,-30.60978126525879,130.31124877929688,-0.0023457235656678677,-0.006919524632394314,0.0023161310236901045,-0.026225987821817398
7.239999771118164,39,0.04163987189531326,0.022476740181446075,9.81222152709961,78.70545196533203,-28.73877716064453,110.405029296875,-0.0031570307910442352,-0.005343030672520399,0.008485841564834118,-0.023701366037130356
7.25,39,0.0514158271253109,0.020676467567682266,9.81629467010498,72.15278625488281,-26.338655471801758,92.06175231933594,-0.00369969941675663,-0.0019567429553717375,0.007786841131746769,-0.0215151347219944
7.260000228881836,39,0.03814101591706276,0.01790071278810501,9.82297420501709,66.1477279663086,-24.204593658447266,75.16877746582031,-0.004130060784518719,-0.0031202458776533604,0.004094479139894247,-0.01899076998233795
7.269999980926514,38,0.030326509848237038,0.016932131722569466,9.821000099182129,60.65077590942383,-22.69101333618164,59.80342483520508,-0.00458587845787406,-0.006622734013944864,0.004802164155989885,-0.016989946365356445
7.28000020980835,38,0.02543853409588337,0.024841824546456337,9.800046920776367,55.71809768676758,-21.177539825439453,46.14450454711914,-0.0030674845911562443,-0.009964996948838234,0.008292673155665398,-0.015419705770909786
7.289999961853027,37,0.028658179566264153,0.014423254877328873,9.81216812133789,51.205108642578125,-20.020095825195312,35.37215042114258,-0.00272666965611279,-0.007156118284910917,0.010760736651718616,-0.013942552730441093
7.300000190734863,36,0.03354615345597267,0.020339420065283775,9.806940078735352,47.095394134521484,-18.657384872436523,24.770484924316406,-0.002672462724149227,-0.005160643253475428,0.00965144019573927,-0.012895723804831505
7.309999942779541,34,0.025848664343357086,0.03004593402147293,9.813989639282227,43.670433044433594,-17.42397117614746,14.399044036865234,-0.0050938064232468605,-0.0022172958124428988,0.005852760747075081,-0.01184889581054449
7.320000171661377,33,0.033136025071144104,0.018574807792901993,9.819534301757812,40.76374053955078,-16.464136123657227,4.689826965332031,-0.002165433019399643,-0.005818913225084543,0.0054017347283661366,-0.010802068747580051
7.329999923706055,33,0.03857547417283058,0.021237829700112343,9.811361312866211,37.94533920288086,-15.764872550964355,-3.8127405643463135,0.004207627382129431,-0.0027626596856862307,0.0019980771467089653,-0.009848838672041893
7.340000152587891,33,0.025834761559963226,0.017339350655674934,9.819263458251953,35.32150650024414,-15.230667114257812,-11.697659492492676,0.0027871658094227314,-0.005042945500463247,-0.0002822086098603904,-0.009325426071882248
7.349999904632568,35,0.03803790360689163,0.02137817069888115,9.824596405029297,33.2274284362793,-14.621562004089355,-18.461477279663086,-0.011174868792295456,-0.005042945500463247,-0.0002822086098603904,-0.008708156645298004
7.360000133514404,37,0.034507762640714645,0.035263847559690475,9.81120491027832,31.36124038696289,-14.16110610961914,-23.79546546936035,-0.006039583124220371,-0.0072896890342235565,-0.001405580434948206,-0.007849293760955334
7.369999885559082,39,0.025000598281621933,0.022305339574813843,9.815042495727539,29.53740119934082,-13.737725257873535,-28.72616958618164,-0.005521472543478012,-0.004317291080951691,0.005909962113946676,-0.007755184080451727
7.380000114440918,40,0.029294230043888092,0.012402118183672428,9.805802345275879,27.785982131958008,-13.229486465454102,-33.93885040283203,-0.0035286929924041033,-0.006805120967328548,0.013058093376457691,-0.007231769617646933
7.389999866485596,42,0.03421001136302948,0.031014515087008476,9.791200637817383,26.84140396118164,-12.873350143432617,-37.159454345703125,-0.0012016872642561793,-0.007496933452785015,0.007911426946520805,-0.006802720949053764
7.400000095367432,42,0.04345070570707321,0.016932131722569466,9.800612449645996,25.800893783569336,-12.191699981689453,-41.39510726928711,-0.0014829046558588743,-0.004019302316009998,0.003244537627324462,-0.006708228029310703
7.409999847412109,42,0.02071855030953884,0.016932131722569466,9.796630859375,24.679763793945312,-12.208297729492188,-44.81711959838867,-0.0042582410387694836,-0.005812624469399452,0.003783612512052059,-0.006184814032167196
7.420000076293945,43,0.04846496880054474,0.016932131722569466,9.819862365722656,23.950708389282227,-12.203532218933105,-48.415828704833984,-0.004036621190607548,-0.006754507776349783,0.002398489974439144,-0.005756148602813482
7.429999828338623,44,0.043873582035303116,0.017521103844046593,9.814943313598633,23.442569732666016,-11.836206436157227,-52.38286209106445,-0.001709615346044302,-0.004233135376125574,0.00026585065643303096,-0.005661272909492254
7.440000057220459,44,0.043139051645994186,0.02576899342238903,9.810023307800293,21.868270874023438,-11.747172355651855,-55.048187255859375,0.000001946658585438854,-0.0032044013496488333,0.0015641222707927227,-0.005327865947037935
7.449999809265137,44,0.033801037818193436,0.017366958782076836,9.80466365814209,21.329620361328125,-11.833850860595703,-56.617652893066406,-0.000490408216137439,-0.004367904271930456,0.0039507257752120495,-0.005756148602813482
7.460000038146973,44,0.02840445563197136,0.02222021482884884,9.795849800109863,20.567148208618164,-11.922884941101074,-59.26237487792969,-0.003305875463411212,-0.004066022578626871,0.002671920694410801,-0.005565630737692118
7.46999979019165,45,0.0192077849060297,0.02592313662171364,9.795849800109863,20.2216796875,-11.872183799743652,-61.796077728271484,-0.005521472543478012,-0.002588957780972123,0.001842644065618515,-0.004804962780326605
7.480000019073486,45,0.01756957732141018,0.02171521820127964,9.796504020690918,20.051437377929688,-11.69411563873291,-63.485511779785156,-0.006605911068618298,-0.004396355245262384,0.005852760747075081,-0.005137347616255283
7.489999771118164,44,0.03279772400856018,0.02171521820127964,9.802872657775879,19.25554656982422,-11.516047477722168,-64.18489837646484,-0.00860647764056921,-0.007829961366951466,0.004660806618630886,-0.0047095762565732
7.5,52,0.022230474278330803,0.019358184188604355,9.816835403442383,19.15059471130371,-11.337979316711426,-65.40650939941406,-0.006748466286808252,-0.005277442745864391,0.0023517701774835587,-0.0047095762565732
7.510000228881836,44,0.014462310820817947,0.006510110106319189,9.818865776062012,18.5244083404541,-11.67577838897705,-66.90388488769531,-0.006406453438103199,-0.006440945900976658,0.00796473491936922,-0.0047095762565732
7.519999980926514,44,0.03610426187515259,0.004434908274561167,9.796632766723633,18.164993286132812,-11.643441200256348,-68.12776184082031,-0.003756901016458869,-0.007066871505230665,0.005852760747075081,-0.0047095762565732
7.53000020980835,43,0.043873582035303116,0.011152856051921844,9.815040588378906,18.13646697998047,-11.514226913452148,-69.7337875366211,0.0015323198167607188,-0.002765055513009429,0.005676663015037775,-0.0047095762565732
7.539999961853027,43,0.043873582035303116,0.012697754427790642,9.796930313110352,18.213651657104492,-11.698881149291992,-72.19343566894531,-0.006612199824303389,-0.007419067434966564,0.001022651675157249,-0.0047095762565732
7.550000190734863,42,0.043873582035303116,0.030144862830638885,9.798393249511719,18.10869789123535,-11.342743873596191,-73.30398559570312,-0.0021723213139921427,-0.0017767518293112516,0.006664966233074665,-0.004613168071955442
7.559999942779541,42,0.04508891701698303,0.024084903299808502,9.795893669128418,17.43669319152832,-11.46764850616455,-73.71451568603516,-0.008323762565851212,-0.0035230545327067375,0.008160299621522427,-0.004282825626432896
7.570000171661377,42,0.046118877828121185,0.020762741565704346,9.811687469482422,16.982738494873047,-11.288509368896484,-75.08731079101562,-0.004117182921618223,-0.003815951757133007,0.008306748233735561,-0.004612912889569998
7.579999923706055,50,0.03905627876520157,0.03128139302134514,9.815241813659668,16.85127830505371,-11.399120330810547,-76.29602813720703,-0.004021047614514828,-0.00286238850094378,0.007353185210376978,-0.004283081274479628
7.590000152587891,41,0.04048362746834755,0.028446970507502556,9.815241813659668,16.848628997802734,-11.87405776977539,-76.76583099365234,-0.0042944783344864845,-0.002588957780972123,0.007079754490405321,-0.0047095762565732
7.599999904632568,40,0.04087753966450691,0.020227838307619095,9.803180694580078,16.428815841674805,-11.428887367248535,-77.76531982421875,-0.0026413160376250744,-0.003415538929402828,0.012865823693573475,-0.0047095762565732
7.610000133514404,40,0.031101588159799576,0.01848968304693699,9.790665626525879,16.41758155822754,-11.416975021362305,-77.79206848144531,-0.002603580942377448,-0.0045790416188538074,0.0065116300247609615,-0.0047095762565732
7.619999885559082,40,0.02624373510479927,0.016832051798701286,9.805240631103516,16.339765548706055,-11.28494930267334,-77.62738800048828,-0.005166281946003437,-0.0036437471862882376,0.0072411783039569855,-0.004612274002283812
7.630000114440918,40,0.03113171085715294,0.009063851088285446,9.79366683959961,16.234813690185547,-11.469870567321777,-78.14102935791016,-0.006112358067184687,-0.003861173987388611,0.010079406201839447,-0.0042837196961045265
7.639999866485596,40,0.03601968660950661,0.013917108066380024,9.81418514251709,16.188175201416016,-11.8309326171875,-79.36264038085938,-0.004376238211989403,-0.005615562666207552,0.007161514367908239,-0.004612018819898367
7.650000095367432,40,0.029799364507198334,0.015093899331986904,9.795849800109863,16.273815155029297,-11.754185676574707,-80.52804565429688,-0.002049232367426157,-0.005760813131928444,0.006871012970805168,-0.0041862898506224155
7.659999847412109,40,0.014969762414693832,0.012149045243859291,9.797783851623535,15.958955764770508,-11.93225383758545,-80.52804565429688,-0.0015047671040520072,-0.004597310442477465,0.007415478117763996,-0.0041862898506224155
7.670000076293945,40,0.028918856754899025,0.01808476634323597,9.802702903747559,15.729547500610352,-11.820359230041504,-80.79930877685547,-0.0057424926199018955,-0.004198095761239529,0.003942040726542473,-0.0041862898506224155
7.679999828338623,41,0.04250068590044975,0.0203520730137825,9.813852310180664,15.703009605407715,-11.849698066711426,-80.74441528320312,-0.009425870142877102,-0.006317557767033577,0.0006737505318596959,-0.0041862898506224155
7.690000057220459,42,0.02997083030641079,0.012149045243859291,9.814199447631836,15.807963371276855,-11.902915000915527,-80.9952392578125,-0.003577808616682887,-0.009440597146749496,0.0036539351567626,-0.004088093992322683
7.699999809265137,42,0.033423349261283875,0.014338129200041294,9.807353973388672,15.90045166015625,-11.682551383972168,-82.14326477050781,-0.0053298017010092735,-0.007113591302186251,0.005200779996812344,-0.0037613273598253727
7.710000038146973,42,0.04614900052547455,0.028228407725691795,9.812952041625977,15.90045166015625,-11.148346900939941,-81.92115020751953,-0.0042944783344864845,-0.005171125289052725,0.008178568445146084,-0.0041862898506224155
7.71999979019165,42,0.04869088903069496,0.03152986615896225,9.800949096679688,15.993539810180664,-11.087955474853516,-82.58554077148438,-0.004488545004278421,-0.0062699392437934875,0.007144443225115538,-0.0041862898506224155
7.730000019073486,42,0.04144060239195824,0.02171521820127964,9.795865058898926,15.617178916931152,-11.496264457702637,-82.85363006591797,-0.007977856323122978,-0.0062699392437934875,0.008311539888381958,-0.0041862898506224155
7.739999771118164,43,0.039213843643665314,0.026654750108718872,9.79819393157959,15.56505012512207,-11.855667114257812,-83.18272399902344,-0.010304861702024937,-0.0062699392437934875,0.01296555157750845,-0.0041862898506224155
7.75,43,0.0413154736161232,0.0262015201151371,9.813870429992676,16.058513641357422,-11.787459373474121,-83.8324966430664,-0.007125818636268377,-0.0062699392437934875,0.003303835866972804,-0.0041862898506224155
7.760000228881836,43,0.04168505594134331,0.016495006158947945,9.805975914001465,15.533746719360352,-11.431323051452637,-83.94355010986328,-0.0025975913740694523,-0.0052322205156087875,0.0032094980124384165,-0.0041862898506224155
7.769999980926514,43,0.0384746789932251,0.006788490805774927,9.805170059204102,15.61332893371582,-11.502421379089355,-84.26776885986328,-0.004763174336403608,-0.006017173174768686,0.004373000934720039,-0.00408707233145833
7.78000020980835,44,0.0231584832072258,0.0025828713551163673,9.81451416015625,15.489095687866211,-11.72107219696045,-84.03507232666016,-0.003699998836964369,-0.00535920262336731,0.0073579768650233746,-0.0036630036775022745
7.789999961853027,44,0.023492148146033287,0.008224107325077057,9.798957824707031,15.22712230682373,-11.634821891784668,-83.75613403320312,-0.0056092217564582825,-0.005890191067010164,0.009153993800282478,-0.0036630036775022745
7.800000190734863,44,0.03815607726573944,0.012149045243859291,9.808581352233887,15.078686714172363,-11.330831527709961,-84.05596923828125,-0.010667240247130394,-0.0062699392437934875,0.006398723926395178,-0.0036630036775022745
7.809999942779541,45,0.028962882235646248,0.015110003761947155,9.808084487915039,15.37309741973877,-11.411192893981934,-85.43478393554688,-0.010002381168305874,-0.007710466627031565,0.010387877002358437,-0.0037627320270985365
7.820000171661377,45,0.028945503756403923,0.016932131722569466,9.809914588928223,15.05823802947998,-11.233123779296875,-84.87950134277344,-0.006005141884088516,-0.009380699135363102,0.009844309650361538,-0.004086433909833431
7.829999923706055,45,0.031115490943193436,0.029337329789996147,9.802668571472168,14.827410697937012,-11.268914222717285,-84.50206756591797,-0.004887760151177645,-0.00876435823738575,0.009412450715899467,-0.0036630036775022745
7.840000152587891,45,0.03261582925915718,0.03289300948381424,9.811922073364258,14.97572135925293,-11.40859603881836,-84.92698669433594,-0.004991681780666113,-0.005907561630010605,0.0110955610871315,-0.0036630036775022745
7.849999904632568,45,0.0440334677696228,0.03128139302134514,9.810233116149902,15.289413452148438,-11.64668083190918,-85.4773178100586,-0.003361879149451852,-0.004748550709336996,0.00784044899046421,-0.0036630036775022745
7.860000133514404,45,0.045355383306741714,0.011410530656576157,9.8156156539917,15.405410766601562,-11.937232971191406,-85.29608154296875,-0.0010348736541345716,-0.004658705089241266,0.009093797765672207,-0.0036630036775022745
7.869999885559082,46,0.043873582035303116,0.029638715088367462,9.813233375549316,15.615317344665527,-11.670130729675293,-86.40663146972656,0.000613496929872781,-0.0020405990071594715,0.011518136598169804,-0.0036630036775022745
7.880000114440918,45,0.047350432723760605,0.04084756597876549,9.80339527130127,15.275213241577148,-11.55855655670166,-85.6742172241211,0.0008893234771676362,-0.005195084493607283,0.006528101395815611,-0.0036630036775022745
7.889999866485596,45,0.03804833069443703,0.02323595993220806,9.818548202514648,14.922739028930664,-11.355271339416504,-85.67227935791016,0.002689833054319024,-0.009313913993537426,0.005687444470822811,-0.0036630036775022745
7.900000095367432,46,0.03423897549510002,0.013339640572667122,9.80309009552002,14.994970321655273,-11.307086944580078,-85.90898895263672,0.0055577103048563,-0.005823405925184488,0.01046304777264595,-0.003763881279155612
7.909999847412109,45,0.04530556872487068,0.019474368542432785,9.810699462890625,15.47524356842041,-11.526647567749023,-85.80548095703125,-0.002555363578721881,-0.002503604395315051,0.008136041462421417,-0.004085284657776356
7.920000076293945,46,0.03741227835416794,0.01051672175526619,9.796323776245117,15.265336990356445,-11.526647567749023,-86.24969482421875,0.004163303412497044,-0.0014275513822212815,0.00578717328608036,-0.0037641366943717003
7.929999828338623,45,0.022748351097106934,0.007365958299487829,9.787147521972656,15.05543041229248,-11.526647567749023,-87.9548568725586,-0.0028177134227007627,-0.004918059799820185,0.0022966647520661354,-0.004085029475390911
7.940000057220459,46,0.023687945678830147,0.007365958299487829,9.794005393981934,14.920498847961426,-11.653855323791504,-86.79635620117188,-0.0030674845911562443,-0.011774190701544285,0.007781150285154581,-0.0036630036775022745
7.949999809265137,45,0.0325474739074707,0.007365958299487829,9.799846649169922,14.663606643676758,-11.617100715637207,-86.07192993164062,-0.006242634728550911,-0.008171375840902328,0.005131598562002182,-0.0036630036775022745
7.960000038146973,45,0.03423897549510002,0.019406499341130257,9.808833122253418,14.270110130310059,-11.416975021362305,-86.93218994140625,-0.002768897218629718,-0.0035173639189451933,0.005620659328997135,-0.003764647524803877
7.96999979019165,45,0.04657766968011856,0.02171521820127964,9.806254386901855,13.975131034851074,-11.418661117553711,-87.38272094726562,-0.001840490847826004,0.0011366471881046891,0.007715563289821148,-0.0041862898506224155
7.980000019073486,45,0.04032374545931816,0.02586907148361206,9.801335334777832,14.709803581237793,-11.507695198059082,-88.16010284423828,-0.0044442215003073215,-0.0020205334294587374,0.008306748233735561,-0.004084390588104725
7.989999771118164,45,0.034802038222551346,0.013826231472194195,9.809260368347168,14.866191864013672,-11.316402435302734,-87.71368408203125,-0.0023037956561893225,-0.003815951757133007,0.006697909906506538,-0.0036630036775022745
8,45,0.05153863504528999,0.00785485003143549,9.819098472595215,14.516494750976562,-11.543725967407227,-87.92303466796875,-0.0013544252142310143,-0.003075023414567113,0.007334616966545582,-0.0036630036775022745
8.010000228881836,45,0.04032142832875252,0.02045905403792858,9.820089340209961,14.090497016906738,-11.734911918640137,-87.88063049316406,-0.001840490847826004,-0.0032663950696587563,0.0069518741220235825,-0.0036630036775022745
8.020000457763672,45,0.043522536754608154,0.017280682921409607,9.811100006103516,14.119370460510254,-11.136942863464355,-86.05670166015625,-0.0006125985528342426,-0.003815951757133007,0.004624868277460337,-0.003765413537621498
8.029999732971191,45,0.05294744670391083,0.03044624999165535,9.819524765014648,14.43423080444336,-11.671148300170898,-88.166748046875,-0.00048741334467194974,-0.002715041395276785,0.00505013857036829,-0.004083752166479826
8.039999961853027,51,0.025862568989396095,0.02670651488006115,9.796904563903809,14.658842086791992,-11.363195419311523,-87.98490905761719,-0.002327454974874854,-0.0033098203130066395,0.008540647104382515,-0.0037656689528375864
8.050000190734863,45,0.024604368954896927,0.026498304679989815,9.795849800109863,14.605071067810059,-11.644994735717773,-87.77838897705078,-0.0030674845911562443,-0.0062699392437934875,0.010760736651718616,-0.0041862898506224155
8.0600004196167,45,0.03409763053059578,0.012352654710412025,9.800638198852539,14.478344917297363,-12.075014114379883,-87.77838897705078,-0.0019875383004546165,-0.005909956991672516,0.009680789895355701,-0.0041862898506224155
8.069999694824219,45,0.0244583897292614,0.012076573446393013,9.820015907287598,14.478344917297363,-12.075014114379883,-87.77838897705078,-0.0005724673392251134,-0.006228909827768803,0.006486772559583187,-0.0041862898506224155
8.079999923706055,45,0.01597539521753788,0.007936523295938969,9.814663887023926,14.478344917297363,-12.075014114379883,-87.77838897705078,-0.003828478278592229,-0.009950920939445496,0.004625767003744841,-0.0041862898506224155
8.09000015258789,45,0.04761921614408493,0.02585987001657486,9.796928405761719,14.674114227294922,-11.825900077819824,-89.1248779296875,-0.0023490178864449263,-0.009272884577512741,0.004456257913261652,-0.0041862898506224155
8.100000381469727,44,0.024889374151825905,0.012715009972453117,9.819515228271484,14.810464859008789,-11.49639892578125,-88.00013732910156,-0.005097400397062302,-0.005148963537067175,0.003928862977772951,-0.0041862898506224155
8.109999656677246,44,0.029777349904179573,0.020655760541558266,9.81003475189209,14.767739295959473,-11.30730152130127,-87.18541717529297,-0.0007410779362544417,-0.006142358295619488,0.009618796408176422,-0.00408273097127676
8.119999885559082,44,0.03466532751917839,0.008212603628635406,9.805116653442383,14.607626914978027,-11.455147743225098,-87.77838897705078,-0.004231586121022701,-0.0026518497616052628,0.011945802718400955,-0.0036630036775022745
8.130000114440918,44,0.03855925425887108,0.016438638791441917,9.800697326660156,14.60705852508545,-12.073568344116211,-87.7825927734375,-0.0008668619557283819,0.0008386588306166232,0.0097026526927948,-0.0036630036775022745
8.140000343322754,44,0.0331035852432251,0.013276372104883194,9.802982330322266,14.502105712890625,-11.806466102600098,-88.55998229980469,-0.0016925447853282094,-0.005382262635976076,0.008454694412648678,-0.003559061558917165
8.149999618530273,44,0.027157841250300407,0.021081384271383286,9.815592765808105,14.803112983703613,-11.608240127563477,-87.9627685546875,0.003237293101847172,-0.005254382733255625,0.004244521260261536,-0.003243787446990609
8.15999984741211,44,0.043873582035303116,0.01763613522052765,9.790435791015625,15.109200477600098,-11.623124122619629,-87.98614501953125,-0.0014179161516949534,-0.003138813888654113,0.0024467071052640676,-0.0036630036775022745
8.170000076293945,44,0.04465329647064209,0.02094104327261448,9.812103271484375,15.156438827514648,-11.66319751739502,-88.77130889892578,-0.00217890995554626,-0.003477532649412751,0.003060353919863701,-0.003767328802496195
8.180000305175781,44,0.04869088903069496,0.017776476219296455,9.798417091369629,14.8333740234375,-11.416975021362305,-89.36131286621094,-0.007616076618432999,0.0003094668791163713,0.0033987730275839567,-0.004081836901605129
8.1899995803833,44,0.04592771455645561,0.02171521820127964,9.812247276306152,14.41356086730957,-11.416975021362305,-90.36080932617188,-0.008906261995434761,0.0015574248973280191,0.007206736598163843,-0.0036630036775022745
8.199999809265137,44,0.0362224355340004,0.022699903696775436,9.815099716186523,14.437891006469727,-11.793750762939453,-89.1984634399414,-0.005183053202927113,-0.003096586326137185,0.008137539029121399,-0.003767712041735649
8.210000038146973,44,0.043873582035303116,0.022278882563114166,9.796918869018555,14.349346160888672,-11.801192283630371,-88.66743469238281,-0.004336705897003412,-0.00500071793794632,0.004541311878710985,-0.004081453662365675
8.220000267028809,44,0.039341285824775696,0.007365958299487829,9.79955768585205,14.30012035369873,-11.636321067810059,-88.77848815917969,-0.004950352478772402,-0.00438707135617733,0.004456257913261652,-0.0036630036775022745
8.229999542236328,44,0.025808116421103477,0.007365958299487829,9.798273086547852,14.478344917297363,-11.622882843017578,-89.02363586425781,-0.0037868497893214226,-0.005042945500463247,0.006064497400075197,-0.0037680950481444597
8.239999771118164,44,0.028147252276539803,0.006100591272115707,9.8004150390625,14.478344917297363,-11.533848762512207,-90.02313232421875,-0.0026233470998704433,-0.0032663950696587563,0.00684645539149642,-0.0041862898506224155
8.25,44,0.028639642521739006,0.006589483004063368,9.7915678024292,14.574809074401855,-11.690314292907715,-88.87909698486328,-0.0026017839554697275,-0.00013497007603291422,0.011141383089125156,-0.004080943297594786
8.260000228881836,44,0.03622475266456604,0.016932131722569466,9.801271438598633,14.391220092773438,-11.501216888427734,-88.53871154785156,-0.0042944783344864845,-0.00013497007603291422,0.011036263778805733,-0.0036630036775022745
8.270000457763672,44,0.03090810775756836,0.015456254594027996,9.798480987548828,14.267585754394531,-11.388411521911621,-88.80152893066406,-0.0035334846470505,-0.0014032929902896285,0.00906774215400219,-0.0036630036775022745
8.279999732971191,44,0.03423897549510002,0.015241141431033611,9.813673973083496,14.419493675231934,-11.546564102172852,-88.97248077392578,-0.0008036704966798425,-0.0058895922265946865,0.011607383377850056,-0.0036630036775022745
8.289999961853027,44,0.0391223169863224,0.02009899914264679,9.810393333435059,14.734354019165039,-11.635598182678223,-88.19509887695312,-0.00146044313441962,-0.003055856330320239,0.009533742442727089,-0.0037688612937927246
8.300000190734863,44,0.04019862413406372,0.018618520349264145,9.810393333435059,14.945112228393555,-11.724632263183594,-87.9684829711914,0.001650916296057403,0.0030404794961214066,0.009470551274716854,-0.0041862898506224155
8.3100004196167,44,0.0316808708012104,0.02171521820127964,9.810393333435059,14.756158828735352,-11.678321838378906,-88.75929260253906,-0.0018395923543721437,-0.006267543416470289,0.008307048119604588,-0.004080176819115877
8.319999694824219,44,0.040193986147642136,0.02536867745220661,9.81224536895752,14.441298484802246,-11.589287757873535,-89.2831802368164,0.0016491193091496825,-0.0016171258175745606,0.005980341695249081,-0.0036630036775022745
8.329999923706055,44,0.038059916347265244,0.029384491965174675,9.817164421081543,14.219779968261719,-11.711408615112305,-89.2831802368164,-0.0014586462639272213,-0.007960237562656403,0.009151898324489594,-0.0036630036775022745
8.34000015258789,44,0.04783586785197258,0.028465375304222107,9.812114715576172,14.212995529174805,-12.282849311828613,-89.2760009765625,-0.00702159758657217,-0.009760147891938686,0.00849752128124237,-0.0036630036775022745
8.350000381469727,44,0.05350819230079651,0.027206910774111748,9.806892395019531,14.108041763305664,-12.104781150817871,-89.1649398803711,-0.002139078453183174,-0.008005460724234581,-0.00336601585149765,-0.0036630036775022745
8.359999656677246,44,0.04289575666189194,0.017500396817922592,9.810969352722168,14.440131187438965,-11.778411865234375,-90.3487548828125,-0.0024319754447788,-0.004769215360283852,0.0017659757286310196,-0.0036630036775022745
8.369999885559082,44,0.033807989209890366,0.018681788817048073,9.796717643737793,14.733785629272461,-11.636321067810059,-90.05706024169922,-0.0047589815221726894,-0.003815951757133007,0.005471515003591776,-0.0036630036775022745
8.380000114440918,44,0.034528616815805435,0.019755050539970398,9.792988777160645,14.827442169189453,-11.669193267822266,-89.39239501953125,-0.0031747007742524147,-0.0022514371667057276,0.007417275104671717,-0.0036630036775022745
8.390000343322754,44,0.029421672224998474,0.012149045243859291,9.814794540405273,14.708067893981934,-11.745994567871094,-89.84510040283203,-0.0011217244900763035,-0.0027994965203106403,0.007587981875985861,-0.0035558692179620266
8.399999618530273,44,0.024611320346593857,0.016925230622291565,9.822524070739746,14.498161315917969,-11.745994567871094,-88.95665740966797,0.00004177828668616712,-0.003815951757133007,0.007735029794275761,-0.0032469795551151037
8.40999984741211,44,0.01978706568479538,0.014340429566800594,9.82022476196289,14.288254737854004,-11.907251358032227,-89.57677459716797,0.0017970653716474771,-0.005591304507106543,0.007123179733753204,-0.0035556138027459383
8.420000076293945,44,0.02742662839591503,0.014951257035136223,9.806998252868652,14.290494918823242,-12.025330543518066,-89.60589599609375,0.0020108981989324093,-0.007496933452785015,0.004267881158739328,-0.003247234970331192
8.430000305175781,44,0.026387395337224007,0.02171521820127964,9.796269416809082,14.441834449768066,-11.838910102844238,-89.51814270019531,-0.0007809094968251884,-0.006567329168319702,0.004030987620353699,-0.0036630036775022745
8.4399995803833,45,0.025162795558571815,0.024383991956710815,9.8034029006958,14.607626914978027,-11.379551887512207,-89.57687377929688,-0.003870107000693679,-0.006246878765523434,0.0050731985829770565,-0.0035552307963371277
8.449999809265137,45,0.034938745200634,0.026498304679989815,9.808321952819824,14.607626914978027,-11.201482772827148,-89.0216064453125,-0.0045080119743943214,-0.007710466627031565,0.0033095262479037046,-0.0032476179767400026
8.460000038146973,45,0.04471470043063164,0.01807096228003502,9.807546615600586,14.504945755004883,-11.371842384338379,-88.2490234375,-0.002937807235866785,-0.005317274481058121,0.00843642558902502,-0.0035549753811210394
8.470000267028809,45,0.04579100385308266,0.02078690007328987,9.808464050292969,14.635048866271973,-11.549910545349121,-88.54943084716797,-0.00653762836009264,-0.005426587071269751,0.004625767003744841,-0.0032478736247867346
8.479999542236328,45,0.043873582035303116,0.029447760432958603,9.810393333435059,14.682887077331543,-11.590492248535156,-88.4726333618164,-0.005079431459307671,-0.001361963921226561,0.005215155426412821,-0.0036630036775022745
8.489999771118164,45,0.043873582035303116,0.03128139302134514,9.804271697998047,14.607626914978027,-11.501458168029785,-88.29222869873047,-0.0014212105888873339,-0.001110395765863359,0.009198318235576153,-0.003554592141881585
8.5,45,0.03764978423714638,0.028191596269607544,9.81009292602539,14.602262496948242,-11.412424087524414,-89.49433898925781,0.004233383107930422,0.002298652660101652,0.004605401773005724,-0.003248256631195545
8.510000228881836,45,0.03423897549510002,0.017018407583236694,9.805632591247559,14.497309684753418,-11.323390007019043,-88.2727279663086,0.0007428748067468405,0.0011351497378200293,0.0034418990835547447,-0.003554336726665497
8.520000457763672,46,0.04399871081113815,0.015379181131720543,9.803971290588379,14.736310005187988,-11.526139259338379,-89.23483276367188,-0.0005068799364380538,-0.0033894837833940983,0.00563952699303627,-0.0031397175043821335
8.529999732971191,46,0.03539522364735603,0.010331518016755581,9.808890342712402,14.989510536193848,-11.479400634765625,-89.43891143798828,-0.0027272687293589115,-0.003815951757133007,0.003738989122211933,-0.003248639637604356
8.539999961853027,46,0.03960543870925903,0.003995480947196484,9.789896011352539,15.05009651184082,-11.212297439575195,-88.6935806274414,-0.00008730018453206867,-0.0018291618907824159,0.0014119833940640092,-0.0036630036775022745
8.550000190734863,46,0.03694305941462517,0.006023519206792116,9.802228927612305,14.905194282531738,-11.0554838180542,-87.90143585205078,0.000613496929872781,0.0004978437209501863,0.005594304297119379,-0.003553826129063964
8.5600004196167,46,0.03423897549510002,0.014387593604624271,9.803276062011719,15.220054626464844,-11.678723335266113,-87.79037475585938,0.002346322638913989,-0.003240040037781,0.0053469291888177395,-0.0032490226440131664
8.569999694824219,46,0.03423897549510002,0.006189167033880949,9.818845748901367,15.160414695739746,-11.507722854614258,-87.48118591308594,-0.0017500459216535091,-0.0042400239035487175,0.009443297982215881,-0.0036630036775022745
8.579999923706055,45,0.03423897549510002,0.020838662981987,9.80643367767334,14.986165046691895,-11.416975021362305,-88.39453887939453,-0.0013367552310228348,-0.0015976594295352697,0.011248299852013588,-0.0036630036775022745
8.59000015258789,45,0.030491026118397713,0.019055647775530815,9.800697326660156,15.135990142822266,-11.569559097290039,-89.14043426513672,0.0012894367100670934,-0.002162789460271597,0.009408856742084026,-0.0035533152986317873
8.600000381469727,45,0.025603050366044044,0.020723631605505943,9.81991195678711,15.456151962280273,-11.855667114257812,-88.78543090820312,-0.0006093040574342012,-0.005040849093347788,0.010756543837487698,-0.003249533474445343
8.609999656677246,45,0.020715074613690376,0.013991879299283028,9.797538757324219,14.51157283782959,-11.855667114257812,-88.3412094116211,-0.0036164422053843737,-0.007367854472249746,0.011567850597202778,-0.0036630036775022745
8.619999885559082,44,0.031666968017816544,0.023944564163684845,9.810927391052246,14.680867195129395,-11.769765853881836,-88.53987884521484,-0.0023526116274297237,-0.009694860316812992,0.007591875735670328,-0.0036630036775022745
8.630000114440918,44,0.042300254106521606,0.022496294230222702,9.786847114562988,15.044637680053711,-11.55020523071289,-88.02935028076172,-0.00023045441776048392,-0.00991198793053627,0.0037818155251443386,-0.0036630036775022745
8.640000343322754,44,0.04797489568591118,0.029859580099582672,9.806070327758789,15.148834228515625,-11.506223678588867,-87.30762481689453,-0.001840490847826004,-0.007496933452785015,0.002530263736844063,-0.0035526768770068884
8.649999618530273,43,0.04869088903069496,0.0437084436416626,9.801996231079102,14.995474815368652,-11.56436538696289,-86.7609634399414,-0.002430478110909462,-0.007201939821243286,0.003988760523498058,-0.0031397175043821335
8.65999984741211,43,0.04020557180047035,0.01614300347864628,9.800697326660156,14.999419212341309,-11.320686340332031,-86.54302978515625,-0.003599970368668437,-0.00603843666613102,0.006084263324737549,-0.0031397175043821335
8.670000076293945,42,0.04768294095993042,0.02499711886048317,9.800697326660156,15.104372024536133,-11.676822662353516,-86.43196868896484,-0.000613496929872781,-0.005210957024246454,0.006575719453394413,-0.0031397175043821335
8.680000305175781,43,0.03553888201713562,0.02214544266462326,9.809521675109863,15.209325790405273,-11.315546989440918,-85.60503387451172,-0.000613496929872781,-0.0059563773684203625,0.0038168553728610277,-0.0031397175043821335
8.6899995803833,52,0.025329628959298134,-0.00039994364487938583,9.796944618225098,14.95284366607666,-11.036852836608887,-85.30669403076172,-0.0007365856436081231,-0.0025068987160921097,0.008224689401686192,-0.0031397175043821335
8.699999809265137,42,0.024604368954896927,-0.0022002155892550945,9.795849800109863,14.787177085876465,-11.130598068237305,-84.88284301757812,-0.0042270938865840435,-0.00017989294428844005,0.005897683557122946,-0.0031397175043821335
8.710000038146973,42,0.03379640355706215,0.020616650581359863,9.823601722717285,15.242459297180176,-11.516823768615723,-83.3763198852539,-0.0042944783344864845,-0.00013497007603291422,0.005852760747075081,-0.003250938141718507
8.720000267028809,41,0.024905595928430557,0.0031810447108000517,9.815545082092285,15.137505531311035,-11.427789688110352,-83.15420532226562,-0.0032169281039386988,-0.0012125204084441066,0.0047752102836966515,-0.003551655448973179
8.729999542236328,41,0.02934173122048378,0.01669401302933693,9.815241813659668,15.124756813049316,-11.416975021362305,-83.12722778320312,-0.0030674845911562443,-0.006432260852307081,0.011724182404577732,-0.0031397175043821335
8.739999771118164,40,0.03909914568066597,0.02170601487159729,9.810340881347656,15.26050853729248,-11.186653137207031,-83.48633575439453,-0.00021577964071184397,-0.004645228385925293,0.01226415578275919,-0.0031397175043821335
8.75,40,0.04334527626633644,0.021584080532193184,9.805413246154785,15.165589332580566,-10.97828197479248,-83.67298889160156,-0.0002735804009716958,-0.006477183662354946,0.005778189282864332,-0.0032514489721506834
8.760000228881836,40,0.025618111714720726,0.0171334408223629,9.801309585571289,14.679258346557617,-11.027189254760742,-83.23815155029297,-0.000613496929872781,-0.0066733467392623425,0.0025751865468919277,-0.0035511446185410023
8.770000457763672,40,0.04787062853574753,0.021172260865569115,9.814967155456543,14.364398002624512,-11.294291496276855,-82.3497085571289,-0.001373592298477888,-0.0024694628082215786,0.002931874478235841,-0.0031397175043821335
8.779999732971191,41,0.03527125343680382,0.012149045243859291,9.80900764465332,15.047951698303223,-11.222603797912598,-82.20079040527344,-0.005323512014001608,-0.00570780411362648,0.006185189820826054,-0.0031397175043821335
8.789999961853027,41,0.0474465936422348,0.01297268457710743,9.79308795928955,15.02750301361084,-11.197628021240234,-83.28826904296875,-0.003543667495250702,-0.005519128404557705,0.006407408509403467,-0.00325195980258286
8.800000190734863,42,0.032297223806381226,0.021233228966593742,9.813776969909668,14.968557357788086,-11.02394962310791,-83.27244567871094,0.0011831192532554269,-0.0007923416560515761,0.002347277943044901,-0.0035506337881088257
8.8100004196167,51,0.014969762414693832,0.016932131722569466,9.800697326660156,15.09790325164795,-10.827277183532715,-81.74868774414062,0.0008282284252345562,-0.00013497007603291422,0.003260709811002016,-0.0031397175043821335
8.819999694824219,42,0.019357239827513695,0.015065141022205353,9.800697326660156,14.992950439453125,-11.087955474853516,-80.65950775146484,-0.000613496929872781,-0.00013497007603291422,0.008306748233735561,-0.0031397175043821335
8.829999923706055,42,0.04659852385520935,0.00466037355363369,9.801399230957031,14.887996673583984,-11.087955474853516,-80.43739318847656,-0.0002343477390240878,-0.0020307160448282957,0.006031853146851063,-0.003026964608579874
8.84000015258789,43,0.03423897549510002,0.016169460490345955,9.80477237701416,14.78304386138916,-11.158492088317871,-80.03932189941406,0.000613496929872781,-0.005638623144477606,0.0022074179723858833,-0.0027293118182569742
8.850000381469727,43,0.0350777767598629,0.011316203512251377,9.799853324890137,14.736909866333008,-11.197628021240234,-79.84405517578125,-0.0016560073709115386,-0.00305945030413568,0.004844092298299074,-0.0031397175043821335
8.859999656677246,43,0.04087522253394127,0.006462946068495512,9.797679901123047,14.84037971496582,-11.16836929321289,-79.55209350585938,-0.009863419458270073,-0.0010783507023006678,0.0022655182983726263,-0.0030265813693404198
8.869999885559082,43,0.04869088903069496,0.005502417683601379,9.805545806884766,15.094274520874023,-11.07071590423584,-78.52388000488281,-0.006122540682554245,-0.006144754122942686,0.009784112684428692,-0.002729694824665785
8.880000114440918,43,0.04448762536048889,0.016932131722569466,9.807661056518555,14.779415130615234,-10.892646789550781,-76.19171905517578,-0.0006751910550519824,-0.004919557366520166,0.011555871926248074,-0.0031397175043821335
8.890000343322754,43,0.030543159693479538,0.018045654520392418,9.809598922729492,15.00926399230957,-10.637563705444336,-75.87688446044922,-0.0018386939773336053,-0.0025925515219569206,0.003411351703107357,-0.003026198362931609
8.899999618530273,43,0.03423897549510002,0.02289891242980957,9.798199653625488,14.99184513092041,-10.65234088897705,-75.17369079589844,0.0016446270747110248,-0.00026554593932814896,0.0022370670922100544,-0.002730078063905239
8.90999984741211,43,0.032976143062114716,0.025244440883398056,9.812463760375977,14.908318519592285,-10.758935928344727,-74.06314086914062,-0.0058470130898058414,-0.0023313998244702816,0.007662853691726923,-0.0031397175043821335
8.920000076293945,42,0.03075517900288105,0.02171521820127964,9.804421424865723,14.959879875183105,-10.758935928344727,-73.02791595458984,-0.005713742692023516,-0.004658405669033527,0.0010636813240125775,-0.0030258153565227985
8.930000305175781,42,0.03423897549510002,0.023109422996640205,9.826764106750488,14.749974250793457,-10.758935928344727,-72.36158752441406,-0.006492705550044775,0.0007844519568607211,-0.0002822086098603904,-0.002616431098431349
8.9399995803833,42,0.03718867525458336,0.023569555953145027,9.797333717346191,14.736909866333008,-10.591949462890625,-70.44552612304688,-0.003117498941719532,0.002319017658010125,-0.0020976923406124115,-0.002616431098431349
8.949999809265137,42,0.03923701494932175,0.02000122144818306,9.803808212280273,14.811001777648926,-10.665297508239746,-69.15213012695312,0.0006922617321833968,-0.0002137349365511909,0.004017810337245464,-0.002616431098431349
8.960000038146973,41,0.032654061913490295,0.028103020042181015,9.810393333435059,14.766666412353516,-10.547861099243164,-68.46857452392578,-0.0036248276010155678,-0.001361963921226561,0.011764314025640488,-0.002616431098431349
8.970000267028809,40,0.03736941143870354,0.026256736367940903,9.806998252868652,14.683927536010742,-10.296873092651367,-67.7855453491211,-0.006748466286808252,-0.004231038969010115,0.010138104669749737,-0.0025018902961164713
8.979999542236328,40,0.035996515303850174,0.016932131722569466,9.811309814453125,14.994370460510254,-10.646451950073242,-66.00164794921875,-0.005440910812467337,-0.0062699392437934875,0.007079754490405321,-0.0020931449253112078
8.989999771118164,38,0.03905627876520157,0.01330167893320322,9.820587158203125,14.889416694641113,-10.379348754882812,-63.558433532714844,-0.00783619936555624,-0.003318505361676216,0.007079754490405321,-0.0020931449253112078
9,37,0.04095516353845596,0.011136751621961594,9.811278343200684,14.539278030395508,-10.458907127380371,-61.63410186767578,-0.008495667017996311,-0.0022421530447900295,0.007079754490405321,-0.002208068734034896
9.010000228881836,37,0.0419040247797966,0.013020997866988182,9.818107604980469,14.349061965942383,-10.4422025680542,-60.343109130859375,-0.005684392526745796,-0.003189726499840617,0.0056898402981460094,-0.002616431098431349
9.020000457763672,36,0.03293559327721596,0.011417432688176632,9.815241813659668,14.415202140808105,-10.376351356506348,-59.349693298339844,-0.006776018999516964,-0.00013497007603291422,0.004998027812689543,-0.002501252107322216
9.029999732971191,36,0.028826171532273293,0.016932131722569466,9.810993194580078,14.590145111083984,-10.539588928222656,-58.11883544921875,-0.0042944783344864845,0.0002013526245718822,0.006961457431316376,-0.0022084517404437065
9.039999961853027,36,0.0364205464720726,0.012599974870681763,9.8099365234375,14.38023853302002,-10.539588928222656,-56.78617477416992,-0.005112973507493734,0.0013648554449900985,0.003944436553865671,-0.002500996459275484
9.050000190734863,37,0.03905627876520157,0.014074703678488731,9.808441162109375,14.080967903137207,-10.312158584594727,-54.129661560058594,-0.0077661192044615746,0.0004349517694208771,0.006690123584121466,-0.0019775826949626207
9.0600004196167,38,0.029764607548713684,0.024021636694669724,9.798359870910645,14.221357345581055,-9.989885330200195,-52.20566177368164,-0.006165067665278912,-0.009307325817644596,0.010469037108123302,-0.0015698587521910667
9.069999694824219,40,0.029361426830291748,0.02174512669444084,9.812711715698242,14.6004638671875,-9.875473976135254,-50.74378204345703,-0.0013463390059769154,-0.013055392540991306,0.008389106951653957,-0.001685676397755742
9.079999923706055,40,0.03905627876520157,0.019378891214728355,9.827305793762207,14.882569313049316,-10.100896835327148,-48.8873291015625,0.005483737215399742,-0.005005210172384977,0.009571477770805359,-0.00197719968855381
9.09000015258789,42,0.03905627876520157,0.02423214726150036,9.81728458404541,14.987523078918457,-10.100896835327148,-45.99989700317383,0.0031567313708364964,-0.0026782045606523752,0.011898484081029892,-0.0015698587521910667
9.100000381469727,42,0.041661884635686874,0.026498304679989815,9.80514907836914,14.60746955871582,-10.018608093261719,-41.9834098815918,0.005305243656039238,0.0018865599995478988,0.010868851095438004,-0.0014536581002175808
9.109999656677246,42,0.038521021604537964,0.021183764562010765,9.811470985412598,14.841705322265625,-10.484417915344238,-39.48920822143555,0.0034106955863535404,-0.0019025360234081745,0.0002068518369924277,-0.0010465724626556039
9.119999885559082,43,0.04247983172535896,0.016932131722569466,9.803503036499023,14.883042335510254,-10.745577812194824,-36.94502258300781,0.00009179247717838734,-0.006556547712534666,0.007417874410748482,-0.0009301163372583687
9.130000114440918,43,0.03178514167666435,0.016932131722569466,9.816521644592285,14.38228988647461,-10.682188034057617,-33.57854080200195,-0.004327122587710619,-0.008425339125096798,0.004891710821539164,-0.0006398700061254203
9.140000343322754,44,0.02267536148428917,0.022667694836854935,9.814287185668945,13.962477684020996,-11.305427551269531,-30.468994140625,-0.00292672635987401,-0.007859012112021446,0.0033987730275839567,-0.0008131494978442788
9.149999618530273,44,0.03644024580717087,0.01768445037305355,9.80963134765625,14.379765510559082,-11.484834671020508,-27.913055419921875,0.0013652065536007285,-0.0018869625637307763,0.0042001972906291485,-0.00011683916818583384
9.15999984741211,44,0.02872537635266781,0.00914092268794775,9.827437400817871,14.478344917297363,-11.935412406921387,-23.914167404174805,0.0008536846726201475,-0.0003838428820017725,0.006101633422076702,-0.00040631936280988157
9.170000076293945,44,0.03218831866979599,0.0166008360683918,9.8190336227417,14.198448181152344,-12.042221069335938,-20.06429672241211,-0.000613496929872781,-0.004059733357280493,0.009103082120418549,-0.00011709455429809168
9.180000305175781,44,0.035885293036699295,0.018566755577921867,9.81677532196045,13.768631935119629,-11.9362154006958,-16.69915008544922,-0.0012244483223184943,-0.002604231471195817,0.00892788264900446,-0.0006405084859579802
9.1899995803833,44,0.030997317284345627,0.01371349859982729,9.810302734375,13.55140495300293,-12.22815990447998,-13.186721801757812,-0.0023879511281847954,-0.0005503571010194719,0.004889913368970156,-0.0010465724626556039
9.199999809265137,44,0.03273400291800499,0.01872665248811245,9.812212944030762,13.23654556274414,-12.851399421691895,-8.744513511657715,-0.002583515364676714,-0.002588957780972123,0.006527502555400133,-0.0009290947928093374
9.210000038146973,44,0.03423897549510002,0.011638296768069267,9.815241813659668,13.18552017211914,-13.474637985229492,-3.0925514698028564,-0.0031019255984574556,-0.0030094359535723925,0.01153281144797802,-0.0005232862313278019
9.220000267028809,44,0.027331626042723656,0.02108253538608551,9.818717002868652,12.93105697631836,-13.666144371032715,1.177831768989563,-0.005164485424757004,-0.003101977286860347,0.007949761115014553,-0.0005232862313278019
9.229999542236328,44,0.035177409648895264,0.0229989904910326,9.805902481079102,12.118379592895508,-13.677093505859375,4.481573581695557,-0.0042944783344864845,-0.0016554601024836302,0.007079754490405321,-0.0005232862313278019
9.239999771118164,44,0.04265129938721657,0.018145734444260597,9.793461799621582,10.768692016601562,-13.880538940429688,8.209168434143066,-0.004064473323523998,-0.0018989421660080552,0.007999774999916553,-0.0004052978183608502
9.25,44,0.047539278864860535,0.020571786910295486,9.813136100769043,10.138972282409668,-14.236675262451172,13.650874137878418,-0.0027344562113285065,-0.00007357552385656163,0.011321674101054668,-0.00011811609874712303
9.260000228881836,44,0.04869088903069496,0.014295567758381367,9.801288604736328,9.413671493530273,-14.592811584472656,17.373226165771484,-0.000613496929872781,-0.007187863811850548,0.00697673112154007,-0.0004050424322485924
9.270000457763672,43,0.04107681289315224,0.008369049057364464,9.799680709838867,8.037729263305664,-14.707169532775879,21.907123565673828,-0.0006530290702357888,-0.003815951757133007,0.005892293062061071,0
9.279999732971191,43,0.0545671172440052,0.011216124519705772,9.80459976196289,6.546168804168701,-14.587752342224121,26.90460777282715,-0.0018165319925174117,-0.003815951757133007,0.007055795751512051,0
9.289999961853027,43,0.03858358785510063,0.016069382429122925,9.813492774963379,5.4222917556762695,-14.454816818237305,32.06944274902344,-0.001840490847826004,-0.003815951757133007,0.009358842857182026,0.00011862687097163871
9.300000190734863,42,0.03423897549510002,0.008951118215918541,9.823330879211426,4.792572021484375,-14.810954093933105,37.84431076049805,-0.0029165437445044518,-0.0005877927760593593,0.009533742442727089,0.0006420408026315272
9.3100004196167,42,0.030149249359965324,0.015487313270568848,9.812589645385742,3.646763801574707,-14.116348266601562,41.65324783325195,0.000982763129286468,-0.00013497007603291422,0.012571427971124649,0.0011654547415673733
9.319999694824219,42,0.01694047823548317,0.004539588466286659,9.814580917358398,2.650054931640625,-14.07330322265625,46.597774505615234,0.0027895616367459297,-0.002033111872151494,0.010367510840296745,0.0016888687387108803
9.329999923706055,42,0.014969762414693832,0.0025828713551163673,9.815241813659668,1.5963568687438965,-14.06623649597168,51.81296157836914,-0.0022459945175796747,-0.002588957780972123,0.007762582506984472,0.0020931449253112078
9.34000015258789,40,0.027874991297721863,0.011125247925519943,9.819570541381836,0.4721010625362396,-13.862523078918457,57.17740249633789,-0.0026503007393330336,-0.0017668688669800758,0.009546021930873394,0.0023316754959523678
9.350000381469727,40,0.02067684195935726,0.029514480382204056,9.798088073730469,-0.5361256003379822,-13.590415000915527,63.21808624267578,-0.00032329512760043144,-0.0028791597578674555,0.010002139024436474,0.0032591104973107576
9.359999656677246,39,0.01090088952332735,0.013635275885462761,9.800320625305176,-0.8509854078292847,-13.234277725219727,69.9924545288086,-0.0014718235470354557,-0.002425737911835313,0.008143528364598751,0.0037825244944542646
9.369999885559082,37,0.02820749767124653,0.025594143196940422,9.814325332641602,-1.5119448900222778,-12.804740905761719,76.67526245117188,-0.001804252970032394,0.0005328836268745363,0.007711370475590229,0.0044255866669118404
9.380000114440918,36,0.029421672224998474,0.021946435794234276,9.79678726196289,-2.371009111404419,-12.306807518005371,83.79925537109375,0.0005227526999078691,0.002887142589315772,0.006034248974174261,0.0054724146611988544
9.390000343322754,34,0.038731880486011505,0.026337258517742157,9.809904098510742,-2.974790096282959,-11.836848258972168,91.961181640625,-0.00017804432718548924,0.004050645511597395,0.0059219421818852425,0.006399338599294424
9.399999618530273,32,0.02487894892692566,0.04057493805885315,9.781858444213867,-3.1101627349853516,-11.51516342163086,101.38654327392578,-0.003949770238250494,0.0008027202566154301,0.009533742442727089,0.006922752130776644
9.40999984741211,29,0.043740347027778625,0.012273280881345272,9.824398040771484,-4.159695148468018,-11.426130294799805,110.7151870727539,-0.0043885172344744205,-0.005136983934789896,0.009533742442727089,0.007566325832158327
9.420000076293945,24,0.039417751133441925,0.012268680147826672,9.791122436523438,-4.173453330993652,-11.177337646484375,120.84090423583984,-0.0012121694162487984,-0.003845600876957178,0.009219581261277199,0.008613153360784054
9.430000305175781,48,0.052743539214134216,0.016742326319217682,9.796619415283203,-4.906485557556152,-11.147194862365723,131.4274444580078,0.00011215748236281797,-0.0064942543394863605,0.008056078106164932,0.009659981355071068
9.4399995803833,24,0.03423897549510002,0.011629094369709492,9.813924789428711,-5.560439586639404,-11.197628021240234,143.40350341796875,-0.0014661333989351988,-0.0033376726787537336,0.00689257588237524,0.010706809349358082
9.449999809265137,30,0.033906467258930206,0.0025828713551163673,9.79267406463623,-5.814523696899414,-11.323362350463867,156.504150390625,0.00011874617484863847,-0.007373245898634195,0.006100136321038008,0.011753637343645096
9.460000038146973,32,0.02982485108077526,0.0033835035283118486,9.811590194702148,-7.073962688446045,-11.946601867675781,167.831787109375,-0.00417408486828208,-0.0062699392437934875,0.008306748233735561,0.012679667212069035
9.470000267028809,35,0.035186681896448135,0.012149045243859291,9.777331352233887,-8.129806518554688,-12.656198501586914,182.49862670898438,-0.0018470794893801212,-0.0062699392437934875,0.008306748233735561,0.01344493217766285
9.479999542236328,36,0.0416954830288887,0.012689702212810516,9.825950622558594,-8.869465827941895,-13.302753448486328,198.4165802001953,0.002800343092530966,-0.009750564582645893,0.009466957300901413,0.014773068018257618
9.489999771118164,38,0.024604368954896927,0.016321303322911263,9.798945426940918,-9.818020820617676,-14.331706047058105,214.79791259765625,0.0019707672763615847,-0.006660768296569586,0.009533742442727089,0.015175300650298595
9.5,39,0.024604368954896927,0.012149045243859291,9.818708419799805,-11.135080337524414,-15.902894020080566,231.8133087158203,-0.0012591886334121227,-0.00110380700789392,0.011600196361541748,0.015053992159664631
9.510000228881836,40,0.023847827687859535,0.014402548782527447,9.807348251342773,-12.604425430297852,-17.895856857299805,250.38796997070312,0.003008186351507902,-0.0030441766139119864,0.006169317755848169,0.014530578628182411
9.520000457763672,47,0.02309592068195343,0.025676965713500977,9.793498992919922,-14.073771476745605,-20.655916213989258,269.60052490234375,0.0015757451765239239,-0.0010972183663398027,0.001000789343379438,0.0141287287697196
9.529999732971191,42,0.03995416685938835,0.01904069259762764,9.806449890136719,-16.479272842407227,-23.415973663330078,288.27276611328125,-0.0002292564749950543,-0.00013497007603291422,0.008145325817167759,0.01400703750550747
9.539999961853027,42,0.043873582035303116,0.011212673038244247,9.816241264343262,-19.042327880859375,-26.227590560913086,305.8543395996094,0.001724290195852518,0.000644292333163321,0.008870680816471577,0.013727261684834957
9.550000190734863,42,0.04283434897661209,0.026498304679989815,9.83111572265625,-21.77988624572754,-29.293113708496094,323.1975402832031,0.0030674845911562443,-0.0017710616812109947,0.008511297404766083,0.014250675216317177
9.5600004196167,43,0.03794637322425842,0.02319224737584591,9.800697326660156,-24.85578155517578,-32.652374267578125,341.2182312011719,-0.0028030388057231903,-0.005772792734205723,0.010186023078858852,0.014774089679121971
9.569999694824219,43,0.03541954979300499,0.010976854711771011,9.801885604858398,-27.374658584594727,-35.145328521728516,357.7654724121094,-0.009153038263320923,-0.0045529864728450775,0.007228000555187464,0.015175300650298595
9.579999923706055,44,0.03780503198504448,0.006123598199337721,9.800508499145508,-31.284656524658203,-37.71696090698242,377.1585693359375,-0.008328254334628582,-0.001361963921226561,0.006550563033670187,0.015052971430122852
9.59000015258789,44,0.03556089475750923,0.006520463153719902,9.788814544677734,-35.03577423095703,-39.95073699951172,396.4196472167969,-0.005521472543478012,-0.001361963921226561,0.010298929177224636,0.014529556967318058
9.600000381469727,45,0.0404488705098629,0.01416673045605421,9.800053596496582,-38.73643112182617,-41.9985237121582,414.8970031738281,-0.003928207326680422,0.00023130123736336827,0.006745528429746628,0.014006143435835838
9.609999656677246,45,0.042410317808389664,0.007365958299487829,9.810393333435059,-42.81724166870117,-44.04631042480469,433.18841552734375,-0.0016179727390408516,0.0025415357667952776,0.0022840863093733788,0.013850868679583073
9.619999885559082,45,0.04059021547436714,0.008888999931514263,9.807306289672852,-47.75004577636719,-46.09409713745117,453.7336120605469,-0.0032091413158923388,-0.0012203070800751448,0.005852760747075081,0.015020537190139294
9.630000114440918,46,0.039059754461050034,0.015335469506680965,9.8055419921875,-52.883602142333984,-49.07855987548828,472.68560791015625,0.0008213401888497174,-0.004627258982509375,0.006060604006052017,0.01671374775469303
9.640000343322754,46,0.032772235572338104,0.02005183696746826,9.815241813659668,-58.330509185791016,-52.1057243347168,492.2892150878906,0.0012630820274353027,-0.002588957780972123,0.007801515515893698,0.018930500373244286
9.649999618530273,46,0.03381841629743576,0.018665684387087822,9.811727523803711,-63.479278564453125,-55.26450729370117,512.00390625,-0.0029057622887194157,-0.0023463740944862366,0.012729557231068611,0.021424345672130585
9.65999984741211,46,0.02823762223124504,0.023518940433859825,9.812858581542969,-68.28434753417969,-58.76789093017578,532.187255859375,-0.0005440161912702024,0.001092023798264563,0.005852760747075081,0.023764703422784805
9.670000076293945,46,0.03235167637467384,0.024624411016702652,9.813541412353516,-73.33128356933594,-62.86086654663086,554.263671875,0.004109994973987341,0.001092023798264563,0.005852760747075081,0.026781708002090454
9.680000305175781,46,0.03333761543035507,0.015883026644587517,9.803731918334961,-78.68389892578125,-66.8674087524414,579.2510375976562,-0.0024098134599626064,-0.004494885914027691,0.009204907342791557,0.029398778453469276
9.6899995803833,46,0.03905627876520157,0.005351724568754435,9.807075500488281,-83.61808776855469,-71.08692169189453,605.301025390625,-0.0009597025928087533,-0.005042945500463247,0.014803198166191578,0.031892113387584686
9.699999809265137,47,0.04325491189956665,0.00675168028101325,9.806412696838379,-89.03949737548828,-74.90738677978516,634.070556640625,-0.000613496929872781,0.0008994545205496252,0.010716712102293968,0.034233491867780685
9.710000038146973,47,0.05086087808012962,0.012149045243859291,9.81790542602539,-94.95191192626953,-78.49857330322266,664.9442138671875,-0.0015404060250148177,-0.0032424363307654858,0.006753015331923962,0.037249986082315445
9.720000267028809,47,0.04902686923742294,0.009924300014972687,9.808476448059082,-100.8914566040039,-82.39056396484375,696.657958984375,-0.0001136549690272659,-0.005042945500463247,0.0032625067979097366,0.03999117389321327
9.729999542236328,47,0.043873582035303116,0.007365958299487829,9.800697326660156,-106.4539794921875,-86.84226989746094,731.8624267578125,0.0014134239172562957,-0.0010433109709993005,-0.0034277092199772596,0.04300741106271744
9.739999771118164,47,0.043873582035303116,0.01682629995048046,9.793505668640137,-112.9297103881836,-92.68843841552734,768.7096557617188,0.0033133625984191895,-0.00038084801053628325,0.0038929253350943327,0.04562448337674141
9.75,48,0.04142090678215027,0.019192537292838097,9.803431510925293,-119.74274444580078,-99.53839111328125,808.0704956054688,0.001602698815986514,-0.001361963921226561,0.008068956434726715,0.048117052763700485
9.760000228881836,48,0.03905627876520157,0.014654471538960934,9.812471389770508,-127.0109634399414,-107.63541412353516,850.341796875,-0.00000404306001655641,-0.001361963921226561,0.005852760747075081,0.050833847373723984
9.770000457763672,48,0.041650302708148956,0.009205342270433903,9.81076717376709,-135.10751342773438,-117.31489562988281,895.4515991210938,-0.0010243916185572743,-0.0051837037317454815,0.005852760747075081,0.055669330060482025
9.779999732971191,48,0.0385441929101944,0.005228638648986816,9.801833152770996,-144.76321411132812,-128.97836303710938,942.7611694335938,-0.0006551254773512483,-0.008985977619886398,0.0068177045322954655,0.060653701424598694
9.789999961853027,48,0.02876824326813221,0.010081895627081394,9.807518005371094,-155.3095245361328,-143.24423217773438,994.0496826171875,0.0018105421913787723,-0.007915914058685303,0.007887767627835274,0.06471599638462067
9.800000190734863,48,0.018992291763424873,0.012149045243859291,9.805970191955566,-167.3277587890625,-160.0102081298828,1047.3955078125,-0.0009689867729321122,-0.009434906765818596,0.0067242649383842945,0.06800448149442673
9.8100004196167,48,0.017846472561359406,0.01786160096526146,9.801639556884766,-180.52574157714844,-179.13612365722656,1106.74853515625,-0.0027164872735738754,-0.00884192530065775,0.005852760747075081,0.06984760612249374
9.819999694824219,48,0.022734448313713074,0.018788769841194153,9.796647071838379,-195.3924102783203,-199.681884765625,1172.898681640625,-0.00529296463355422,-0.0015904717147350311,0.006081268656998873,0.06976588070392609
9.829999923706055,48,0.027622424066066742,0.010938894003629684,9.806187629699707,-213.37551879882812,-219.9093475341797,1242.4053955078125,-0.004129461478441954,-0.0024239409249275923,0.006749721243977547,0.06509780138731003
9.84000015258789,48,0.029421672224998474,0.019633114337921143,9.802807807922363,-233.63150024414062,-241.1885223388672,1318.0340576171875,-0.0032705359626561403,-0.001666541094891727,0.004930343944579363,0.05674399808049202
9.850000381469727,48,0.03258107230067253,0.02022438496351242,9.814927101135254,-256.35540771484375,-262.328125,1395.4906005859375,-0.005331298802047968,-0.00496687600389123,0.008306748233735561,0.046673353761434555
9.859999656677246,48,0.031008902937173843,0.01372500229626894,9.815185546875,-280.86077880859375,-284.5596008300781,1472.225341796875,0.00048621557652950287,-0.0026398703921586275,0.008306748233735561,0.037967748939991
9.869999885559082,48,0.029421672224998474,0.01542634516954422,9.813714981079102,-307.30126953125,-308.9058837890625,1546.1868896484375,-0.0016625961288809776,-0.004865050781518221,-0.003073717001825571,0.034323133528232574
9.880000114440918,48,0.042907342314720154,0.020279603078961372,9.808456420898438,-336.1205139160156,-336.1640930175781,1615.9615478515625,0.000308620190480724,0.0024789427407085896,-0.00181407923810184,0.02921515516936779
9.890000343322754,48,0.04524879530072212,0.025132859125733376,9.812474250793457,-366.6618957519531,-367.2370300292969,1681.4840087890625,-0.00039756757905706763,0.0005128180491738021,0.004557184875011444,0.024757007136940956
9.899999618530273,48,0.022797010838985443,0.016034871339797974,9.81877613067627,-398.1922302246094,-400.2165832519531,1744.818603515625,-0.0015610705595463514,-0.0029776906594634056,0.005852760747075081,0.021219527348876
9.90999984741211,48,0.03288693353533745,0.00859106332063675,9.81287670135498,-430.34710693359375,-432.7922058105469,1805.3585205078125,-0.001840490847826004,-0.003815951757133007,0.004084595944732428,0.018079042434692383
9.920000076293945,48,0.035402171313762665,0.010994110256433487,9.817748069763184,-461.8290710449219,-463.11419677734375,1863.130615234375,-0.0001993079495150596,-0.005457134451717138,0.0033987730275839567,0.015318572521209717
9.930000305175781,48,0.037963755428791046,0.01584736816585064,9.801346778869629,-491.1353454589844,-489.8366394042969,1917.3590087890625,-0.0009007039479911327,-0.00399863813072443,0.006427174434065819,0.015650318935513496
9.9399995803833,48,0.03526082634925842,0.013163639232516289,9.818767547607422,-516.7439575195312,-512.4512939453125,1963.6690673828125,0.0002403374674031511,-0.002588957780972123,0.01108118612319231,0.024723676964640617
9.949999809265137,47,0.041971221566200256,0.012149045243859291,9.817155838012695,-537.4756469726562,-528.9429931640625,2000.7935791015625,0.0012103724293410778,-0.001958839362487197,0.011324368417263031,0.04366324469447136
9.960000038146973,47,0.03993678465485573,0.019966712221503258,9.811279296875,-555.3474731445312,-541.615478515625,2035.282958984375,-0.0027862675487995148,-0.0007953365566208959,0.007267232984304428,0.06617004424333572
9.970000267028809,47,0.03504880890250206,0.017736215144395828,9.802327156066895,-570.3803100585938,-551.05078125,2072.242919921875,-0.007754738908261061,-0.0031537883915007114,0.006638312246650457,0.08867684006690979
9.979999542236328,47,0.03423897549510002,0.01288295816630125,9.800697326660156,-582.1915893554688,-558.253173828125,2115.39013671875,-0.006124936509877443,-0.007496933452785015,0.008654451929032803,0.11016414314508438
9.989999771118164,47,0.038387786597013474,0.01626838929951191,9.8048734664917,-590.0515747070312,-564.8450317382812,2166.392578125,-0.00136580562684685,-0.0052400073036551476,0.008208218030631542,0.12759067118167877
10,47,0.034836795181035995,0.008553102612495422,9.801299095153809,-592.4655151367188,-573.0361938476562,2230.8046875,-0.004005474504083395,-0.00044763338519260287,0.010448073036968708,0.14224624633789062
10.010000228881836,46,0.038529131561517715,0.024404697120189667,9.805015563964844,-589.3011474609375,-583.2847900390625,2298.2109375,-0.004755088128149509,-0.0023586531169712543,0.008038708940148354,0.15715748071670532
10.020000457763672,46,0.03033461980521679,0.026498304679989815,9.796768188476562,-581.0258178710938,-596.4482421875,2366.62939453125,0.002510440768674016,-0.005341533105820417,0.002728822873905301,0.1740114390850067
10.029999732971191,46,0.038284674286842346,0.0176982544362545,9.804769515991211,-567.9290161132812,-612.4578247070312,2435.93359375,-0.00000254559563472867,-0.00025716033997014165,0.00621933164075017,0.19544920325279236
10.039999961853027,46,0.03905627876520157,0.021402327343821526,9.796483993530273,-550.3524169921875,-630.7026977539062,2507.44970703125,0.005051878746598959,-0.0015967609360814095,0.009181546978652477,0.21940863132476807
10.050000190734863,46,0.03905627876520157,0.012634485960006714,9.814257621765137,-529.5716552734375,-652.159912109375,2584.4111328125,-0.004256144165992737,-0.006250772159546614,0.0022005296777933836,0.2385687232017517
10.0600004196167,46,0.04369979724287987,0.016759581863880157,9.80122184753418,-506.7558898925781,-674.6680297851562,2670.64111328125,-0.0008183452300727367,-0.0027938061393797398,0.004489201586693525,0.2469816505908966
10.069999694824219,46,0.043873582035303116,0.016932131722569466,9.810185432434082,-482.34234619140625,-697.154052734375,2763.00927734375,-0.000613496929872781,-0.00477939797565341,0.012292306870222092,0.2480466216802597
10.079999923706055,46,0.039012253284454346,0.01689417101442814,9.829540252685547,-455.8393859863281,-719.8732299804688,2860.796142578125,0.0014499610988423228,-0.006074674427509308,0.011151266284286976,0.24479453265666962
10.09000015258789,46,0.029421672224998474,0.012473439797759056,9.815022468566895,-427.3575744628906,-743.7258911132812,2962.757568359375,0.0008722527418285608,-0.002396987285465002,0.011728974990546703,0.23760361969470978
10.100000381469727,46,0.02906251698732376,0.026676606386899948,9.806268692016602,-399.8598327636719,-770.6141967773438,3064.15087890625,-0.0011959971161559224,-0.0031714581418782473,0.00836874172091484,0.2283262014389038
10.109999656677246,45,0.01953681744635105,0.03028750605881214,9.823930740356445,-374.6689147949219,-805.2487182617188,3157.814697265625,0.002365788910537958,-0.002974695758894086,0.007921010255813599,0.21564219892024994
10.119999885559082,45,0.01593252830207348,0.013423615135252476,9.805222511291504,-352.63336181640625,-847.781494140625,3251.603515625,0.0027389484457671642,0.0005221020546741784,0.005973453633487225,0.1987897902727127
10.130000114440918,45,0.028246890753507614,0.030114954337477684,9.800302505493164,-334.7576599121094,-897.0159912109375,3343.06640625,-0.0010166049469262362,0.002319017658010125,0.005340040661394596,0.1725197285413742
10.140000343322754,45,0.014969762414693832,0.01785009726881981,9.798175811767578,-322.12451171875,-951.838623046875,3430.73046875,-0.004369050730019808,-0.0028872457332909107,0.004551195073872805,0.13538479804992676
10.149999618530273,45,0.01710151694715023,0.026498304679989815,9.820089340209961,-316.0372314453125,-1011.9367065429688,3516.576171875,-0.0025850129313766956,-0.00573505787178874,0.004573356825858355,0.08894550800323486
10.15999984741211,45,0.03423897549510002,0.02529965713620186,9.81948184967041,-318.872802734375,-1073.2669677734375,3600.335693359375,-0.003576910123229027,-0.005387354642152786,0.005852760747075081,0.039212245494127274
10.170000076293945,45,0.03626182675361633,0.015593143180012703,9.813884735107422,-330.3893737792969,-1133.1292724609375,3680.45751953125,-0.00459935562685132,-0.007496933452785015,0.005392450839281082,-0.004774316214025021
10.180000305175781,46,0.050925757735967636,0.008845287375152111,9.804046630859375,-349.78692626953125,-1190.6922607421875,3749.390380859375,0.002273846883326769,-0.007100114598870277,0.004625767003744841,-0.03777007758617401
10.1899995803833,45,0.0631427988409996,0.016932131722569466,9.798312187194824,-376.12872314453125,-1247.3104248046875,3803.97509765625,-0.000053158753871684894,-0.004603300243616104,0.005292422603815794,-0.0583309605717659
10.199999809265137,45,0.062256500124931335,0.012532105669379234,9.810393333435059,-408.2533874511719,-1305.2618408203125,3844.991455078125,-0.0023801643401384354,-0.0009444805909879506,0.008159101940691471,-0.06711088120937347
10.210000038146973,46,0.05545457452535629,-0.00508295139297843,9.807504653930664,-443.72760009765625,-1357.614013671875,3872.977294921875,-0.0034690950997173786,-0.002990568522363901,0.010749655775725842,-0.06515718251466751
10.220000267028809,46,0.041818294674158096,0.004623563028872013,9.801020622253418,-478.6794128417969,-1401.5465087890625,3892.3037109375,0.00018493257812224329,0.0005206046625971794,0.0051971860229969025,-0.05312568321824074
10.229999542236328,46,0.0298457071185112,0.011058528907597065,9.817878723144531,-511.9555969238281,-1434.4888916015625,3905.80126953125,-0.0031468484085053205,-0.003815951757133007,0.009375015273690224,-0.03153776377439499
10.239999771118164,46,0.02081471122801304,0.008526644669473171,9.80568790435791,-542.1024780273438,-1456.4752197265625,3917.345703125,-0.004215114749968052,-0.003800078993663192,0.007048008963465691,-0.003536076517775655
10.25,46,0.03533729165792465,0.017072472721338272,9.795991897583008,-568.1067504882812,-1468.7235107421875,3931.285400390625,0.001602399512194097,-0.002636576071381569,0.004721003584563732,0.027606861665844917
10.260000228881836,46,0.024604368954896927,0.028679337352514267,9.809074401855469,-590.5667114257812,-1470.9493408203125,3952.052734375,-0.0003912782995030284,-0.001473073149099946,0.009089305065572262,0.05547753721475601
10.270000457763672,46,0.024604368954896927,0.023086415603756905,9.80832576751709,-605.1668701171875,-1465.623779296875,3979.9345703125,-0.0027182840276509523,0.0007428231765516102,0.007428955286741257,0.07994569838047028
10.279999732971191,45,0.028959406539797783,0.025056935846805573,9.8123197555542,-614.7639770507812,-1457.8089599609375,4014.916015625,-0.0030674845911562443,-0.000885781308170408,0.007079754490405321,0.10140235722064972
10.289999961853027,45,0.040578629821538925,0.015669064596295357,9.808609962463379,-620.4330444335938,-1450.6959228515625,4057.48974609375,-0.0030674845911562443,-0.004138198681175709,0.002452696906402707,0.11906486004590988
10.300000190734863,45,0.037501487880945206,0.010491413995623589,9.815241813659668,-622.5576171875,-1446.5816650390625,4106.9013671875,-0.005653246305882931,-0.005042945500463247,0.004392467439174652,0.13424117863178253
10.3100004196167,45,0.024604368954896927,0.024846425279974937,9.81859016418457,-620.3535766601562,-1446.4925537109375,4160.541015625,-0.002756319008767605,-0.0034460865426808596,0.005054331384599209,0.1490347981452942
10.319999694824219,45,0.026338737457990646,0.01827112026512623,9.816210746765137,-612.2141723632812,-1450.9178466796875,4212.98974609375,-0.0013484355295076966,-0.00038414227310568094,0.005360705312341452,0.16827674210071564
10.329999923706055,45,0.036641836166381836,0.012149045243859291,9.80251407623291,-600.2566528320312,-1462.40673828125,4262.931640625,-0.0025119383353739977,0.001092023798264563,0.006524208001792431,0.1902601420879364
10.34000015258789,45,0.04306374862790108,0.014011435210704803,9.805545806884766,-583.8656616210938,-1481.851318359375,4308.04248046875,-0.0024595281574875116,-0.00012388908362481743,0.005255885422229767,0.212903693318367
10.350000381469727,45,0.051756445318460464,0.013067010790109634,9.811421394348145,-563.099365234375,-1509.19189453125,4349.97607421875,-0.001840490847826004,-0.002450894797220826,0.0055766343139112,0.23367144167423248
10.359999656677246,45,0.07154353708028793,0.00936868879944086,9.81602954864502,-538.7197265625,-1543.700927734375,4393.6953125,-0.0023214651737362146,-0.004296926315873861,0.006863825023174286,0.2403147965669632
10.369999885559082,45,0.058967337012290955,0.014221945777535439,9.808292388916016,-511.64178466796875,-1588.1290283203125,4441.11572265625,-0.003902451368048787,-0.003790495218709111,0.0067131840623915195,0.23755279183387756
10.380000114440918,45,0.04703298211097717,0.01907520368695259,9.807717323303223,-482.4228210449219,-1638.2237548828125,4450.6572265625,-0.004459495190531015,-0.0027779333759099245,0.008990774862468243,0.2271629273891449
10.390000343322754,45,0.03905627876520157,0.017288735136389732,9.808150291442871,-452.84368896484375,-1682.2108154296875,4451.07275390625,-0.0012594881700351834,-0.005979437846690416,0.004625767003744841,0.19656305015087128
10.399999618530273,45,0.041356027126312256,0.009865633212029934,9.812488555908203,-422.90802001953125,-1708.705078125,4451.07275390625,0.0008405072730965912,-0.004815935157239437,0.005306798033416271,0.13323035836219788
10.40999984741211,45,0.03676232323050499,0.014426705427467823,9.812932968139648,-391.3468933105469,-1708.79345703125,4451.07275390625,0.0015134522691369057,-0.003815951757133007,0.007652671076357365,0.04013751074671745
10.420000076293945,45,0.026980580762028694,0.01929146610200405,9.808002471923828,-353.8785400390625,-1680.302490234375,4451.07275390625,-0.0009135818108916283,-0.003515866817906499,0.0032987447921186686,-0.06389761716127396
10.430000305175781,45,0.027116132900118828,0.016932131722569466,9.802810668945312,-320.51446533203125,-1638.5970458984375,4451.07275390625,-0.004257941152900457,-0.00031765649328008294,0.002427540021017194,-0.1661737710237503
10.4399995803833,45,0.03200410678982735,0.027188505977392197,9.811443328857422,-299.10955810546875,-1602.899658203125,4451.07275390625,-0.0030944382306188345,-0.006135170813649893,0.010572060942649841,-0.25173285603523254
10.449999809265137,45,0.026279650628566742,0.028161687776446342,9.819598197937012,-293.1853332519531,-1582.104736328125,4451.07275390625,0.0014787118416279554,-0.00740648852661252,0.006214539986103773,-0.3074909448623657
10.460000038146973,45,0.030682187527418137,0.027124086394906044,9.815241813659668,-303.56158447265625,-1579.561767578125,4451.07275390625,0.001840490847826004,-0.0042777592316269875,0.0015605284133926034,-0.3416931629180908
10.470000267028809,45,0.027878466993570328,0.02573218382894993,9.820866584777832,-328.33056640625,-1591.67041015625,4451.07275390625,-0.003207344328984618,-0.006844653282314539,0.007002187427133322,-0.3587184548377991
10.479999542236328,46,0.022652192041277885,0.013180894777178764,9.804754257202148,-359.658935546875,-1617.904296875,4451.07275390625,-0.0042944783344864845,-0.008443009108304977,0.008306748233735561,-0.3526726961135864
10.489999771118164,46,0.036347560584545135,0.01319584809243679,9.796910285949707,-387.9566955566406,-1647.692138671875,4344.18408203125,-0.0016467232489958405,-0.004311001393944025,0.004776408430188894,-0.32115638256073
10.5,46,0.043873582035303116,0.00797678530216217,9.803723335266113,-411.8993225097656,-1674.68603515625,4192.1728515625,-0.003070778911933303,0.002325606532394886,0.008313337340950966,-0.2733400762081146
10.510000228881836,45,0.043873582035303116,0.005638157483190298,9.799352645874023,-429.7477722167969,-1692.107421875,4035.26513671875,-0.0042944783344864845,0.0002393872127868235,0.004715912044048309,-0.21944184601306915
10.520000457763672,46,0.043873582035303116,0.016742326319217682,9.81485652923584,-439.069580078125,-1693.04638671875,3880.787841796875,-0.003602366428822279,-0.002588957780972123,-0.0032078868243843317,-0.17005577683448792
10.529999732971191,46,0.05031055957078934,0.02171521820127964,9.80874252319336,-436.0259094238281,-1667.7606201171875,3741.96875,-0.0018102426547557116,-0.002588957780972123,0.0023835161700844765,-0.1356835961341858
10.539999961853027,46,0.0370623916387558,0.015183624811470509,9.810627937316895,-423.5494689941406,-1617.3970947265625,3622.399169921875,0.001647022902034223,-0.002588957780972123,0.00680482666939497,-0.12684519588947296
10.550000190734863,46,0.039501167833805084,0.02215694636106491,9.808479309082031,-400.965087890625,-1547.7012939453125,3516.377197265625,0.00028136686887592077,-0.002588957780972123,0.005683251656591892,-0.14214779436588287
10.5600004196167,45,0.030151566490530968,0.026498304679989815,9.791736602783203,-368.82421875,-1459.385986328125,3417.547119140625,-0.005521472543478012,-0.0034652536269277334,0.009446293115615845,-0.171506866812706
10.569999694824219,45,0.017602017149329185,0.01954568922519684,9.800248146057129,-328.826416015625,-1352.8577880859375,3318.32080078125,-0.004772158805280924,-0.003544317791238427,0.007454411126673222,-0.20498889684677124
10.579999923706055,45,0.0399727039039135,0.02402508817613125,9.798357009887695,-283.4866027832031,-1236.31201171875,3206.599365234375,-0.0033786504063755274,-0.00013497007603291422,0.008306748233735561,-0.23462045192718506
10.59000015258789,44,0.030478281900286674,0.01203171070665121,9.81051254272461,-236.4014892578125,-1118.0518798828125,3078.9375,-0.0042944783344864845,-0.0013733443338423967,0.007811398711055517,-0.2534586191177368
10.600000381469727,44,0.028317561373114586,0.01105277705937624,9.822715759277344,-190.7557830810547,-1000.9223022460938,2937.49853515625,-0.0042944783344864845,-0.006638307124376297,0.006405312102288008,-0.2574205696582794
10.609999656677246,48,0.029421672224998474,0.012149045243859291,9.80589771270752,-148.2488555908203,-888.5492553710938,2782.507568359375,-0.004777249880135059,-0.007758384104818106,0.00989582110196352,-0.2526913285255432
10.619999885559082,42,0.029421672224998474,0.015976205468177795,9.804576873779297,-109.6273193359375,-783.6151733398438,2617.4169921875,-0.008916445076465607,0.0010348219657316804,0.013214724138379097,-0.24600352346897125
10.630000114440918,42,0.02157125249505043,0.0208294615149498,9.81739616394043,-74.3630142211914,-686.5679321289062,2453.05517578125,-0.003098930697888136,-0.0001286808546865359,0.013214724138379097,-0.2382880598306656
10.640000343322754,42,0.043762363493442535,0.009812717325985432,9.812047004699707,-43.575958251953125,-596.86376953125,2291.22021484375,-0.0019102710066363215,-0.00476382439956069,0.005114228930324316,-0.23055267333984375
10.649999618530273,42,0.040557775646448135,0.011403629556298256,9.798116683959961,-16.567310333251953,-514.5765380859375,2134.6142578125,0.00034695438807830215,-0.003949223086237907,0.004625767003744841,-0.2217906266450882
10.65999984741211,42,0.043193504214286804,0.012149045243859291,9.812503814697266,5.228604793548584,-441.1065673828125,1986.1575927734375,-0.0004167346633039415,-0.0027857201639562845,0.01080715749412775,-0.2130076289176941
10.670000076293945,42,0.03966568410396576,0.016327057033777237,9.819476127624512,21.587366104125977,-376.8296203613281,1845.406982421875,0.001319984206929803,-0.0006554765859618783,0.0032870646100491285,-0.20292651653289795
10.680000305175781,42,0.03477770835161209,0.02118031308054924,9.807171821594238,33.77327346801758,-320.92279052734375,1708.35009765625,-0.0008692579576745629,-0.00013497007603291422,0.006364282686263323,-0.1919127255678177
10.6899995803833,41,0.03423897549510002,0.02171521820127964,9.796792030334473,41.53981399536133,-273.73468017578125,1581.080810546875,-0.004359766375273466,-0.004333762917667627,0.0049477145075798035,-0.17880479991436005
10.699999809265137,40,0.03423897549510002,0.03049226477742195,9.80919361114502,46.32550811767578,-232.72789001464844,1458.4552001953125,-0.000863867171574384,-0.0039411368779838085,0.004951308015733957,-0.16401256620883942
10.710000038146973,37,0.03872956335544586,0.02682269923388958,9.801355361938477,49.2027587890625,-197.49185180664062,1341.526611328125,0.001127714291214943,-0.00045062816934660077,0.00300165475346148,-0.14869679510593414
10.720000267028809,34,0.03449501842260361,0.01744057983160019,9.8098783493042,50.582298278808594,-167.52711486816406,1231.065673828125,0.001262782490812242,-0.0021544035989791155,0.0015940706944093108,-0.13367882370948792
10.729999542236328,29,0.04813477769494057,0.007734064944088459,9.815054893493652,50.64799499511719,-142.19839477539062,1127.473388671875,0.001840490847826004,-0.006214534398168325,0.00392916239798069,-0.12114153802394867
10.739999771118164,27,0.020475251600146294,0.016704365611076355,9.810508728027344,50.333133697509766,-121.63150024414062,1031.6326904296875,0.0013181873364374042,-0.005930022802203894,0.004808153957128525,-0.11042413115501404
10.75,30,0.019840359687805176,0.0027404672000557184,9.786456108093262,49.475650787353516,-103.97998046875,943.9262084960938,0.0010723094455897808,-0.003815951757133007,0.004316397942602634,-0.10102833807468414
10.760000228881836,34,0.029518991708755493,0.007559214252978563,9.801088333129883,48.002201080322266,-88.87139129638672,863.2613525390625,0.001840490847826004,-0.001839344622567296,0.006643403321504593,-0.09317713230848312
10.770000457763672,36,0.03440696746110916,0.01709892973303795,9.818737030029297,46.30155563354492,-75.58458709716797,789.0615234375,0.0008449995657429099,0.0009916960261762142,0.009302239865064621,-0.08560096472501755
10.779999732971191,38,0.03905627876520157,0.0219521876424551,9.782266616821289,44.57020568847656,-63.564117431640625,720.5565185546875,-0.001840490847826004,-0.0028572971932590008,0.011182712391018867,-0.07852128148078918
10.789999961853027,39,0.03905627876520157,0.025576887652277946,9.800697326660156,42.051326751708984,-53.32518768310547,657.1439819335938,-0.002455035923048854,-0.0044304970651865005,0.008716445416212082,-0.0709456354379654
10.800000190734863,40,0.03829625993967056,0.012526354752480984,9.801079750061035,39.8266716003418,-44.16783905029297,598.4013671875,-0.005238757934421301,-0.006366074550896883,0.010619379580020905,-0.06427916884422302
10.8100004196167,42,0.030323034152388573,0.01648465171456337,9.805545806884766,38.4338493347168,-36.40010452270508,542.6394653320312,-0.002833885606378317,0.0023968839086592197,0.009300143457949162,-0.0581362321972847
10.819999694824219,52,0.03801357001066208,0.01370199490338564,9.803972244262695,37.18665313720703,-29.649463653564453,490.4579162597656,0.000613496929872781,0.003531636204570532,0.0058240098878741264,-0.052793171256780624
10.829999923706055,43,0.032381799072027206,0.025910483673214912,9.796363830566406,35.99325942993164,-23.75757598876953,442.2328796386719,0.000613496929872781,0.002368133282288909,0.003497004508972168,-0.04860585927963257
10.84000015258789,44,0.052182793617248535,0.02171521820127964,9.828631401062012,35.67461395263672,-18.958084106445312,397.833251953125,0.000613496929872781,-0.004367305431514978,0.0033987730275839567,-0.04441854730248451
10.850000381469727,45,0.0424068421125412,0.0224433783441782,9.795430183410645,34.83498764038086,-15.307682037353516,356.5207214355469,0.0027152891270816326,-0.0018902570009231567,0.005500565283000469,-0.04050832986831665
10.859999656677246,46,0.03423897549510002,0.02490164153277874,9.816853523254395,33.995361328125,-12.209582328796387,318.8249206542969,-0.0018695408944040537,0.0025876564905047417,0.008814976550638676,-0.03722917288541794
10.869999885559082,47,0.036863118410110474,0.01780063286423683,9.800697326660156,33.269840240478516,-9.900636672973633,283.62554931640625,-0.002143570687621832,-0.00014964475121814758,0.007685914169996977,-0.033565275371074677
10.880000114440918,47,0.04680011421442032,0.020776547491550446,9.802599906921387,32.60739517211914,-8.31427001953125,250.7506561279297,-0.001840490847826004,-0.003943233285099268,0.00621933164075017,-0.030040306970477104
10.890000343322754,48,0.03600810095667839,0.016932131722569466,9.809370994567871,31.872722625732422,-7.14970588684082,220.62350463867188,-0.002637422876432538,-0.005839877296239138,0.007446624804288149,-0.027038881555199623
10.899999618530273,48,0.024604368954896927,0.018011143431067467,9.805545806884766,31.13804817199707,-5.90322732925415,193.9702606201172,-0.0030674845911562443,-0.0077368211932480335,0.009040189906954765,-0.024560997262597084
10.90999984741211,48,0.02807657979428768,0.02286440134048462,9.803215980529785,30.670429229736328,-5.109843730926514,168.54151916503906,-0.0010576345957815647,-0.0080539770424366,0.007523892447352409,-0.022467341274023056
10.920000076293945,48,0.034143973141908646,0.026498304679989815,9.800793647766113,30.056550979614258,-4.1231865882873535,145.2485809326172,0.0012199559714645147,-0.0068904743529856205,0.004033383447676897,-0.020513126626610756
10.930000305175781,48,0.022384563460946083,0.023919256404042244,9.811320304870605,29.32187843322754,-3.1711690425872803,123.78917694091797,0.001840490847826004,-0.0035550992470234632,0.002171779051423073,-0.018942885100841522
10.9399995803833,48,0.03626877814531326,0.016932131722569466,9.802075386047363,28.635295867919922,-2.561528444290161,103.74515533447266,0.0013610138557851315,-0.0034913087729364634,0.0026512560434639454,-0.01737264357507229
10.949999809265137,48,0.04918791353702545,0.016932131722569466,9.809893608093262,28.215482711791992,-2.0273234844207764,85.86526489257812,-0.00021847499010618776,-0.007475968915969133,0.0025668011512607336,-0.015802402049303055
10.960000038146973,48,0.03754551336169243,0.015432097017765045,9.810967445373535,27.215744018554688,-1.821094036102295,70.43994903564453,-0.0014879958471283317,-0.005042945500463247,0.002002270193770528,-0.014232160523533821
10.970000267028809,48,0.03582041338086128,0.016859659925103188,9.794184684753418,26.38318634033203,-1.7043805122375488,55.07232666015625,-0.0014805087121203542,-0.005042945500463247,0.005492778494954109,-0.012661918066442013
10.979999542236328,47,0.03409994766116142,0.024857928976416588,9.804022789001465,25.744504928588867,-1.8189257383346558,41.210025787353516,-0.004519991111010313,-0.005268458276987076,0.008306748233735561,-0.011372090317308903
10.989999771118164,46,0.02632715180516243,0.01829412765800953,9.810393333435059,25.21973991394043,-2.2152161598205566,29.54161834716797,-0.005521472543478012,-0.005783873610198498,0.008468770422041416,-0.010708341374993324
11,46,0.03300858289003372,0.01571047678589821,9.810393333435059,24.69497299194336,-2.7494211196899414,18.99137306213379,-0.005422941874712706,-0.002490426879376173,0.009336681105196476,-0.00966151338070631
11.010000228881836,44,0.037192150950431824,0.016162559390068054,9.806641578674316,24.170207977294922,-2.9297380447387695,10.206792831420898,-0.004224398639053106,-0.001361963921226561,0.007044714409857988,-0.0087552759796381
11.020000457763672,43,0.032304175198078156,0.009287015534937382,9.802644729614258,23.805362701416016,-3.2434723377227783,1.687262773513794,-0.001897393143735826,-0.001361963921226561,0.005881211720407009,-0.008231861516833305
11.029999732971191,42,0.03142714500427246,0.01414027251303196,9.799490928649902,23.657400131225586,-3.4580271244049072,-6.45859956741333,0.0026997157838195562,-0.004767118953168392,0.00471770903095603,-0.007708448451012373
11.039999961853027,51,0.03423897549510002,0.016932131722569466,9.791001319885254,23.344369888305664,-3.7063910961151123,-13.58169174194336,0.0009243632666766644,0.002457978902384639,0.00998357031494379,-0.007185033988207579
11.050000190734863,40,0.027798525989055634,0.014800564385950565,9.801803588867188,22.37154769897461,-4.311882495880127,-18.993513107299805,-0.00039457270759157836,-0.002502406481653452,0.003704248694702983,-0.006802720949053764
11.0600004196167,40,0.02200455404818058,0.016552522778511047,9.815241813659668,22.476503372192383,-4.668018817901611,-25.5457706451416,-0.000613496929872781,-0.003815951757133007,0.002171779051423073,-0.006661492399871349
11.069999694824219,40,0.038333337754011154,0.026259036734700203,9.806031227111816,22.318662643432617,-4.801222324371338,-32.74686050415039,-0.0023756721056997776,-0.004697039257735014,0.006577217020094395,-0.006279435008764267
11.079999923706055,41,0.03463752195239067,0.02659723348915577,9.807719230651855,22.425098419189453,-4.943928241729736,-36.461368560791016,-0.00388508103787899,-0.005860541947185993,0.014029924757778645,-0.006137951277196407
11.09000015258789,42,0.024687785655260086,0.016890719532966614,9.817645072937012,22.506322860717773,-5.088963508605957,-38.74170684814453,-0.0042944783344864845,-0.005515833850950003,0.014633389189839363,-0.005756148602813482
11.100000381469727,43,0.03423897549510002,0.017113884910941124,9.807693481445312,22.176851272583008,-5.202785968780518,-42.47404098510742,-0.0042944783344864845,-0.0015898727579042315,0.008380422368645668,-0.005756148602813482
11.109999656677246,44,0.02909727394580841,0.016610037535429,9.798110008239746,21.757038116455078,-5.469888687133789,-45.250423431396484,-0.0042944783344864845,-0.004552088212221861,0.0065071373246610165,-0.005614281632006168
11.119999885559082,52,0.024604368954896927,0.012149045243859291,9.795849800109863,21.908632278442383,-5.413834095001221,-48.53065872192383,-0.0042944783344864845,-0.008823655545711517,0.00943401362746954,-0.005090867634862661
11.130000114440918,46,0.027316564694046974,0.012149045243859291,9.795849800109863,21.834917068481445,-5.806002140045166,-52.08739471435547,-0.0042944783344864845,-0.007496933452785015,0.010760736651718616,-0.0047095762565732
11.140000343322754,48,0.04055314511060715,0.014912146143615246,9.809852600097656,21.718162536621094,-6.15266227722168,-54.1258544921875,-0.0025478764437139034,-0.0048770303837955,0.009450784884393215,-0.0047095762565732
11.149999618530273,46,0.04583734646439552,0.02259867452085018,9.825833320617676,21.69591522216797,-6.228151321411133,-54.76143264770508,-0.0005059814429841936,-0.0012544485507532954,0.007452914025634527,-0.0047095762565732
11.15999984741211,47,0.040949370712041855,0.017787979915738106,9.809185981750488,21.59096336364746,-6.584287643432617,-57.759925842285156,-0.0043061585165560246,-0.004125620238482952,0.007377742789685726,-0.0047095762565732
11.170000076293945,48,0.03606139495968819,0.0062018209137022495,9.810918807983398,21.074525833129883,-6.853157043457031,-59.343345642089844,-0.008221637457609177,-0.004058235790580511,0.005856654141098261,-0.004566943272948265
11.180000305175781,48,0.028107862919569016,0.0208455678075552,9.804664611816406,21.02100944519043,-7.186888217926025,-61.396766662597656,-0.008471708744764328,-0.00013497007603291422,0.011856854893267155,-0.0041862898506224155
11.1899995803833,48,0.02774059772491455,0.018825581297278404,9.802162170410156,20.96332550048828,-7.221099376678467,-62.757408142089844,-0.004652064759284258,-0.000015774676285218447,0.01764591783285141,-0.0041862898506224155
11.199999809265137,48,0.03262857347726822,0.01533316820859909,9.805545806884766,20.962600708007812,-7.004697322845459,-63.723751068115234,-0.0076969382353127,0.0007577975047752261,0.012936201877892017,-0.0041862898506224155
11.210000038146973,48,0.04407169669866562,0.013677838258445263,9.802247047424316,21.470706939697266,-6.9439311027526855,-65.67573547363281,-0.0018794239731505513,-0.006223219446837902,0.007118687499314547,-0.0041862898506224155
11.220000267028809,48,0.035297904163599014,0.018797973170876503,9.810806274414062,21.680612564086914,-7.389102458953857,-66.78628540039062,-0.002996206982061267,-0.008581371046602726,-0.0010102586820721626,-0.0041862898506224155
11.229999542236328,48,0.029421672224998474,0.018320584669709206,9.815241813659668,21.545806884765625,-7.688060283660889,-68.07920837402344,-0.0019752595108002424,-0.0032628008630126715,-0.002601427724584937,-0.0041862898506224155
11.239999771118164,48,0.03989044204354286,0.013467327691614628,9.808218002319336,21.583295822143555,-7.745292663574219,-69.15009307861328,0.0022744459565728903,-0.0015602236380800605,0.00035000621573999524,-0.0040427627973258495
11.25,48,0.036753054708242416,0.015684019774198532,9.81629467010498,21.493045806884766,-7.592601299285889,-70.19734191894531,0.0021022416185587645,-0.00329245044849813,0.002875271486118436,-0.003806658321991563
11.260000228881836,48,0.045131783932447433,0.024142421782016754,9.816435813903809,20.968847274780273,-7.392635822296143,-71.59979248046875,-0.0017665177583694458,-0.003815951757133007,0.004300525411963463,-0.0041862898506224155
11.270000457763672,48,0.04498928040266037,0.026498304679989815,9.811515808105469,21.178754806518555,-7.659738540649414,-73.48773193359375,-0.0013909623958170414,-0.006330735050141811,0.001272722496651113,-0.0041862898506224155
11.279999732971191,48,0.03632902354001999,0.011516361497342587,9.799004554748535,21.201032638549805,-7.60850191116333,-73.39029693603516,0.0001612731721252203,-0.0036230827681720257,0.002816871739923954,-0.0041862898506224155
11.289999961853027,48,0.026553072035312653,0.01499727088958025,9.81905460357666,21.409488677978516,-7.8141961097717285,-73.86590576171875,-0.0008090612245723605,-0.001361963921226561,0.006759603973478079,-0.004042124375700951
11.300000190734863,47,0.03243161737918854,0.016932131722569466,9.80130672454834,21.363101959228516,-7.940493106842041,-74.46766662597656,-0.004431643057614565,-0.0033053280785679817,0.006363384425640106,-0.0038072969764471054
11.3100004196167,47,0.0382232703268528,0.01297613512724638,9.795849800109863,21.046600341796875,-7.8684306144714355,-74.9542236328125,-0.004995575174689293,-0.003290054388344288,0.0017042815452441573,-0.004041869193315506
11.319999694824219,47,0.04311124607920647,0.02020137943327427,9.816253662109375,21.571367263793945,-8.224567413330078,-76.50899505615234,-0.004109096713364124,-0.0034451880492269993,0.002657245844602585,-0.00380755215883255
11.329999923706055,46,0.03149665892124176,0.013522543013095856,9.815937995910645,21.487430572509766,-8.23645305633545,-78.06376647949219,-0.0041495272889733315,-0.0062699392437934875,0.006934803444892168,-0.004041613545268774
11.34000015258789,46,0.04201061278581619,0.028815077617764473,9.806796073913574,21.305355072021484,-8.23645305633545,-78.06803894042969,-0.002234314801171422,-0.0062699392437934875,0.0062010628171265125,-0.0036630036775022745
11.350000381469727,46,0.035339608788490295,0.018571356311440468,9.792662620544434,21.14824104309082,-8.191668510437012,-78.51827239990234,-0.004058483522385359,-0.007591271307319403,0.008873076178133488,-0.0036630036775022745
11.359999656677246,46,0.025563659146428108,0.021238980814814568,9.817193031311035,20.872509002685547,-8.199216842651367,-79.66081237792969,-0.005947940517216921,-0.010377389378845692,0.00601238664239645,-0.0036630036775022745
11.369999885559082,46,0.037829361855983734,0.02609223686158657,9.806780815124512,20.179174423217773,-8.462812423706055,-79.98522186279297,-0.0030674845911562443,-0.007700284477323294,0.0019684280268847942,-0.0036630036775022745
11.380000114440918,46,0.021140266209840775,0.022051116451621056,9.823575973510742,20.494033813476562,-8.640880584716797,-80.09628295898438,-0.0029276246204972267,-0.008584067225456238,0.0020636648405343294,-0.003808318404480815
11.390000343322754,46,0.0425354428589344,0.003645779564976692,9.802043914794922,20.724136352539062,-8.531341552734375,-80.83513641357422,-0.0017641219310462475,-0.0074205645360052586,0.01045526098459959,-0.004040847532451153
11.399999618530273,46,0.034632887691259384,0.030108053237199783,9.823946952819824,20.631898880004883,-8.609587669372559,-81.27598571777344,-0.000639252713881433,-0.0062699392437934875,0.005839882884174585,-0.0036630036775022745
11.40999984741211,46,0.03892999514937401,0.02196599170565605,9.801332473754883,20.389238357543945,-8.662322998046875,-81.50163269042969,-0.002966258442029357,-0.0062699392437934875,0.004676380194723606,-0.0038087014108896255
11.420000076293945,46,0.03904121741652489,0.012259476818144321,9.819788932800293,20.27251434326172,-8.326155662536621,-81.93340301513672,-0.00640615401789546,-0.005157049745321274,-0.0020515716169029474,-0.0040404642932116985
11.430000305175781,46,0.03423897549510002,0.011978795751929283,9.79610824584961,20.06260871887207,-8.148087501525879,-82.26657104492188,-0.007797864731401205,-0.0060923439450562,0.0025107969995588064,-0.003517050528898835
11.4399995803833,46,0.033926162868738174,0.0028934613801538944,9.810235977172852,20.776643753051758,-8.126779556274414,-83.18633270263672,-0.005017736926674843,-0.001340400893241167,0.005370588507503271,-0.003285798244178295
11.449999809265137,46,0.025058524683117867,0.012599975802004337,9.805316925048828,20.595294952392578,-8.069038391113281,-83.24954223632812,-0.002449645195156336,0.0007874465663917363,0.011387260630726814,-0.0036630036775022745
11.460000038146973,47,0.03453672677278519,0.021419582888484,9.801896095275879,20.210508346557617,-8.128412246704102,-83.31438446044922,-0.007852969691157341,0.001092023798264563,0.013214724138379097,-0.0035166675224900246
11.470000267028809,47,0.03868785500526428,0.01656632497906685,9.818977355957031,20.218427658081055,-8.230884552001953,-84.11229705810547,-0.008043143898248672,-0.001294280169531703,0.009237551130354404,-0.0032861812505871058
11.479999542236328,47,0.035556260496377945,0.013892950490117073,9.805545806884766,19.798616409301758,-7.607645511627197,-85.00074005126953,-0.0038206917233765125,-0.004784788470715284,0.010739472694694996,-0.0036630036775022745
11.489999771118164,48,0.04818112030625343,0.02875065989792347,9.804519653320312,20.279077529907227,-8.172420501708984,-84.3014907836914,-0.003177396021783352,-0.00493303406983614,0.015220082364976406,-0.0036630036775022745
11.5,48,0.042132262140512466,0.007942275144159794,9.7987699508667,20.652441024780273,-8.538783073425293,-85.28636169433594,-0.0042944783344864845,-0.0020010669250041246,0.011451051570475101,-0.003809850662946701
11.510000228881836,48,0.029421672224998474,0.012149045243859291,9.816813468933105,20.761812210083008,-8.544404983520508,-86.02808380126953,-0.005377419758588076,-0.0012179112527519464,0.006935701705515385,-0.004039315041154623
11.520000457763672,48,0.029421672224998474,0.012865702621638775,9.798754692077637,20.6568603515625,-8.323184967041016,-86.00627899169922,-0.005314527545124292,-0.0021109781228005886,0.00735078938305378,-0.0035159012768417597
11.529999732971191,49,0.030214129015803337,0.01614530384540558,9.812849044799805,20.549192428588867,-8.243359565734863,-86.53858947753906,-0.0018240190111100674,-0.001361963921226561,0.005852760747075081,-0.0032869477290660143
11.539999961853027,48,0.03337584808468819,0.013863042928278446,9.80417251586914,20.33928680419922,-8.510461807250977,-86.2054214477539,-0.00184348551556468,-0.0031169515568763018,0.006905753165483475,-0.0036630036775022745
11.550000190734863,48,0.031289275735616684,0.022642387077212334,9.816330909729004,20.54606819152832,-8.565472602844238,-85.96043395996094,-0.006825434044003487,-0.006634413730353117,0.008671223185956478,-0.0036630036775022745
11.5600004196167,48,0.03805180639028549,0.028492983430624008,9.798675537109375,20.565885543823242,-8.665589332580566,-85.98808288574219,-0.002843469148501754,-0.003815951757133007,0.0054047298617661,-0.003515390446409583
11.569999694824219,49,0.03101353719830513,0.03286195173859596,9.7942476272583,20.390657424926758,-8.784818649291992,-86.35697937011719,-0.0016799663426354527,-0.004297525156289339,0.0029171996284276247,-0.0032874583266675472
11.579999923706055,49,0.024370338767766953,0.020577536895871162,9.8066987991333,20.29605484008789,-8.784818649291992,-86.90283966064453,-0.0008075638324953616,-0.007205833215266466,0.00039702546200715005,-0.0035151352640241385
11.59000015258789,49,0.042705751955509186,0.01572428271174431,9.809168815612793,20.29605484008789,-8.784818649291992,-86.34756469726562,-0.0031010271050035954,-0.0037153244484215975,0.008306748233735561,-0.0031397175043821335
11.600000381469727,49,0.04964670166373253,0.013427065685391426,9.806840896606445,20.38702964782715,-8.784818649291992,-87.62129211425781,-0.004264529794454575,-0.00022481584164779633,0.008306748233735561,-0.0031397175043821335
11.609999656677246,49,0.03769844397902489,0.012887558899819851,9.809026718139648,20.29204750061035,-8.8978910446167,-88.18878936767578,-0.0031609241850674152,-0.0024020785931497812,0.003772531636059284,-0.003287969157099724
11.619999885559082,49,0.03423897549510002,0.004001232795417309,9.80698299407959,20.166772842407227,-9.111857414245605,-87.65147399902344,-0.0041375476866960526,0.0006212320295162499,0.0076790256425738335,-0.0036630036775022745
11.630000114440918,49,0.031240615993738174,0.008854489773511887,9.810393333435059,20.238719940185547,-9.302667617797852,-86.58526611328125,-0.0032879062928259373,0.00008545158198103309,0.011326465755701065,-0.0036630036775022745
11.640000343322754,49,0.03245363011956215,0.013707746751606464,9.811973571777344,20.658533096313477,-9.12459945678711,-86.80738067626953,-0.0011813221499323845,-0.0020211325027048588,0.0025569184217602015,-0.0036630036775022745
11.649999618530273,49,0.040488265454769135,0.015303259715437889,9.81028938293457,19.697795867919922,-9.113838195800781,-88.1772689819336,-0.0014930871548131108,-0.003468547947704792,-0.002041389001533389,-0.0036630036775022745
11.65999984741211,50,0.026315566152334213,0.012149045243859291,9.807585716247559,19.46535873413086,-8.861780166625977,-87.6559829711914,-0.005920986644923687,-0.004632050637155771,0.0029764974024146795,-0.0035141136031597853
11.670000076293945,50,0.03120354190468788,0.008610619232058525,9.809329986572266,19.720169067382812,-8.802271842956543,-86.95759582519531,-0.0012019865680485964,-0.002785121090710163,0.00510015245527029,-0.0031397175043821335
11.680000305175781,50,0.03238643333315849,0.011779787950217724,9.79845905303955,19.986244201660156,-9.047637939453125,-87.0931625366211,0.004445719067007303,0.0013945045648142695,0.00531488424167037,-0.0031397175043821335
11.6899995803833,50,0.035191312432289124,0.022679198533296585,9.810393333435059,19.78021812438965,-9.222414016723633,-87.65254211425781,0.0036445942241698503,0.0016691331984475255,0.0039758821949362755,-0.003288990817964077
11.699999809265137,50,0.037891924381256104,0.012972683645784855,9.80838680267334,19.88517189025879,-9.133379936218262,-88.54098510742188,0.00071622064569965,-0.001259240205399692,0.004420319572091103,-0.0036630036775022745
11.710000038146973,50,0.02529255487024784,0.009415852837264538,9.805545806884766,19.826290130615234,-8.905360221862793,-88.99602508544922,-0.0036053613293915987,-0.0045835343189537525,0.007079754490405321,-0.0036630036775022745
11.720000267028809,50,0.021922295913100243,0.018509238958358765,9.807694435119629,19.951690673828125,-8.931379318237305,-89.32919311523438,-0.007975460030138493,-0.00706178043037653,0.007079754490405321,-0.0035133473575115204
11.729999542236328,50,0.02681027166545391,0.019927600398659706,9.81483268737793,20.000476837158203,-9.029193878173828,-89.3104248046875,-0.006488811690360308,-0.005898277275264263,0.008194740861654282,-0.0031397175043821335
11.739999771118164,50,0.033974822610616684,0.018930260092020035,9.813216209411621,19.547151565551758,-8.792394638061523,-88.58028411865234,-0.0030674845911562443,-0.0038102613762021065,0.01014439482241869,-0.0032896290067583323
11.75,50,0.041403524577617645,0.017176002264022827,9.810270309448242,19.862010955810547,-8.881428718566895,-88.35816955566406,-0.002578124636784196,-0.002337090205401182,0.007817388512194157,-0.0035129643511027098
11.760000228881836,50,0.04145566001534462,0.007365958299487829,9.805508613586426,20.176870346069336,-8.818521499633789,-89.273193359375,-0.000613496929872781,-0.0100907813757658,0.0069398945197463036,-0.0032898844219744205
11.770000457763672,50,0.044033464044332504,0.012307791039347649,9.793344497680664,20.100379943847656,-9.227473258972168,-89.00340270996094,-0.00120198680087924,-0.003345159813761711,0.01250853668898344,-0.0035127089358866215
11.779999732971191,50,0.046131622046232224,0.022014304995536804,9.809030532836914,19.867311477661133,-9.488739967346191,-89.19105529785156,-0.006748466286808252,0.0007667820900678635,0.0059069679118692875,-0.0031397175043821335
11.789999961853027,52,0.043873582035303116,0.016053276136517525,9.8196439743042,19.745792388916016,-9.141945838928223,-90.90379333496094,-0.006748466286808252,-0.0062142349779605865,0.007070470601320267,-0.003290267661213875
11.800000190734863,50,0.043873582035303116,0.010047385469079018,9.81252384185791,19.535886764526367,-9.320013999938965,-89.90430450439453,-0.002131591085344553,-0.003961502108722925,0.010542411357164383,-0.0036630036775022745
11.8100004196167,50,0.043873582035303116,0.0176522396504879,9.804815292358398,20.00631332397461,-9.085837364196777,-89.11048126220703,-0.004021946340799332,-0.009269590489566326,0.003125641727820039,-0.0036630036775022745
11.819999694824219,50,0.03818967565894127,0.02171521820127964,9.800697326660156,20.09391212463379,-9.004164695739746,-89.9521484375,-0.010457899421453476,-0.0037875003181397915,0.0031990159768611193,-0.0035120705142617226
11.829999923706055,50,0.03132634982466698,0.01593134179711342,9.821215629577637,20.037490844726562,-9.04533576965332,-90.63390350341797,-0.0116564417257905,-0.002588957780972123,0.005326264537870884,-0.0032907784916460514
11.84000015258789,50,0.03240497037768364,0.021035371348261833,9.819622039794922,20.037490844726562,-9.154902458190918,-90.07025146484375,-0.008055422455072403,-0.005289721768349409,0.004052251111716032,-0.0036630036775022745
11.850000381469727,50,0.03729294613003731,0.029530584812164307,9.795026779174805,20.037490844726562,-9.332969665527344,-88.73758697509766,-0.0050749387592077255,-0.004596412181854248,0.00590906385332346,-0.0036630036775022745
11.859999656677246,50,0.03905627876520157,0.025076493620872498,9.801876068115234,20.037490844726562,-9.244257926940918,-89.29058837890625,-0.0042944783344864845,-0.003815951757133007,0.010172845795750618,-0.0036630036775022745
11.869999885559082,50,0.03586096316576004,0.02488783746957779,9.816824913024902,19.795997619628906,-9.360087394714355,-89.59033203125,-0.003584696678444743,-0.003815951757133007,0.009858385659754276,-0.0036630036775022745
11.880000114440918,50,0.03423897549510002,0.03298388421535492,9.823376655578613,19.53730583190918,-9.538155555725098,-90.28791809082031,-0.004360065795481205,-0.0025233703199774027,0.007660457864403725,-0.0036630036775022745
11.890000343322754,50,0.03090231493115425,0.02281263656914234,9.818222045898438,19.550273895263672,-9.527153968811035,-90.99417877197266,-0.007269871421158314,-0.0031103629153221846,0.00824535358697176,-0.0035111766774207354
11.899999618530273,50,0.032829005271196365,0.010165870189666748,9.822099685668945,20.09006118774414,-9.113838195800781,-90.74822998046875,-0.005567293614149094,-0.005042945500463247,0.0090144332498312,-0.0031397175043821335
11.90999984741211,50,0.03076096996665001,0.003912657033652067,9.8074369430542,20.82473373413086,-9.113838195800781,-90.19295501708984,-0.0024367673322558403,-0.005042945500463247,0.008306748233735561,-0.003291799919679761
11.920000076293945,50,0.03297035023570061,0.020200228318572044,9.81141185760498,20.149259567260742,-9.188604354858398,-90.10397338867188,-0.005521472543478012,-0.005042945500463247,0.0075220949947834015,-0.0036630036775022745
11.930000305175781,49,0.04147767648100853,0.022904662415385246,9.811598777770996,20.03414535522461,-9.331766128540039,-90.98165893554688,-0.004534965846687555,-0.005700616631656885,0.004866254050284624,-0.0036630036775022745
11.9399995803833,50,0.036493539810180664,0.025379030033946037,9.806680679321289,20.177627563476562,-9.275416374206543,-91.54818725585938,-0.0007791126845404506,-0.006966244429349899,0.0024371235631406307,-0.0035105382557958364
11.949999809265137,50,0.02295689284801483,0.02276432141661644,9.813115119934082,19.938499450683594,-8.907341003417969,-90.94823455810547,0.0018563634948804975,-0.005446652416139841,0.0036006264854222536,-0.0032923107501119375
11.960000038146973,50,0.027449797838926315,0.02171521820127964,9.80367374420166,20.148406982421875,-8.99637508392334,-92.05878448486328,-0.0042944783344864845,-0.007220208644866943,0.005179217085242271,-0.0036630036775022745
11.970000267028809,50,0.025519633665680885,0.029463864862918854,9.804624557495117,20.071002960205078,-9.24789810180664,-91.64926147460938,-0.004069863818585873,-0.0049680741503834724,0.009309127926826477,-0.0036630036775022745
11.979999542236328,50,0.036522503942251205,0.02339240536093712,9.801547050476074,20.18037223815918,-9.151368141174316,-91.62315368652344,-0.0005907359882257879,-0.003815951757133007,0.005875521805137396,-0.00351002742536366
11.989999771118164,50,0.018839361146092415,0.0177005548030138,9.825113296508789,20.20182991027832,-9.004164695739746,-91.34674835205078,0.0017362696817144752,-0.003815951757133007,0.008202526718378067,-0.003292821580544114
12,50,0.03142598643898964,0.021016966551542282,9.817364692687988,19.900793075561523,-9.023491859436035,-90.28955078125,-0.003716470440849662,-0.004927344154566526,0.0027497869450598955,-0.0035097720101475716
12.010000228881836,50,0.038423702120780945,0.02171521820127964,9.815241813659668,19.271072387695312,-9.112526893615723,-88.62372589111328,-0.0021986758802086115,-0.006090846844017506,0.005315483082085848,-0.0032930769957602024
12.020000457763672,50,0.026290077716112137,0.013264868408441544,9.828089714050293,19.882238388061523,-9.28928279876709,-89.58395385742188,-0.005778132006525993,-0.002332298317924142,0.0048683504574000835,-0.0036630036775022745
12.029999732971191,50,0.03758258745074272,0.029330426827073097,9.799310684204102,20.116567611694336,-9.400267601013184,-89.91404724121094,-0.00490662781521678,-0.002282883273437619,0.005546686239540577,-0.0036630036775022745
12.039999961853027,50,0.03905627876520157,0.005088298115879297,9.809123992919922,19.893030166625977,-9.2106351852417,-90.19889831542969,0.0008500908152200282,-0.0017315295990556479,0.005852760747075081,-0.0036630036775022745
12.050000190734863,50,0.03905627876520157,0.011454244144260883,9.80589771270752,19.550779342651367,-8.9461030960083,-90.57874298095703,-0.00010826421930687502,0.0010198478121310472,0.006646697875112295,-0.0035091335885226727
12.0600004196167,50,0.05267054960131645,0.021160757169127464,9.805545806884766,19.67400360107422,-9.119004249572754,-90.83951568603516,-0.005492721684277058,0.002319017658010125,0.007810200564563274,-0.0031397175043821335
12.069999694824219,50,0.030464379116892815,0.03086727298796177,9.796269416809082,20.09381675720215,-9.208039283752441,-91.72795867919922,-0.006641549989581108,0.0009851072682067752,0.004971972666680813,-0.0032938430085778236
12.079999923706055,50,0.043459974229335785,0.01734280027449131,9.795849800109863,19.993343353271484,-9.444195747375488,-90.96479797363281,-0.006728400941938162,-0.002548826625570655,0.0015683149686083198,-0.0036630036775022745
12.09000015258789,50,0.039123475551605225,0.01692868024110794,9.814964294433594,19.970592498779297,-9.499608039855957,-90.05228424072266,-0.005815567448735237,-0.006122891791164875,0.0036446508020162582,-0.0036630036775022745
12.100000381469727,50,0.03883383423089981,0.012149045243859291,9.80539608001709,20.037490844726562,-9.44285774230957,-89.79838562011719,-0.0006850740755908191,-0.006543969269841909,0.006126790307462215,-0.0036630036775022745
12.109999656677246,50,0.024749189615249634,0.012005253694951534,9.796432495117188,20.051218032836914,-9.44285774230957,-90.2613754272461,0.0010025291703641415,-0.002564998809248209,0.0066907224245369434,-0.0036630036775022745
12.119999885559082,49,0.03006814979016781,0.008221806026995182,9.815024375915527,20.156169891357422,-9.44285774230957,-89.37293243408203,-0.0030674845911562443,0.0012705173576250672,0.009362735785543919,-0.0036630036775022745
12.130000114440918,49,0.04215659201145172,0.026214173063635826,9.810393333435059,19.978071212768555,-9.44285774230957,-90.48121643066406,-0.0027814756613224745,0.00006808137550251558,0.005566751584410667,-0.0036630036775022745
12.140000343322754,49,0.015326600521802902,0.021360917016863823,9.810393333435059,19.978229522705078,-9.38345718383789,-90.03565979003906,-0.0016179727390408516,0.003660415066406131,0.0050708032213151455,-0.003507984336465597
12.149999618530273,49,0.02021457441151142,0.016932131722569466,9.809962272644043,19.991798400878906,-9.333184242248535,-88.7513427734375,-0.0012496050912886858,-0.0018390449695289135,0.0072387815453112125,-0.0031397175043821335
12.15999984741211,48,0.026597097516059875,0.016437487676739693,9.807049751281738,19.886844635009766,-9.278816223144531,-87.959228515625,-0.005330400541424751,-0.005234017502516508,0.0081156762316823,-0.0031397175043821335
12.170000076293945,48,0.04330472648143768,0.013843486085534096,9.820089340209961,19.781890869140625,-9.011713981628418,-88.84767150878906,-0.003035439644008875,-0.007464888505637646,0.005852760747075081,-0.003295120084658265
12.180000305175781,48,0.03905627876520157,0.025863321498036385,9.817514419555664,20.186872482299805,-9.177201271057129,-87.79361724853516,-0.0018719368381425738,-0.006301385350525379,0.005852760747075081,-0.0036630036775022745
12.1899995803833,48,0.03905627876520157,0.02171521820127964,9.803555488586426,20.37371253967285,-9.487027168273926,-87.66913604736328,0.0015556797152385116,-0.0017417119815945625,0.0069848173297941685,-0.0036630036775022745
12.199999809265137,48,0.03905627876520157,0.022490544244647026,9.821661949157715,20.21202278137207,-9.390764236450195,-87.55267333984375,0.0039776223711669445,-0.002430529799312353,0.007079754490405321,-0.0036630036775022745
12.210000038146973,48,0.037353191524744034,0.023116324096918106,9.8263578414917,19.908206939697266,-9.004164695739746,-87.29256439208984,-0.0017359701450914145,-0.006609257310628891,0.0030594554264098406,-0.0036630036775022745
12.220000267028809,47,0.03126610442996025,0.007365958299487829,9.811321258544922,19.903535842895508,-9.016050338745117,-87.4899673461914,-0.0030674845911562443,-0.007496933452785015,0.005938114132732153,-0.0036630036775022745
12.229999542236328,46,0.03806339204311371,0.007365958299487829,9.818239212036133,19.798583984375,-9.28315258026123,-87.15680694580078,-0.0030674845911562443,-0.0031064695212990046,0.007957846857607365,-0.0036630036775022745
12.239999771118164,49,0.03530253469944,0.008421964943408966,9.8233642578125,19.69363021850586,-9.188470840454102,-86.82363891601562,-0.0006236794870346785,-0.005434972699731588,0.005862943362444639,-0.0036630036775022745
12.25,46,0.036787815392017365,0.012149045243859291,9.80526351928711,19.832538604736328,-9.320710182189941,-86.9420394897461,-0.0038931674789637327,-0.008248044177889824,0.006127988453954458,-0.0036630036775022745
12.260000228881836,46,0.030626578256487846,0.012149045243859291,9.815238952636719,20.147397994995117,-9.490372657775879,-86.84353637695312,-0.008123706094920635,-0.0073486873880028725,0.009142613969743252,-0.003506452077999711
12.270000457763672,45,0.03423897549510002,0.015948597341775894,9.800697326660156,20.339191436767578,-9.301864624023438,-85.85018157958984,-0.006705939304083586,-0.0025251673068851233,0.0063918353989720345,-0.003296396927908063
12.279999732971191,45,0.03154647722840309,0.021151555702090263,9.80205249786377,19.60451889038086,-9.034761428833008,-85.73912811279297,-0.004855116363614798,-0.0022718021646142006,0.006096242927014828,-0.003506196429952979
12.289999961853027,45,0.02318744547665119,0.01158653199672699,9.806971549987793,19.706220626831055,-9.004164695739746,-86.11974334716797,-0.0040300325490534306,-0.0062699392437934875,0.008275003172457218,-0.0031397175043821335
12.300000190734863,44,0.022762253880500793,0.017284132540225983,9.805902481079102,19.984729766845703,-9.178752899169922,-86.05583190917969,-0.0014068351592868567,-0.0062699392437934875,0.005926733836531639,-0.0031397175043821335
12.3100004196167,44,0.02630513906478882,0.01510195154696703,9.803690910339355,20.03395652770996,-9.29562759399414,-85.44158935546875,-0.0009836616227403283,-0.0062699392437934875,0.007566418964415789,-0.0031397175043821335
12.319999694824219,44,0.023044943809509277,0.028046654537320137,9.810253143310547,19.71909523010254,-9.223511695861816,-84.63201904296875,-0.0015338172670453787,-0.005656592082232237,0.0061594340950250626,-0.0031397175043821335
12.329999923706055,44,0.029421672224998474,0.016652600839734077,9.799553871154785,19.40423583984375,-9.223511695861816,-84.63201904296875,-0.000613496929872781,-0.004545499570667744,0.0065933894366025925,-0.0031397175043821335
12.34000015258789,45,0.03650280833244324,0.007365958299487829,9.809897422790527,19.592212677001953,-9.223511695861816,-83.56787872314453,-0.0007931885193102062,-0.007676625158637762,0.004086692351847887,-0.0031397175043821335
12.350000381469727,45,0.043168019503355026,0.011021718382835388,9.798845291137695,19.954593658447266,-9.288185119628906,-83.02201843261719,-0.0020728919189423323,-0.008840126916766167,0.001409587450325489,-0.0031397175043821335
12.359999656677246,45,0.03423897549510002,0.018830182030797005,9.797773361206055,19.85531997680664,-9.377219200134277,-82.5790023803711,-0.00413634954020381,-0.009792792610824108,0.005852760747075081,-0.0031397175043821335
12.369999885559082,46,0.03820357471704483,0.015810556709766388,9.804686546325684,19.47381591796875,-9.559839248657227,-81.99453735351562,-0.0006458413554355502,-0.006302283611148596,0.005852760747075081,-0.0031397175043821335
12.380000114440918,46,0.039767634123563766,0.013481130823493004,9.80626106262207,19.782175064086914,-9.977437019348145,-81.31788635253906,0.001691945712082088,-0.010880825109779835,0.005852760747075081,-0.0031397175043821335
12.390000343322754,46,0.04060991108417511,0.015389534644782543,9.809246063232422,19.887128829956055,-9.532266616821289,-80.31838989257812,-0.0036056607495993376,-0.007910223677754402,0.006941990926861763,-0.0031397175043821335
12.399999618530273,46,0.04430225118994713,0.009544690139591694,9.822298049926758,20.15983009338379,-9.229400634765625,-78.9638900756836,-0.006345957051962614,-0.007496933452785015,0.00810549408197403,-0.002981377998366952
12.40999984741211,46,0.03452629968523979,0.012149045243859291,9.820379257202148,19.998329162597656,-8.962298393249512,-78.90632629394531,-0.005786218214780092,-0.005572436843067408,0.009268997237086296,-0.002616431098431349
12.420000076293945,47,0.029421672224998474,0.019106261432170868,9.824644088745117,19.825721740722656,-8.84456729888916,-78.89971923828125,-0.003723957808688283,-0.004144188482314348,0.009533742442727089,-0.0027750260196626186
12.430000305175781,47,0.024609003216028214,0.02888754941523075,9.820103645324707,20.32871437072754,-8.976458549499512,-77.06199645996094,-0.003902750788256526,-0.0029806853272020817,0.01287480816245079,-0.0031397175043821335
12.4399995803833,47,0.02226407267153263,0.021443741396069527,9.805545806884766,20.64357566833496,-8.709356307983398,-76.61778259277344,-0.003522703191265464,-0.0033607331570237875,0.009039291180670261,-0.002980867400765419
12.449999809265137,47,0.029699726030230522,0.019737794995307922,9.80041790008545,20.592391967773438,-8.908036231994629,-76.07672119140625,-0.0023592005018144846,-0.0016910990234464407,0.0072693289257586,-0.0027754090260714293
12.460000038146973,47,0.029002271592617035,0.02129879780113697,9.801119804382324,20.55462074279785,-8.776199340820312,-75.02383422851562,-0.003130077151581645,-0.0007797632715664804,0.008951541967689991,-0.0031397175043821335
12.470000267028809,47,0.027293391525745392,0.019602056592702866,9.810957908630371,20.683176040649414,-8.710882186889648,-73.87255096435547,-0.0008066652808338404,-0.003105870448052883,0.004302022513002157,-0.0029804841615259647
12.479999542236328,47,0.026661977171897888,0.013494934886693954,9.806909561157227,20.998035430908203,-8.957024574279785,-73.18010711669922,0.004103106912225485,-0.006596378982067108,-0.0009913912508636713,-0.00277579203248024
12.489999771118164,46,0.03026510588824749,0.015796752646565437,9.79784870147705,21.312896728515625,-8.689921379089355,-73.40221405029297,0.0037041918840259314,-0.00781528651714325,0.0006264317198656499,-0.00298022897914052
12.5,46,0.028436893597245216,0.02747608907520771,9.798768997192383,21.231168746948242,-9.095688819885254,-72.36539459228516,0.0013951552100479603,-0.0062699392437934875,0.0033442664425820112,-0.002616431098431349
12.510000228881836,46,0.027576081454753876,0.019478971138596535,9.809669494628906,21.425485610961914,-9.540860176086426,-71.017333984375,0.00110345589928329,-0.00594260124489665,0.005852760747075081,-0.002616431098431349
12.520000457763672,46,0.035506442189216614,0.018190596252679825,9.796871185302734,21.487903594970703,-9.6862154006958,-69.78730773925781,-0.004558325745165348,-0.005570639856159687,0.004269678145647049,-0.002616431098431349
12.529999732971191,45,0.03905627876520157,0.02171521820127964,9.801817893981934,21.304155349731445,-9.530339241027832,-68.64940643310547,-0.00532111618667841,-0.007496933452785015,-0.0015092025278136134,-0.002616431098431349
12.539999961853027,45,0.032688818871974945,0.01855410262942314,9.803985595703125,21.202863693237305,-9.450620651245117,-67.1101303100586,-0.00415761349722743,-0.00831812433898449,-0.0008248771191574633,-0.002616431098431349
12.550000190734863,44,0.03267607465386391,0.013700844720005989,9.797422409057617,21.307815551757812,-9.895791053771973,-66.44380187988281,-0.0030674845911562443,-0.014418652281165123,0.0044056447222828865,-0.002616431098431349
12.5600004196167,43,0.027588825672864914,0.028656331822276115,9.809234619140625,21.33031463623047,-9.851327896118164,-65.07948303222656,-0.003037835471332073,-0.007467284332960844,0.0009744343697093427,-0.002616431098431349
12.569999694824219,43,0.03479161113500595,0.029321223497390747,9.791319847106934,21.446565628051758,-9.623950958251953,-63.58621597290039,0.0004526729171629995,-0.003976775798946619,0.004464942961931229,-0.002616431098431349
12.579999923706055,42,0.03212343901395798,0.01961470954120159,9.80572509765625,21.48749351501465,-9.5288667678833,-62.214019775390625,0.0017233919352293015,-0.004925846587866545,0.0035158719401806593,-0.002616431098431349
12.59000015258789,42,0.025884579867124557,0.020444100722670555,9.80456256866455,21.201032638549805,-9.747784614562988,-61.022464752197266,-0.003391528269276023,-0.003996541723608971,0.010723600164055824,-0.002616431098431349
12.600000381469727,40,0.031819894909858704,0.014550941996276379,9.818851470947266,21.201032638549805,-9.480682373046875,-60.1340217590332,-0.003311565611511469,-0.004798864480108023,0.009038991294801235,-0.002616431098431349
12.609999656677246,40,0.030560540035367012,0.019453663378953934,9.81013011932373,21.381214141845703,-9.36643123626709,-59.245582580566406,-0.0021480629220604897,-0.004123523831367493,0.009226170368492603,-0.0024554100818932056
12.619999885559082,38,0.040668997913599014,0.025437697768211365,9.813092231750488,21.525360107421875,-9.388971328735352,-57.87004852294922,-0.0026964214630424976,-0.00296002090908587,0.008677811361849308,-0.0022542935330420732
12.630000114440918,37,0.047693364322185516,0.02270565554499626,9.822930335998535,21.3817195892334,-9.337413787841797,-56.5111083984375,-0.0038599243853241205,-0.004966277163475752,0.008306748233735561,-0.0024551546666771173
12.640000343322754,51,0.04869088903069496,0.013989578932523727,9.821022033691406,20.908260345458984,-9.113838195800781,-55.134037017822266,-0.0035655295941978693,-0.0018962468020617962,0.010493595153093338,-0.0022545489482581615
12.649999618530273,37,0.04869088903069496,0.012149045243859291,9.820089340209961,20.698354721069336,-9.113838195800781,-51.247100830078125,-0.0030674845911562443,0.0024229392874985933,0.007329526357352734,-0.002616431098431349
12.65999984741211,38,0.03659549355506897,0.024158526211977005,9.79980182647705,20.78162956237793,-9.196742057800293,-51.18629837036133,-0.0030674845911562443,0.003546011634171009,0.0033987730275839567,-0.0024547716602683067
12.670000076293945,39,0.046546388417482376,0.02242497354745865,9.799978256225586,20.81318473815918,-9.223511695861816,-51.25307846069336,-0.00037510611582547426,0.001392108853906393,0.004475724417716265,-0.0020931449253112078
12.680000305175781,52,0.04869088903069496,0.013428215868771076,9.800697326660156,20.91132164001465,-9.348389625549316,-49.90312194824219,0.0006925612105987966,-0.0004119945515412837,0.003477837424725294,-0.0019312300719320774
12.6899995803833,42,0.04869088903069496,0.012149045243859291,9.800697326660156,21.02227210998535,-9.531543731689453,-47.172752380371094,-0.0030674845911562443,0.001092023798264563,-0.0002822086098603904,-0.0015698587521910667
12.699999809265137,42,0.04869088903069496,-0.0007024812512099743,9.826749801635742,20.81236457824707,-9.442509651184082,-44.94123077392578,-0.0027194819413125515,0.0021360318642109632,0.00006579403998330235,-0.0017320289043709636
12.710000038146973,43,0.05307604745030403,0.01521583367139101,9.794480323791504,20.602458953857422,-9.353475570678711,-40.05480194091797,-0.002125002443790436,0.0036349587608128786,0.0023673432879149914,-0.0019308470655232668
12.720000267028809,44,0.04014069214463234,0.034628864377737045,9.822391510009766,20.39255142211914,-9.26444149017334,-36.88328552246094,-0.0030674845911562443,-0.0016821143217384815,0.008184857666492462,-0.0014074330683797598
12.729999542236328,45,0.030003270134329796,0.022581418976187706,9.811271667480469,20.125940322875977,-9.175407409667969,-34.75797653198242,-0.0029099551029503345,-0.008408867754042149,0.012742135673761368,-0.0010465724626556039
12.739999771118164,45,0.02022731862962246,0.02171521820127964,9.815020561218262,19.746328353881836,-9.361024856567383,-32.50975799560547,-0.0019345293985679746,-0.0062699392437934875,0.008781434036791325,-0.0010465724626556039
12.75,46,0.01978706568479538,0.012445831671357155,9.801148414611816,19.26984214782715,-10.05311393737793,-29.066680908203125,-0.003036936977878213,-0.0061172014102339745,-0.000160018345923163,-0.0010465724626556039
12.760000228881836,46,0.02926410734653473,0.026263637468218803,9.810235023498535,19.374794006347656,-9.429874420166016,-26.956632614135742,-0.0018734342884272337,-0.00029968732269480824,0.004493993241339922,-0.0008836360648274422
12.770000457763672,46,0.029296547174453735,0.0029337231535464525,9.819758415222168,19.213735580444336,-9.78451156616211,-24.283626556396484,-0.001840490847826004,-0.00013497007603291422,0.00688688550144434,-0.0005232862313278019
12.779999732971191,46,0.020320003852248192,0.02596915140748024,9.796385765075684,18.939489364624023,-9.827476501464844,-21.23491668701172,-0.009309968911111355,-0.008671517483890057,0.009213891811668873,-0.0005232862313278019
12.789999961853027,47,0.03885237127542496,0.007568416651338339,9.814215660095215,19.14478874206543,-9.628260612487793,-17.548593521118164,-0.005411560647189617,-0.008947343565523624,0.0075265876948833466,-0.00035996679798699915
12.800000190734863,47,0.034513555467128754,0.01160378661006689,9.792383193969727,20.037490844726562,-9.60574722290039,-13.222549438476562,0.0004059532657265663,-0.003083408810198307,0.008019840344786644,0
12.8100004196167,47,0.03905627876520157,0.0032684700563549995,9.815241813659668,20.037490844726562,-9.961884498596191,-9.557726860046387,0.000963895465247333,-0.003115154802799225,0.004800367169082165,0
12.819999694824219,47,0.03947220370173454,0.013387953862547874,9.815241813659668,20.422719955444336,-10.808218002319336,-5.179561138153076,-0.001825815881602466,-0.0030028473120182753,0.0009594600414857268,0
12.829999923706055,47,0.043873582035303116,0.026498304679989815,9.815241813659668,20.986488342285156,-11.454318046569824,-0.8135156035423279,-0.0030674845911562443,-0.0018393445061519742,0.0049650841392576694,0.0001638302201172337
12.84000015258789,47,0.044430848211050034,0.025391682982444763,9.812438011169434,21.568557739257812,-11.948101043701172,3.568056106567383,-0.004439729265868664,-0.002048086142167449,0.008992870338261127,0.0005232862313278019
12.850000381469727,47,0.04869088903069496,0.016932131722569466,9.79289722442627,22.00004768371582,-12.511966705322266,8.306366920471191,-0.0067667351104319096,-0.0038342203479260206,0.006420586258172989,0.0005232862313278019
12.859999656677246,47,0.0479922778904438,0.01831943355500698,9.804842948913574,22.10500144958496,-13.491342544555664,14.08123779296875,-0.007975460030138493,-0.003924665041267872,0.005635333713144064,0.0006874995306134224
12.869999885559082,47,0.041565727442502975,0.024206839501857758,9.801470756530762,23.145444869995117,-14.206185340881348,18.09632110595703,-0.0074798110872507095,-0.0035802561324089766,0.005332853179425001,0.0008822315139696002
12.880000114440918,47,0.028581714257597923,0.012149045243859291,9.805545806884766,22.9211483001709,-15.053535461425781,22.768251419067383,-0.005019833333790302,-0.002882154658436775,0.002673418028280139,0.0005232862313278019
12.890000343322754,47,0.0255149994045496,0.012149045243859291,9.806462287902832,23.12070655822754,-15.990777015686035,27.596181869506836,-0.0007344892947003245,0.0007233566138893366,0.00659009488299489,0.0006878825952298939
12.899999618530273,47,0.029421672224998474,0.012149045243859291,9.806443214416504,23.848594665527344,-17.0751953125,32.40431213378906,0.0009249623399227858,-0.0007453223806805909,0.007391219958662987,0.0010465724626556039
12.90999984741211,47,0.029421672224998474,0.016327057033777237,9.794178009033203,24.071754455566406,-18.37697982788086,37.33982467651367,-0.0015988056547939777,-0.0030723281670361757,0.0053508225828409195,0.0012114242417737842
12.920000076293945,47,0.029421672224998474,0.027937373146414757,9.80667495727539,24.491567611694336,-19.178287506103516,43.003639221191406,-0.00007891456334618852,-0.005399333778768778,0.008306748233735561,0.0014048792654648423
12.930000305175781,47,0.03061499074101448,0.01811697520315647,9.807991981506348,24.649627685546875,-19.757543563842773,48.85210037231445,0.0020351565908640623,-0.007267527282238007,0.007847935892641544,0.0010465724626556039
12.9399995803833,47,0.03423897549510002,0.01795017719268799,9.8057861328125,25.006267547607422,-20.61201286315918,54.13880920410156,-0.007770611438900232,-0.004786884877830744,0.0036548334173858166,0.0012118073645979166
12.949999809265137,46,0.04224696010351181,0.012666694819927216,9.816060066223145,25.260887145996094,-21.614946365356445,59.14774703979492,-0.003116600215435028,0.0010306290350854397,0.009472347795963287,0.0015698587521910667
12.960000038146973,46,0.05752145126461983,0.025102948769927025,9.809788703918457,24.993928909301758,-22.56578826904297,64.74464416503906,-0.004218708258122206,-0.0012104240013286471,0.012987414374947548,0.001735348952934146
12.970000267028809,46,0.043873582035303116,0.02171521820127964,9.820089340209961,24.364208221435547,-23.90130043029785,72.7406234741211,-0.0075576771050691605,-0.002449696883559227,0.008863791823387146,0.002258762950077653
12.979999542236328,46,0.04542026296257973,0.020179523155093193,9.818532943725586,23.829376220703125,-25.236812591552734,79.73255157470703,-0.00285425060428679,-0.004637441597878933,0.004209781065583229,0.0029479223303496838
12.989999771118164,46,0.051925595849752426,0.013720400631427765,9.805476188659668,23.304611206054688,-27.230737686157227,86.17001342773438,-0.0008797398768365383,-0.005042945500463247,0.002438022056594491,0.0038288768846541643
13,46,0.053261417895555496,0.014070102013647556,9.796346664428711,22.826072692871094,-29.467191696166992,93.70984649658203,-0.0050997962243855,-0.004145685583353043,0.004863558802753687,0.0041862898506224155
13.010000228881836,45,0.056184470653533936,0.02125968597829342,9.813471794128418,22.318662643432617,-31.808368682861328,102.64935302734375,-0.005914697423577309,-0.004649720620363951,0.005852760747075081,0.0046846759505569935
13.020000457763672,44,0.06295974552631378,0.01578179933130741,9.810393333435059,21.479036331176758,-34.924564361572266,110.5342788696289,-0.006291750352829695,-0.008124057203531265,0.005082482937723398,0.005922405049204826
13.029999732971191,44,0.03715623542666435,0.02171521820127964,9.804656982421875,20.741933822631836,-37.779842376708984,121.89069366455078,-0.004628106020390987,-0.007123773917555809,0.004625767003744841,0.0069449711591005325
13.039999961853027,43,0.03620969131588936,0.02171521820127964,9.801799774169922,20.711008071899414,-41.15960693359375,132.25375366210938,-0.003710780292749405,-0.0037563538644462824,0.005269062705338001,0.00903862714767456
13.050000190734863,42,0.03293211758136749,0.02576899528503418,9.802175521850586,20.543859481811523,-44.94944763183594,144.87057495117188,-0.002555064158514142,-0.004328371956944466,0.004113346338272095,0.011298921890556812
13.0600004196167,42,0.026716429740190506,0.02499021776020527,9.801629066467285,20.314451217651367,-48.80564880371094,159.72406005859375,-0.00009718318324303254,-0.0062699392437934875,0.007334916852414608,0.01408275868743658
13.069999694824219,42,0.031604405492544174,0.010430446825921535,9.817438125610352,20.844425201416016,-52.31773376464844,174.14295959472656,-0.00029214852838777006,-0.0067227622494101524,0.010366314090788364,0.01705634780228138
13.079999923706055,40,0.0319855697453022,0.013769864104688168,9.815553665161133,21.474145889282227,-56.591373443603516,192.46707153320312,-0.001840490847826004,-0.006328938063234091,0.0041774362325668335,0.019673418253660202
13.09000015258789,40,0.029421672224998474,0.021883167326450348,9.812732696533203,22.533018112182617,-61.301883697509766,211.79022216796875,-0.0024921721778810024,-0.003164270194247365,0.006830282974988222,0.022457636892795563
13.100000381469727,39,0.029421672224998474,0.016932131722569466,9.820061683654785,23.503000259399414,-66.00538635253906,233.3533172607422,-0.0035074292682111263,-0.0021490128710865974,0.01032079104334116,0.025430843234062195
13.109999656677246,38,0.029421672224998474,0.016932131722569466,9.82493782043457,24.863037109375,-71.10816955566406,257.12841796875,-0.0010112142190337181,-0.005241804290562868,0.012220431119203568,0.028047911822795868
13.119999885559082,50,0.02688557840883732,0.016932131722569466,9.817280769348145,27.133480072021484,-77.07345581054688,282.4466857910156,-0.003608955070376396,-0.0062699392437934875,0.0068090190179646015,0.030497446656227112
13.130000114440918,37,0.027211135253310204,0.016932131722569466,9.810393333435059,29.127592086791992,-83.03874969482422,308.544677734375,-0.007616077084094286,-0.006054309196770191,0.004697643686085939,0.032255783677101135
13.140000343322754,36,0.040131427347660065,0.01427371148020029,9.805004119873047,31.308637619018555,-89.95552062988281,337.21405029296875,-0.0018488764762878418,-0.002597343409433961,0.005877917632460594,0.03263145685195923
13.149999618530273,36,0.040446557104587555,0.023063410073518753,9.80899429321289,32.8212776184082,-97.69303131103516,366.8578796386719,-0.003012379165738821,-0.003760846331715584,0.00936842616647482,0.031080877408385277
13.15999984741211,36,0.04269532486796379,0.020086346194148064,9.806731224060059,33.61729431152344,-106.2132797241211,396.89019775390625,-0.0063926768489181995,-0.0027075542602688074,0.016184126958251,0.028127720579504967
13.170000076293945,35,0.04002252221107483,0.015017976984381676,9.803606033325195,33.60448455810547,-115.38162994384766,426.2493896484375,-0.005703560076653957,-0.006768583785742521,0.006446641869843006,0.02429565228521824
13.180000305175781,34,0.03127884864807129,0.013993029482662678,9.796608924865723,32.240089416503906,-124.90828704833984,452.5694580078125,-0.004540056921541691,-0.006515517830848694,0.008551429025828838,0.020276639610528946
13.1899995803833,34,0.03548327088356018,0.018167588859796524,9.800151824951172,29.055835723876953,-133.3199462890625,475.8940734863281,-0.0015407053288072348,-0.005352015141397715,0.004944120533764362,0.016949595883488655
13.199999809265137,34,0.029751863330602646,0.012476890347898006,9.802424430847168,24.72744369506836,-141.8194122314453,497.8860168457031,-0.004885663744062185,-0.005897378548979759,0.005962072871625423,0.014501080848276615
13.210000038146973,49,0.03412080183625221,0.013665184378623962,9.807082176208496,20.004547119140625,-149.5658721923828,517.6549072265625,-0.004375639371573925,-0.0062699392437934875,0.004706927575170994,0.013082155957818031
13.220000267028809,35,0.032570645213127136,0.033031050115823746,9.807129859924316,15.028607368469238,-156.057373046875,535.943359375,-0.003794935764744878,-0.006997390650212765,0.0063085779547691345,0.013082155957818031
13.229999542236328,36,0.019481204450130463,0.02110784314572811,9.795541763305664,9.342198371887207,-161.29110717773438,554.96875,-0.0023025975096970797,-0.007496933452785015,0.006978827528655529,0.013082155957818031
13.239999771118164,36,0.01835392415523529,0.015509169548749924,9.804624557495117,3.1499555110931396,-166.00991821289062,571.9601440429688,-0.003615843364968896,-0.006295994855463505,0.006453230045735836,0.01291309017688036
13.25,36,0.0336063988506794,0.023792721331119537,9.80344009399414,-3.211108446121216,-169.8694305419922,589.5767822265625,-0.008359400555491447,-0.0055799237452447414,0.00869068969041109,0.012220483273267746
13.260000228881836,36,0.03200526535511017,0.019497375935316086,9.800697326660156,-9.012442588806152,-173.4688720703125,606.7734985351562,-0.009482473134994507,-0.005796452052891254,0.010760736651718616,0.011342976242303848
13.270000457763672,36,0.029421672224998474,0.009790861047804356,9.800697326660156,-14.651078224182129,-177.2728729248047,623.4293212890625,-0.004695490002632141,-0.004222953226417303,0.009530747309327126,0.011158459819853306
13.279999732971191,37,0.04408907890319824,0.018288373947143555,9.808077812194824,-20.79762840270996,-181.61434936523438,639.865478515625,0.000454469962278381,-0.002935463096946478,0.007079754490405321,0.01269933208823204
13.289999961853027,37,0.05990345776081085,0.006871314719319344,9.806632041931152,-26.570058822631836,-186.51123046875,656.3016357421875,-0.0036335131153464317,-0.003815951757133007,0.006230711936950684,0.01619352586567402
13.300000190734863,38,0.055526409298181534,0.017707455903291702,9.809377670288086,-30.961780548095703,-192.18896484375,674.1014404296875,-0.005082426127046347,-0.003815951757133007,0.004276865627616644,0.020353000611066818
13.3100004196167,38,0.03411385044455528,0.014012585394084454,9.822104454040527,-34.753604888916016,-198.7804412841797,693.0955200195312,-0.003223516745492816,-0.004284048452973366,0.00846278015524149,0.02680392563343048
13.319999694824219,39,0.04521983489394188,0.004306070972234011,9.797114372253418,-37.97490692138672,-206.40306091308594,714.799072265625,-0.004016854800283909,-0.007404392119497061,0.009256118908524513,0.03360830619931221
13.329999923706055,39,0.03261003643274307,0.02254115790128708,9.795047760009766,-40.227203369140625,-214.9259796142578,740.0887451171875,-0.0006425470928661525,-0.006328039336949587,0.005707510281354189,0.04041268676519394
13.34000015258789,40,0.04169432446360588,0.014312822371721268,9.799966812133789,-40.33216094970703,-223.7403564453125,767.7415161132812,-0.0018060500733554363,-0.008655045181512833,-0.00011000402446370572,0.04687638580799103
13.350000381469727,40,0.043873582035303116,0.02041304111480713,9.817449569702148,-40.23774337768555,-234.24603271484375,801.5120239257812,0.0026757570449262857,-0.0053367409855127335,0.0042340392246842384,0.0529748797416687
13.359999656677246,40,0.01848020777106285,0.02171521820127964,9.81157112121582,-39.00247573852539,-246.31137084960938,837.360107421875,-0.00012922813766635954,0.0002849091251846403,0.00995362177491188,0.059949859976768494
13.369999885559082,40,0.03218136727809906,0.008898202329874039,9.806063652038574,-36.71092224121094,-260.1229248046875,876.0029907226562,0.0003885829937644303,-0.0039183758199214935,0.008756576105952263,0.0671069324016571
13.380000114440918,40,0.021118253469467163,0.01170846726745367,9.80994701385498,-33.852317810058594,-275.8943786621094,918.3119506835938,-0.002202269621193409,-0.004104356747120619,0.00455239275470376,0.07442387193441391
13.390000343322754,41,0.024231310933828354,0.012149045243859291,9.810393333435059,-31.188255310058594,-293.8545227050781,964.879150390625,-0.002192386891692877,-0.0046910494565963745,0.004273870959877968,0.08331143110990524
13.399999618530273,41,0.029119286686182022,0.030080445110797882,9.8058500289917,-26.78021812438965,-314.5994567871094,1012.9660034179688,-0.001028883852995932,-0.001796517986804247,0.0021909463685005903,0.09257186204195023
13.40999984741211,41,0.03400726243853569,0.026728371158242226,9.805545806884766,-21.874237060546875,-334.85162353515625,1066.9366455078125,-0.001361612812615931,-0.00013497007603291422,0.005433480255305767,0.09973812848329544
13.420000076293945,42,0.015613922849297523,0.021875115111470222,9.796174049377441,-16.60183334350586,-353.6794738769531,1124.4505615234375,-0.0004712411609943956,0.00054965476738289,0.006937498692423105,0.10498158633708954
13.430000305175781,42,0.04333137348294258,0.01702185720205307,9.786335945129395,-10.697942733764648,-370.1756896972656,1184.185791015625,0.0012346308212727308,-0.0001502438390161842,0.004610493313521147,0.10831143707036972
13.4399995803833,42,0.04382260516285896,0.021493203938007355,9.805312156677246,-3.8759806156158447,-383.65350341796875,1245.287353515625,-0.0009477231069467962,-0.0030348924919962883,0.006186986807733774,0.10902358591556549
13.449999809265137,42,0.03869133070111275,0.0030660114716738462,9.79136848449707,2.945981502532959,-394.07049560546875,1306.58984375,-0.003306174883618951,-0.004548793658614159,0.011016197502613068,0.10763326287269592
13.460000038146973,42,0.024989012628793716,0.021142350509762764,9.805352210998535,9.85857105255127,-401.33538818359375,1365.5906982421875,-0.0014098300598561764,-0.0033852909691631794,0.010630759410560131,0.1053677350282669
13.470000267028809,42,0.033975981175899506,0.008410461246967316,9.8009614944458,16.321401596069336,-406.5834655761719,1421.2113037109375,-0.0024493455421179533,-0.0014874484622851014,0.004016912076622248,0.10223465412855148
13.479999542236328,42,0.030422670766711235,0.025504417717456818,9.805545806884766,22.891361236572266,-410.4833068847656,1475.4727783203125,-0.007052144967019558,-0.00012269114085938781,0.002754578832536936,0.09839160740375519
13.489999771118164,49,0.043873582035303116,0.012149045243859291,9.805545806884766,31.051271438598633,-414.7210388183594,1537.9866943359375,-0.006294146180152893,-0.004536515101790428,0.010546604171395302,0.09835176169872284
13.5,42,0.043398573994636536,0.014507229439914227,9.80745792388916,44.27538299560547,-424.0696105957031,1638.380615234375,0.000613496929872781,-0.007496933452785015,0.004625767003744841,0.10256410390138626
13.510000228881836,42,0.03905627876520157,0.03389725089073181,9.822741508483887,45.118289947509766,-424.6654968261719,1644.77978515625,0.0003870855725836009,-0.0073837279342114925,0.004286149982362986,0.10653190314769745
13.520000457763672,42,0.036590855568647385,0.016932131722569466,9.804925918579102,49.8500862121582,-429.1186218261719,1681.9404296875,-0.0016913468716666102,-0.006220224779099226,0.0008453559130430222,0.12081476300954819
13.529999732971191,42,0.024596258997917175,0.016932131722569466,9.800005912780762,56.7655143737793,-435.4400634765625,1738.3658447265625,0.0017991617787629366,-0.0050567216239869595,-0.0014816498151049018,0.14155812561511993
13.539999961853027,49,0.05350819230079651,0.016932131722569466,9.795849800109863,67.51678466796875,-444.484619140625,1822.9884033203125,0.000690764223691076,-0.010791578330099583,0.0042394301854074,0.17532208561897278
13.550000190734863,42,0.04936633259057999,0.01775461994111538,9.797517776489258,89.4621810913086,-461.9543762207031,1982.1258544921875,-0.0026452094316482544,-0.006832972634583712,0.004625767003744841,0.2103610634803772
13.5600004196167,49,0.029421672224998474,0.019929900765419006,9.808259963989258,89.4621810913086,-461.9543762207031,1982.1258544921875,-0.0030674845911562443,-0.0062699392437934875,0.004625767003744841,0.21659451723098755
13.569999694824219,42,0.029421672224998474,0.012149045243859291,9.817161560058594,100.55580139160156,-469.70458984375,2061.1025390625,-0.0021082311868667603,-0.0033921790309250355,0.004625767003744841,0.2319718301296234
13.579999923706055,42,0.03150245174765587,0.018347041681408882,9.803451538085938,115.51634216308594,-480.2591247558594,2165.746337890625,-0.0009447283227927983,-0.002588957780972123,0.00731305405497551,0.23739854991436005
13.59000015258789,42,0.041278403252363205,0.03753805533051491,9.796967506408691,130.95068359375,-492.2765808105469,2274.16845703125,-0.0022780396975576878,-0.0000921434912015684,0.007474476937204599,0.2353133112192154
13.600000381469727,42,0.04632742330431938,0.024151625111699104,9.804265022277832,146.03158569335938,-506.96453857421875,2384.762451171875,-0.0046050455421209335,-0.00044553697807714343,0.007079754490405321,0.23094749450683594
13.609999656677246,42,0.03905627876520157,0.016932131722569466,9.810200691223145,159.570556640625,-527.6204833984375,2488.93212890625,-0.0034056042786687613,-0.002067253226414323,0.008490333333611488,0.22937315702438354
13.619999885559082,42,0.03905627876520157,0.018245812505483627,9.802507400512695,170.8793487548828,-556.8278198242188,2592.25244140625,-0.003765885950997472,-0.005156151484698057,0.0076083471067249775,0.2305922508239746
13.630000114440918,42,0.03905627876520157,0.02448292076587677,9.817283630371094,180.04278564453125,-591.3421630859375,2692.058837890625,-0.0026299357414245605,-0.005762011278420687,0.005852760747075081,0.2354719042778015
13.640000343322754,42,0.037591855973005295,0.03273541480302811,9.814814567565918,187.84034729003906,-630.3350219726562,2792.533447265625,-0.001445768284611404,-0.0022715027444064617,0.006882393267005682,0.24384832382202148
13.649999618530273,42,0.03270388022065163,0.029967712238430977,9.818758010864258,195.0086669921875,-673.0180053710938,2897.438232421875,-0.0033918279223144054,-0.0010376207064837217,0.006952772382646799,0.24786338210105896
13.65999984741211,42,0.02781590446829796,0.016932131722569466,9.802313804626465,201.20091247558594,-717.3569946289062,3002.718505859375,-0.0010648223105818033,-0.002588957780972123,0.00385009846650064,0.24367696046829224
13.670000076293945,42,0.024604368954896927,0.01859666407108307,9.795849800109863,206.23101806640625,-757.7525634765625,3112.200439453125,0.000613496929872781,-0.0029133011121302843,0.002496122382581234,0.22867071628570557
13.680000305175781,42,0.026351481676101685,0.023449920117855072,9.79936695098877,210.4386749267578,-796.0339965820312,3217.046630859375,0.00009179244079859927,-0.004076804034411907,0.0033987730275839567,0.20494049787521362
13.6899995803833,42,0.025786101818084717,0.026498304679989815,9.811034202575684,213.16551208496094,-832.9042358398438,3314.919921875,-0.001643129624426365,-0.004648223053663969,0.003596134250983596,0.17737334966659546
13.699999809265137,42,0.02734089456498623,0.022748218849301338,9.818188667297363,214.3629150390625,-869.497314453125,3402.2841796875,-0.00021188630489632487,-0.0017857365310192108,0.004625767003744841,0.14928394556045532
13.710000038146973,49,0.03905627876520157,0.016932131722569466,9.815241813659668,214.9926300048828,-907.6038818359375,3472.915283203125,0.0027155885472893715,0.0044211093336343765,0.004133112728595734,0.12066765874624252
13.720000267028809,42,0.034996677190065384,0.016932131722569466,9.81728458404541,216.04026794433594,-979.5681762695312,3561.2353515625,-0.0030674845911562443,-0.001361963921226561,-0.003963190130889416,0.10047096014022827
13.729999542236328,42,0.02732119709253311,0.01276102289557457,9.822203636169434,216.28829956054688,-996.6110229492188,3582.1259765625,-0.0030674845911562443,-0.001361963921226561,-0.003963190130889416,0.10169821977615356
13.739999771118164,42,0.028946660459041595,0.011677408590912819,9.818382263183594,219.58175659179688,-1009.5388793945312,3597.42431640625,0.0013601153623312712,-0.002468863967806101,0.0037851096130907536,0.10711662471294403
13.75,42,0.03423897549510002,0.023609818890690804,9.808137893676758,227.9154815673828,-1030.0516357421875,3627.587158203125,0.002883899724110961,-0.005719184409826994,0.004625767003744841,0.11847274750471115
13.760000228881836,42,0.03423897549510002,0.022097129374742508,9.812527656555176,241.55972290039062,-1041.0162353515625,3660.749267578125,0.00012773078924510628,-0.0062699392437934875,0.010505275800824165,0.13557711243629456
13.770000457763672,42,0.039005301892757416,0.014515281654894352,9.805699348449707,259.5067443847656,-1042.4407958984375,3690.2900390625,-0.0015299239894375205,-0.004437085706740618,0.009238448925316334,0.15477167069911957
13.779999732971191,42,0.043873582035303116,0.014495725743472576,9.803348541259766,283.0721130371094,-1040.737548828125,3726.333251953125,-0.0035463625099509954,-0.0012571439146995544,0.0048950049094855785,0.1748373657464981
13.789999961853027,42,0.043873582035303116,0.009642468765377998,9.80762004852295,310.8455505371094,-1038.5302734375,3765.326416015625,-0.003505033440887928,-0.00013497007603291422,0.0033987730275839567,0.1945461481809616
13.800000190734863,42,0.041278403252363205,0.009942705743014812,9.81114387512207,342.2174377441406,-1037.7213134765625,3804.879150390625,-0.004519392736256123,-0.0030387856531888247,0.008480451069772243,0.21145589649677277
13.8100004196167,42,0.0417221300303936,0.009502127766609192,9.81472396850586,376.62188720703125,-1039.82373046875,3843.432373046875,-0.0022091579157859087,-0.0030555569101125,0.011987730860710144,0.2218848466873169
13.819999694824219,42,0.04113705828785896,0.012800133787095547,9.815900802612305,413.4604797363281,-1046.05615234375,3881.4130859375,0.0012124688364565372,-0.004356823395937681,0.010789786465466022,0.22220179438591003
13.829999923706055,42,0.04186347499489784,0.01971939019858837,9.822914123535156,449.2494201660156,-1058.1168212890625,3922.221435546875,0.0029114524368196726,-0.006961452309042215,0.010604704730212688,0.21608465909957886
13.84000015258789,42,0.04099571332335472,0.01600036211311817,9.807560920715332,483.4405517578125,-1074.61962890625,3959.32470703125,0.0014625394251197577,-0.005797949619591236,0.012459720484912395,0.20841015875339508
13.850000381469727,43,0.03610773757100105,0.015076643787324429,9.80178451538086,515.1903686523438,-1097.1658935546875,3991.0654296875,-0.001841988181695342,-0.005451444070786238,0.011989227496087551,0.20373520255088806
13.859999656677246,43,0.03725818917155266,0.010936593636870384,9.808584213256836,544.4955444335938,-1126.2008056640625,4017.118896484375,0.000958504737354815,-0.005234915763139725,0.008153711445629597,0.20443560183048248
13.869999885559082,43,0.03905627876520157,0.019637715071439743,9.804174423217773,572.7279663085938,-1159.8555908203125,4038.1083984375,0.0007144237752072513,-0.003151991404592991,0.004907283931970596,0.2060137689113617
13.880000114440918,43,0.026414044201374054,0.023360194638371468,9.810239791870117,599.9298095703125,-1197.61962890625,4054.40869140625,-0.0037215619813650846,-0.004388868343085051,0.007160915527492762,0.20827634632587433
13.890000343322754,43,0.02624952793121338,0.02813177928328514,9.805485725402832,628.2936401367188,-1235.2587890625,4072.372314453125,-0.006748466286808252,-0.0012074292171746492,0.01290565449744463,0.20665401220321655
13.899999618530273,43,0.029421672224998474,0.03128139302134514,9.81398868560791,656.9963989257812,-1270.6622314453125,4087.1767578125,-0.006748466286808252,-0.0005901886615902185,0.010942824184894562,0.19720536470413208
13.90999984741211,43,0.04291197657585144,0.021235529333353043,9.799724578857422,686.0696411132812,-1303.4632568359375,4097.86767578125,-0.0066658081486821175,-0.0062699392437934875,0.013021855615079403,0.1842881739139557
13.920000076293945,43,0.0452476367354393,0.01351334061473608,9.808327674865723,716.1281127929688,-1334.5986328125,4106.42724609375,-0.0031752996146678925,-0.0062699392437934875,0.004877335857599974,0.17565639317035675
13.930000305175781,43,0.043873582035303116,0.022615930065512657,9.815241813659668,745.09521484375,-1362.19921875,4105.5390625,-0.0019399201264604926,-0.0006321166874840856,0.0012430732604116201,0.17919348180294037
13.9399995803833,43,0.036704398691654205,0.015820909291505814,9.808027267456055,774.2350463867188,-1387.3087158203125,4104.7421875,-0.0007764172623865306,-0.0033271906431764364,0.00839330069720745,0.18863613903522491
13.949999809265137,43,0.030583711341023445,0.012149045243859291,9.794509887695312,804.2185668945312,-1406.829833984375,4108.1005859375,-0.000613496929872781,-0.002815369050949812,0.009533742442727089,0.20086374878883362
13.960000038146973,43,0.04805136099457741,0.012149045243859291,9.805999755859375,835.5518188476562,-1419.78515625,4120.14501953125,-0.000613496929872781,-0.004463140852749348,0.007659559138119221,0.20716388523578644
13.970000267028809,43,0.04971158131957054,0.015918688848614693,9.818035125732422,868.5514526367188,-1425.75439453125,4143.2578125,-0.000613496929872781,-0.005042945500463247,0.012321357615292072,0.18950137495994568
13.979999542236328,43,0.037089038640260696,0.020771944895386696,9.7928466796875,903.291015625,-1421.3917236328125,4171.021484375,0.0010067219845950603,-0.0018025076715275645,0.015251828357577324,0.14679290354251862
13.989999771118164,43,0.03423897549510002,0.013895251788198948,9.813895225524902,934.4583740234375,-1410.7291259765625,4193.61279296875,0.001840490847826004,-0.0008815884939394891,0.010442382656037807,0.09128599613904953
14,43,0.03023034892976284,0.008168891072273254,9.80395221710205,959.4266967773438,-1397.38232421875,4209.70361328125,-0.002258273772895336,-0.001361963921226561,0.008446009829640388,0.03889479860663414
14.010000228881836,43,0.029421672224998474,0.03571822866797447,9.821224212646484,978.0659790039062,-1383.3170166015625,4219.49755859375,-0.004901836160570383,-0.002601236803457141,0.009533742442727089,-0.0022494406439363956
14.020000457763672,43,0.02527170069515705,0.024365587159991264,9.808232307434082,991.057861328125,-1369.5880126953125,4222.04833984375,-0.0037383330054581165,-0.006040533073246479,0.010089888237416744,-0.0427723303437233
14.029999732971191,43,0.02882501296699047,0.025905882939696312,9.809792518615723,999.34912109375,-1355.7877197265625,4213.05322265625,-0.0040527936071157455,-0.009216581471264362,0.006819501519203186,-0.09641338139772415
14.039999961853027,42,0.029421672224998474,0.01371579896658659,9.806075096130371,1006.2174682617188,-1330.1748046875,4195.8837890625,-0.007238125894218683,-0.009521757252514362,0.0026614386588335037,-0.17832568287849426
14.050000190734863,42,0.04686962813138962,0.007818039506673813,9.801156044006348,1008.323486328125,-1288.04296875,4178.12060546875,-0.008966757915914059,-0.007992582395672798,0.006218432914465666,-0.28940626978874207
14.0600004196167,42,0.03539290279150009,0.020569486543536186,9.800697326660156,1004.7166748046875,-1227.1983642578125,4150.48583984375,-0.0037083846982568502,-0.005967758130282164,0.007381935603916645,-0.4254511296749115
14.069999694824219,42,0.047748979181051254,0.003829832887277007,9.805230140686035,992.7476196289062,-1148.45458984375,4102.4892578125,0.0006470394437201321,-0.0038494940381497145,0.008306748233735561,-0.5637892484664917
14.079999923706055,42,0.030394865199923515,0.020748937502503395,9.810148239135742,968.3624267578125,-1055.4886474609375,4023.888427734375,-0.0042944783344864845,-0.00013437117740977556,0.007255552802234888,-0.6734070777893066
14.09000015258789,42,0.048000384122133255,0.0032684700563549995,9.82909107208252,928.4801635742188,-953.900634765625,3901.94970703125,-0.0040710619650781155,-0.007161808665841818,0.001279909978620708,-0.7362498641014099
14.100000381469727,42,0.03454483672976494,0.02599215880036354,9.810803413391113,877.4698486328125,-854.2584228515625,3745.405029296875,-0.002081576967611909,-0.0038641688879579306,0.004625767003744841,-0.7521538734436035
14.109999656677246,42,0.04855765402317047,0.0074901944026350975,9.800800323486328,821.7171020507812,-760.165283203125,3564.54638671875,-0.007899091579020023,-0.0050276718102395535,0.004625767003744841,-0.7306516170501709
14.119999885559082,42,0.043433330953121185,0.007365958299487829,9.805545806884766,764.8480834960938,-673.5821533203125,3366.873779296875,-0.009123689495027065,-0.010784091427922249,0.0034775377716869116,-0.6921396255493164
14.130000114440918,42,0.024965839460492134,0.00808376632630825,9.805000305175781,709.018310546875,-595.2999267578125,3159.28759765625,-0.002694025868549943,-0.007923700846731663,0.004483511205762625,-0.6449966430664062
14.140000343322754,42,0.03398756682872772,0.02599905990064144,9.791507720947266,654.8624267578125,-525.853271484375,2948.060546875,-0.001840490847826004,-0.004433192312717438,0.007689507678151131,-0.5950734615325928
14.149999618530273,42,0.029743751510977745,0.017571715638041496,9.800373077392578,603.3914794921875,-464.9675598144531,2743.789306640625,0.00007502116932300851,-0.007646975573152304,0.004475724417716265,-0.5439596176147461
14.15999984741211,42,0.03384622186422348,0.02610834129154682,9.796244621276855,555.1458740234375,-411.71063232421875,2548.6083984375,-0.002963562961667776,-0.006935396697372198,0.0033987730275839567,-0.4942733645439148
14.170000076293945,42,0.03034852258861065,0.020334817469120026,9.800697326660156,510.0229797363281,-365.2196350097656,2361.394287109375,-0.0001406085502821952,-0.005439165513962507,0.005891094915568829,-0.44809019565582275
14.180000305175781,42,0.038522183895111084,0.01107808481901884,9.80123519897461,467.80255126953125,-324.51470947265625,2181.848388671875,0.001840490847826004,-0.004275662824511528,0.00784703716635704,-0.4064575433731079
14.1899995803833,42,0.03242466598749161,0.03964661806821823,9.805545806884766,428.6549987792969,-289.16815185546875,2014.0439453125,-0.00027088503702543676,-0.005223535466939211,0.005491580814123154,-0.3709662854671478
14.199999809265137,41,0.02113795094192028,0.029940104112029076,9.804186820983887,393.616455078125,-257.8174743652344,1857.9046630859375,-0.002480791648849845,-0.002428133739158511,0.002758471993729472,-0.34278416633605957
14.210000038146973,41,0.029421672224998474,0.020974403247237206,9.798852920532227,360.6692199707031,-228.00747680664062,1710.90869140625,-0.003644294338300824,-0.0000615960088907741,0.0027485890313982964,-0.3197958171367645
14.220000267028809,40,0.030238458886742592,0.016121147200465202,9.813597679138184,329.1188659667969,-199.89622497558594,1569.2764892578125,-0.0042944783344864845,-0.002901920583099127,0.003912092186510563,-0.29885926842689514
14.229999542236328,40,0.03512643277645111,0.016554823145270348,9.803759574890137,298.4259948730469,-173.83958435058594,1430.9149169921875,-0.003844650462269783,-0.005042945500463247,0.0037261112593114376,-0.2770141661167145
14.239999771118164,40,0.03905627876520157,0.031307850033044815,9.798742294311523,268.2633361816406,-150.27223205566406,1296.018798828125,-0.001908474019728601,-0.005815619137138128,0.004103463143110275,-0.2525513768196106
14.25,40,0.04111388698220253,0.010106053203344345,9.807287216186523,240.3457489013672,-130.7737579345703,1170.1932373046875,-0.0010007322998717427,-0.008142624981701374,0.007983902469277382,-0.22638066112995148
14.260000228881836,40,0.044292986392974854,0.008041203953325748,9.798063278198242,214.51637268066406,-113.96786499023438,1052.58740234375,-0.003965343814343214,-0.008913502097129822,0.0057829804718494415,-0.20057415962219238
14.270000457763672,51,0.029421672224998474,0.026498304679989815,9.805545806884766,191.353759765625,-99.15837860107422,942.3517456054688,0.0012528994120657444,-0.004651217721402645,0.002903423272073269,-0.16943709552288055
14.279999732971191,42,0.029421672224998474,0.022802283987402916,9.801799774169922,165.37513732910156,-82.28177642822266,812.34814453125,-0.001840490847826004,-0.002588957780972123,0.013214724138379097,-0.1418105661869049
14.289999961853027,42,0.032044656574726105,0.012149045243859291,9.800240516662598,132.66006469726562,-60.53623580932617,644.876220703125,-0.001771609066054225,-0.002657839562743902,0.01280143391340971,-0.13542400300502777
14.300000190734863,42,0.036291949450969696,0.01626608893275261,9.819374084472656,119.96073150634766,-50.56440734863281,570.9135131835938,-0.000597324687987566,-0.003832123940810561,0.005841979291290045,-0.11820011585950851
14.3100004196167,43,0.03087451122701168,0.02361326850950718,9.809931755065918,108.99349212646484,-41.90729522705078,504.185546875,0.0028931836131960154,-0.00732263270765543,0.0035149736795574427,-0.10338657349348068
14.319999694824219,44,0.02814493514597416,0.01541944406926632,9.812423706054688,99.22393798828125,-34.69638442993164,443.36090087890625,-0.0013541256776079535,-0.009707738645374775,0.008925786241889,-0.08980296552181244
14.329999923706055,45,0.02134649083018303,0.015314762480556965,9.803871154785156,90.62562561035156,-28.84593391418457,388.7422180175781,-0.001840490847826004,-0.008909009397029877,0.00849183090031147,-0.07778998464345932
14.34000015258789,45,0.03090926632285118,0.015103100799024105,9.815062522888184,83.16397857666016,-24.180341720581055,340.1732177734375,-0.001840490847826004,-0.006767085753381252,0.01124201063066721,-0.06753073632717133
14.350000381469727,46,0.026339896023273468,0.007752470206469297,9.807291984558105,76.65687561035156,-20.618974685668945,296.1953430175781,-0.0036703497171401978,0.0010494969319552183,0.01564744859933853,-0.05881594121456146
14.359999656677246,46,0.031227871775627136,0.015138761140406132,9.81584644317627,70.7425765991211,-17.56049346923828,258.80377197265625,-0.0017401629593223333,-0.0015626195818185806,0.013489952310919762,-0.050991423428058624
14.369999885559082,46,0.036115847527980804,0.014012585394084454,9.819271087646484,65.98225402832031,-15.291433334350586,224.97439575195312,0.0001744505570968613,-0.0030280041974037886,0.008047993294894695,-0.044370539486408234
14.380000114440918,46,0.03905627876520157,0.01886584237217903,9.808433532714844,61.87973403930664,-13.54536247253418,195.30029296875,-0.00011095953959738836,-0.002588957780972123,0.005852760747075081,-0.03845681622624397
14.390000343322754,46,0.030983414500951767,0.017707455903291702,9.805545806884766,58.2287712097168,-12.031782150268555,169.16778564453125,0.0007084339740686119,-0.002588957780972123,0.005191795527935028,-0.033590175211429596
14.399999618530273,46,0.030231507495045662,0.012149045243859291,9.8097505569458,55.29452896118164,-10.532039642333984,144.36203002929688,-0.001146881259046495,-0.0049788556061685085,0.007015664596110582,-0.02958674170076847
14.40999984741211,46,0.03955446183681488,0.020725931972265244,9.804374694824219,52.67069625854492,-9.997835159301758,124.483154296875,-0.00376049499027431,-0.00536099961027503,0.008999759331345558,-0.026106849312782288
14.420000076293945,46,0.03423897549510002,0.017995040863752365,9.802224159240723,49.554222106933594,-9.742243766784668,105.6468505859375,-0.004478961694985628,-0.0035299425944685936,0.007836256176233292,-0.023150499910116196
14.430000305175781,46,0.03423897549510002,0.011721121147274971,9.8106107711792,46.87845230102539,-9.221075057983398,88.99588012695312,-0.006341464817523956,-0.004635944031178951,0.007486755959689617,-0.020717691630125046
14.4399995803833,46,0.03661055117845535,0.02171521820127964,9.8031587600708,44.707881927490234,-8.703520774841309,74.52945709228516,-0.004490941297262907,-0.004502972587943077,0.009337279945611954,-0.018624035641551018
14.449999809265137,45,0.03661402687430382,0.02171521820127964,9.815444946289062,42.62705612182617,-8.715191841125488,61.39599609375,-0.002400529570877552,-0.0059899198822677135,0.0103076146915555,-0.016714895144104958
14.460000038146973,45,0.029213130474090576,0.02171521820127964,9.81208324432373,40.73789596557617,-7.91388463973999,47.958316802978516,-0.0045110066421329975,-0.004826417192816734,0.004192710388451815,-0.015329298563301563
14.470000267028809,44,0.02718796394765377,0.02941094897687435,9.80364990234375,39.20771408081055,-8.026154518127441,36.51482391357422,-0.005674509797245264,-0.003815951757133007,0.002171779051423073,-0.014097699895501137
14.479999542236328,43,0.029421672224998474,0.017616581171751022,9.815735816955566,38.000022888183594,-7.571855068206787,26.93208885192871,-0.006658920086920261,-0.004084590822458267,0.0023508716840296984,-0.012712356634438038
14.489999771118164,43,0.03759649023413658,0.010699625127017498,9.817347526550293,36.66289520263672,-6.995194435119629,17.791568756103516,-0.005495417397469282,-0.007418767549097538,0.004599711857736111,-0.011850555427372456
14.5,42,0.043873582035303116,0.022483641281723976,9.81242847442627,34.89544677734375,-6.963017463684082,8.262258529663086,-0.004331914242357016,-0.003928259015083313,0.003436208702623844,-0.011141986586153507
14.510000228881836,41,0.032408446073532104,0.017960529774427414,9.810393333435059,33.21619415283203,-7.2301201820373535,0.5994494557380676,-0.002042344305664301,-0.007194153033196926,0.009029108099639416,-0.010280442424118519
14.520000457763672,40,0.030478281900286674,0.023813428357243538,9.813349723815918,32.413360595703125,-6.83634614944458,-5.929901599884033,-0.001840490847826004,-0.008559509180486202,0.012721470557153225,-0.009757027961313725
14.529999732971191,38,0.04025423154234886,0.02530886046588421,9.809187889099121,31.386486053466797,-6.762999057769775,-12.757593154907227,-0.002839575754478574,-0.005726671777665615,0.010217469185590744,-0.00904807634651661
14.539999961853027,36,0.037716981023550034,0.02171521820127964,9.811741828918457,30.28072166442871,-6.934696197509766,-19.083866119384766,-0.004003078676760197,-0.0013005692744627595,0.004855772480368614,-0.008372579701244831
14.550000190734863,36,0.043685898184776306,0.02171521820127964,9.802565574645996,29.182403564453125,-7.1604132652282715,-24.094606399536133,-0.003422375302761793,-0.0018791761249303818,0.0033987730275839567,-0.00818678643554449
14.5600004196167,36,0.039031948894262314,0.024911994114518166,9.802330017089844,27.923532485961914,-7.2495012283325195,-27.316143035888672,0.0001669634657446295,0.0006454902468249202,0.005015997216105461,-0.007663372438400984
14.569999694824219,37,0.030948657542467117,0.026498304679989815,9.802234649658203,27.608671188354492,-7.427569389343262,-32.091514587402344,-0.0026302351616322994,-0.001406587311066687,0.0051076398231089115,-0.007139958441257477
14.579999923706055,38,0.0327826626598835,0.009812717325985432,9.80408000946045,27.45518684387207,-7.400291919708252,-35.842350006103516,-0.007566362619400024,-0.003134321654215455,0.004625767003744841,-0.006802720949053764
14.59000015258789,40,0.047965627163648605,0.0230265986174345,9.81935977935791,26.95572853088379,-7.454686641693115,-39.58323287963867,-0.008584314957261086,-0.0038252356462180614,0.005862044636160135,-0.0066164168529212475
14.600000381469727,41,0.05000585690140724,0.013894101604819298,9.803790092468262,26.084074020385742,-7.65992546081543,-43.14064025878906,-0.006311516277492046,-0.005042945500463247,0.005415810737758875,-0.006279435008764267
14.609999656677246,42,0.027252843603491783,0.0251041017472744,9.806636810302734,25.216489791870117,-7.887837886810303,-45.67861557006836,-0.004785635508596897,-0.004060631617903709,0.0058545577339828014,-0.006092875264585018
14.619999885559082,42,0.03436178341507912,0.027663592249155045,9.803059577941895,25.321441650390625,-7.6207356452941895,-48.01077651977539,-0.007659802213311195,-0.003871955443173647,0.0061124153435230255,-0.005756148602813482
14.630000114440918,43,0.024198872968554497,0.01912236586213112,9.804435729980469,24.896453857421875,-8.102901458740234,-50.62331008911133,-0.012020616792142391,-0.006998288910835981,0.0004461411735974252,-0.005569333676248789
14.640000343322754,44,0.031142137944698334,0.016932131722569466,9.809354782104492,24.307693481445312,-8.563277244567871,-52.88234329223633,-0.012582751922309399,-0.008122558705508709,0.0012697273632511497,-0.005232862196862698
14.649999618530273,44,0.03423897549510002,0.013103822246193886,9.814273834228516,23.71763801574707,-8.68387222290039,-54.8813362121582,-0.010470477864146233,-0.006507132202386856,-0.0005604311008937657,-0.005232862196862698
14.65999984741211,45,0.02245987020432949,0.019946005195379257,9.803387641906738,23.238880157470703,-8.559877395629883,-56.847877502441406,-0.0050003668293356895,-0.0071495296433568,0.004614686127752066,-0.005232862196862698
14.670000076293945,45,0.03177819028496742,0.02171521820127964,9.816787719726562,23.028974533081055,-9.272150993347168,-58.624759674072266,-0.001620069146156311,-0.005042945500463247,0.011877520009875298,-0.0050455364398658276
14.680000305175781,46,0.04237440228462219,0.013637576252222061,9.79962158203125,22.243309020996094,-9.333184242248535,-61.1124153137207,0.00042661771294660866,-0.004902786109596491,0.010854176245629787,-0.0047095762565732
14.6899995803833,46,0.031458426266908646,-0.00428692065179348,9.80001449584961,22.1199893951416,-9.454715728759766,-62.07498550415039,-0.00422739377245307,-0.001412277459166944,0.013181181624531746,-0.0047095762565732
14.699999809265137,46,0.03363072872161865,0.009733344428241253,9.800697326660156,22.187990188598633,-9.793292045593262,-63.34817886352539,0.0002924481814261526,-0.00021523228497244418,0.001747407135553658,-0.004521867260336876
14.710000038146973,46,0.047078169882297516,0.02064770832657814,9.805005073547363,22.06006622314453,-10.191082000732422,-65.44059753417969,-0.0026362247299402952,-0.004467932507395744,-0.001221696031279862,-0.0041862898506224155
14.720000267028809,46,0.031289275735616684,0.026034720242023468,9.801167488098145,21.85015869140625,-10.10204792022705,-65.88481903076172,-0.0010279853595420718,-0.006062694825232029,0.0076685440726578236,-0.0041862898506224155
14.729999542236328,46,0.038263823837041855,0.013329287059605122,9.800697326660156,21.74384880065918,-9.925129890441895,-67.75408935546875,-0.001569755608215928,-0.003401163499802351,0.004752449691295624,-0.003998198080807924
14.739999771118164,46,0.04803977534174919,0.02106873132288456,9.791656494140625,21.876697540283203,-10.016037940979004,-68.38389587402344,-0.0054115611128509045,-0.002588957780972123,0.005184308160096407,-0.0038512232713401318
14.75,46,0.03044120781123638,0.003595164744183421,9.818550109863281,21.756977081298828,-10.100896835327148,-69.24545288085938,-0.006748466286808252,-0.002588957780972123,0.0017063780687749386,-0.0041862898506224155
14.760000228881836,46,0.03868785500526428,0.030183974653482437,9.824752807617188,21.459598541259766,-10.048964500427246,-70.55962371826172,-0.0006221820949576795,-0.006417885422706604,0.004312504548579454,-0.0041862898506224155
14.770000457763672,46,0.03905627876520157,0.01727033033967018,9.801268577575684,21.465877532958984,-9.870895385742188,-71.53254699707031,0.00025830656522884965,-0.008723926730453968,0.005675165448337793,-0.0041862898506224155
14.779999732971191,46,0.03905627876520157,0.02164504863321781,9.800697326660156,21.570831298828125,-9.692827224731445,-72.08782196044922,-0.0005628838553093374,-0.0068075163289904594,0.0033481598366051912,-0.0041862898506224155
14.789999961853027,46,0.03915475681424141,0.017127688974142075,9.801193237304688,21.76268768310547,-9.588480949401855,-73.01091766357422,0.0017641219310462475,-0.0044676330871880054,0.003897716524079442,-0.003997431602329016
14.800000190734863,46,0.043704431504011154,0.026330355554819107,9.824427604675293,21.409423828125,-9.711779594421387,-73.54692840576172,0.0010201988043263555,-0.00586323719471693,0.005852760747075081,-0.003851989284157753
14.8100004196167,46,0.03905627876520157,0.02171521820127964,9.810393333435059,21.018957138061523,-9.78421688079834,-74.09278869628906,-0.001840490847826004,-0.0069306050427258015,0.006301091052591801,-0.0041862898506224155
14.819999694824219,46,0.038745783269405365,0.021406928077340126,9.811643600463867,21.201032638549805,-9.564335823059082,-75.15916442871094,-0.001840490847826004,-0.004200791008770466,0.005540397018194199,-0.0041862898506224155
14.829999923706055,45,0.03423897549510002,0.01768905110657215,9.82710075378418,21.201032638549805,-9.653369903564453,-75.93655395507812,-0.001840490847826004,-0.004078900441527367,0.0040998696349561214,-0.003996920771896839
14.84000015258789,45,0.035142652690410614,0.02515241503715515,9.796759605407715,21.48465347290039,-9.822604179382324,-76.11372375488281,-0.0026140629779547453,-0.0018776787910610437,0.008760170079767704,-0.0036630036775022745
14.850000381469727,45,0.042306046932935715,0.012149045243859291,9.806597709655762,21.237825393676758,-10.000673294067383,-76.5219497680664,-0.005327105987817049,-0.003815951757133007,0.006047127302736044,-0.0038526279386132956
14.859999656677246,45,0.030014855787158012,0.013326986692845821,9.815838813781738,20.98834800720215,-10.100896835327148,-76.93157958984375,-0.004425353836268187,-0.0034233257174491882,0.00747238053008914,-0.0041862898506224155
14.869999885559082,44,0.03423897549510002,0.021056076511740685,9.81741714477539,21.02864646911621,-10.119179725646973,-77.24491119384766,-0.005454088095575571,-0.00040450741653330624,0.010693352669477463,-0.0041862898506224155
14.880000114440918,44,0.03423897549510002,0.01620282046496868,9.801436424255371,20.81873893737793,-10.208213806152344,-77.91123962402344,-0.0042827981524169445,-0.005039052106440067,0.009537635371088982,-0.0039962828159332275
14.890000343322754,51,0.03423897549510002,0.012149045243859291,9.805545806884766,20.60883331298828,-10.037212371826172,-79.8749771118164,-0.000792289967648685,-0.003875549416989088,0.010701138526201248,-0.0036630036775022745
14.899999618530273,44,0.03423897549510002,0.013888349756598473,9.8073091506958,20.55462074279785,-9.991223335266113,-80.39125061035156,-0.0039252121932804585,-0.009335476905107498,0.008552925661206245,-0.0036630036775022745
14.90999984741211,44,0.032345883548259735,0.02265504002571106,9.814289093017578,20.608139038085938,-9.855021476745605,-80.61776733398438,-0.0042944783344864845,-0.009950920939445496,0.008306748233735561,-0.0036630036775022745
14.920000076293945,44,0.026638805866241455,0.025488311424851418,9.80732250213623,20.625524520874023,-9.736488342285156,-80.81490325927734,-0.00038678591954521835,-0.010927843861281872,0.006352902390062809,-0.0036630036775022745
14.930000305175781,44,0.033151086419820786,0.02171521820127964,9.795849800109863,20.435056686401367,-9.978856086730957,-80.4683837890625,-0.0012133672134950757,-0.008437618613243103,0.004939328879117966,-0.0036630036775022745
14.9399995803833,44,0.029421672224998474,0.017113884910941124,9.804011344909668,20.644962310791016,-9.711753845214844,-82.13420867919922,0.001559273456223309,-0.0057970513589680195,0.00717558991163969,-0.0036630036775022745
14.949999809265137,44,0.03188014402985573,0.006244382821023464,9.824837684631348,20.512935638427734,-9.807238578796387,-81.7196044921875,-0.0032241158187389374,-0.00347004528157413,0.008306748233735561,-0.0036630036775022745
14.960000038146973,44,0.03905627876520157,0.018222806975245476,9.81562614440918,20.486492156982422,-10.192821502685547,-82.19007110595703,-0.007471425458788872,-0.001143039669841528,0.00686083035543561,-0.0036630036775022745
14.970000267028809,45,0.03768569976091385,0.02171521820127964,9.82426929473877,20.665096282958984,-10.445870399475098,-83.12722778320312,-0.0026997157838195562,-0.0027728420682251453,0.005852760747075081,-0.0036630036775022745
14.979999542236328,45,0.03568022698163986,0.020284203812479973,9.810393333435059,20.89248275756836,-10.231770515441895,-83.18011474609375,0.0024364676792174578,-0.00444696843624115,0.007044714409857988,-0.003854287788271904
14.989999771118164,45,0.04056820273399353,0.019934501498937607,9.807350158691406,20.47266960144043,-10.409839630126953,-83.62433624267578,0.0020025125704705715,-0.0032834657467901707,0.008839234709739685,-0.00399487791582942
15,46,0.037543196231126785,0.021784238517284393,9.808661460876465,20.518457412719727,-10.429916381835938,-82.88615417480469,0.002020481741055846,-0.003526947693899274,0.007188767660409212,-0.0036630036775022745
15.010000228881836,46,0.027910906821489334,0.0187151487916708,9.816618919372559,20.348247528076172,-10.546629905700684,-83.4535140991211,0.0030779666267335415,-0.005448449403047562,0.0033987730275839567,-0.0038546710275113583
15.020000457763672,46,0.03079109452664852,0.027858000248670578,9.804166793823242,20.255695343017578,-10.762415885925293,-84.45685577392578,0.00027148399385623634,-0.005585913546383381,0.0030567599460482597,-0.003994494676589966
15.029999732971191,46,0.029988208785653114,0.019933350384235382,9.814005851745605,20.525999069213867,-10.875809669494629,-84.9056167602539,-0.000613496929872781,-0.002423342317342758,0.0016147352289408445,-0.0036630036775022745
15.039999961853027,47,0.03905627876520157,0.013228057883679867,9.821967124938965,21.050765991210938,-10.341604232788086,-84.9056167602539,-0.0019036822486668825,0.002319017658010125,0.0007929458515718579,-0.003855054033920169
15.050000190734863,48,0.03712031990289688,0.011210372671484947,9.822989463806152,20.970993041992188,-9.80739974975586,-84.15931701660156,-0.008581619709730148,0.0021674777381122112,0.005246601067483425,-0.0041862898506224155
15.0600004196167,48,0.030225714668631554,0.016932131722569466,9.81605052947998,21.095321655273438,-9.92154312133789,-84.75672912597656,-0.012355142273008823,0.0009159260662272573,0.0012089319061487913,-0.0039939843118190765
15.069999694824219,48,0.028758974745869637,0.018994679674506187,9.808302879333496,20.99264144897461,-10.189288139343262,-84.65448760986328,-0.005447798874229193,-0.0014847532147541642,0.004674882628023624,-0.0036630036775022745
15.079999923706055,48,0.03423897549510002,0.01744978129863739,9.805545806884766,20.711671829223633,-10.2731294631958,-84.08578491210938,-0.0019572903402149677,-0.007302267476916313,0.007001888006925583,-0.0036630036775022745
15.09000015258789,48,0.03202032670378685,0.016554823145270348,9.807778358459473,20.81662368774414,-10.103815078735352,-85.59688568115234,-0.005214199889451265,-0.01199521217495203,0.008204324170947075,-0.0036630036775022745
15.100000381469727,48,0.024843033403158188,0.026261337101459503,9.8057861328125,20.92157745361328,-10.192848205566406,-85.81900024414062,-0.006582551170140505,-0.007099515292793512,0.005123512353748083,-0.0036630036775022745
15.109999656677246,48,0.026867041364312172,0.028938163071870804,9.795947074890137,20.606212615966797,-10.281882286071777,-86.04110717773438,-0.006748466286808252,-0.0032771765254437923,0.005623354576528072,-0.0036630036775022745
15.119999885559082,49,0.031808312982320786,0.026498304679989815,9.803232192993164,20.5448055267334,-10.218894958496094,-86.38963317871094,-0.005814369767904282,-0.004457151051610708,0.00865505076944828,-0.0036630036775022745
15.130000114440918,49,0.03192300722002983,0.01656402461230755,9.815241813659668,20.64849853515625,-10.221036911010742,-87.02117156982422,-0.001168444287031889,-0.005042945500463247,0.012145559303462505,-0.0036630036775022745
15.140000343322754,49,0.02652294933795929,0.015027179382741451,9.807476043701172,20.54354476928711,-10.483213424682617,-87.88003540039062,0.002227726159617305,-0.0034287164453417063,0.0116004953160882,-0.0034696762450039387
15.149999618530273,49,0.03300047293305397,0.02171521820127964,9.800697326660156,20.43859100341797,-9.949007987976074,-87.54685974121094,0.0030674845911562443,-0.004076204728335142,0.0062989951111376286,-0.0033331725280731916
15.15999984741211,49,0.041160229593515396,0.016327057033777237,9.797966957092285,21.067237854003906,-10.426088333129883,-86.04932403564453,0.0010270869825035334,-0.0036826804280281067,0.0006782428245060146,-0.0036630036775022745
15.170000076293945,49,0.04462433233857155,0.012149045243859291,9.801453590393066,20.858718872070312,-10.420653343200684,-86.09439849853516,-0.0018467799527570605,-0.002588957780972123,0.0015740053495392203,-0.0036630036775022745
15.180000305175781,50,0.0458361878991127,0.0149834668263793,9.811291694641113,20.33925437927246,-10.174056053161621,-86.95726013183594,-0.002514334162697196,-0.003142108442261815,0.008497820235788822,-0.0034691656474024057
15.1899995803833,50,0.04094821214675903,0.019836723804473877,9.82112979888916,20.129348754882812,-10.164393424987793,-87.48499298095703,-0.001840490847826004,-0.003815951757133007,0.011256085708737373,-0.0033336833585053682
15.199999809265137,50,0.03905627876520157,0.01576569303870201,9.803832054138184,19.91944122314453,-10.520529747009277,-87.37393951416016,-0.000988153857178986,-0.003389783203601837,0.006602074485272169,-0.0036630036775022745
15.210000038146973,50,0.03292284905910492,0.021283842623233795,9.803346633911133,19.908206939697266,-10.708127975463867,-88.41911315917969,0.0009761744295246899,-0.002951635280624032,0.00448680529370904,-0.0036630036775022745
15.220000267028809,50,0.03255905956029892,0.02338320203125477,9.816707611083984,19.833200454711914,-10.758935928344727,-88.97408294677734,0.0009429315105080605,-0.005311883985996246,0.00588300870731473,-0.0036630036775022745
15.229999542236328,50,0.02782285585999489,0.015344670973718166,9.820089340209961,19.880281448364258,-10.45799732208252,-89.20000457763672,-0.002547577256336808,-0.009479530155658722,0.0012289973674342036,-0.003468527225777507
15.239999771118164,50,0.031161833554506302,0.018659932538866997,9.816789627075195,20.063838958740234,-9.968871116638184,-89.33894348144531,-0.005004859063774347,-0.00698031997308135,-0.0015307655557990074,-0.0033343215472996235
15.25,50,0.030889570713043213,0.011738375760614872,9.808500289916992,20.164752960205078,-9.888402938842773,-89.57601165771484,-0.0019492042483761907,-0.004033378325402737,0.005852760747075081,-0.0034682718105614185
15.260000228881836,50,0.03968190401792526,0.007365958299487829,9.812429428100586,20.05980110168457,-10.244539260864258,-90.57550048828125,-0.0029318174347281456,-0.006043827161192894,0.005807538516819477,-0.003334576962515712
15.270000457763672,50,0.026419837027788162,0.021229777485132217,9.808216094970703,19.872203826904297,-9.969700813293457,-90.26327514648438,0.0005586909246630967,-0.00022631326282862574,0.004644035827368498,-0.0036630036775022745
15.279999732971191,50,0.02334848791360855,0.02296217903494835,9.81629753112793,19.720611572265625,-9.92028522491455,-90.15229034423828,-0.003967439755797386,-0.002425438491627574,0.005771000869572163,-0.0036630036775022745
15.289999961853027,50,0.03186855465173721,0.02171521820127964,9.805468559265137,19.615657806396484,-10.100896835327148,-90.4854507446289,-0.00321273528970778,-0.0015072146197780967,0.006934504024684429,-0.0036630036775022745
15.300000190734863,50,0.04164450615644455,0.010685821063816547,9.808150291442871,19.549327850341797,-10.109087944030762,-90.71644592285156,-0.0040857368148863316,-0.0023802160285413265,0.006061502266675234,-0.003467633156105876
15.3100004196167,49,0.036326706409454346,0.014859230257570744,9.814190864562988,19.864187240600586,-10.198122024536133,-89.93905639648438,0.0004793273110408336,-0.002588957780972123,0.003943238407373428,-0.0033352156169712543
15.319999694824219,49,0.04192719608545303,0.024565745145082474,9.7958984375,19.81792640686035,-9.82763671875,-90.7856674194336,0.0027317609637975693,-0.006154038477689028,0.004290043376386166,-0.0034673779737204313
15.329999923706055,49,0.03995880112051964,0.022611327469348907,9.81857967376709,19.91082763671875,-10.053836822509766,-91.47750091552734,0.001411926350556314,-0.005841374862939119,0.004625767003744841,-0.0031397175043821335
15.34000015258789,49,0.04702719300985336,0.017758071422576904,9.808894157409668,20.037490844726562,-10.465224266052246,-90.86473083496094,0.000613496929872781,-0.0058072335086762905,0.0038614787627011538,-0.0031397175043821335
15.350000381469727,49,0.05274701863527298,0.012904814444482327,9.81371021270752,19.968320846557617,-10.466241836547852,-89.37553405761719,0.000613496929872781,-0.006970736663788557,0.002697975840419531,-0.0031397175043821335
15.359999656677246,49,0.02462058886885643,0.016246533021330833,9.794475555419922,19.548507690429688,-10.02107048034668,-91.59664154052734,-0.0006611152202822268,-0.005585015285760164,0.0034463913179934025,-0.0031397175043821335
15.369999885559082,49,0.040774427354335785,0.01276447344571352,9.78677749633789,19.324527740478516,-9.991223335266113,-90.50225067138672,-0.002988120773807168,-0.0015206915559247136,0.003478136844933033,-0.0031397175043821335
15.380000114440918,49,0.03533729165792465,0.01638687402009964,9.820516586303711,19.40896987915039,-10.240925788879395,-91.11622619628906,-0.002763506257906556,-0.0009492723038420081,0.004213075153529644,-0.0033361094538122416
15.390000343322754,48,0.038577791303396225,0.02554812841117382,9.816205024719238,19.668134689331055,-10.304556846618652,-91.77811431884766,-0.0010603299597278237,-0.003815951757133007,0.007973420433700085,-0.0036630036775022745
15.399999618530273,48,0.03023730032145977,0.017741966992616653,9.797491073608398,19.858348846435547,-10.07974910736084,-91.84616088867188,-0.0026071746833622456,-0.004582635592669249,0.011450452730059624,-0.003466356545686722
15.40999984741211,48,0.038381993770599365,0.02138047106564045,9.804866790771484,19.647844314575195,-9.992240905761719,-92.83296966552734,-0.0026952235493808985,-0.005630237516015768,0.01470915973186493,-0.0031397175043821335
15.420000076293945,48,0.043607112020254135,0.017196709290146828,9.805545806884766,19.332984924316406,-10.170309066772461,-91.61135864257812,0.0010714109521359205,-0.004328671842813492,0.01044957060366869,-0.0031397175043821335
15.430000305175781,48,0.02076605148613453,0.021520812064409256,9.805545806884766,19.180572509765625,-10.210569381713867,-91.24921417236328,-0.0014547529863193631,-0.006077070254832506,0.005204373970627785,-0.003336748108267784
15.4399995803833,48,0.038555778563022614,0.01705636829137802,9.805545806884766,19.30319595336914,-10.210569381713867,-91.67998504638672,0.0008722528000362217,-0.004913567565381527,0.00765985855832696,-0.0036630036775022745
15.449999809265137,48,0.04851710423827171,0.012203110381960869,9.805513381958008,19.487794876098633,-10.127692222595215,-91.94817352294922,0.002803937066346407,-0.0035524042323231697,0.0025671005714684725,-0.0034657178912311792
15.460000038146973,48,0.029421672224998474,0.0123215951025486,9.795849800109863,19.374605178833008,-9.881549835205078,-91.05548858642578,-0.0018476785626262426,0.001089627854526043,0.009524159133434296,-0.0033371311146765947
15.470000267028809,48,0.029736801981925964,0.021245881915092468,9.796483993530273,19.16469955444336,-9.881549835205078,-92.72132110595703,-0.005338187329471111,-0.00007387492951238528,0.004870147444307804,-0.003465462476015091
15.479999542236328,48,0.0388280414044857,0.007819189690053463,9.814783096313477,19.487953186035156,-9.655404090881348,-92.22454071044922,-0.0011118416441604495,-0.0023397854529321194,0.005728174466639757,-0.0033373862970620394
15.489999771118164,48,0.033940065652132034,0.016932131722569466,9.806447982788086,19.585111618041992,-9.662016868591309,-92.15548706054688,-0.002691330388188362,-0.003627874655649066,0.008969510905444622,-0.0034652070607990026
15.5,48,0.029791252687573433,0.018399957567453384,9.818601608276367,19.520360946655273,-9.874189376831055,-92.30193328857422,-0.00014120765263214707,-0.003815951757133007,0.009533742442727089,-0.0031397175043821335
15.510000228881836,48,0.03423897549510002,0.03431597352027893,9.801140785217285,19.47274398803711,-10.087431907653809,-92.03594970703125,-0.0002984377206303179,-0.003815951757133007,0.006797938607633114,-0.0031397175043821335
15.520000457763672,48,0.03474989905953407,0.016424834728240967,9.806574821472168,19.157882690429688,-9.998397827148438,-92.14700317382812,-0.0014619407011196017,-0.0012706207344308496,0.005004317034035921,-0.003337897127494216
15.529999732971191,47,0.037311483174562454,0.012726512737572193,9.81290054321289,19.4220027923584,-9.90936279296875,-93.1770248413086,-0.002625443506985903,-0.00013497007603291422,0.0007010036497376859,-0.0034646964631974697
15.539999961853027,47,0.024604368954896927,0.016932131722569466,9.797819137573242,19.30385971069336,-10.126434326171875,-92.83667755126953,-0.0023460229858756065,-0.0037422780878841877,0.003541028592735529,-0.0031397175043821335
15.550000190734863,47,0.026773197576403618,0.016932131722569466,9.808210372924805,19.036836624145508,-10.19849681854248,-91.8371810913086,-0.0031564319506287575,-0.007585880346596241,0.007737725041806698,-0.0033382801339030266
15.5600004196167,47,0.036675430834293365,0.017720110714435577,9.799044609069824,18.897457122802734,-9.951337814331055,-91.06156158447266,-0.0013220804976299405,-0.00812944769859314,0.008306748233735561,-0.003464313456788659
15.569999694824219,47,0.024604368954896927,0.02171521820127964,9.81263256072998,19.002410888671875,-9.773269653320312,-91.06156158447266,-0.001876428839750588,-0.006965944543480873,0.006713782902806997,-0.003338535549119115
15.579999923706055,47,0.02647428959608078,0.02171521820127964,9.80163860321045,19.107362747192383,-10.03689193725586,-91.50231170654297,-0.007215963676571846,-0.004867446608841419,0.006495757028460503,-0.0036630036775022745
15.59000015258789,47,0.03323334455490112,0.019718239083886147,9.806557655334473,19.45172691345215,-10.033197402954102,-91.77764129638672,-0.006763440556824207,-0.005417003761976957,0.007109703030437231,-0.003463929984718561
15.600000381469727,47,0.029421672224998474,0.014286364428699017,9.809309959411621,19.483219146728516,-10.085343360900879,-91.88235473632812,-0.003953963052481413,-0.009475337341427803,0.0014907480217516422,-0.003338918788358569
15.609999656677246,47,0.031715624034404755,0.01829872839152813,9.809008598327637,19.106069564819336,-10.10488510131836,-91.68461608886719,-0.00279046013019979,-0.0058740186505019665,0.0013799382140859962,-0.0034636748023331165
15.619999885559082,47,0.03905627876520157,0.010992960073053837,9.816412925720215,18.64264678955078,-9.789223670959473,-91.14810943603516,-0.001626957324333489,-0.009150994010269642,0.007506821304559708,-0.0031397175043821335
15.630000114440918,47,0.04034459963440895,0.02171521820127964,9.806841850280762,19.06245994567871,-10.056325912475586,-92.48077392578125,-0.0013637092197313905,-0.010877829976379871,0.009383699856698513,-0.0031397175043821335
15.640000343322754,46,0.04251458868384361,0.02171521820127964,9.809025764465332,19.045072555541992,-10.249251365661621,-91.68539428710938,-0.0066619147546589375,-0.008897029794752598,0.008047093637287617,-0.0031397175043821335
15.649999618530273,46,0.04048594459891319,0.023134728893637657,9.808423042297363,19.129451751708984,-10.320242881774902,-91.93294525146484,-0.0054522911086678505,-0.011177915148437023,0.004671887960284948,-0.0031397175043821335
15.65999984741211,46,0.03937256708741188,0.023518942296504974,9.81222152709961,19.261795043945312,-10.320242881774902,-92.70315551757812,-0.0019617825746536255,-0.011177915148437023,0.006998893339186907,-0.0031397175043821335
15.670000076293945,46,0.029421672224998474,0.015372279100120068,9.803964614868164,19.21843719482422,-10.332503318786621,-92.56552124023438,-0.001840490847826004,-0.004439481534063816,0.007079754490405321,-0.0031397175043821335
15.680000305175781,46,0.03106335550546646,0.010519023053348064,9.80565357208252,18.90357780456543,-10.421537399291992,-91.56602478027344,-0.0007809094968251884,0.0004223731521051377,0.004960592370480299,-0.0033399402163922787
15.6899995803833,46,0.03595133125782013,0.017567116767168045,9.808348655700684,18.778871536254883,-10.429916381835938,-91.06954193115234,0.0003825932799372822,-0.00289233704097569,0.008610127493739128,-0.003462653374299407
15.699999809265137,46,0.0408393070101738,0.025442300364375114,9.80123233795166,19.02765464782715,-10.429916381835938,-91.22420501708984,-0.0012517014984041452,-0.005681150127202272,0.014196738600730896,-0.0031397175043821335
15.710000038146973,46,0.034605082124471664,0.012887558899819851,9.808527946472168,19.261795043945312,-10.390539169311523,-91.42284393310547,-0.0027095989789813757,-0.008877263404428959,0.009584954008460045,-0.0031397175043821335
15.720000267028809,46,0.023635810241103172,0.02171521820127964,9.803608894348145,19.23970603942871,-10.301504135131836,-91.5922622680664,-0.003873101668432355,-0.006728452164679766,0.003857285948470235,-0.0031397175043821335
15.729999542236328,46,0.027426626533269882,0.019734343513846397,9.79668140411377,19.134754180908203,-10.212470054626465,-92.81387329101562,-0.0028102262876927853,-0.005042945500463247,0.005882409866899252,-0.0031397175043821335
15.739999771118164,46,0.028735803440213203,0.016932131722569466,9.801395416259766,19.33793830871582,-10.03630256652832,-92.07915496826172,-0.003876396222040057,-0.007078850641846657,0.007628113031387329,-0.0031397175043821335
15.75,46,0.029966197907924652,0.016932131722569466,9.817391395568848,19.312694549560547,-9.991223335266113,-91.55059051513672,-0.0036760400980710983,-0.011184503324329853,0.007079754490405321,-0.0031397175043821335
15.760000228881836,47,0.031225554645061493,0.019123516976833344,9.81786823272705,19.207740783691406,-10.082934379577637,-92.07872009277344,-0.0012888377532362938,-0.010873637162148952,0.006528101395815611,-0.0031397175043821335
15.770000457763672,47,0.03905627876520157,0.017192106693983078,9.808364868164062,19.19196319580078,-10.31143569946289,-93.05064392089844,0.0008509892504662275,-0.005544284824281931,0.00634092278778553,-0.003341089468449354
15.779999732971191,47,0.03670787066221237,0.01681249774992466,9.795970916748047,19.391077041625977,-10.635529518127441,-92.76001739501953,0.0030674845911562443,-0.0038629709742963314,0.008353767916560173,-0.0036630036775022745
15.789999961853027,47,0.043915290385484695,0.02171521820127964,9.803174018859863,19.391077041625977,-10.368427276611328,-91.20524597167969,0.00162276451010257,-0.00590875931084156,0.00967719592154026,-0.0034613762982189655
15.800000190734863,47,0.04105943441390991,0.02171521820127964,9.815241813659668,19.47709846496582,-10.247269630432129,-92.01702117919922,-0.0009474237449467182,-0.005638323724269867,0.006186687387526035,-0.0031397175043821335
15.8100004196167,47,0.037102941423654556,0.016630744561553,9.807511329650879,19.3969783782959,-10.315237045288086,-92.17469024658203,0.002074688905850053,-0.0070285373367369175,0.0033987730275839567,-0.0033416002988815308
15.819999694824219,47,0.03861138969659805,0.012149045243859291,9.803345680236816,19.37388038635254,-10.208053588867188,-91.78509521484375,0.002384656574577093,-0.004018703475594521,0.004593722056597471,-0.003460993291810155
15.829999923706055,48,0.03153720870614052,0.014831623062491417,9.80826473236084,19.571449279785156,-9.706426620483398,-91.79961395263672,-0.0016260589472949505,0.0016757218400016427,0.011558867059648037,-0.0031397175043821335
15.84000015258789,48,0.03496655449271202,0.008673887699842453,9.810393333435059,18.941728591918945,-10.062562942504883,-91.13328552246094,0.000613496929872781,-0.004955495707690716,0.0071234796196222305,-0.0033419833052903414
15.850000381469727,48,0.03905627876520157,0.013874544762074947,9.796087265014648,19.154916763305664,-10.339249610900879,-91.06156158447266,0.000613496929872781,-0.00262848986312747,0.008286981843411922,-0.0036630036775022745
15.859999656677246,48,0.02448735386133194,0.013035952113568783,9.797883033752441,19.400449752807617,-10.312292098999023,-91.57506561279297,0.0017572337528690696,-0.0003014842513948679,0.014025432989001274,-0.0034604824613779783
15.869999885559082,48,0.020938677713274956,0.019218994304537773,9.817560195922852,19.520360946655273,-10.325087547302246,-92.11438751220703,-0.006801475305110216,-0.006616444792598486,0.005799751728773117,-0.003342366311699152
15.880000114440918,48,0.024604368954896927,0.02953173592686653,9.815713882446289,19.458354949951172,-10.557123184204102,-92.20527648925781,-0.003908440936356783,-0.005463423673063517,0.0005587480845861137,-0.0036630036775022745
15.890000343322754,48,0.030855972319841385,0.025074191391468048,9.804101943969727,19.14349365234375,-10.646157264709473,-91.76105499267578,-0.0021142209880053997,-0.0021831542253494263,0.0025775826070457697,-0.0034600994549691677
15.899999618530273,48,0.03104250133037567,0.018541447818279266,9.807130813598633,19.537683486938477,-10.735191345214844,-91.85273742675781,-0.003620036179199815,-0.0031415096018463373,0.006068090908229351,-0.0033427493181079626
15.90999984741211,48,0.029421672224998474,0.016932131722569466,9.810393333435059,19.49571418762207,-10.693645477294922,-91.0679702758789,-0.002641915110871196,-0.002989670028910041,0.0021220645867288113,-0.0034598438069224358
15.920000076293945,49,0.03609731048345566,0.006989798974245787,9.790239334106445,19.49634552001953,-10.55996036529541,-90.34728240966797,-0.004891653545200825,-0.0056401207111775875,0.005057326052337885,-0.0033430049661546946
15.930000305175781,49,0.03223929554224014,0.00935143418610096,9.812177658081055,19.649642944335938,-10.477940559387207,-90.2237777709961,-0.005349867045879364,-0.006797633599489927,0.007607448846101761,-0.0036630036775022745
15.9399995803833,49,0.04681749269366264,0.012149045243859291,9.810932159423828,19.649642944335938,-10.645889282226562,-90.62592315673828,-0.0042944783344864845,-0.0043625133112072945,0.008987180888652802,-0.003459460800513625
15.949999809265137,49,0.03930884599685669,0.022722911089658737,9.809118270874023,19.649642944335938,-10.556855201721191,-89.9595947265625,-0.0042944783344864845,-0.003733593039214611,0.01133305486291647,-0.0031397175043821335
15.960000038146973,49,0.02699795924127102,0.015713928267359734,9.810393333435059,19.903444290161133,-10.611356735229492,-89.83037567138672,-0.001241518883034587,-0.0045341188088059425,0.007917117327451706,-0.0031397175043821335
15.970000267028809,49,0.03567790985107422,0.012149045243859291,9.814108848571777,19.977218627929688,-10.70039176940918,-89.7666015625,0.00039547120104543865,-0.0024799450766295195,-0.0009455698891542852,-0.0031397175043821335
15.979999542236328,49,0.03153257444500923,0.019619310274720192,9.822813034057617,19.872264862060547,-10.78942584991455,-89.46538543701172,-0.0042944783344864845,-0.001662348280660808,-0.006035333499312401,-0.0031397175043821335
15.989999771118164,49,0.03325419872999191,0.02552052028477192,9.797938346862793,19.7789249420166,-10.858757019042969,-88.94650268554688,-0.003976124804466963,-0.005679652560502291,-0.002961709164083004,-0.0033438988029956818
16,50,0.0264325812458992,0.014871884137392044,9.806714057922363,19.7789249420166,-10.769723892211914,-89.61283874511719,-0.0030674845911562443,-0.006477483082562685,0.003908498212695122,-0.0036630036775022745
16.010000228881836,50,0.03255210816860199,0.008203401230275631,9.818391799926758,19.87116050720215,-10.83718204498291,-88.42478942871094,-0.0028761131688952446,-0.002780329203233123,0.006426875479519367,-0.0034585671965032816
16.020000457763672,50,0.038283515721559525,0.003350143786519766,9.816019058227539,19.97611427307129,-10.926216125488281,-88.5618896484375,-0.001584729878231883,-0.003943832125514746,0.009533742442727089,-0.0031397175043821335
16.030000686645508,50,0.034941066056489944,0.02301279455423355,9.802817344665527,19.732444763183594,-10.97828197479248,-88.45470428466797,0.0006778864189982414,-0.0047209979966282845,0.009147405624389648,-0.0031397175043821335
16.040000915527344,50,0.04261074960231781,0.022342149168252945,9.800697326660156,19.13251304626465,-10.92929458618164,-87.39991760253906,0.0018395923543721437,0.0010884299408644438,0.002172677544876933,-0.0033445372246205807
16.049999237060547,50,0.035360462963581085,0.02171521820127964,9.800697326660156,19.13251304626465,-10.662192344665527,-89.06574249267578,0.0006760894320905209,-0.003565581515431404,0.003336180467158556,-0.0036630036775022745
16.059999465942383,50,0.042893439531326294,0.017418723553419113,9.796342849731445,19.831623077392578,-10.818711280822754,-88.30094146728516,0.000613496929872781,-0.0071186828427016735,0.007802413776516914,-0.003457928542047739
16.06999969482422,50,0.030679870396852493,0.02129879780113697,9.800274848937988,20.113033294677734,-10.740438461303711,-88.13192749023438,0.000613496929872781,-0.008534352295100689,0.011419006623327732,-0.0033449202310293913
16.079999923706055,50,0.0338902473449707,0.017278382554650307,9.809691429138184,20.166772842407227,-10.779601097106934,-88.24298095703125,-0.0003604313242249191,-0.005802142433822155,0.005170232616364956,-0.0036630036775022745
16.09000015258789,49,0.03423897549510002,0.012425125576555729,9.81952953338623,20.24742889404297,-10.955474853515625,-88.43937683105469,-0.006076120305806398,-0.005953382700681686,0.0070405215956270695,-0.0036630036775022745
16.100000381469727,50,0.03423897549510002,0.012149045243859291,9.815450668334961,20.544397354125977,-10.859935760498047,-88.84844207763672,-0.004587674979120493,-0.0020352082792669535,0.008306748233735561,-0.0034574177116155624
16.110000610351562,49,0.02955838292837143,0.01679639145731926,9.79640007019043,20.124584197998047,-10.503799438476562,-87.84894561767578,-0.0015005741734057665,-0.0024853358045220375,0.00595638295635581,-0.0031397175043821335
16.1200008392334,49,0.034177571535110474,0.002802585018798709,9.80063533782959,20.037490844726562,-10.429916381835938,-87.72960662841797,-0.004213317763060331,-0.003815951757133007,0.006065695080906153,-0.00334555865265429
16.1299991607666,49,0.03905627876520157,0.026348760351538658,9.805773735046387,20.449445724487305,-10.479840278625488,-87.28021240234375,-0.0021531544625759125,-0.0057853711768984795,0.004453861620277166,-0.0036630036775022745
16.139999389648438,49,0.03891029953956604,0.01765684224665165,9.819354057312012,20.66629409790039,-10.56887435913086,-86.50135803222656,-0.001717402134090662,-0.0033460580743849277,0.003357743378728628,-0.0036630036775022745
16.149999618530273,48,0.03402232378721237,0.03955689072608948,9.79606819152832,19.8878231048584,-10.65790843963623,-86.03236389160156,-0.004991981200873852,-0.0015554317506030202,0.006214240100234747,-0.0034567792899906635
16.15999984741211,48,0.02798505499958992,0.011578479781746864,9.800697326660156,19.677915573120117,-10.746943473815918,-86.36552429199219,-0.0024304778780788183,-0.005974945612251759,0.006908747833222151,-0.003346069483086467
16.170000076293945,48,0.007483129855245352,0.003293777583166957,9.802498817443848,19.92209243774414,-10.681894302368164,-85.73772430419922,-0.0013990486040711403,-0.0066919149830937386,0.002210712293162942,-0.003456524107605219
16.18000030517578,48,0.03423897549510002,0.014277162030339241,9.823211669921875,20.30344009399414,-10.48005485534668,-84.8899917602539,-0.00416540028527379,-0.004025891423225403,-0.0020581602584570646,-0.0031397175043821335
16.190000534057617,48,0.03423897549510002,0.03408130630850792,9.80755615234375,20.25951385498047,-10.49906063079834,-84.31381225585938,-0.0003379698609933257,-0.001361963921226561,0.0021975350100547075,-0.0033464524894952774
16.200000762939453,47,0.035949014127254486,0.016932131722569466,9.82206916809082,19.703128814697266,-10.838359832763672,-84.16502380371094,0.0008255330030806363,-0.00221010809764266,0.009912592358887196,-0.0034561411011964083
16.209999084472656,46,0.04612814635038376,0.019476668909192085,9.800052642822266,20.017990112304688,-10.66029167175293,-83.83186340332031,0.001840490847826004,-0.005972849205136299,0.0062983958050608635,-0.0031397175043821335
16.219999313354492,46,0.031555745750665665,0.03465186804533005,9.798712730407715,20.431303024291992,-10.398703575134277,-83.81122589111328,0.001840490847826004,-0.0033906816970556974,0.009193526580929756,-0.0031397175043821335
16.229999542236328,45,0.03839937597513199,0.025721829384565353,9.813667297363281,20.55462074279785,-10.508885383605957,-84.04652404785156,0.00181892781984061,0.002275891602039337,0.004647329915314913,-0.0031397175043821335
16.239999771118164,45,0.012710564769804478,0.01917528174817562,9.807262420654297,20.903181076049805,-10.564779281616211,-83.37858581542969,0.0006554248975589871,-0.00005111400241730735,0.005810832604765892,-0.0031397175043821335
16.25,44,0.026451116427779198,0.009199590422213078,9.815241813659668,21.357736587524414,-10.451519012451172,-82.08673095703125,-0.0005080779083073139,-0.004621269181370735,-0.0008766883402131498,-0.0031397175043821335
16.260000228881836,44,0.037221115082502365,0.017919117584824562,9.816242218017578,20.941329956054688,-10.539588928222656,-82.29682159423828,0.0004445868544280529,-0.0029267778154462576,0.0048393006436526775,-0.0031397175043821335
16.270000457763672,43,0.044432010501623154,0.02382953278720379,9.817946434020996,20.83637809753418,-10.539588928222656,-81.40837860107422,0.000613496929872781,-0.0005997722037136555,0.008836539462208748,-0.0031397175043821335
16.280000686645508,43,0.030557064339518547,0.02789941243827343,9.810393333435059,20.81318473815918,-10.539588928222656,-80.6064453125,-0.0012487065978348255,-0.0029282753821462393,0.005809335503727198,-0.003347601741552353
16.290000915527344,43,0.035445038229227066,0.019327126443386078,9.809179306030273,20.92804718017578,-10.539588928222656,-79.58598327636719,-0.001840490847826004,-0.001213119481690228,0.00983143225312233,-0.0032469795551151037
16.299999237060547,43,0.042886488139629364,0.023962968960404396,9.80297565460205,21.03864860534668,-10.539588928222656,-79.09992218017578,-0.0026446105912327766,-0.004959688521921635,0.011183611117303371,-0.0028245707508176565
16.309999465942383,43,0.050813376903533936,0.018269969150424004,9.790425300598145,20.916149139404297,-10.524704933166504,-80.05267333984375,-0.0030674845911562443,-0.0067563047632575035,0.008538850583136082,-0.0031397175043821335
16.31999969482422,44,0.043873582035303116,0.02171521820127964,9.78359317779541,20.60129165649414,-10.346636772155762,-79.27528381347656,-0.0030674845911562443,-0.0062699392437934875,0.007756892126053572,-0.0031397175043821335
16.329999923706055,44,0.03940732404589653,0.01875886134803295,9.800697326660156,21.090999603271484,-10.547754287719727,-78.59249114990234,-0.003681131172925234,-0.0032017058692872524,0.012602275237441063,-0.0029311946127563715
16.34000015258789,44,0.027862247079610825,0.012149045243859291,9.802267074584961,21.59058380126953,-10.538866996765137,-76.8934097290039,-0.0031941670458763838,-0.0006851257057860494,0.009743682108819485,-0.002616431098431349
16.350000381469727,45,0.027864564210176468,0.012149045243859291,9.808826446533203,21.765968322753906,-10.46447467803955,-75.20785522460938,-0.003787149442359805,-0.0018486285116523504,0.0038647730834782124,-0.002616431098431349
16.360000610351562,45,0.037640515714883804,0.01721511408686638,9.813529968261719,21.58888053894043,-10.49782943725586,-74.50679779052734,-0.004632598254829645,-0.0030121314339339733,0.009576269425451756,-0.002616431098431349
16.3700008392334,45,0.04033069685101509,0.026498304679989815,9.808610916137695,21.58888053894043,-10.23072624206543,-73.61835479736328,0.0008252334664575756,-0.003815951757133007,0.008390904404222965,-0.002616431098431349
16.3799991607666,45,0.03423897549510002,0.022840244695544243,9.803691864013672,21.78294563293457,-10.539830207824707,-72.93526458740234,0.0031097119208425283,-0.003519760211929679,-0.0002822086098603904,-0.002616431098431349
16.389999389648438,45,0.03232618793845177,0.015032931230962276,9.800697326660156,21.920148849487305,-11.080995559692383,-72.19200134277344,-0.001544299186207354,-0.0016581554664298892,0.0015793959610164165,-0.002616431098431349
16.399999618530273,45,0.03933896869421005,0.016087787225842476,9.804689407348633,22.073476791381836,-11.088678359985352,-71.26104736328125,-0.005183053202927113,0.0013037603348493576,0.009364533238112926,-0.0024070146027952433
16.40999984741211,45,0.049399927258491516,0.015596594661474228,9.808326721191406,22.331472396850586,-10.580385208129883,-70.20138549804688,-0.0027503289747983217,-0.00483150826767087,0.00820103008300066,-0.0020931449253112078
16.420000076293945,45,0.0417487770318985,0.013695092871785164,9.807683944702148,22.751285552978516,-10.758454322814941,-69.31293487548828,0.0004445868544280529,-0.002588957780972123,0.007206437177956104,-0.0023028170689940453
16.43000030517578,44,0.03905627876520157,0.023895099759101868,9.801555633544922,23.38043785095215,-10.49255657196045,-68.3137435913086,-0.004209424369037151,-0.002588957780972123,0.01069694571197033,-0.002616431098431349
16.440000534057617,44,0.03905627876520157,0.021998200565576553,9.793282508850098,24.01015853881836,-10.770687103271484,-66.54914855957031,-0.0020099999383091927,-0.004873436409980059,0.009618496522307396,-0.002616431098431349
16.450000762939453,43,0.04372992366552353,0.014611909165978432,9.802905082702637,24.30381202697754,-10.930767059326172,-64.72795867919922,-0.003997987136244774,-0.003964197356253862,0.00414000079035759,-0.0024063759483397007
16.459999084472656,43,0.04869088903069496,0.012149045243859291,9.812816619873047,24.39885711669922,-10.922361373901367,-63.531455993652344,-0.0042944783344864845,-0.004831208847463131,0.004414030350744724,-0.002303327666595578
16.469999313354492,42,0.0313437283039093,0.012149045243859291,9.80277156829834,24.699012756347656,-11.10042953491211,-63.2725830078125,-0.000487413170048967,-0.005042945500463247,0.006529299542307854,-0.0024061205331236124
16.479999542236328,42,0.022616274654865265,0.014679779298603535,9.798696517944336,24.803964614868164,-11.278497695922852,-61.05147933959961,0.000613496929872781,0.0002867062867153436,0.007079754490405321,-0.0023035830818116665
16.489999771118164,52,0.029421672224998474,0.016932131722569466,9.805545806884766,24.908918380737305,-11.30730152130127,-57.247825622558594,-0.00021128731896169484,0.0006694491603411734,0.005430186167359352,-0.002405865117907524
16.5,40,0.034802038222551346,0.01960320584475994,9.805545806884766,25.20481300354004,-11.361294746398926,-54.35103988647461,-0.000613496929872781,-0.00013497007603291422,0.005387060344219208,-0.0020931449253112078
16.510000228881836,40,0.025252005085349083,0.018973974511027336,9.808323860168457,25.428035736083984,-11.550392150878906,-51.94976043701172,-0.000613496929872781,-0.00013497007603291422,0.005852760747075081,-0.002303966088220477
16.520000457763672,40,0.0319589227437973,0.016932131722569466,9.807543754577637,25.413015365600586,-11.842951774597168,-49.458831787109375,-0.000613496929872781,-0.0020379037596285343,0.005852760747075081,-0.0024054821114987135
16.530000686645508,40,0.03516698628664017,0.025576889514923096,9.805545806884766,25.937782287597656,-11.753918647766113,-49.3477783203125,-0.00004267674376023933,-0.003245131578296423,0.0024278394412249327,-0.0020931449253112078
16.540000915527344,40,0.035367414355278015,0.022426124662160873,9.799562454223633,25.506420135498047,-11.583772659301758,-47.31446075439453,0.00010616776125971228,-0.006140262354165316,0.0015347725711762905,-0.0020931449253112078
16.549999237060547,41,0.032969191670417786,0.019954057410359383,9.811163902282715,25.40935516357422,-11.94994831085205,-45.24420928955078,-0.00194501131772995,-0.008514885790646076,0.006296598818153143,-0.0020931449253112078
16.559999465942383,41,0.0356501042842865,0.018623121082782745,9.80441951751709,25.51430892944336,-12.1748628616333,-43.294898986816406,-0.005435519851744175,-0.004196298774331808,0.007460101507604122,-0.0020931449253112078
16.56999969482422,42,0.0422411672770977,0.016932131722569466,9.802260398864746,25.574012756347656,-11.946146965026855,-41.31119918823242,-0.006074323318898678,-0.005042945500463247,0.008940461091697216,-0.0018815575167536736
16.579999923706055,42,0.03736246004700661,0.013699694536626339,9.792440414428711,25.469057083129883,-11.857112884521484,-38.979042053222656,-0.000613496929872781,-0.005042945500463247,0.011014102026820183,-0.001781573868356645
16.59000015258789,42,0.0375652089715004,0.005543829873204231,9.786153793334961,25.46735382080078,-11.943256378173828,-37.30239486694336,-0.00175274140201509,-0.005042945500463247,0.011607982218265533,-0.0018813021015375853
16.600000381469727,43,0.042453184723854065,0.016073983162641525,9.810083389282227,25.46735382080078,-12.233139038085938,-36.30463409423828,-0.008101843297481537,-0.004916562233120203,0.009533742442727089,-0.0017818292835727334
16.610000610351562,44,0.043873582035303116,0.014829322695732117,9.806130409240723,25.46735382080078,-12.31141185760498,-34.371952056884766,-0.00863642618060112,-0.0036272755824029446,0.009407958015799522,-0.001881046686321497
16.6200008392334,45,0.0332588329911232,0.015662163496017456,9.822062492370605,25.618661880493164,-12.236029624938965,-31.949840545654297,0.001835100119933486,-0.00013676697562914342,0.007080952636897564,-0.0015698587521910667
16.6299991607666,45,0.03663951903581619,0.02051541954278946,9.818890571594238,26.07817268371582,-12.383903503417969,-30.86246109008789,-0.003974028397351503,-0.007112393621355295,0.009405562654137611,-0.0015698587521910667
16.639999389648438,46,0.020658304914832115,0.02536867745220661,9.815241813659668,25.44845199584961,-12.027766227722168,-28.30819320678711,-0.0042944783344864845,-0.001999868778511882,0.00623550359159708,-0.0015698587521910667
16.649999618530273,46,0.03372109681367874,0.019051045179367065,9.815241813659668,24.905290603637695,-11.965340614318848,-26.303455352783203,-0.0022226348519325256,-0.004469729494303465,0.005852760747075081,-0.0015698587521910667
16.65999984741211,46,0.03141440078616142,0.0283135324716568,9.811395645141602,24.940568923950195,-12.123706817626953,-24.152135848999023,0.0010768016800284386,0.0007916396134532988,0.0029354682192206383,-0.0015698587521910667
16.670000076293945,47,0.029421672224998474,0.015825511887669563,9.814310073852539,25.132993698120117,-12.26220989227295,-21.90018081665039,-0.005431027617305517,-0.0013167415745556355,0.002171779051423073,-0.0015698587521910667
16.68000030517578,47,0.029421672224998474,0.008214903995394707,9.795303344726562,25.058774948120117,-12.26526165008545,-19.73270034790039,-0.007130011450499296,-0.005970753263682127,0.006399022880941629,-0.0013568666763603687
16.690000534057617,48,0.029421672224998474,-0.0006426639156416059,9.815353393554688,25.898401260375977,-12.888501167297363,-17.178430557250977,-0.004402592778205872,-0.005933017935603857,0.009088706225156784,-0.0010465724626556039
16.700000762939453,48,0.03762893006205559,0.010023228824138641,9.815959930419922,26.4554500579834,-13.032305717468262,-13.826807975769043,-0.0016305510653182864,0.0007047884864732623,0.006659875623881817,-0.0008333250298164785
16.709999084472656,48,0.0432305783033371,0.0245829988270998,9.815241813659668,27.11994171142578,-13.1806058883667,-11.271202087402344,0.0006964545464143157,0.004118029493838549,0.003315815469250083,-0.0005232862313278019
16.719999313354492,48,0.039628610014915466,0.01806866191327572,9.802425384521484,27.763545989990234,-13.474557876586914,-8.004790306091309,0.0006575214210897684,-0.0000028967615435249172,0.005129202734678984,-0.0005232862313278019
16.729999542236328,48,0.04337192326784134,0.016932131722569466,9.809383392333984,28.45795440673828,-13.721851348876953,-3.408921718597412,-0.002725471742451191,-0.0032879579812288284,0.00883474200963974,-0.00030965570476837456
16.739999771118164,48,0.048259902745485306,0.012576969340443611,9.810393333435059,29.82234764099121,-13.18764591217041,0.4780102074146271,-0.005521472543478012,-0.0030534605029970407,0.009533742442727089,0
16.75,48,0.026405934244394302,0.02542504295706749,9.796937942504883,29.96478843688965,-13.517281532287598,3.71844482421875,-0.004318437539041042,-0.0026129167526960373,0.009934754110872746,0.00021388589811977
16.760000228881836,48,0.033659692853689194,0.0399848148226738,9.800405502319336,31.232242584228516,-13.676182746887207,7.8411102294921875,-0.002515532076358795,0.0005400712252594531,0.010085695423185825,0.0005232862313278019
16.770000457763672,48,0.038837309926748276,0.01801919750869274,9.814580917358398,32.1671028137207,-13.720110893249512,11.664434432983398,-0.0042944783344864845,0.0012228991836309433,0.007758689112961292,0.0005232862313278019
16.780000686645508,48,0.029718264937400818,0.021567976102232933,9.829338073730469,32.57889938354492,-13.866912841796875,15.373331069946289,-0.003873401088640094,-0.0034311122726649046,0.005221144761890173,0.0005232862313278019
16.790000915527344,48,0.029421672224998474,0.017009204253554344,9.7916259765625,33.53250503540039,-14.401118278503418,20.404239654541016,-0.001840490847826004,-0.006761695258319378,0.00275996932759881,0.0005232862313278019
16.799999237060547,48,0.01992841064929962,0.011966141872107983,9.824631690979004,34.68699264526367,-14.935322761535645,26.179109573364258,-0.001840490847826004,-0.0015290770679712296,0.007246867753565311,0.000737810623832047
16.809999465942383,48,0.029287278652191162,-0.001399583532474935,9.805951118469238,35.926612854003906,-15.325081825256348,31.6837215423584,-0.0018605564255267382,-0.003836017334833741,0.009473545476794243,0.0012612245045602322
16.81999969482422,48,0.024399302899837494,0.026091087609529495,9.820295333862305,36.882015228271484,-15.216961860656738,36.93239974975586,-0.0030240591149777174,-0.004999520257115364,0.005983036942780018,0.0015698587521910667
16.829999923706055,48,0.020338542759418488,0.016932131722569466,9.82299518585205,37.5802116394043,-15.081242561340332,42.04093551635742,-0.00418756203725934,-0.009523254819214344,0.0036126060876995325,0.0017847662093117833
16.84000015258789,48,0.029421672224998474,0.016588181257247925,9.791001319885254,38.197784423828125,-15.423351287841797,47.22660827636719,-0.005351065192371607,-0.013120680116117,0.0033987730275839567,0.0020931449253112078
16.850000381469727,48,0.02983875386416912,0.01297728531062603,9.791001319885254,38.72254943847656,-14.978180885314941,53.00148010253906,-0.00750766322016716,-0.005687139928340912,0.00041948689613491297,0.002308307681232691
16.860000610351562,48,0.03618999570608139,0.01977805607020855,9.792964935302734,39.340087890625,-14.611711502075195,59.954349517822266,-0.005186647176742554,-0.0019567429553717375,-0.0002822086098603904,0.002616431098431349
16.8700008392334,48,0.050716057419776917,0.003691792953759432,9.807583808898926,39.6960334777832,-15.010383605957031,67.7861099243164,-0.0008300250628963113,-0.004826417192816734,0.008378924801945686,0.002831849502399564
16.8799991607666,48,0.03193807229399681,0.01402293797582388,9.791851997375488,39.773597717285156,-15.51230525970459,75.6307601928711,-0.0009917477145791054,-0.0062699392437934875,0.008777241222560406,0.0035708092618733644
16.889999389648438,48,0.04659157246351242,0.029972311109304428,9.826265335083008,39.8071403503418,-15.601339340209961,83.33724212646484,-0.0033187533263117075,-0.0040525454096496105,0.005601492244750261,0.0041862898506224155
16.899999618530273,48,0.035009417682886124,0.04658888280391693,9.802444458007812,40.436859130859375,-15.690373420715332,92.66587829589844,0.0011106437304988503,-0.004615878686308861,0.006652687676250935,0.004617892671376467
16.90999984741211,48,0.03989739716053009,0.023992879316210747,9.792078971862793,40.4641227722168,-15.949767112731934,102.2070083618164,0.004297174047678709,-0.002597043989226222,0.005246002227067947,0.0054487911984324455
16.920000076293945,48,0.04205000400543213,0.012149045243859291,9.81550121307373,40.38804244995117,-16.08778953552246,111.59674835205078,-0.0018704396206885576,-0.002199925482273102,0.004366411827504635,0.005756148602813482
16.93000030517578,48,0.03423897549510002,0.015075493603944778,9.800792694091797,40.85234832763672,-16.440231323242188,121.91105651855469,-0.0065199583768844604,-0.00772544089704752,0.00853525660932064,0.006188517436385155
16.940000534057617,48,0.033185843378305435,0.02545265108346939,9.819029808044434,41.627662658691406,-17.203044891357422,133.2386932373047,-0.005981183145195246,-0.008264216594398022,0.012025765143334866,0.0070190331898629665
16.950000762939453,47,0.028297865763306618,0.020599395036697388,9.815241813659668,41.63075637817383,-18.357866287231445,144.65139770507812,-0.007053343113511801,-0.00361020490527153,0.011576236225664616,0.007975326851010323
16.959999084472656,47,0.0234098918735981,0.019304119050502777,9.81403923034668,41.73571014404297,-19.4262752532959,158.86647033691406,-0.0027245732489973307,-0.0010190525790676475,0.003741684602573514,0.009329000487923622
16.969999313354492,46,0.023582516238093376,0.022729812189936638,9.809120178222656,41.17093276977539,-20.9918155670166,172.99295043945312,-0.004827863071113825,-0.0028911391273140907,0.001869597821496427,0.010375828482210636
16.979999542236328,46,0.03290315344929695,0.012149045243859291,9.805545806884766,40.91135787963867,-22.330808639526367,188.9193115234375,-0.00116964231710881,0.000924311694689095,0.006355897057801485,0.011639479547739029
16.989999771118164,46,0.030828166753053665,0.012149045243859291,9.801299095153809,40.595611572265625,-23.39921760559082,206.9116668701172,0.0026506001595407724,-0.00013497007603291422,0.009637963958084583,0.013426671735942364
17,45,0.0312846414744854,0.015082395635545254,9.799921035766602,39.58060073852539,-24.43122100830078,226.4282684326172,-0.0020034112967550755,-0.00009423999290447682,0.010597816668450832,0.015303249470889568
17.010000228881836,44,0.023056527599692345,0.02017837204039097,9.816973686218262,39.79050827026367,-25.14349365234375,247.63980102539062,-0.00665742252022028,0.00106926285661757,0.0059438045136630535,0.01752510853111744
17.020000457763672,43,0.023024089634418488,0.018539147451519966,9.813651084899902,38.812828063964844,-26.165754318237305,272.52459716796875,-0.002185498597100377,-0.004611685872077942,0.006993502378463745,0.02023092657327652
17.030000686645508,43,0.036178410053253174,0.02171521820127964,9.814990043640137,37.72536849975586,-27.34787940979004,299.58740234375,-0.005072243511676788,-0.0018111927201971412,0.010311507619917393,0.022976966574788094
17.040000915527344,42,0.04165146127343178,0.025209931656718254,9.805545806884766,36.54774856567383,-28.630577087402344,330.0128479003906,-0.0045077125541865826,0.0026930756866931915,0.010760736651718616,0.026858452707529068
17.049999237060547,42,0.03125220164656639,0.029463864862918854,9.807387351989746,35.018070220947266,-30.106306076049805,364.3455505371094,-0.0042944783344864845,0.0006952049443498254,0.00886019878089428,0.030828045681118965
17.059999465942383,42,0.03614017739892006,0.0246106069535017,9.802740097045898,32.70909881591797,-32.243125915527344,400.3274230957031,-0.0007473669829778373,-0.004568859003484249,0.006533192936331034,0.03470978885889053
17.06999969482422,41,0.04102815315127373,0.025630954653024673,9.798938751220703,29.50922203063965,-34.54789733886719,439.45166015625,0.000613496929872781,-0.005446652416139841,0.007499334402382374,0.03846115618944168
17.079999923706055,40,0.039788492023944855,0.02316923998296261,9.806282043457031,25.359750747680664,-37.052791595458984,481.688232421875,-0.0024256862234324217,-0.004283149726688862,0.010586136020720005,0.0418197400867939
17.09000015258789,40,0.03846541419625282,0.012149045243859291,9.79857063293457,20.7460994720459,-39.54938888549805,527.7203979492188,-0.004990783520042896,-0.003815951757133007,0.01059512048959732,0.04548363760113716
17.100000381469727,40,0.03950580209493637,0.007812288124114275,9.798047065734863,15.867191314697266,-42.10771560668945,577.630126953125,-0.00741991400718689,-0.0019175104098394513,0.01016655657440424,0.04892917722463608
17.110000610351562,40,0.036493539810180664,0.009298518300056458,9.802966117858887,10.474437713623047,-45.14055252075195,630.7906494140625,-0.009771776385605335,-0.003550906665623188,0.009622090496122837,0.052725110203027725
17.1200008392334,41,0.041381511837244034,0.016932131722569466,9.807886123657227,2.602942943572998,-48.52384948730469,688.650390625,-0.008406120352447033,-0.006485269870609045,0.007295084651559591,0.05765444412827492
17.1299991607666,41,0.046269491314888,0.016932131722569466,9.807982444763184,-6.749888896942139,-51.90714645385742,749.9063720703125,-0.00640615401789546,-0.0037159232888370752,0.006737442221492529,0.0622323714196682
17.139999389648438,42,0.04869088903069496,0.021830251440405846,9.808028221130371,-17.78582191467285,-55.29044723510742,813.1400146484375,-0.007975460030138493,-0.003256212454289198,0.006791349500417709,0.06523967534303665
17.149999618530273,42,0.03854187950491905,0.023979075253009796,9.800179481506348,-30.32638168334961,-59.016178131103516,876.2578125,-0.007975460030138493,-0.0059201400727033615,0.0033987730275839567,0.0664573535323143
17.15999984741211,42,0.03202959522604942,0.01394701562821865,9.804123878479004,-43.85604476928711,-63.47578048706055,937.4662475585938,-0.007219857070595026,-0.00010262560681439936,0.0049099791795015335,0.06579998880624771
17.170000076293945,42,0.03156038001179695,0.010025529190897942,9.812545776367188,-57.290061950683594,-68.01652526855469,999.9902954101562,-0.004671231843531132,0.0030776155181229115,0.010007229633629322,0.06379124522209167
17.18000030517578,42,0.023923134431242943,0.017608527094125748,9.807626724243164,-71.89320373535156,-72.02322387695312,1057.8514404296875,-0.00662358058616519,-0.006020167842507362,0.005852760747075081,0.06051604822278023
17.190000534057617,42,0.03670671582221985,0.01891530677676201,9.808382987976074,-86.69161224365234,-75.82942199707031,1116.4610595703125,-0.005644261837005615,-0.00393874105066061,0.0059141553938388824,0.05720675364136696
17.200000762939453,42,0.04580027237534523,0.025542378425598145,9.804574966430664,-101.36620330810547,-79.14868927001953,1176.2486572265625,-0.007971267215907574,-0.006265746429562569,0.007077658083289862,0.055991627275943756
17.209999084472656,42,0.043873582035303116,0.010699625127017498,9.791757583618164,-115.88365173339844,-81.66158294677734,1237.014404296875,0.0013157915091142058,-0.0062699392437934875,0.0047569419257342815,0.056650906801223755
17.219999313354492,42,0.04690554365515709,0.003820630256086588,9.807512283325195,-130.5771026611328,-83.35323333740234,1300.760009765625,0.0007425753283314407,-0.00407410878688097,0.0013320206198841333,0.058660924434661865
17.229999542236328,42,0.04558825492858887,0.02276892401278019,9.807600021362305,-144.8802947998047,-84.54826354980469,1365.951171875,-0.0024897761177271605,-0.000712678418494761,0.011289030313491821,0.0614980086684227
17.239999771118164,42,0.05022019147872925,0.037582919001579285,9.794310569763184,-159.3004150390625,-85.5814437866211,1434.04150390625,-0.002096551237627864,-0.004018703475594521,0.013214724138379097,0.06485863775014877
17.25,42,0.047020237892866135,0.034405700862407684,9.804059982299805,-173.0013885498047,-86.27037811279297,1504.6856689453125,-0.0036553754471242428,-0.007765272166579962,0.010492396540939808,0.06852252781391144
17.260000228881836,42,0.020671047270298004,0.02469918504357338,9.817065238952637,-185.7073516845703,-86.39712524414062,1578.6922607421875,-0.002606575842946768,-0.006192072760313749,0.009533742442727089,0.0721864327788353
17.270000457763672,42,0.016923097893595695,0.018353944644331932,9.79964828491211,-198.0880584716797,-85.77238464355469,1658.661865234375,-0.0026209510397166014,-0.005042945500463247,0.011875123716890812,0.07717348635196686
17.280000686645508,42,0.040523022413253784,0.016932131722569466,9.811869621276855,-208.8982391357422,-84.52590942382812,1742.7305908203125,-0.002350515453144908,-0.004325976129621267,0.010346846655011177,0.08463982492685318
17.290000915527344,42,0.04869088903069496,0.006427285727113485,9.795245170593262,-218.81878662109375,-81.49559020996094,1832.362060546875,-0.0031474472489207983,-0.003815951757133007,0.010920661501586437,0.09323523193597794
17.299999237060547,42,0.03430153802037239,0.020441798493266106,9.807875633239746,-227.9090118408203,-77.11872863769531,1927.1796875,-0.0042944783344864845,-0.004995926283299923,0.012034749612212181,0.10169144719839096
17.309999465942383,42,0.03308968245983124,0.030140262097120285,9.807859420776367,-235.22645568847656,-71.6338119506836,2025.053466796875,-0.0032414859160780907,-0.005216946825385094,0.006548766046762466,0.10998473316431046
17.31999969482422,42,0.03423897549510002,0.02014501392841339,9.794258117675781,-239.4530487060547,-65.49104309082031,2123.0625,-0.00230349600315094,-0.005667972378432751,0.0032598115503787994,0.11844043433666229
17.329999923706055,42,0.03423897549510002,-0.009543944150209427,9.80633544921875,-241.44717407226562,-62.64194869995117,2221.79052734375,-0.0030674845911562443,-0.005927327089011669,0.006680240388959646,0.12496389448642731
17.34000015258789,42,0.018718870356678963,-0.004992075264453888,9.806488990783691,-240.1663055419922,-64.07283782958984,2314.430908203125,-0.0020594149827957153,0.00020105313160456717,0.006524807307869196,0.12856751680374146
17.350000381469727,42,0.02287115901708603,0.005645059514790773,9.805545806884766,-235.32469177246094,-68.7488784790039,2406.551513671875,0.000340964732458815,0.0008194916299544275,0.008306748233735561,0.13265511393547058
17.360000610351562,42,0.020582998171448708,0.023337189108133316,9.797451972961426,-226.65481567382812,-75.65745544433594,2500.367919921875,-0.000613496929872781,-0.0007620936376042664,0.00809770729392767,0.1405678689479828
17.3700008392334,42,0.01978706568479538,0.030561283230781555,9.820558547973633,-213.81700134277344,-83.11737060546875,2596.960205078125,-0.0011956975795328617,-0.0036704016383737326,0.007225304841995239,0.15176372230052948
17.3799991607666,42,0.04060064256191254,0.03128139302134514,9.816558837890625,-195.34523010253906,-87.3910140991211,2697.2431640625,-0.005357354413717985,-0.0026710168458521366,0.008142629638314247,0.166260227560997
17.389999389648438,42,0.03117341920733452,0.02707807347178459,9.819501876831055,-168.316162109375,-85.62879943847656,2805.0546875,-0.0030860526021569967,-0.0037788155023008585,0.005889896769076586,0.18462733924388885
17.399999618530273,42,0.03802979364991188,0.02222481556236744,9.798432350158691,-132.74697875976562,-79.47553253173828,2914.771484375,-0.00424955552443862,-0.001451809541322291,0.008216902613639832,0.2079438418149948
17.40999984741211,42,0.04780574515461922,0.017371559515595436,9.791446685791016,-88.9927978515625,-69.57740020751953,3024.697509765625,-0.0042944783344864845,-0.003599124029278755,0.013899648562073708,0.23151151835918427
17.420000076293945,42,0.03535467013716698,0.03017362207174301,9.799948692321777,-38.506675720214844,-57.447879791259766,3132.38427734375,-0.007459745276719332,0.0035696704871952534,0.015496807172894478,0.25074708461761475
17.43000030517578,42,0.03423897549510002,0.013345392420887947,9.805242538452148,16.069021224975586,-45.87343978881836,3233.666748046875,-0.005992264486849308,-0.0051429737359285355,0.010710722766816616,0.2638569474220276
17.440000534057617,42,0.0434124730527401,0.0030407041776925325,9.805545806884766,75.83399963378906,-37.11639404296875,3323.088623046875,-0.006449579261243343,-0.01120936032384634,0.007677528541535139,0.2707507014274597
17.450000762939453,42,0.0345587395131588,0.011831552721560001,9.810232162475586,138.59725952148438,-30.817615509033203,3403.46484375,-0.0050192344933748245,-0.00721721351146698,0.005350522696971893,0.27404671907424927
17.459999084472656,42,0.02951088175177574,0.002760022645816207,9.805635452270508,204.06796264648438,-25.95221710205078,3481.681396484375,-0.0034933534916490316,-0.0034406958147883415,0.00542689161375165,0.2777010202407837
17.469999313354492,42,0.024518635123968124,0.002738166367635131,9.815152168273926,271.9646301269531,-21.939844131469727,3557.82568359375,-0.0015922168968245387,-0.002588957780972123,0.01027856394648552,0.2836816608905792
17.479999542236328,42,0.01546099316328764,0.01681019552052021,9.810270309448242,341.9541015625,-18.64983558654785,3626.745361328125,-0.000613496929872781,0.0007817563018761575,0.009844009764492512,0.28840017318725586
17.489999771118164,42,0.033465057611465454,0.012917468324303627,9.805545806884766,413.3222961425781,-16.780118942260742,3684.827392578125,-0.0018348005833104253,0.0017140561249107122,0.007079754490405321,0.29034724831581116
17.5,42,0.015762219205498695,0.03128139302134514,9.805279731750488,482.3390197753906,-19.49113655090332,3743.9228515625,-0.004161806311458349,-0.0023236132692545652,0.007626915350556374,0.29027676582336426
17.510000228881836,42,0.029421672224998474,0.030616499483585358,9.800360679626465,546.5428466796875,-28.03997039794922,3797.846923828125,-0.005037802737206221,-0.005526615306735039,0.00879041850566864,0.2869177758693695
17.520000457763672,42,0.030638163909316063,0.023325685411691666,9.79666519165039,604.7223510742188,-42.555110931396484,3847.707763671875,-0.005134835839271545,-0.006690117996186018,0.007853027433156967,0.2807127833366394
17.530000686645508,42,0.04482591897249222,0.0394292026758194,9.8026704788208,656.5546875,-62.547027587890625,3897.435791015625,-0.0060350908897817135,-0.006783558055758476,0.00498245470225811,0.2745799720287323
17.540000915527344,42,0.050773985683918,0.027584221214056015,9.780860900878906,702.2093505859375,-88.01079559326172,3951.297607421875,-0.0042944783344864845,-0.004163355100899935,0.006732351146638393,0.2697937786579132
17.549999237060547,42,0.030039185658097267,0.034838221967220306,9.812134742736816,743.4117431640625,-112.51023864746094,4010.37158203125,-0.0036053613293915987,-0.001361963921226561,0.009074331261217594,0.26829567551612854
17.559999465942383,43,0.03630353510379791,0.02444840967655182,9.794465065002441,782.1624145507812,-134.45700073242188,4076.265625,-0.0009459262946620584,-0.0018606079975143075,0.007744613569229841,0.27061355113983154
17.56999969482422,42,0.047932032495737076,0.011395576409995556,9.814477920532227,818.2870483398438,-151.4499969482422,4152.1044921875,-0.002759313676506281,-0.005042945500463247,0.011987730860710144,0.2716601490974426
17.579999923706055,42,0.04304404929280281,0.005718680564314127,9.808723449707031,851.574462890625,-161.82171630859375,4239.76513671875,0.000535031605977565,-0.004964480176568031,0.01179156731814146,0.2712867558002472
17.59000015258789,43,0.04085668548941612,-0.0022002155892550945,9.806133270263672,882.1157836914062,-165.20501708984375,4339.048828125,-0.001791974063962698,-0.002637474564835429,0.005974052473902702,0.27136096358299255
17.600000381469727,42,0.04772001504898071,0.001655702362768352,9.82392406463623,909.3815307617188,-163.8121795654297,4428.2587890625,-0.005258224438875914,-0.002588957780972123,0.00813124980777502,0.27083754539489746
17.610000610351562,42,0.04074893891811371,0.01796628162264824,9.806986808776855,930.2434692382812,-161.37179565429688,4451.07275390625,-0.0022942121140658855,-0.004740464501082897,0.0072309947572648525,0.2691897749900818
17.6200008392334,42,0.029421672224998474,0.019506577402353287,9.826428413391113,943.5543823242188,-161.20870971679688,4451.07275390625,-0.002852753270417452,-0.009091995656490326,0.007079754490405321,0.2610993981361389
17.6299991607666,42,0.028238780796527863,0.013323536142706871,9.815241813659668,948.7442016601562,-165.36782836914062,4451.07275390625,-0.004016255959868431,-0.0052070640958845615,0.0051822117529809475,0.24284185469150543
17.639999389648438,42,0.028365062549710274,0.016932131722569466,9.813980102539062,945.7254638671875,-174.35263061523438,4451.07275390625,-0.0016386371571570635,-0.00735707301646471,0.0028552059084177017,0.21846012771129608
17.649999618530273,42,0.037732042372226715,0.01956179365515709,9.809061050415039,932.8162231445312,-184.94769287109375,4451.07275390625,-0.000613496929872781,-0.004614979960024357,0.006280725821852684,0.19319094717502594
17.65999984741211,42,0.03284406661987305,0.02788330614566803,9.806949615478516,915.2806396484375,-191.76348876953125,4451.07275390625,0.000903099833521992,-0.0010723610175773501,0.008306748233735561,0.17001593112945557
17.670000076293945,42,0.03088725358247757,0.029826220124959946,9.810393333435059,897.9921264648438,-192.31671142578125,4451.07275390625,-0.0023283534683287144,-0.00013497007603291422,0.008306748233735561,0.15367338061332703
17.68000030517578,42,0.032702721655368805,0.026498304679989815,9.810393333435059,884.2474365234375,-185.56842041015625,4451.07275390625,-0.004890155978500843,0.0004963462706655264,0.010200697928667068,0.15561190247535706
17.690000534057617,42,0.027814745903015137,0.021711766719818115,9.807159423828125,876.4427490234375,-171.78091430664062,4451.07275390625,-0.006565779913216829,-0.0028827537316828966,0.008012953214347363,0.1795179545879364
17.700000762939453,42,0.022926772013306618,0.007151996251195669,9.80576229095459,876.7576293945312,-152.9056854248047,4451.07275390625,-0.005672113969922066,-0.008505602367222309,0.0033987730275839567,0.21127969026565552
17.709999084472656,42,0.02328360825777054,0.0012714910553768277,9.808204650878906,880.4315795898438,-135.29693603515625,4451.07275390625,-0.0014951835619285703,-0.00951007753610611,0.004721303004771471,0.2369014322757721
17.719999313354492,42,0.03487849980592728,0.012784029357135296,9.797679901123047,888.8704833984375,-118.7239990234375,4451.07275390625,-0.0038221892900764942,-0.008346574380993843,0.007079754490405321,0.2551935911178589
17.729999542236328,42,0.043873582035303116,0.017962830141186714,9.796894073486328,901.6296997070312,-101.24519348144531,4451.07275390625,-0.005835333839058876,-0.0052999043837189674,0.005196587182581425,0.2643449902534485
17.739999771118164,42,0.04583387076854706,0.017988137900829315,9.7988920211792,918.6665649414062,-79.89053344726562,4451.07275390625,-0.005496615078300238,0.00009054284601006657,-0.0002822086098603904,0.26220497488975525
17.75,42,0.0629076138138771,0.024481769651174545,9.812437057495117,941.9661865234375,-50.06409454345703,4451.07275390625,-0.0017347722314298153,-0.004189710132777691,0.00009154983126791194,0.257003515958786
17.760000228881836,42,0.06349731981754303,0.02380192279815674,9.804666519165039,977.1773681640625,-4.223999977111816,4451.07275390625,-0.007975460030138493,-0.005899774841964245,0.0030354964546859264,0.26389408111572266
17.770000457763672,42,0.041228584945201874,0.02865518070757389,9.799745559692383,1020.2933349609375,57.98073959350586,4451.07275390625,-0.007376488298177719,-0.0025290607009083033,0.010461250320076942,0.28593185544013977
17.780000686645508,42,0.037144649773836136,0.024600256234407425,9.819422721862793,1069.0859375,134.60800170898438,4451.07275390625,0.004258539993315935,-0.0013655577786266804,0.004643735941499472,0.31260696053504944
17.790000915527344,42,0.02479437366127968,0.02841821312904358,9.811159133911133,1121.4150390625,219.33349609375,4451.07275390625,-0.001505066640675068,-0.001361963921226561,0.009265403263270855,0.3326641023159027
17.799999237060547,42,0.0221713874489069,0.036112792789936066,9.802999496459961,1174.9727783203125,301.6786804199219,4451.07275390625,-0.001840490847826004,-0.00026554593932814896,0.006244488526135683,0.3461143970489502
17.809999465942383,42,0.029514357447624207,0.03128139302134514,9.802887916564941,1217.688720703125,361.33160400390625,4451.07275390625,-0.0008075637742877007,-0.004266677889972925,0.007918614894151688,0.3520810902118683
17.81999969482422,42,0.03929030895233154,0.023758210241794586,9.806251525878906,1249.957275390625,393.5386047363281,4451.07275390625,-0.0035218046978116035,-0.006981817539781332,0.007337312214076519,0.34286510944366455
17.829999923706055,42,0.04127724468708038,0.01435423456132412,9.820089340209961,1275.1048583984375,403.29449462890625,4451.07275390625,-0.006106368266046047,-0.008402878418564796,0.007079754490405321,0.32552438974380493
17.84000015258789,42,0.044390302151441574,0.01479711290448904,9.80935287475586,1295.9759521484375,397.2004699707031,4451.07275390625,-0.005063558463007212,-0.004511657170951366,0.0053948466666042805,0.31014198064804077
17.850000381469727,42,0.03500247001647949,0.025086846202611923,9.80896282196045,1316.117431640625,383.3081359863281,4451.07275390625,-0.005073441658169031,0.00208481983281672,0.008520581759512424,0.29516562819480896
17.860000610351562,42,0.038646150380373,0.014550941064953804,9.809589385986328,1344.0350341796875,370.1310729980469,4451.07275390625,-0.00623694434762001,0.0011956460075452924,0.005036960821598768,0.29369640350341797
17.8700008392334,42,0.0371747761964798,0.01115860790014267,9.802647590637207,1374.5255126953125,366.697998046875,4451.07275390625,-0.004140542820096016,-0.003969887271523476,0.004204689525067806,0.2994655668735504
17.8799991607666,42,0.04122047498822212,0.008145883679389954,9.803666114807129,1411.0567626953125,368.14630126953125,4451.07275390625,-0.001840490847826004,-0.005092959851026535,0.005314284935593605,0.27027541399002075
17.889999389648438,42,0.04869088903069496,0.011579629965126514,9.811625480651855,1451.50732421875,366.8353576660156,4451.07275390625,-0.001840490847826004,-0.004340950399637222,0.0033987730275839567,0.21163302659988403
17.899999618530273,42,0.042508795857429504,0.016932131722569466,9.815241813659668,1491.8402099609375,356.1124267578125,4451.07275390625,-0.0036865221336483955,-0.004581437911838293,0.0038602808490395546,0.13934914767742157
17.90999984741211,42,0.03905627876520157,0.02321065217256546,9.8184232711792,1526.5797119140625,333.05255126953125,4451.07275390625,-0.005156399216502905,-0.002621901221573353,0.006615851074457169,0.05090165510773659
17.920000076293945,42,0.03582388907670975,0.026498304679989815,9.8168363571167,1552.1629638671875,310.66815185546875,4451.07275390625,-0.00016786195919848979,0.00019955571042373776,0.009422633796930313,-0.05475683510303497
17.93000030517578,42,0.04414816573262215,0.026498304679989815,9.818565368652344,1578.2994384765625,299.7391357421875,4451.07275390625,0.0021262001246213913,0.0002789194695651531,0.0069368998520076275,-0.16424956917762756
17.940000534057617,42,0.028448481112718582,0.023148532956838608,9.813299179077148,1611.1092529296875,306.7489013671875,4451.07275390625,-0.006144103594124317,-0.003626676509156823,0.011175824329257011,-0.24952709674835205
17.950000762939453,42,0.01978706568479538,0.018295276910066605,9.810393333435059,1655.958984375,335.0295715332031,4451.07275390625,-0.008914348669350147,-0.0077155577018857,0.012926618568599224,-0.2987792193889618
17.959999084472656,42,0.023302145302295685,0.016932131722569466,9.80331802368164,1716.8262939453125,384.25506591796875,4451.07275390625,-0.006184534169733524,0.00002615335506561678,0.010760736651718616,-0.32242169976234436
17.969999313354492,42,0.02101861871778965,0.020492414012551308,9.8115234375,1782.317138671875,445.4215393066406,4451.07275390625,0.0018234201706945896,0.002233664272353053,0.010760736651718616,-0.3422544598579407
17.979999542236328,42,0.03441276028752327,0.01808476634323597,9.800522804260254,1832.3182373046875,498.6476135253906,4451.07275390625,0.0006599171902053058,-0.003583849873393774,0.010760736651718616,-0.3910263478755951
17.989999771118164,42,0.0353291817009449,0.013231509365141392,9.803351402282715,1854.1378173828125,534.71533203125,4451.07275390625,-0.0038548330776393414,0.0017694607377052307,0.012994901277124882,-0.49119606614112854
18,42,0.03423897549510002,0.00837825145572424,9.813189506530762,1839.505859375,547.5950927734375,4451.07275390625,-0.0053480700589716434,-0.00400253152474761,0.0037324002478271723,-0.6310272812843323
18.010000228881836,42,0.03423897549510002,0.0035249944776296616,9.79966926574707,1784.9605712890625,534.2047729492188,4451.07275390625,-0.005521472543478012,-0.009003347717225552,0.004151980392634869,-0.7879245281219482
18.020000457763672,42,0.03423897549510002,0.014316272921860218,9.80774211883545,1692.1820068359375,492.0916442871094,4451.07275390625,-0.0018150346586480737,-0.005317873787134886,0.006478985771536827,-0.9303485155105591
18.030000686645508,43,0.038248758763074875,0.004988218657672405,9.818464279174805,1575.2479248046875,435.8570251464844,4393.63525390625,-0.0032028520945459604,-0.007268425077199936,0.010532229207456112,-1.0307252407073975
18.040000915527344,43,0.05129765346646309,0.022840244695544243,9.795450210571289,1449.2877197265625,379.3253479003906,4031.243408203125,-0.0010959686478599906,-0.004725789651274681,0.011987730860710144,-1.0711668729782104
18.049999237060547,43,0.041054800152778625,0.022376660257577896,9.799356460571289,1321.1363525390625,331.5364685058594,3514.5361328125,0.000613496929872781,-0.006269639823585749,0.006098638754338026,-1.0711668729782104
18.059999465942383,43,0.043278079479932785,0.017523402348160744,9.796448707580566,1194.982177734375,297.613037109375,3034.772705078125,-0.0014044392155483365,-0.006033345591276884,0.0014991337666288018,-1.0711668729782104
18.06999969482422,44,0.03528863191604614,0.02119411714375019,9.795849800109863,1072.501708984375,275.7106018066406,2594.43896484375,-0.0006308670272119343,-0.004425106104463339,0.002163094002753496,-1.0711668729782104
18.079999923706055,44,0.029875827953219414,0.026047373190522194,9.804632186889648,955.1227416992188,252.4766082763672,2210.577392578125,0.002386154141277075,-0.005042945500463247,0.005035763140767813,-1.0453095436096191
18.09000015258789,44,0.024987854063510895,0.022095978260040283,9.82785701751709,843.11669921875,225.4570770263672,1873.5157470703125,-0.00030772172613069415,-0.002632083836942911,0.004668892826884985,-0.9582746028900146
18.100000381469727,45,0.03361335024237633,0.02171521820127964,9.788987159729004,737.8292236328125,195.45091247558594,1581.040283203125,-0.005102790892124176,-0.0010013828286901116,0.0009447852498851717,-0.8315743803977966
18.110000610351562,45,0.061689961701631546,0.017172550782561302,9.822988510131836,640.4918823242188,164.22732543945312,1330.855224609375,-0.0010977654019370675,-0.003977374639362097,0.002010356169193983,-0.7036662101745605
18.1200008392334,46,0.025976106524467468,0.016932131722569466,9.810911178588867,552.1180419921875,134.2576141357422,1120.919921875,0.004123172722756863,-0.0016536632319912314,0.004334067460149527,-0.5859250426292419
18.1299991607666,46,0.04347040131688118,0.012249124236404896,9.80090045928955,477.1814270019531,108.88288116455078,949.5617065429688,-0.0036098535638302565,-0.0021325412672013044,0.004311606287956238,-0.48335596919059753
18.139999389648438,46,0.02955259010195732,0.02161513827741146,9.805516242980957,411.93292236328125,87.30667877197266,804.3058471679688,-0.0004487796686589718,-0.00046440461301244795,0.007977313362061977,-0.3971974849700928
18.149999618530273,46,0.03412775322794914,0.01704256236553192,9.805769920349121,355.7649230957031,69.87962341308594,681.21484375,0.000613496929872781,-0.0027914103120565414,0.0060552130453288555,-0.32477113604545593
18.15999984741211,47,0.029421672224998474,0.021895820274949074,9.814509391784668,307.6794738769531,55.59443283081055,576.620361328125,0.0005757617182098329,-0.004967474844306707,0.008419954217970371,-0.264445960521698
18.170000076293945,48,0.029926806688308716,0.025996757671236992,9.796612739562988,266.485595703125,42.80986404418945,487.2214660644531,-0.0005877411458641291,-0.002640469465404749,0.011910463683307171,-0.21494269371032715
18.18000030517578,48,0.038409799337387085,0.016611188650131226,9.810393333435059,233.11044311523438,32.481903076171875,414.3692626953125,-0.000613496929872781,-0.009415440261363983,0.005161247681826353,-0.17469026148319244
18.190000534057617,48,0.029421672224998474,0.013322385028004646,9.811582565307617,205.16732788085938,24.722383499145508,351.8819580078125,-0.001687753014266491,-0.007802409119904041,0.0003287428698968142,-0.1423499435186386
18.200000762939453,48,0.02895708940923214,0.026498304679989815,9.824002265930176,181.36561584472656,18.354942321777344,298.5050048828125,-0.0008297257591038942,-0.0054754032753407955,0.00477161630988121,-0.11664200574159622
18.209999084472656,48,0.026210136711597443,0.02596685104072094,9.814164161682129,161.11058044433594,13.355805397033691,252.54696655273438,-0.0015607710229232907,-0.001253849477507174,0.008694582618772984,-0.0962279736995697
18.219999313354492,48,0.03845034912228584,0.021113593131303787,9.804936408996582,143.887451171875,9.738999366760254,212.30514526367188,-0.003608056576922536,-0.0054376679472625256,0.007766176480799913,-0.08006049692630768
18.229999542236328,48,0.03491557389497757,0.016260337084531784,9.800697326660156,129.50885009765625,6.8008713722229,177.9890899658203,-0.005935062188655138,-0.006676641292870045,0.009540630504488945,-0.06732502579689026
18.239999771118164,48,0.03905627876520157,0.011407080106437206,9.802201271057129,117.2573471069336,5.339116096496582,148.07223510742188,-0.005234864074736834,-0.005513138137757778,0.010760736651718616,-0.05703207105398178
18.25,48,0.03905627876520157,0.008990229107439518,9.807923316955566,106.20071411132812,3.696695327758789,121.7472152709961,-0.00360116851516068,-0.004349635448306799,0.012840666808187962,-0.04854277893900871
18.260000228881836,48,0.0417221300303936,0.017814436927437782,9.797637939453125,96.27281951904297,2.282695770263672,99.462646484375,-0.0024376658257097006,-0.0019264949951320887,0.011922442354261875,-0.04168131947517395
18.270000457763672,47,0.050630323588848114,0.018857790157198906,9.803614616394043,87.49736022949219,1.2229053974151611,80.17487335205078,-0.003539474681019783,-0.0018339537782594562,0.007268430665135384,-0.035633645951747894
18.280000686645508,46,0.03905627876520157,0.009411251172423363,9.801032066345215,79.94071960449219,-0.11260703206062317,60.6291618347168,-0.0045157987624406815,-0.005324462428689003,0.005631440784782171,-0.030576365068554878
18.290000915527344,46,0.03685500845313072,0.018024949356913567,9.815658569335938,73.21865844726562,-1.1826231479644775,45.94049072265625,-0.0035068304277956486,-0.005300203803926706,0.004443679470568895,-0.026622602716088295
18.299999237060547,46,0.02825036458671093,0.01938924565911293,9.805412292480469,66.98161315917969,-2.183173418045044,32.97407913208008,-0.003542768768966198,-0.0028653834015130997,0.0015970655949786305,-0.023192383348941803
18.309999465942383,45,0.028330307453870773,0.015848517417907715,9.81758975982666,61.562286376953125,-3.256990671157837,20.241395950317383,-0.0021528545767068863,-0.006894666701555252,0.005852760747075081,-0.020285706967115402
18.31999969482422,44,0.036430973559617996,0.02780163288116455,9.809072494506836,56.765769958496094,-4.308107852935791,8.20946979522705,-0.002569739008322358,-0.007977308705449104,0.005355014931410551,-0.017902569845318794
18.329999923706055,43,0.026655025780200958,0.027160897850990295,9.804153442382812,51.81869888305664,-5.091587066650391,-1.8376542329788208,-0.000057351571740582585,-0.0037452729884535074,0.0030280095525085926,-0.015808913856744766
18.34000015258789,42,0.025603050366044044,0.016932131722569466,9.799234390258789,43.737300872802734,-5.625792026519775,-15.71955394744873,0.0023361400235444307,0.0030584484338760376,0.0014323483919724822,-0.013949447311460972
18.350000381469727,41,0.03753161057829857,0.018445970490574837,9.797384262084961,42.403358459472656,-5.713969707489014,-18.010944366455078,-0.0042944783344864845,-0.0016539627686142921,0.005911160726100206,-0.012613522820174694
18.360000610351562,52,0.03423897549510002,0.02171521820127964,9.800697326660156,40.69425582885742,-5.982463836669922,-22.364669799804688,-0.0042944783344864845,-0.007471477147191763,0.007074663415551186,-0.011097805574536324
18.3700008392334,40,0.03923701494932175,0.015098500065505505,9.79566764831543,37.74360275268555,-6.4276347160339355,-28.181211471557617,-0.007769713178277016,-0.007496933452785015,0.011713401414453983,-0.009942438453435898
18.3799991607666,40,0.050427574664354324,0.006031571421772242,9.794892311096191,34.624290466308594,-6.847963809967041,-31.8563175201416,-0.0046906983479857445,-0.00530709233134985,0.006513127125799656,-0.009707738645374775
18.389999389648438,40,0.04989347606897354,0.010354525409638882,9.808574676513672,31.685598373413086,-7.1150665283203125,-36.9648551940918,-0.0042944783344864845,-0.002980086486786604,0.005852760747075081,-0.008949496783316135
18.399999618530273,42,0.047629643231630325,0.012960029765963554,9.805545806884766,30.271160125732422,-7.3013529777526855,-41.36776351928711,-0.003326539881527424,-0.006460712291300297,0.008756576105952263,-0.008137624710798264
18.40999984741211,42,0.04766208305954933,0.02171521820127964,9.799662590026855,28.65703773498535,-7.720129489898682,-44.57300567626953,-0.003971931990236044,-0.004783590789884329,0.011342638172209263,-0.0076142107136547565
18.420000076293945,43,0.041075654327869415,0.02572528086602688,9.80929183959961,26.9194393157959,-8.21479606628418,-48.02740478515625,-0.0042944783344864845,-0.00633882125839591,0.007782947737723589,-0.0070907967165112495
18.43000030517578,43,0.03969348967075348,0.0209053847938776,9.809393882751465,25.307022094726562,-8.470977783203125,-52.06886291503906,-0.003517013043165207,-0.008274398744106293,0.0066302260383963585,-0.006802720949053764
18.440000534057617,44,0.029917538166046143,0.01594744622707367,9.791678428649902,23.942628860473633,-8.025806427001953,-54.623130798339844,-0.004495433531701565,-0.008009952493011951,0.007793728727847338,-0.00656725512817502
18.450000762939453,45,0.029067151248455048,0.030929390341043472,9.799165725708008,22.68113899230957,-8.017106056213379,-56.08855438232422,-0.002919538877904415,-0.005545482970774174,0.006355298217386007,-0.006279435008764267
18.459999084472656,45,0.02963484823703766,0.02235020138323307,9.80237102508545,21.893136978149414,-8.217071533203125,-59.69394302368164,-0.000026504505513003096,-0.00616392120718956,0.007560729514807463,-0.006043713539838791
18.469999313354492,45,0.015113423578441143,0.012077724561095238,9.824865341186523,21.263418197631836,-8.346125602722168,-62.24577331542969,-0.00043350589112378657,-0.007676924113184214,0.008666730485856533,-0.005756148602813482
18.479999542236328,45,0.01999560557305813,0.012080024927854538,9.812573432922363,20.543954849243164,-8.396880149841309,-63.54571533203125,0.00045956106623634696,-0.0062699392437934875,0.006312771234661341,-0.005520171951502562
18.489999771118164,45,0.03172489255666733,0.017350852489471436,9.813560485839844,19.604961395263672,-8.570210456848145,-65.77740478515625,0.002708400832489133,-0.0062699392437934875,0.005890196189284325,-0.005232862196862698
18.5,45,0.02683691866695881,0.013666334562003613,9.806375503540039,18.765335083007812,-8.659244537353516,-66.22161865234375,-0.0009465253097005188,-0.006602967623621225,0.0043978579342365265,-0.004996630363166332
18.510000228881836,45,0.027259794995188713,0.010492565110325813,9.80753231048584,18.184337615966797,-8.602012634277344,-68.67271423339844,-0.0015709535218775272,-0.007227396126836538,0.007349291816353798,-0.004945936147123575
18.520000457763672,44,0.03214776888489723,0.014225397258996964,9.802989959716797,17.721450805664062,-8.932931900024414,-70.77442169189453,-0.0008195432601496577,-0.006063892971724272,0.007688609417527914,-0.005232862196862698
18.530000686645508,44,0.05381636694073677,0.006595234852284193,9.803041458129883,17.188983917236328,-9.396894454956055,-71.93185424804688,-0.001983046066015959,-0.004615279380232096,0.00362788001075387,-0.004996247123926878
18.540000915527344,46,0.047888003289699554,0.022512400522828102,9.812355995178223,16.507198333740234,-9.518881797790527,-72.3341064453125,-0.0029884204268455505,-0.0011247710790485144,-0.0030934829264879227,-0.004472833126783371
18.549999237060547,43,0.04011520370841026,0.03022998757660389,9.798565864562988,16.192340850830078,-9.251779556274414,-72.44515991210938,-0.0019183572148904204,0.0022567245177924633,0.009502596221864223,-0.004423160571604967
18.559999465942383,43,0.03484722226858139,0.026498304679989815,9.800085067749023,15.971324920654297,-9.303122520446777,-73.8471450805664,-0.007735871244221926,-0.002397286705672741,0.00717558991163969,-0.004472577944397926
18.56999969482422,42,0.0355805903673172,0.020383132621645927,9.802446365356445,15.413836479187012,-9.038322448730469,-75.18123626708984,-0.003513119649142027,-0.0070512983947992325,0.0026174141094088554,-0.0041862898506224155
18.579999923706055,42,0.03905627876520157,0.010676617734134197,9.797527313232422,15.040661811828613,-9.014819145202637,-76.2593994140625,-0.0030674845911562443,-0.004340650979429483,0.01058853231370449,-0.0041862898506224155
18.59000015258789,42,0.029393866658210754,0.013761812821030617,9.792608261108398,15.083040237426758,-9.460552215576172,-77.30233764648438,-0.005044690798968077,-0.0008501425036229193,0.014953539706766605,-0.0041862898506224155
18.600000381469727,42,0.03118732199072838,0.020200228318572044,9.81087589263916,14.873133659362793,-9.549585342407227,-78.96817016601562,-0.009221920743584633,-0.0019851941615343094,0.005492479540407658,-0.004423798993229866
18.610000610351562,42,0.040963273495435715,0.015038683079183102,9.799787521362305,14.358781814575195,-9.638620376586914,-78.05681610107422,-0.007844584994018078,-0.004312200006097555,0.0056182630360126495,-0.00447193905711174
18.6200008392334,43,0.03700793907046318,0.012149045243859291,9.811729431152344,14.219779968261719,-9.793105125427246,-79.09828186035156,-0.003555946284905076,-0.004244815558195114,0.006281624548137188,-0.0041862898506224155
18.6299991607666,43,0.03774246945977211,0.015627654269337654,9.8095121383667,14.219779968261719,-9.881549835205078,-80.37211608886719,-0.00110585184302181,-0.003815951757133007,0.005852760747075081,-0.003948397468775511
18.639999389648438,44,0.02475961670279503,0.013383353129029274,9.819933891296387,14.219779968261719,-9.929895401000977,-80.87814331054688,-0.000613496929872781,-0.005829395726323128,0.009208501316606998,-0.0036630036775022745
18.649999618530273,45,0.030721578747034073,0.008530096150934696,9.81026554107666,14.190622329711914,-10.086762428283691,-80.73095703125,0.0006018169806338847,-0.003850991604849696,0.008949445560574532,-0.003901151241734624
18.65999984741211,46,0.03052346594631672,0.011055078357458115,9.809284210205078,13.455949783325195,-9.730626106262207,-82.39678955078125,-0.000880338775459677,-0.002855799626559019,0.00639692647382617,-0.0041862898506224155
18.670000076293945,46,0.029421672224998474,0.019667625427246094,9.810393333435059,13.484380722045898,-9.877989768981934,-83.07571411132812,-0.003813803428784013,-0.004827914759516716,0.005157054867595434,-0.003947886638343334
18.68000030517578,46,0.040992237627506256,0.025544678792357445,9.822037696838379,13.57336711883545,-9.939933776855469,-82.94415283203125,-0.0018159329192712903,-0.0034233254846185446,0.0038405146915465593,-0.0039015342481434345
18.690000534057617,47,0.03209099918603897,0.01479941327124834,9.813079833984375,13.320450782775879,-9.912200927734375,-82.77119445800781,0.0013208827003836632,-0.005042945500463247,0.007787140551954508,-0.0039476314559578896
18.700000762939453,48,0.03341987356543541,0.016118846833705902,9.80636978149414,12.715597152709961,-10.001235008239746,-83.25154113769531,0.0010360715677961707,-0.004752743523567915,0.009823944419622421,-0.0036630036775022745
18.709999084472656,48,0.042376719415187836,0.020972102880477905,9.817830085754395,13.13541030883789,-10.090269088745117,-83.14048767089844,-0.005294761620461941,-0.004496084526181221,0.009400471113622189,-0.0036630036775022745
18.719999313354492,48,0.043873582035303116,0.02171521820127964,9.799260139465332,12.723390579223633,-9.865675926208496,-83.22502899169922,-0.0038048189599066973,-0.007007273845374584,0.003072333289310336,-0.0036630036775022745
18.729999542236328,48,0.048083800822496414,0.025895530357956886,9.812798500061035,12.539107322692871,-10.23401927947998,-83.69636535644531,-0.000613496929872781,-0.003915680572390556,0.0015431580832228065,-0.0036630036775022745
18.739999771118164,49,0.05297177657485008,0.02224782295525074,9.780776023864746,12.539107322692871,-10.463618278503418,-84.50163269042969,-0.0006859725108370185,-0.004897994454950094,0.008270510472357273,-0.0036630036775022745
18.75,49,0.040453504770994186,0.008753260597586632,9.811491966247559,12.50023078918457,-10.199835777282715,-85.13089752197266,-0.0030129782389849424,-0.00024398294044658542,0.007107007782906294,-0.0036630036775022745
18.760000228881836,49,0.02136734500527382,0.0029751351103186607,9.806341171264648,12.290324211120605,-10.734040260314941,-84.13140106201172,-0.0053399838507175446,-0.0035437189508229494,0.005943505093455315,-0.0036630036775022745
18.770000457763672,49,0.024279970675706863,-0.0018781222170218825,9.832674980163574,12.580729484558105,-10.589165687561035,-85.35537719726562,-0.005521472543478012,-0.0027431929484009743,0.005852760747075081,-0.0036630036775022745
18.780000686645508,49,0.04742226377129555,0.0023309483658522367,9.820855140686035,12.06252670288086,-10.346851348876953,-86.36750030517578,0.0005341331707313657,0.001448112539947033,0.008880564011633396,-0.0036630036775022745
18.790000915527344,49,0.03015388362109661,0.025589540600776672,9.801434516906738,11.83974552154541,-10.472210884094238,-86.7120132446289,0.001840490847826004,-0.0005183121538721025,0.00480485986918211,-0.0036630036775022745
18.799999237060547,49,0.02001182734966278,0.017155297100543976,9.814902305603027,12.042962074279785,-10.707833290100098,-86.54720306396484,0.00007591974281240255,0.00040260719833895564,0.006927914917469025,-0.0036630036775022745
18.809999465942383,49,0.024533696472644806,0.02167380601167679,9.8056001663208,11.642366409301758,-10.10788345336914,-86.55301666259766,-0.0022510860580950975,-0.00218315445818007,0.009944337420165539,-0.0034228130243718624
18.81999969482422,49,0.02058415673673153,0.02171521820127964,9.800997734069824,11.957225799560547,-10.374985694885254,-86.7751235961914,-0.001556877512484789,-0.0030606482177972794,0.009250129573047161,-0.003620354225859046
18.829999923706055,49,0.05764426290988922,0.021546119824051857,9.815241813659668,11.68850040435791,-10.642088890075684,-86.46793365478516,0.00007831557013560086,-0.006739832926541567,0.004847685806453228,-0.003945843782275915
18.84000015258789,49,0.038333334028720856,0.017410671338438988,9.81451416015625,11.681967735290527,-10.758935928344727,-86.89833068847656,0.000613496929872781,-0.010579242371022701,0.002171779051423073,-0.0036630036775022745
18.850000381469727,49,0.02585098333656788,0.025569984689354897,9.801010131835938,11.892695426940918,-10.700043678283691,-87.86196899414062,0.0023079882375895977,-0.00948342401534319,0.0033014400396496058,-0.003903705161064863
18.860000610351562,49,0.04349125921726227,0.01328787487000227,9.807853698730469,11.871932029724121,-10.566010475158691,-88.38549041748047,0.00028376275440678,-0.005992915015667677,0.005628445651382208,-0.003945461008697748
18.8700008392334,49,0.0386032797396183,0.024249402806162834,9.830531120300293,11.662025451660156,-10.833112716674805,-87.60810089111328,-0.0046457755379378796,-0.0029402547515928745,0.004014815669506788,-0.003422047011554241
18.8799991607666,49,0.03371530398726463,0.004142723511904478,9.792582511901855,11.361112594604492,-10.791406631469727,-87.98627471923828,-0.002318769693374634,-0.002485036151483655,-0.0011348450789228082,-0.003380801994353533
18.889999389648438,48,0.03179904446005821,0.016342010349035263,9.806143760681152,11.112929344177246,-10.985188484191895,-88.47100067138672,-0.0018569625681266189,-0.006286411080509424,0.0009612569701857865,-0.0036630036775022745
18.899999618530273,48,0.044035784900188446,0.01479021180421114,9.810393333435059,11.030065536499023,-11.089855194091797,-88.42231750488281,-0.005274096969515085,-0.008714044466614723,0.005120517686009407,-0.0036630036775022745
18.90999984741211,48,0.017176823690533638,0.02982046827673912,9.80891227722168,11.207091331481934,-10.914463996887207,-88.15970611572266,-0.0042944783344864845,-0.003815951757133007,0.006344216875731945,-0.0036630036775022745
18.920000076293945,48,0.029421672224998474,0.019313322380185127,9.800697326660156,11.731857299804688,-11.18156623840332,-90.38080596923828,-0.004535265266895294,-0.004177131690084934,0.002653352450579405,-0.0036630036775022745
18.93000030517578,48,0.029421672224998474,0.00997836608439684,9.801580429077148,11.072917938232422,-11.030267715454102,-89.47059631347656,-0.006407052278518677,-0.007440031040459871,0.0069659496657550335,-0.0036630036775022745
18.940000534057617,48,0.03036937490105629,0.02171521820127964,9.805545806884766,11.007061958312988,-10.85219955444336,-89.22501373291016,0.000573964964132756,-0.006276527885347605,0.004638944286853075,-0.0034211529418826103
18.950000762939453,48,0.03423897549510002,0.019692931324243546,9.807596206665039,10.967049598693848,-10.88614273071289,-89.44184875488281,-0.0017003313405439258,-0.0039561111479997635,0.005782681051641703,-0.0031397175043821335
18.959999084472656,48,0.03532802313566208,0.016474299132823944,9.81304931640625,10.72915267944336,-11.153244972229004,-89.47640228271484,-0.004027336835861206,0.0005577408010140061,0.005852760747075081,-0.0033818234223872423
18.969999313354492,47,0.03789655864238739,0.024372490122914314,9.803211212158203,10.72915267944336,-11.412477493286133,-88.60759735107422,-0.002234614221379161,-0.004057636484503746,0.00791262462735176,-0.0036630036775022745
18.979999542236328,47,0.03423897549510002,0.007469487842172384,9.795849800109863,10.72915267944336,-11.056341171264648,-89.27392578125,0.0020252736285328865,-0.0002107400941895321,0.003474542871117592,-0.0034206423442810774
18.989999771118164,47,0.03684110566973686,0.01913156919181347,9.801087379455566,10.811101913452148,-10.908761978149414,-89.5934066772461,0.001261584460735321,-0.002519776578992605,0.008492429740726948,-0.0031397175043821335
19,46,0.041130103170871735,0.01351104024797678,9.80695915222168,10.627955436706543,-10.917489051818848,-90.2423095703125,-0.004423257429152727,-0.003815951757133007,0.011600196361541748,-0.003382334252819419
19.010000228881836,46,0.03279656544327736,0.014067801646888256,9.791959762573242,10.37459659576416,-11.006523132324219,-90.78385925292969,-0.001316690118983388,-0.0014880475355312228,0.011211762204766273,-0.003420259105041623
19.020000457763672,46,0.030934754759073257,0.008868293836712837,9.80097770690918,10.533319473266602,-11.080352783203125,-90.4344711303711,0.0011280137114226818,-0.0008474470814689994,0.004348443355411291,-0.003382589668035507
19.030000686645508,46,0.03265522047877312,0.010576538741588593,9.795783042907715,11.267992973327637,-10.991318702697754,-91.10079956054688,-0.003929405007511377,0.0005849941517226398,0.0016647494630888104,-0.0036630036775022745
19.040000915527344,46,0.029421672224998474,0.007365958299487829,9.807210922241211,10.748464584350586,-10.826287269592285,-90.62960052490234,-0.004462490323930979,0.0005625326302833855,0.005740752909332514,-0.0036630036775022745
19.049999237060547,46,0.03287187218666077,0.007365958299487829,9.812129020690918,10.470587730407715,-10.648218154907227,-89.96326446533203,-0.00009149295510724187,-0.0029279759619385004,0.008306748233735561,-0.00341974850744009
19.059999465942383,45,0.040852051228284836,0.00914897583425045,9.813434600830078,10.593369483947754,-10.574308395385742,-90.20638275146484,0.000613496929872781,-0.003667406504973769,0.006472696550190449,-0.003383100498467684
19.06999969482422,45,0.04200713708996773,0.012149045243859291,9.812272071838379,10.85843563079834,-10.733745574951172,-91.53850555419922,-0.00017654694966040552,-0.0017569859046489,0.004583838861435652,-0.0034194928593933582
19.079999923706055,45,0.03905627876520157,0.014072402380406857,9.8113431930542,10.85843563079834,-11.267951011657715,-91.09428405761719,-0.00250355270691216,-0.0015943649923428893,0.007079754490405321,-0.003383355913683772
19.09000015258789,45,0.031025122851133347,0.02291271649301052,9.80756664276123,10.566768646240234,-11.30730152130127,-90.95868682861328,-0.0037583985831588507,0.0008239838643930852,0.007883874699473381,-0.00341923744417727
19.100000381469727,44,0.023943988606333733,0.027153996750712395,9.802026748657227,10.616374015808105,-11.30730152130127,-90.8476333618164,-0.0014313930878415704,0.00006957881851121783,0.009533443488180637,-0.0031397175043821335
19.110000610351562,44,0.03371994197368622,0.02171521820127964,9.797490119934082,10.777716636657715,-11.224905967712402,-91.14767456054688,0.00033138119033537805,0.0006688501453027129,0.0033987730275839567,-0.0031397175043821335
19.1200008392334,44,0.043495893478393555,0.02171521820127964,9.807779312133789,10.809966087341309,-11.108513832092285,-91.43783569335938,-0.002228325232863426,-0.0022786904592067003,0.003631473518908024,-0.0031397175043821335
19.1299991607666,44,0.04640040919184685,0.017166800796985626,9.801173210144043,10.60006046295166,-11.197547912597656,-90.10517883300781,-0.007975460030138493,0.0022345625329762697,0.007051602937281132,-0.0031397175043821335
19.139999389648438,44,0.048595886677503586,0.014493424445390701,9.802882194519043,10.914445877075195,-10.752859115600586,-92.32307434082031,-0.007975460030138493,-0.004746454767882824,0.004724597558379173,-0.0031397175043821335
19.149999618530273,44,0.05107636749744415,0.014517582021653652,9.807899475097656,10.746129989624023,-10.580946922302246,-92.41389465332031,-0.00017684670456219465,-0.003928857855498791,0.004625767003744841,-0.0033842497505247593
19.15999984741211,43,0.046188391745090485,0.012149045243859291,9.805733680725098,10.431269645690918,-10.44423770904541,-91.44234466552734,-0.0004370997194200754,0.00038643484003841877,0.0035751701798290014,-0.0034183438401669264
19.170000076293945,43,0.043873582035303116,0.014703935943543911,9.810393333435059,10.116410255432129,-10.509500503540039,-90.85160827636719,0.00037360869464464486,-0.0028563986998051405,0.004385878797620535,-0.0031397175043821335
19.18000030517578,43,0.030654381960630417,0.014307070523500443,9.813054084777832,9.839259147644043,-11.075160026550293,-91.85841369628906,-0.0012337323278188705,-0.007510409690439701,0.005549381487071514,-0.0031397175043821335
19.190000534057617,43,0.027930602431297302,0.020234739407896996,9.809778213500977,10.049165725708008,-10.897090911865234,-91.52525329589844,-0.001840490847826004,-0.006143555976450443,0.004992637317627668,-0.0031397175043821335
19.200000762939453,43,0.04259452968835831,0.023732902482151985,9.808348655700684,9.818243026733398,-10.793815612792969,-91.84513092041016,-0.0034337558317929506,-0.0066362107172608376,0.004625767003744841,-0.0031397175043821335
19.209999084472656,43,0.04583502933382988,0.016044074669480324,9.804645538330078,10.077912330627441,-10.704781532287598,-92.01915740966797,-0.0064939032308757305,-0.008230074308812618,0.006825191434472799,-0.0031397175043821335
19.219999313354492,43,0.04094705358147621,0.017960529774427414,9.80953311920166,10.273051261901855,-10.615747451782227,-91.55931091308594,-0.006636159028857946,-0.008723926730453968,0.008306748233735561,-0.0033851435873657465
19.229999542236328,43,0.03605907782912254,0.030642956495285034,9.803176879882812,9.839353561401367,-10.513836860656738,-90.83557891845703,-0.005521472543478012,-0.005693129263818264,0.005275950767099857,-0.0036630036775022745
19.239999771118164,43,0.025035353377461433,0.029972311109304428,9.817461967468262,9.944306373596191,-10.335768699645996,-93.05668640136719,-0.006064141169190407,-0.003674294799566269,0.004885121714323759,-0.003417322179302573
19.25,43,0.022925611585378647,0.023382050916552544,9.810834884643555,10.528270721435547,-10.320242881774902,-92.54074096679688,-0.006269288714975119,-0.004563767928630114,0.008785925805568695,-0.0031397175043821335
19.260000228881836,43,0.024604368954896927,0.005783098749816418,9.800697326660156,10.586206436157227,-10.441507339477539,-92.59526824951172,-0.003858726704493165,-0.003815951757133007,0.009949428960680962,-0.0031397175043821335
19.270000457763672,43,0.034444041550159454,0.014082754962146282,9.80729866027832,10.282012939453125,-10.379616737365723,-92.64041137695312,0.00009089398372452706,-0.004168147221207619,0.00935195479542017,-0.0033857820089906454
19.280000686645508,43,0.0424068421125412,0.015061689540743828,9.800277709960938,9.976272583007812,-10.178313255310059,-92.53416442871094,0.0021291952580213547,-0.0038881278596818447,0.0070075783878564835,-0.0036630036775022745
19.290000915527344,43,0.043873582035303116,0.008752110414206982,9.806178092956543,10.081226348876953,-10.534449577331543,-93.64471435546875,0.0030674845911562443,-0.0010358237195760012,0.009859883226454258,-0.0034166837576776743
19.299999237060547,43,0.047365494072437286,0.007365958299487829,9.810393333435059,10.599933624267578,-10.715087890625,-92.01895141601562,0.0027440397534519434,-0.00471950089558959,0.005691038444638252,-0.0031397175043821335
19.309999465942383,43,0.030877986922860146,0.007365958299487829,9.817564010620117,10.254496574401855,-11.027376174926758,-91.77617645263672,0.0005152655648998916,-0.002294263569638133,0.004429304040968418,-0.003386292839422822
19.31999969482422,43,0.03550412505865097,0.018188295885920525,9.809120178222656,9.789117813110352,-11.05821418762207,-91.82439422607422,-0.0007524584070779383,0.0009530623210594058,0.00231074052862823,-0.0036630036775022745
19.329999923706055,43,0.042760204523801804,0.02171521820127964,9.794363021850586,9.839669227600098,-10.894440650939941,-91.87444305419922,-0.005406469572335482,-0.0037009490188211203,0.006964751984924078,-0.0034161729272454977
19.34000015258789,43,0.043873582035303116,0.025463003665208817,9.787202835083008,10.704666137695312,-10.962702751159668,-92.3510513305664,-0.003251967951655388,-0.006085455883294344,0.010484011843800545,-0.0031397175043821335
19.350000381469727,43,0.032337773591279984,0.026498304679989815,9.80163288116455,10.284852981567383,-10.695599555969238,-93.35055541992188,0.00014629882934968919,0.0033714117016643286,0.007546952459961176,-0.0031397175043821335
19.360000610351562,43,0.03333761543035507,0.0187220498919487,9.805545806884766,10.472260475158691,-10.649262428283691,-92.42247772216797,-0.0024098134599626064,0.001749694813042879,0.011110835708677769,-0.0031397175043821335
19.3700008392334,43,0.03025236167013645,0.016932131722569466,9.80955696105957,10.475037574768066,-10.7022123336792,-92.27863311767578,-0.004011763725429773,0.00014774466399103403,0.005377776455134153,-0.0033870588522404432
19.3799991607666,43,0.037536244839429855,0.020960599184036255,9.802227020263672,10.112781524658203,-10.79124641418457,-92.62255096435547,-0.0025329021736979485,-0.001896546338684857,0.002517984714359045,-0.003415534505620599
19.389999389648438,43,0.01841648668050766,0.029912495985627174,9.804851531982422,9.606884956359863,-10.84526538848877,-92.32764434814453,-0.005109679419547319,-0.00013706638128496706,0.004623670596629381,-0.003387314500287175
19.399999618530273,43,0.02756565436720848,0.022943774238228798,9.822447776794434,9.921744346618652,-10.667198181152344,-91.55026245117188,-0.005240853875875473,-0.0011693945853039622,0.007360372692346573,-0.0036630036775022745
19.40999984741211,43,0.03796027973294258,0.017476240172982216,9.81634521484375,9.859075546264648,-10.969529151916504,-90.87274169921875,-0.007055738940834999,-0.006040533073246479,0.008306748233735561,-0.003415151499211788
19.420000076293945,43,0.03471630439162254,0.034168731421232224,9.806506156921387,9.824175834655762,-10.67196273803711,-91.61479949951172,-0.007948805578052998,-0.005589806474745274,0.005172627978026867,-0.003387697506695986
19.43000030517578,43,0.04747092351317406,0.01416788063943386,9.818861961364746,9.915623664855957,-10.43660831451416,-92.09087371826172,-0.0033684680238366127,-0.0031522908248007298,0.0038617781829088926,-0.0034148960839957
19.440000534057617,43,0.03972824662923813,0.02104802429676056,9.797540664672852,10.082740783691406,-10.667411804199219,-91.47196197509766,-0.00038618710823357105,-0.0033161097671836615,0.003353550797328353,-0.0031397175043821335
19.450000762939453,43,0.04360827058553696,0.026234878227114677,9.814173698425293,10.082740783691406,-10.756446838378906,-91.47196197509766,-0.0031495438888669014,-0.0038980108220130205,-0.0007185596623457968,-0.0031397175043821335
19.459999084472656,43,0.0346282534301281,0.026498304679989815,9.801284790039062,10.592833518981934,-10.758935928344727,-92.22760772705078,-0.004402892664074898,-0.00589707912877202,0.00035509749432094395,-0.0033882081042975187
19.469999313354492,43,0.03423897549510002,0.02183830365538597,9.795974731445312,10.496085166931152,-10.758935928344727,-91.2786636352539,-0.0021498596761375666,-0.005042945500463247,0.005863242782652378,-0.0036630036775022745
19.479999542236328,44,0.03900298476219177,0.021732473745942116,9.81497573852539,10.287945747375488,-10.577869415283203,-91.13545227050781,-0.002821606583893299,-0.004305311478674412,0.010271375998854637,-0.003414257662370801
19.489999771118164,44,0.039144329726696014,0.02658572979271412,9.800874710083008,10.124930381774902,-10.418753623962402,-91.86556243896484,-0.001840490847826004,-0.0017267378279939294,0.0130323376506567,-0.0031397175043821335
19.5,44,0.04355613514780998,0.030966201797127724,9.80943489074707,9.84298324584961,-10.766913414001465,-91.34510803222656,-0.0023160744458436966,-0.003815951757133007,0.011512147262692451,-0.0031397175043821335
19.510000228881836,45,0.03423897549510002,0.021031919866800308,9.782228469848633,10.262795448303223,-10.944981575012207,-91.56722259521484,-0.006859275978058577,-0.003871356602758169,0.007024349644780159,-0.0031397175043821335
19.520000457763672,45,0.03423897549510002,0.008259767666459084,9.801904678344727,10.597282409667969,-10.471595764160156,-91.0670394897461,-0.009186281822621822,-0.005034859292209148,0.00586084695532918,-0.0031397175043821335
19.530000686645508,46,0.03498045355081558,0.020979005843400955,9.819343566894531,10.546163558959961,-10.417548179626465,-90.98159790039062,-0.0022699537221342325,0.0007341380114667118,0.0046973442658782005,-0.0031397175043821335
19.540000915527344,46,0.04299075901508331,0.012149045243859291,9.810837745666504,10.45130729675293,-10.587051391601562,-90.6551742553711,-0.002932416507974267,-0.0065514566376805305,0.006809618324041367,-0.0031397175043821335
19.549999237060547,46,0.03475106135010719,0.011132150888442993,9.812664985656738,10.716814994812012,-10.482250213623047,-89.27012634277344,-0.0020390499848872423,-0.005440063774585724,0.005022885277867317,-0.0031397175043821335
19.559999465942383,46,0.03905627876520157,0.004318724852055311,9.791001319885254,10.611861228942871,-10.927420616149902,-89.15906524658203,0.002019283827394247,-0.004078001715242863,0.0026958794333040714,-0.0031397175043821335
19.56999969482422,47,0.037095993757247925,0.016932131722569466,9.794289588928223,10.785795211791992,-10.505110740661621,-90.13005065917969,0.0021660320926457644,-0.009224668145179749,0.002171779051423073,-0.0031397175043821335
19.579999923706055,48,0.02532847225666046,0.016213173046708107,9.810869216918945,10.789802551269531,-10.320242881774902,-90.0060043334961,-0.0006733941263519228,-0.007826068438589573,0.002171779051423073,-0.0033897405955940485
19.59000015258789,48,0.03021644614636898,0.011359916999936104,9.790952682495117,10.463330268859863,-10.245075225830078,-89.93181610107422,-0.0033894318621605635,-0.005495468620210886,0.0044951909221708775,-0.003412852995097637
19.600000381469727,48,0.0351044200360775,0.009084556251764297,9.812628746032715,10.013381958007812,-10.151731491088867,-90.41867065429688,-0.005716437473893166,-0.002910006558522582,0.00798569992184639,-0.003389995777979493
19.610000610351562,48,0.040928516536951065,0.01786160096526146,9.800697326660156,10.328241348266602,-10.41883373260498,-89.19706726074219,-0.004158511757850647,-0.0007144753471948206,0.012123697437345982,-0.003412597579881549
19.6200008392334,48,0.04667730629444122,0.02071557752788067,9.800697326660156,10.944897651672363,-10.51525592803955,-89.67861938476562,-0.001840490847826004,-0.003638955531641841,0.010937732644379139,-0.003390251426026225
19.6299991607666,48,0.03797881677746773,0.018001941964030266,9.805034637451172,10.811923027038574,-10.410186767578125,-89.58826446533203,-0.0034020105376839638,-0.005935413762927055,0.005518234800547361,-0.0036630036775022745
19.639999389648438,49,0.03538710996508598,0.019435256719589233,9.814311981201172,10.807631492614746,-10.232118606567383,-89.63981628417969,-0.0059784878976643085,-0.003815951757133007,0.0029417574405670166,-0.0034122145734727383
19.649999618530273,49,0.03905627876520157,0.01698964834213257,9.799529075622559,11.08938980102539,-10.147743225097656,-89.64579010009766,-0.006748466286808252,-0.004603000823408365,0.0005976809770800173,-0.0031397175043821335
19.65999984741211,49,0.04034575819969177,0.02616010792553425,9.811691284179688,10.98443603515625,-10.323026657104492,-88.49363708496094,-0.006748466286808252,-0.004949805326759815,-0.0024061629083007574,-0.0031397175043821335
19.670000076293945,49,0.038432974368333817,0.01620052009820938,9.80839729309082,10.879483222961426,-10.41206169128418,-89.49313354492188,-0.005415753927081823,-0.002428133739158511,0.0003565947408787906,-0.0031397175043821335
19.68000030517578,49,0.02317354455590248,0.020815657451748848,9.798201560974121,11.026247024536133,-10.501094818115234,-88.36181640625,-0.0010195998474955559,-0.005660784896463156,0.007079754490405321,-0.0033910174388438463
19.690000534057617,49,0.021288562566041946,0.011838454753160477,9.812219619750977,11.355306625366211,-10.539588928222656,-87.70463562011719,-0.002648803172633052,-0.002868078649044037,0.006521512754261494,-0.0036630036775022745
19.700000762939453,49,0.02774870954453945,0.024837223812937737,9.808710098266602,11.56363582611084,-10.449885368347168,-88.00216674804688,0.00023314978170674294,-0.005042945500463247,0.002552126068621874,-0.0034114483278244734
19.709999084472656,49,0.03423897549510002,0.024756699800491333,9.81358814239502,11.397401809692383,-10.210569381713867,-88.54141998291016,-0.005521472543478012,-0.005042945500463247,0.008294169791042805,-0.0031397175043821335
19.719999313354492,49,0.03252546116709709,0.013850388117134571,9.815567016601562,11.607308387756348,-10.210569381713867,-87.98614501953125,-0.005521472543478012,-0.005042945500463247,0.0071306671015918255,-0.0031397175043821335
19.729999542236328,49,0.031205859035253525,0.013389104045927525,9.812368392944336,11.634130477905273,-10.055254936218262,-86.36536407470703,-0.003296291921287775,-0.009493306279182434,0.0026293934788554907,-0.0031397175043821335
19.739999771118164,49,0.030529258772730827,0.009207641705870628,9.798468589782715,11.768556594848633,-9.87718677520752,-86.01089477539062,-0.005165683105587959,-0.011000020429491997,0.007417275104671717,-0.0031397175043821335
19.75,49,0.0323064923286438,0.01406089961528778,9.812331199645996,11.892695426940918,-9.699118614196777,-86.3643569946289,-0.007492688950151205,-0.005264265928417444,0.010277965106070042,-0.0031397175043821335
19.760000228881836,48,0.037884972989559174,0.024860231205821037,9.80921459197998,11.818476676940918,-9.58401107788086,-86.21343231201172,-0.004286991432309151,-0.006582303438335657,0.0061501506716012955,-0.0031397175043821335
19.770000457763672,48,0.03148854896426201,0.029907895252108574,9.80485725402832,11.398664474487305,-9.762080192565918,-84.32549285888672,-0.0047847372479736805,-0.00406242860481143,0.0063430191949009895,-0.0031397175043821335
19.780000686645508,48,0.038514070212841034,0.01747048832476139,9.808242797851562,11.276386260986328,-9.603606224060059,-84.95623779296875,-0.007111742626875639,-0.002588957780972123,0.008670024573802948,-0.0031397175043821335
19.790000915527344,48,0.043873582035303116,0.012149045243859291,9.816657066345215,11.32113265991211,-9.552530288696289,-84.46640014648438,-0.005780527368187904,-0.004783890210092068,0.006607166025787592,-0.0031397175043821335
19.799999237060547,46,0.04159468784928322,0.00988633930683136,9.820611953735352,11.52712631225586,-9.509673118591309,-84.05493927001953,-0.003626325400546193,-0.004265479743480682,0.008634686470031738,-0.002886885078623891
19.809999465942383,46,0.03670671209692955,0.009698834270238876,9.810393333435059,11.841985702514648,-9.465076446533203,-84.19390869140625,-0.0018581603653728962,-0.00017030940216500312,0.012592392973601818,-0.0028693911153823137
19.81999969482422,45,0.02939850091934204,0.012149045243859291,9.803086280822754,12.151260375976562,-9.554109573364258,-84.07300567626953,-0.001154668047092855,0.0006955043645575643,0.011050039902329445,-0.0031397175043821335
19.829999923706055,44,0.03705891966819763,0.012149045243859291,9.795849800109863,12.151260375976562,-9.643143653869629,-83.40666961669922,-0.0008851307211443782,-0.001361963921226561,0.005918348208069801,-0.0031397175043821335
19.84000015258789,43,0.0435677245259285,0.01469243224710226,9.806161880493164,12.316231727600098,-9.732178688049316,-82.3912124633789,0.000613496929872781,-0.003847098210826516,0.0025859682355076075,-0.0031397175043821335
19.850000381469727,42,0.036424022167921066,0.014318574219942093,9.809943199157715,12.235355377197266,-9.47586441040039,-81.71142578125,-0.00008789911953499541,-0.008723926730453968,0.00480156484991312,-0.0033931881189346313
19.860000610351562,42,0.036941900849342346,0.012149045243859291,9.805545806884766,11.954322814941406,-9.142535209655762,-81.34246826171875,-0.003850939916446805,-0.006713477894663811,0.006296299397945404,-0.0034094052389264107
19.8700008392334,42,0.04182988032698631,0.01765684224665165,9.797171592712402,11.80140495300293,-9.263799667358398,-80.97864532470703,-0.010429447516798973,-0.0010298340348526835,0.000388939370168373,-0.0031397175043821335
19.8799991607666,42,0.03534076735377312,0.02171521820127964,9.81103801727295,12.22121810913086,-9.708970069885254,-81.42286682128906,-0.009948772378265858,-0.004562270361930132,0.00419989787042141,-0.0031397175043821335
19.889999389648438,42,0.029421672224998474,0.01592673920094967,9.819070816040039,12.370664596557617,-9.848329544067383,-79.67376708984375,-0.006651732139289379,-0.0018456337274983525,0.008953338488936424,-0.0031397175043821335
19.899999618530273,43,0.029421672224998474,0.015113454312086105,9.80021858215332,12.409825325012207,-9.602481842041016,-78.74722290039062,-0.005355258006602526,-0.007463690359145403,0.002337993821129203,-0.0031397175043821335
19.90999984741211,43,0.04470311477780342,0.0230012908577919,9.803304672241211,12.53421688079834,-9.544232368469238,-78.2618637084961,0.0004622566921170801,-0.006300187204033136,0.00815550796687603,-0.0028854806441813707
19.920000076293945,43,0.04412730783224106,0.010974554345011711,9.800952911376953,12.814806938171387,-9.874938011169434,-77.28276824951172,0.0017467518337070942,-0.007403194438666105,0.009440002962946892,-0.002616431098431349
19.93000030517578,44,0.04864918068051338,0.015282553620636463,9.815157890319824,12.919760704040527,-9.162665367126465,-75.83905792236328,0.0029102545231580734,-0.006427169311791658,0.004184923600405455,-0.0028709233738482
19.940000534057617,44,0.04370327293872833,0.011979945935308933,9.81178092956543,13.317989349365234,-9.196769714355469,-73.7746810913086,-0.0009576063021086156,-0.0002323030639672652,0.0023925001733005047,-0.002630477538332343
19.950000762939453,44,0.03237832337617874,0.013996480964124203,9.81226634979248,13.664373397827148,-9.09892749786377,-72.36392211914062,0.0009878543205559254,0.0020348054822534323,0.0012289974838495255,-0.002347892615944147
19.959999084472656,45,0.03624097257852554,0.023702993988990784,9.815241813659668,13.782832145690918,-9.045817375183105,-71.66900634765625,0.00008190946391550824,0.000560436281375587,0.002703366568312049,-0.002616431098431349
19.969999313354492,45,0.042536601424217224,0.01958710141479969,9.811738967895508,13.727420806884766,-9.071810722351074,-71.02751922607422,-0.004692495334893465,-0.000950769754126668,0.0033987730275839567,-0.002616431098431349
19.979999542236328,45,0.03677159175276756,0.016932131722569466,9.817541122436523,13.830606460571289,-8.894866943359375,-69.03506469726562,-0.005243849009275436,-0.0006096552824601531,0.007912625558674335,-0.002361300401389599
19.989999771118164,45,0.04148230701684952,0.024124016985297203,9.820089340209961,13.5157470703125,-8.983901023864746,-68.5908432006836,-0.0042944783344864845,-0.004267876036465168,0.010071918368339539,-0.0023484034463763237
20,45,0.043873582035303116,0.022832192480564117,9.808941841125488,13.930480003356934,-8.86662483215332,-66.94571685791016,-0.0017931718612089753,-0.005620953626930714,0.010784395970404148,-0.0023610449861735106
20.010000228881836,44,0.043873582035303116,0.02171521820127964,9.801758766174316,14.219779968261719,-8.592294692993164,-64.82665252685547,0.00005166132177691907,-0.0055014584213495255,0.011425894685089588,-0.0020931449253112078
20.020000457763672,44,0.028538847342133522,0.010295857675373554,9.800697326660156,14.25218677520752,-8.428601264953613,-62.70842742919922,-0.00011515233927639201,-0.0060018994845449924,0.008269013836979866,-0.0020931449253112078
20.030000686645508,43,0.03631743788719177,0.01511920616030693,9.808555603027344,14.35714054107666,-8.640880584716797,-60.88032150268555,-0.0002562102163210511,-0.003815951757133007,0.004625767003744841,-0.0020931449253112078
20.040000915527344,43,0.03905627876520157,0.012985337525606155,9.80639362335205,14.462093353271484,-8.195710182189941,-59.769771575927734,-0.0022118533961474895,-0.0027018641121685505,0.005368492100387812,-0.0020931449253112078
20.049999237060547,42,0.035010579973459244,0.008132080547511578,9.801473617553711,14.744451522827148,-8.202028274536133,-56.03115463256836,-0.0018359984969720244,-0.0013664562720805407,0.007079754490405321,-0.0020931449253112078
20.059999465942383,42,0.03835534676909447,0.015540228225290775,9.796555519104004,15.059310913085938,-8.072626113891602,-54.671913146972656,0.0013517298502847552,-0.0043098037131130695,0.00610223226249218,-0.0020931449253112078
20.06999969482422,42,0.03905627876520157,0.01277482695877552,9.808490753173828,15.053820610046387,-7.975373268127441,-53.88734817504883,-0.0015179443871602416,-0.00045751643483527005,0.0025335580576211214,-0.0020931449253112078
20.079999923706055,42,0.03905627876520157,0.016376521438360214,9.806108474731445,14.529053688049316,-8.140110969543457,-51.39365005493164,-0.006631067954003811,0.004068614449352026,0.005330157931894064,-0.0018367372686043382
20.09000015258789,42,0.03905627876520157,0.02552742324769497,9.809901237487793,14.004287719726562,-8.229145050048828,-50.505210876464844,-0.0053597502410411835,-0.0028584951069206,0.011664286255836487,-0.0015698587521910667
20.100000381469727,42,0.03025815449655056,0.022130489349365234,9.792684555053711,13.864875793457031,-8.4816312789917,-47.577972412109375,-0.0018692414741963148,-0.008676009252667427,0.004683268256485462,-0.0015698587521910667
20.110000610351562,43,0.038361139595508575,0.012839245609939098,9.804496765136719,13.903942108154297,-8.504384994506836,-44.620819091796875,-0.0029944099951535463,-0.0052621690556406975,0.009241444058716297,-0.0013130679726600647
20.1200008392334,44,0.04359668493270874,0.030181674286723137,9.796406745910645,13.818174362182617,-8.658040046691895,-41.380218505859375,-0.0008866280550137162,-0.003952517174184322,0.008443313650786877,-0.00130349094979465
20.1299991607666,45,0.03926250338554382,0.02212473750114441,9.814412117004395,13.57336711883545,-9.02397346496582,-37.88835525512695,-0.0016404342604801059,-0.0017620770959183574,0.01138756051659584,-0.0013128125574439764
20.139999389648438,46,0.03905627876520157,0.017066720873117447,9.810529708862305,13.57336711883545,-9.113008499145508,-35.00092315673828,-0.003767383052036166,-0.005215748678892851,0.005243606865406036,-0.0010465724626556039
20.149999618530273,47,0.024810591712594032,0.01692637987434864,9.805623054504395,13.885293006896973,-9.731267929077148,-32.99364471435547,-0.006094389129430056,-0.004470028914511204,0.005198683589696884,-0.0007892709109000862
20.15999984741211,47,0.03408604487776756,0.012376810424029827,9.815241813659668,13.801923751831055,-10.219376564025879,-29.393402099609375,-0.008421394973993301,-0.003815951757133007,0.0050162966363132,-0.0005232862313278019
20.170000076293945,48,0.024898642674088478,0.025913935154676437,9.815537452697754,13.647333145141602,-10.523768424987793,-25.225826263427734,-0.003791641443967819,-0.003815951757133007,0.0069446861743927,-0.0005232862313278019
20.18000030517578,48,0.03423897549510002,0.007798483595252037,9.8231840133667,13.728303909301758,-10.754411697387695,-20.38273811340332,-0.002741943346336484,-0.0016875051660463214,0.009016230702400208,-0.0002656016149558127
20.190000534057617,48,0.03308504819869995,0.01635926589369774,9.788186073303223,14.19980525970459,-11.144438743591309,-14.094862937927246,-0.00494046974927187,-0.00013497007603291422,0.004365812987089157,0.0002578123239800334
20.200000762939453,48,0.014969762414693832,0.008435768075287342,9.819366455078125,13.884944915771484,-12.03477954864502,-8.431047439575195,-0.0037739721592515707,-0.0007174701895564795,0.002630291972309351,0.0007812262629158795
20.209999084472656,48,0.01582941599190235,0.021288445219397545,9.80909538269043,14.35562515258789,-12.925121307373047,-2.3978052139282227,-0.0013214816572144628,-0.0034380003344267607,0.008966815657913685,0.0013046402018517256
20.219999313354492,48,0.025605367496609688,0.01593824289739132,9.796856880187988,14.733532905578613,-13.868867874145508,3.177326202392578,-0.001980051165446639,-0.0030813126359134912,0.010937133803963661,0.0015698587521910667
20.229999542236328,48,0.03423897549510002,0.007933072745800018,9.80324649810791,14.943439483642578,-15.012070655822754,9.745610237121582,-0.00233434303663671,0.0015349634923040867,0.00668772729113698,0.0015698587521910667
20.239999771118164,48,0.03744819387793541,0.013423615135252476,9.790029525756836,15.196229934692383,-16.424489974975586,18.524145126342773,0.0011834186734631658,-0.0014491142937913537,0.004538616631180048,0.0020867602434009314
20.25,48,0.0561879500746727,0.02242267318069935,9.81165599822998,15.720996856689453,-17.76000213623047,26.631175994873047,-0.0008785420213826001,-0.005573035683482885,0.003065145807340741,0.002616431098431349
20.260000228881836,48,0.042307205498218536,0.024165429174900055,9.794154167175293,15.961006164550781,-19.417600631713867,35.34082794189453,-0.002042044885456562,-0.007093825377523899,0.010962290689349174,0.0028751373756676912
20.270000457763672,48,0.038508281111717224,0.012996841222047806,9.806097030639648,16.382680892944336,-20.869720458984375,44.56235122680664,-0.0026532956399023533,-0.004490693565458059,0.01171160489320755,0.0033985513728111982
20.280000686645508,48,0.05555189773440361,0.016014164313673973,9.79080581665039,16.768667221069336,-22.55842399597168,53.16989517211914,0.0005389249417930841,-0.0004332580720074475,0.009533742442727089,0.003921965137124062
20.290000915527344,47,0.039892762899398804,0.01116090826690197,9.808390617370605,17.022436141967773,-24.565013885498047,61.116153717041016,-0.0006245779222808778,-0.005031864624470472,0.009544823318719864,0.0041862898506224155
20.299999237060547,47,0.026736123487353325,0.010540878400206566,9.801770210266113,17.442249298095703,-26.078594207763672,70.55584716796875,-0.0017880809027701616,-0.0038683617021888494,0.01070832647383213,0.004704723600298166
20.309999465942383,46,0.03310242295265198,0.02171521820127964,9.807833671569824,17.759506225585938,-27.592174530029297,80.86367797851562,-0.004062676336616278,-0.003815951757133007,0.006316365208476782,0.005492207128554583
20.31999969482422,46,0.03062889538705349,0.02171521820127964,9.814026832580566,17.83968734741211,-29.570280075073242,91.1090316772461,-0.0042944783344864845,-0.006958757061511278,0.002709955209866166,0.005756148602813482
20.329999923706055,46,0.032961081713438034,0.02171521820127964,9.816823959350586,17.947481155395508,-31.341327667236328,101.66829681396484,-0.0033103676978498697,-0.006512822583317757,0.012012887746095657,0.006015748716890812
20.34000015258789,46,0.029421672224998474,0.02171521820127964,9.823776245117188,18.06868553161621,-33.016700744628906,112.70813751220703,0.0015356141375377774,-0.00534931942820549,0.010759239085018635,0.006279435008764267
20.350000381469727,45,0.026583192870020866,0.025942694395780563,9.801563262939453,18.01087760925293,-35.33158874511719,124.13573455810547,0.002210355829447508,-0.008471460081636906,0.009533742442727089,0.006279435008764267
20.360000610351562,45,0.02723662368953228,0.028667835518717766,9.81074333190918,18.850502014160156,-37.64647674560547,135.35231018066406,-0.000540422392077744,-0.006776370108127594,0.009533742442727089,0.0065394178964197636
20.3700008392334,45,0.042312998324632645,0.018347041681408882,9.800697326660156,19.518404006958008,-40.25271987915039,146.75059509277344,-0.003300784155726433,-0.0028525053057819605,0.007343302480876446,0.007062831893563271
20.3799991607666,44,0.035793766379356384,0.028042053803801537,9.80726432800293,19.90199089050293,-43.236942291259766,159.36126708984375,-0.0042944783344864845,-0.004695242736488581,0.005852760747075081,0.007846483960747719
20.389999389648438,44,0.029421672224998474,0.018335537984967232,9.808099746704102,20.409528732299805,-46.221248626708984,172.40528869628906,-0.0042944783344864845,-0.007496933452785015,0.007662254851311445,0.008893311955034733
20.399999618530273,44,0.02764907293021679,0.013909054920077324,9.793289184570312,21.446186065673828,-48.846927642822266,184.7187957763672,-0.003754804842174053,-0.007496933452785015,0.008994068950414658,0.009679646231234074
20.40999984741211,44,0.0338207371532917,0.016932131722569466,9.796270370483398,22.390766143798828,-51.78505325317383,196.9348602294922,-0.0021151192486286163,-0.003687472315505147,0.009735296480357647,0.010203059762716293
20.420000076293945,43,0.04869088903069496,0.011231078766286373,9.790936470031738,24.27033233642578,-53.69206237792969,212.6136474609375,-0.001026188605464995,0.0019063260406255722,0.011575039476156235,0.011247972026467323
20.43000030517578,43,0.04273703321814537,0.00652391416952014,9.80754280090332,26.056934356689453,-55.5900993347168,227.54559326171875,-0.002538891974836588,-0.001701580942608416,0.009713134728372097,0.012557337060570717
20.440000534057617,43,0.04040484502911568,0.012149045243859291,9.814529418945312,28.13974952697754,-57.51081466674805,243.05789184570312,-0.0042944783344864845,-0.007866797968745232,0.007365464232861996,0.013865170069038868
20.450000762939453,43,0.04869088903069496,0.01637076959013939,9.817950248718262,30.72256088256836,-59.27613067626953,260.2906188964844,-0.0042944783344864845,-0.004376289900392294,0.007862310856580734,0.01569654420018196
20.459999084472656,43,0.04210098460316658,0.017353154718875885,9.80197811126709,33.1364860534668,-60.61164093017578,278.0594482421875,-0.0036595682613551617,-0.001361963921226561,0.006328943185508251,0.017528939992189407
20.469999313354492,43,0.0365062840282917,0.018902653828263283,9.788434982299805,35.75267791748047,-62.63351821899414,296.25634765625,0.0007087334524840117,-0.0016476735472679138,0.00896232295781374,0.01883779466152191
20.479999542236328,43,0.04139425978064537,0.026498304679989815,9.793354034423828,37.91567611694336,-65.39801788330078,314.6319580078125,0.0018087453208863735,-0.005042945500463247,0.002235270105302334,0.01988462172448635
20.489999771118164,42,0.04146493226289749,0.016932131722569466,9.79100227355957,39.4375,-68.6922836303711,333.067138671875,0.0006452423986047506,-0.005042945500463247,0.00456227594986558,0.020408162847161293
20.5,42,0.041535601019859314,0.012289386242628098,9.798628807067871,40.290000915527344,-72.492431640625,351.5916442871094,0.000613496929872781,0.0006158410687930882,0.002362252213060856,0.020146392285823822
20.510000228881836,42,0.033673595637083054,0.009336479008197784,9.818092346191406,40.65067672729492,-76.97653198242188,370.3841857910156,-0.0015230356948450208,-0.0010445088846608996,0.0043083117343485355,0.019884876906871796
20.520000457763672,42,0.03246637433767319,0.010389034636318684,9.817025184631348,42.2249755859375,-82.3185806274414,389.81884765625,-0.004854816943407059,-0.001361963921226561,0.007640092633664608,0.02014690265059471
20.530000686645508,42,0.033673595637083054,0.01158768218010664,9.802268028259277,43.12373733520508,-87.01592254638672,410.9512023925781,0.001067517208866775,-0.003244532737880945,0.007365464232861996,0.020932471379637718
20.540000915527344,42,0.03494569659233093,0.018335537984967232,9.806968688964844,44.6398811340332,-90.89373016357422,432.81396484375,0.002189691411331296,-0.0020603651646524668,0.007079754490405321,0.022766144946217537
20.549999237060547,42,0.03622359409928322,0.015248042531311512,9.809540748596191,46.52424240112305,-94.15560150146484,455.5576171875,-0.0014167181216180325,-0.00217626616358757,0.007079754490405321,0.025120804086327553
20.559999465942383,42,0.040045689791440964,0.010248694568872452,9.808466911315918,47.936317443847656,-96.94955444335938,479.59405517578125,-0.002316673519089818,-0.004841391462832689,0.007830565795302391,0.02721446007490158
20.56999969482422,44,0.040899552404880524,0.021007763221859932,9.801414489746094,48.88089370727539,-97.83989715576172,504.02618408203125,-0.00046585043310187757,-0.008331899531185627,0.0069321077316999435,0.028782786801457405
20.579999923706055,42,0.03905627876520157,0.02045215293765068,9.814234733581543,48.44429397583008,-97.63665771484375,528.6531982421875,-0.0031294783111661673,-0.008079432882368565,0.007100419141352177,0.029566822573542595
20.59000015258789,42,0.04840240627527237,0.023118624463677406,9.812397003173828,47.746822357177734,-97.16557312011719,553.4508056640625,-0.006748466286808252,-0.005709601100534201,0.00998776312917471,0.029827315360307693
20.600000381469727,42,0.043950047343969345,0.026498304679989815,9.79913330078125,46.92531204223633,-96.52086639404297,578.556884765625,-0.00823900755494833,-0.005042945500463247,0.009503494948148727,0.029301220551133156
20.610000610351562,42,0.02928612008690834,0.023264717310667038,9.789295196533203,45.885276794433594,-95.81673431396484,603.90771484375,-0.008696023374795914,-0.0028761648572981358,0.0067194728180766106,0.0287807434797287
20.6200008392334,42,0.03458654507994652,0.02171521820127964,9.809593200683594,44.415931701660156,-95.54962921142578,628.8951416015625,-0.0036721467040479183,0.00035229354398325086,0.006457422859966755,0.029307350516319275
20.6299991607666,42,0.028862087056040764,0.025089146569371223,9.816669464111328,43.14601516723633,-93.84449005126953,656.7314453125,0.0003071228275075555,-0.001974712125957012,0.004316397942602634,0.030354177579283714
20.639999389648438,42,0.028073105961084366,0.01961010880768299,9.818732261657715,41.66041946411133,-91.4242935180664,685.1959228515625,-0.0013421461917459965,-0.004301717970520258,0.009546320885419846,0.03192812204360962
20.649999618530273,42,0.029421672224998474,0.01341786328703165,9.805841445922852,39.32027053833008,-88.40676879882812,715.144775390625,-0.003576910123229027,-0.006449331529438496,0.004625767003744841,0.034021779894828796
20.65999984741211,42,0.036641836166381836,0.012149045243859291,9.807963371276855,35.95785140991211,-84.61534881591797,746.603759765625,0.0003816948155872524,-0.007033328991383314,0.0049734702333807945,0.03558780625462532
20.670000076293945,42,0.02433326467871666,0.015803653746843338,9.81409740447998,31.96722984313965,-79.64163970947266,778.5704956054688,-0.001997720915824175,-0.0023793175350874662,0.008568798191845417,0.03610675036907196
20.68000030517578,42,0.01978706568479538,0.02810647152364254,9.815241813659668,27.874052047729492,-75.18993377685547,814.5523681640625,-0.0054882294498384,0.002274693688377738,0.014386313036084175,0.036634888499975204
20.690000534057617,42,0.02743126079440117,0.038871292024850845,9.811394691467285,23.116697311401367,-70.38607025146484,852.73046875,-0.0043690502643585205,0.000014173931958794128,0.007527186535298824,0.03821010887622833
20.700000762939453,42,0.029421672224998474,0.025387082248926163,9.810393333435059,18.71213150024414,-65.88751983642578,893.6624145507812,-0.001027685939334333,-0.001223900937475264,0.0016351003432646394,0.04083241522312164
20.709999084472656,42,0.03338511660695076,0.009909345768392086,9.794438362121582,14.655180931091309,-61.79037094116211,938.1984252929688,-0.000613496929872781,-0.000336524099111557,0.009148304350674152,0.04476625844836235
20.719999313354492,43,0.03423897549510002,0.027393264696002007,9.795061111450195,10.426946640014648,-57.898406982421875,987.5953369140625,-0.000613496929872781,-0.003982765134423971,0.009798787534236908,0.05000614374876022
20.729999542236328,43,0.026029400527477264,0.023130128160119057,9.80411148071289,5.913956642150879,-54.24800491333008,1046.2325439453125,-0.0015119548188522458,-0.0005506566376425326,0.007736826781183481,0.05655781924724579
20.739999771118164,43,0.049657128751277924,0.013423615135252476,9.792939186096191,1.763600468635559,-49.36708068847656,1109.953857421875,-0.004345391411334276,-0.0022478431928902864,0.008749688044190407,0.06441528350114822
20.75,43,0.04926206171512604,0.012149045243859291,9.803821563720703,-2.661223888397217,-43.95451736450195,1182.8291015625,-0.004749996587634087,-0.0030444760341197252,0.006447839550673962,0.07384975999593735
20.760000228881836,43,0.04869088903069496,0.020721329376101494,9.809889793395996,-6.313162326812744,-38.45225524902344,1266.5673828125,-0.005002463236451149,-0.0011729883262887597,0.005333751905709505,0.08537840098142624
20.770000457763672,43,0.03991593420505524,0.01735890470445156,9.832470893859863,-8.1637601852417,-33.080223083496094,1361.56103515625,-0.0035879912320524454,-0.0007794637931510806,0.007786241825670004,0.0992664322257042
20.780000686645508,42,0.0435144267976284,0.016932131722569466,9.825660705566406,-8.268712997436523,-27.560104370117188,1467.729736328125,-0.0012594880536198616,-0.002523969393223524,0.007790734060108662,0.11630285531282425
20.790000915527344,42,0.0302871186286211,0.03491874784231186,9.81582260131836,-7.587306022644043,-21.45628547668457,1594.4925537109375,-0.000613496929872781,-0.001745905028656125,0.005852760747075081,0.13753502070903778
20.799999237060547,42,0.03402116522192955,0.008663534186780453,9.801355361938477,-6.186940670013428,-13.618762969970703,1736.3468017578125,0.0012025857577100396,-0.0002700382610782981,0.00449069868773222,0.16188545525074005
20.809999465942383,42,0.02022847719490528,0.0027289637364447117,9.805397987365723,-5.252237796783447,-4.103003025054932,1894.3912353515625,0.0023418301716446877,-0.004151076544076204,0.0017812494188547134,0.1867435872554779
20.81999969482422,42,0.029268741607666016,0.007290036417543888,9.805545806884766,-5.450973987579346,6.642345428466797,2067.9931640625,-0.001840490847826004,-0.007169894874095917,0.0035610946360975504,0.21001476049423218
20.829999923706055,42,0.010370268486440182,0.016985047608613968,9.829169273376465,-6.623067855834961,17.84903335571289,2254.03125,-0.0026311336550861597,-0.00600639171898365,0.01049718912690878,0.23013624548912048
20.84000015258789,42,0.02473992109298706,0.02158062905073166,9.787245750427246,-9.666711807250977,27.820858001708984,2454.04150390625,-0.005721529014408588,-0.005643115378916264,0.009933855384588242,0.24632684886455536
20.850000381469727,42,0.029421672224998474,0.017546409741044044,9.82390022277832,-10.588698387145996,34.74678421020508,2661.564208984375,-0.006065638270229101,-0.008450795896351337,0.011714600026607513,0.26019278168678284
20.860000610351562,42,0.028867879882454872,0.03100646287202835,9.801254272460938,-9.1853666305542,39.29494094848633,2880.023681640625,-0.0005404223338700831,-0.006196864880621433,0.009168369695544243,0.27566611766815186
20.8700008392334,42,0.021177342161536217,0.026498304679989815,9.809693336486816,-5.758638858795166,43.06430435180664,3108.936279296875,0.0005943298456259072,-0.005014194641262293,0.0034275236539542675,0.2956037223339081
20.8799991607666,42,0.039474520832300186,0.02608303539454937,9.801117897033691,-1.0271276235580444,48.28870391845703,3345.353515625,-0.0017326758243143559,-0.0015236862236633897,0.0069180321879684925,0.317310631275177
20.889999389648438,42,0.043873582035303116,0.01977345533668995,9.8050537109375,3.80072283744812,58.1714973449707,3589.0087890625,-0.0051692770794034,-0.004690750036388636,0.007079754490405321,0.3334456980228424
20.899999618530273,42,0.042754411697387695,0.0031384825706481934,9.801259994506836,8.360857009887695,70.70390319824219,3828.037109375,-0.004475367721170187,-0.006089049857109785,0.007079754490405321,0.33935636281967163
20.90999984741211,42,0.035499490797519684,0.009243302047252655,9.806814193725586,12.679119110107422,82.05096435546875,4052.239013671875,-0.005277092102915049,0.0025735811796039343,0.011992821469902992,0.3348066508769989
20.920000076293945,42,0.04597637429833412,0.021019266918301582,9.813125610351562,16.471446990966797,90.34784698486328,4256.28955078125,-0.0009258606587536633,0.0010965160327032208,0.007699990179389715,0.31977540254592896
20.93000030517578,42,0.05678229033946991,0.018464375287294388,9.799921035766602,19.961315155029297,95.07814025878906,4418.06201171875,-0.00024213438155129552,-0.005268758162856102,0.0032858666963875294,0.2945515513420105
20.940000534057617,42,0.04784861207008362,0.023989425972104073,9.795849800109863,25.313932418823242,97.92723083496094,4448.71337890625,0.000970783643424511,-0.003536231815814972,0.0013796387938782573,0.2633799910545349
20.950000762939453,42,0.043873582035303116,0.011242582462728024,9.796768188476562,36.96342849731445,104.22794342041016,4451.07275390625,0.001840490847826004,-0.0028192626778036356,0.000216135973460041,0.23494109511375427
20.959999084472656,42,0.04092272371053696,0.008342591114342213,9.800697326660156,54.724037170410156,116.72452545166016,4451.07275390625,-0.002150458749383688,-0.003815951757133007,0.003708740696310997,0.21649646759033203
20.969999313354492,42,0.032584547996520996,0.015289455652236938,9.798575401306152,78.93378448486328,136.48239135742188,4451.07275390625,-0.0019114690367132425,-0.005019286181777716,0.007079754490405321,0.2042022943496704
20.979999542236328,42,0.03824876248836517,0.026498304679989815,9.796662330627441,109.77859497070312,161.9222412109375,4451.07275390625,0.001302314572967589,-0.005193586926907301,0.006541578099131584,0.1926995813846588
20.989999771118164,42,0.02098270319402218,0.024124015122652054,9.810428619384766,147.3518524169922,188.18731689453125,4451.07275390625,0.000613496929872781,-0.0023918962106108665,0.005852760747075081,0.1865323930978775
21,42,0.024604368954896927,0.015674816444516182,9.794575691223145,187.85145568847656,207.35964965820312,4451.07275390625,0.001024691155180335,-0.000546164286788553,0.007086343131959438,0.18415768444538116
21.010000228881836,42,0.021930405870079994,0.00816658977419138,9.799074172973633,231.24996948242188,217.8634033203125,4451.07275390625,0.003231303533539176,-0.001014260808005929,0.007795226760208607,0.18048062920570374
21.020000457763672,42,0.01919272355735302,0.004788060672581196,9.814422607421875,279.3382568359375,220.4864501953125,4451.07275390625,0.004474768880754709,-0.0018402429996058345,0.002830348676070571,0.17844060063362122
21.030000686645508,42,0.030899997800588608,0.02024739235639572,9.803672790527344,333.85467529296875,216.62899780273438,4451.07275390625,-0.0026260423474013805,-0.007055491209030151,0.0022691120393574238,0.18676529824733734
21.040000915527344,42,0.035787973552942276,0.018470127135515213,9.81351089477539,396.437744140625,208.54412841796875,4451.07275390625,-0.00045626680366694927,-0.005042945500463247,0.008149517700076103,0.21588711440563202
21.049999237060547,42,0.03581693768501282,0.01849888637661934,9.820089340209961,470.8496398925781,203.113037109375,4451.07275390625,0.000144801422720775,-0.0047617279924452305,0.007079754490405321,0.26315027475357056
21.059999465942383,42,0.03280235826969147,0.015505718998610973,9.813284873962402,559.8394165039062,207.0687713623047,4451.07275390625,-0.005491224583238363,-0.001361963921226561,0.00711000245064497,0.31897321343421936
21.06999969482422,42,0.042578309774398804,0.019966712221503258,9.802470207214355,665.7681884765625,222.17367553710938,4451.07275390625,-0.004327721428126097,-0.001361963921226561,0.008273505605757236,0.38297659158706665
21.079999923706055,42,0.04869088903069496,0.016932131722569466,9.811076164245605,791.43603515625,247.31704711914062,4451.07275390625,0.0013568210415542126,-0.008143522776663303,0.004915968980640173,0.4561048746109009
21.09000015258789,41,0.04488616809248924,0.01126558892428875,9.814346313476562,938.791748046875,279.3035583496094,4451.07275390625,0.0007737218402326107,-0.0033900823909789324,0.005692536011338234,0.5397793054580688
21.100000381469727,41,0.03905627876520157,0.0025828713551163673,9.799589157104492,1110.3902587890625,312.5132751464844,4451.07275390625,-0.0013930588029325008,-0.0035922357346862555,0.005852760747075081,0.6370812058448792
21.110000610351562,41,0.04109998047351837,0.006641248241066933,9.801284790039062,1301.8436279296875,340.21661376953125,4451.07275390625,-0.006539424881339073,-0.006635312456637621,0.005852760747075081,0.7417796850204468
21.1200008392334,41,0.02484419010579586,0.020546481013298035,9.810985565185547,1503.451904296875,359.7695007324219,4451.07275390625,-0.003593981033191085,-0.0022391583770513535,0.006729056593030691,0.8281077742576599
21.1299991607666,41,0.009258047677576542,0.02043374814093113,9.805545806884766,1711.524169921875,369.9106140136719,4451.07275390625,0.0005979237030260265,-0.0025733846705406904,0.005454144906252623,0.9090864658355713
21.139999389648438,41,0.02880995161831379,0.018564455211162567,9.810086250305176,1922.03125,370.4281921386719,4451.07275390625,0.0003418632550165057,-0.003815951757133007,0.0038764530327171087,0.9839144945144653
21.149999618530273,41,0.034403491765260696,0.024351783096790314,9.81290054321289,2129.73388671875,362.0589599609375,4451.07275390625,-0.000613496929872781,-0.0051875971257686615,0.0020271274261176586,1.0228384733200073
21.15999984741211,41,0.027024606242775917,0.016932131722569466,9.807981491088867,2334.85888671875,343.1951599121094,4451.07275390625,0.001875830115750432,-0.01000392995774746,0.0028117806650698185,1.0356690883636475
21.170000076293945,41,0.03447532281279564,0.01203171070665121,9.800579071044922,2530.013671875,321.8701171875,4451.07275390625,0.002059115329757333,-0.013073061592876911,0.005184607580304146,1.0298197269439697
21.18000030517578,41,0.046411994844675064,0.012406719848513603,9.798404693603516,2708.58642578125,301.1749572753906,4451.07275390625,-0.000613496929872781,-0.010423509404063225,0.004862061236053705,1.013053059577942
21.190000534057617,40,0.04086363688111305,0.02211323380470276,9.790194511413574,2854.18115234375,283.4254455566406,4451.07275390625,0.0006820791750214994,-0.005337639711797237,0.004262490663677454,0.9689928293228149
21.200000762939453,40,0.03423897549510002,0.018516140058636665,9.792092323303223,2944.23681640625,269.96978759765625,4451.07275390625,0.0015940137673169374,-0.001361963921226561,0.00622112862765789,0.8555058240890503
21.209999084472656,40,0.036989402025938034,0.009418153204023838,9.803464889526367,2962.288818359375,259.3747253417969,4451.07275390625,-0.002755120862275362,-0.0010570872109383345,0.0073846313171088696,0.677554190158844
21.219999313354492,41,0.03905627876520157,0.01296808198094368,9.808384895324707,2948.459716796875,248.7063751220703,4451.07275390625,-0.0035903872922062874,-0.0011005126871168613,0.008306748233735561,0.42556631565093994
21.229999542236328,41,0.044839825481176376,0.01406089961528778,9.816213607788086,2916.735595703125,239.022705078125,4451.07275390625,0.003760794410482049,-0.004509261343628168,0.008128853514790535,0.10210262984037399
21.239999771118164,41,0.039803553372621536,0.02097325399518013,9.8081636428833,2844.430908203125,231.59902954101562,4451.07275390625,0.00004147876825300045,-0.002048385562375188,0.006736543495208025,-0.25261011719703674
21.25,41,0.040305208414793015,0.026498304679989815,9.800697326660156,2706.6630859375,227.53810119628906,4451.07275390625,-0.005470559932291508,-0.00852027628570795,0.0032460351940244436,-0.6038815379142761
21.260000228881836,41,0.031458426266908646,0.017253074795007706,9.813191413879395,2522.574951171875,227.3600311279297,4451.07275390625,-0.004307056777179241,-0.00386626529507339,-0.00024447342730127275,-0.9112911224365234
21.270000457763672,41,0.027778830379247665,0.015300958417356014,9.813699722290039,2315.82470703125,232.3671417236328,4451.07275390625,-0.006596327293664217,-0.00496687600389123,0.002019640291109681,-1.0585826635360718
21.280000686645508,41,0.029421672224998474,0.01371004804968834,9.807127952575684,2098.566162109375,239.6320343017578,4451.07275390625,0.0008635673439130187,-0.003955512307584286,0.006521512754261494,-1.0711668729782104
21.290000915527344,41,0.042684897780418396,0.022025808691978455,9.822230339050293,1874.556640625,245.73245239257812,4451.07275390625,-0.0012313365004956722,-0.004839893896132708,0.011175524443387985,-1.0711668729782104
21.299999237060547,41,0.03853145241737366,0.029860731214284897,9.819561958312988,1647.7548828125,246.972900390625,4451.07275390625,-0.001840490847826004,-0.006003396585583687,0.005264570936560631,-1.0711668729782104
21.309999465942383,41,0.037696126848459244,0.027848796918988228,9.811761856079102,1424.309326171875,239.3159637451172,4451.07275390625,-0.0009435304091311991,-0.0008881772519089282,0.004295733291655779,-1.0711668729782104
21.31999969482422,42,0.03905627876520157,0.022995539009571075,9.789092063903809,1217.334716796875,224.24151611328125,4297.1220703125,0.00021997241128701717,0.00025855444255284965,0.006292705424129963,-1.0711668729782104
21.329999923706055,42,0.03905627876520157,0.025288153439760208,9.810276985168457,1030.53662109375,207.28736877441406,3907.416015625,-0.0009264597319997847,-0.0024449052289128304,0.007849732413887978,-1.0711668729782104
21.34000015258789,50,0.042725447565317154,0.00828277412801981,9.809012413024902,866.0724487304688,190.60211181640625,3460.78759765625,-0.001840490847826004,-0.005228926427662373,0.006893773563206196,-1.0711668729782104
21.350000381469727,42,0.036393903195858,0.01743597723543644,9.809309005737305,723.4744262695312,175.0460205078125,3050.583740234375,-0.0031264834105968475,-0.008198928087949753,0.008424745872616768,-1.0711668729782104
21.360000610351562,42,0.022807437926530838,0.02171521820127964,9.814229011535645,600.0236206054688,160.36239624023438,2672.899658203125,-0.003135467879474163,-0.007632900029420853,0.009601726196706295,-1.0398004055023193
21.3700008392334,42,0.039192989468574524,0.014007983729243279,9.811335563659668,497.7991027832031,147.89761352539062,2341.73291015625,-0.0008084623259492218,-0.004526931326836348,0.007790734060108662,-0.9400402307510376
21.3799991607666,42,0.03992172330617905,0.0160728320479393,9.80243968963623,411.97552490234375,135.79327392578125,2044.466064453125,0.000613496929872781,-0.0033634284045547247,0.00753227761015296,-0.8115968108177185
21.389999389648438,43,0.04307880997657776,0.012938174419105053,9.8047456741333,339.4076843261719,122.89900970458984,1781.6717529296875,-0.001331664272584021,-0.002588957780972123,0.009084813296794891,-0.6967200040817261
21.399999618530273,43,0.03568717837333679,0.020277300849556923,9.8137845993042,278.2469787597656,108.71878051757812,1549.9990234375,-0.004219307564198971,-0.0029144990257918835,0.010760736651718616,-0.5941349864006042
21.40999984741211,43,0.05089447274804115,0.013446621596813202,9.819432258605957,227.11631774902344,93.39725494384766,1344.5836181640625,-0.00008939654799178243,-0.003815951757133007,0.01023663580417633,-0.5019510388374329
21.420000076293945,43,0.0450390949845314,0.024762451648712158,9.803043365478516,187.23406982421875,78.70661926269531,1170.44921875,0.0008476949878968298,-0.0036173926200717688,0.008703866973519325,-0.42003488540649414
21.43000030517578,43,0.026652706786990166,0.017949026077985764,9.787699699401855,156.4281005859375,65.6658935546875,1021.50048828125,-0.0042944783344864845,-0.002588957780972123,0.011165941134095192,-0.3493630290031433
21.440000534057617,43,0.04210793226957321,0.021276941522955894,9.808172225952148,131.816162109375,54.23525619506836,892.6704711914062,-0.004222901072353125,-0.0027321120724081993,0.014370141550898552,-0.28968554735183716
21.450000762939453,43,0.02164076641201973,0.01288525853306055,9.814868927001953,112.51832580566406,44.52067947387695,780.469970703125,-0.0030836567748337984,-0.005018687341362238,0.013141948729753494,-0.24045462906360626
21.459999084472656,43,0.033338773995637894,0.03457479923963547,9.801603317260742,97.48873901367188,36.367923736572266,681.8451538085938,-0.005410662852227688,-0.0015281784581020474,0.0026704231277108192,-0.20007488131523132
21.469999313354492,43,0.029651068150997162,0.013287875801324844,9.814549446105957,85.10425567626953,29.156156539916992,596.2215576171875,0.00001901749783428386,-0.0002538659900892526,0.0066041708923876286,-0.1672741025686264
21.479999542236328,43,0.029421672224998474,0.012149045243859291,9.791799545288086,75.52680969238281,22.964935302734375,522.47900390625,-0.0014757169410586357,0.0009096368448808789,0.008124361746013165,-0.1409800499677658
21.489999771118164,43,0.029421672224998474,0.026236029341816902,9.805279731750488,67.52354431152344,17.272424697875977,457.0862731933594,-0.001840490847826004,-0.003813555696979165,0.008306748233735561,-0.11989613622426987
21.5,44,0.05336800962686539,0.01701955869793892,9.829323768615723,60.948944091796875,12.233749389648438,399.5865783691406,-0.0009228658745996654,-0.004125320818275213,0.00922437384724617,-0.10242593288421631
21.510000228881836,45,0.04831899330019951,0.02171521820127964,9.796223640441895,55.66316223144531,8.016806602478027,349.1879577636719,-0.0014676308492198586,-0.00039941625436767936,0.006971340626478195,-0.08784811198711395
21.520000457763672,45,0.03443361446261406,0.02152196317911148,9.810588836669922,51.48263931274414,4.742458343505859,304.67108154296875,0.002112723421305418,-0.006023762281984091,0.005852760747075081,-0.07558715343475342
21.530000686645508,46,0.03826034441590309,0.01745898462831974,9.814440727233887,47.91422653198242,2.1604676246643066,264.58013916015625,-0.00006843257142463699,-0.003406554227694869,0.008761368691921234,-0.0651717409491539
21.540000915527344,46,0.025948302820324898,0.025163918733596802,9.801374435424805,44.59648895263672,0.287323921918869,229.0868682861328,-0.0030674845911562443,-0.002889940980821848,0.012088058516383171,-0.05685048922896385
21.549999237060547,47,0.04346692934632301,0.008981026709079742,9.80998420715332,42.05369567871094,-0.9521141052246094,197.3404083251953,-0.003667654236778617,-0.0020687507931143045,0.015615402720868587,-0.04952269792556763
21.559999465942383,47,0.040488261729478836,0.024602554738521576,9.806026458740234,40.0595817565918,-1.7832424640655518,168.64857482910156,-0.0032211209181696177,0.002319017658010125,0.015975983813405037,-0.0430208221077919
21.56999969482422,48,0.05076818913221359,0.008998281322419643,9.809842109680176,38.10775375366211,-2.4596450328826904,142.54261779785156,-0.0027868663892149925,0.0013726421166211367,0.011795160360634327,-0.03781413286924362
21.579999923706055,48,0.030659016221761703,0.019258106127381325,9.805545806884766,36.53345489501953,-2.815781593322754,120.33158111572266,-0.0042944783344864845,-0.00013497007603291422,0.009124045260250568,-0.0333789698779583
21.59000015258789,48,0.038366932421922684,0.0032673198729753494,9.806239128112793,34.4119873046875,-2.9398298263549805,100.43647003173828,-0.00256344978697598,-0.0011735872831195593,0.0069219255819916725,-0.029467348009347916
21.600000381469727,48,0.033478960394859314,0.007365958299487829,9.811158180236816,32.87662887573242,-3.4259307384490967,82.7303466796875,0.0021232054568827152,-0.003533236915245652,0.005377775989472866,-0.026079267263412476
21.610000610351562,48,0.03025236167013645,0.009840325452387333,9.813570022583008,31.381847381591797,-4.282543182373047,66.34212493896484,0.0024098134599626064,-0.0019312866497784853,0.012206954881548882,-0.023214729502797127
21.6200008392334,48,0.030633529648184776,0.022610178217291832,9.811895370483398,29.4605655670166,-5.242832660675049,50.81256103515625,-0.000613496929872781,0.001247756532393396,0.013214724138379097,-0.02087373286485672
21.6299991607666,48,0.02177400141954422,0.024568045511841774,9.829699516296387,27.88626480102539,-5.6880035400390625,37.485939025878906,-0.0012591886334121227,0.002411259338259697,0.012753515504300594,-0.019056277349591255
21.639999389648438,48,0.04764818400144577,0.017967430874705315,9.791001319885254,27.102619171142578,-6.049333572387695,25.414243698120117,-0.009029950015246868,0.003431009128689766,0.007166006602346897,-0.01720970869064331
21.649999618530273,48,0.04053344577550888,0.02171521820127964,9.801085472106934,25.622922897338867,-6.27906608581543,15.942964553833008,-0.002048932947218418,-0.001223002327606082,0.010656515136361122,-0.015392506495118141
21.65999984741211,48,0.02823762223124504,0.020539578050374985,9.827484130859375,24.3404483795166,-6.244319915771484,6.334786891937256,-0.0007117282948456705,-0.002490726299583912,0.008503210730850697,-0.013822264969348907
21.670000076293945,48,0.023349644616246223,0.015686320140957832,9.809333801269531,23.450712203979492,-6.130684852600098,-3.591498374938965,-0.003809311194345355,-0.0015236863400787115,0.004045662935823202,-0.012528734281659126
21.68000030517578,47,0.02508864924311638,0.016096990555524826,9.814753532409668,22.09843635559082,-6.497100830078125,-10.595989227294922,-0.003292697947472334,0.000641596969217062,0.009409455582499504,-0.011481906287372112
21.690000534057617,46,0.036264143884181976,0.025112153962254524,9.803506851196289,21.573671340942383,-7.5655107498168945,-18.147743225097656,-0.0030674845911562443,-0.0017228445503860712,0.00982244685292244,-0.01071204524487257
21.700000762939453,46,0.03235515207052231,0.02171521820127964,9.808917045593262,20.556072235107422,-7.728079795837402,-23.874298095703125,-0.004817081615328789,-0.004338554572314024,0.006909347139298916,-0.009911537170410156
21.709999084472656,45,0.04366851598024368,0.02171521820127964,9.807092666625977,19.86406135559082,-8.129456520080566,-28.543359756469727,-0.003087550401687622,-0.0001751010277075693,0.008286682888865471,-0.008864709176123142
21.719999313354492,43,0.04868393763899803,0.01852189190685749,9.807156562805176,19.482242584228516,-8.703547477722168,-32.976016998291016,-0.003336123423650861,-0.003663513343781233,0.010281559079885483,-0.007817881181836128
21.729999542236328,42,0.04241379350423813,0.015482711605727673,9.800697326660156,18.930023193359375,-8.808107376098633,-37.73656463623047,-0.0042944783344864845,-0.0040753064677119255,0.007339109666645527,-0.007326007355004549
21.739999771118164,42,0.04519202932715416,0.016504207625985146,9.805978775024414,18.090396881103516,-9.075210571289062,-41.17927551269531,-0.00181114103179425,0.0017422076780349016,0.004625767003744841,-0.007048402447253466
21.75,42,0.04087638109922409,0.009173132479190826,9.811578750610352,17.430320739746094,-9.342312812805176,-44.716983795166016,0.000056153610785258934,0.0014289453392848372,0.007412483915686607,-0.006802720949053764
21.760000228881836,41,0.03820125758647919,0.014026389457285404,9.805545806884766,17.38961410522461,-9.44285774230957,-47.71674346923828,-0.002588906092569232,-0.002588957780972123,0.010760736651718616,-0.006524860858917236
21.770000457763672,41,0.025498779490590096,0.011089587584137917,9.805545806884766,17.498889923095703,-9.54749870300293,-50.29505157470703,-0.005091111175715923,-0.0004371514078229666,0.010330375283956528,-0.006001447327435017
21.780000686645508,42,0.025883423164486885,0.008635926060378551,9.805545806884766,17.27219581604004,-9.814600944519043,-52.75603103637695,-0.0042944783344864845,0.002445400692522526,0.008066261187195778,-0.005756148602813482
21.790000915527344,42,0.032136183232069016,0.01901998743414879,9.801313400268555,16.95733642578125,-10.081703186035156,-55.310298919677734,-0.003991099074482918,-0.0007417285814881325,0.005535904783755541,-0.0054779052734375
21.799999237060547,42,0.02507474645972252,0.01955719292163849,9.802412033081055,16.64247703552246,-10.266169548034668,-58.4830207824707,-0.0028275963850319386,-0.0030687341932207346,0.008546636439859867,-0.005232862196862698
21.809999465942383,43,0.024275338277220726,0.019160328432917595,9.821685791015625,16.546863555908203,-10.320242881774902,-59.69300842285156,-0.0025460796896368265,-0.005042945500463247,0.009710139594972134,-0.005232862196862698
21.81999969482422,43,0.027106864377856255,0.024013584479689598,9.815997123718262,16.303098678588867,-10.444317817687988,-60.79998779296875,-0.0057323104701936245,-0.004704226739704609,0.010422018356621265,-0.004954236093908548
21.829999923706055,44,0.03414629027247429,0.024129768833518028,9.815054893493652,15.876028060913086,-10.773578643798828,-63.16079330444336,0.004245063289999962,-0.0014113790821284056,0.0070303394459187984,-0.0047095762565732
21.84000015258789,44,0.043873582035303116,0.01683780364692211,9.814859390258789,15.770601272583008,-11.306819915771484,-66.71235656738281,0.003081560367718339,-0.0025748820044100285,0.005866836756467819,-0.0047095762565732
21.850000381469727,45,0.031239457428455353,0.017166800796985626,9.806021690368652,15.14088249206543,-10.772614479064941,-67.82291412353516,-0.002679650206118822,-0.004887811839580536,0.011599896475672722,-0.004430566914379597
21.860000610351562,45,0.02757955715060234,0.01913616992533207,9.807398796081543,15.156911849975586,-10.85468864440918,-68.76264190673828,0.003448131028562784,-0.005042945500463247,0.006558050401508808,-0.0041862898506224155
21.8700008392334,46,0.03423897549510002,0.019581349566578865,9.80606746673584,15.36681842803955,-10.786935806274414,-70.12842559814453,0.003272033529356122,-0.004020500462502241,0.0027854256331920624,-0.0041862898506224155
21.8799991607666,46,0.03423897549510002,0.016276441514492035,9.810393333435059,15.576725006103516,-10.648378372192383,-71.02328491210938,-0.005563101265579462,-0.004774905741214752,0.008884456939995289,-0.0041862898506224155
21.889999389648438,46,0.03423897549510002,0.017728162929415703,9.804738998413086,15.740245819091797,-10.97828197479248,-70.14177703857422,-0.006184534169733524,-0.004147482570260763,0.013447125442326069,-0.0041862898506224155
21.899999618530273,46,0.03135878965258598,0.013136031106114388,9.797799110412598,15.320432662963867,-10.97828197479248,-72.14077758789062,-0.003025556681677699,-0.003815951757133007,0.011113829910755157,-0.0041862898506224155
21.90999984741211,46,0.03237253054976463,0.013225757516920567,9.80772876739502,15.165684700012207,-11.128189086914062,-73.76580810546875,0.00046495191054418683,-0.0015105089405551553,0.007996780797839165,-0.003906514495611191
21.920000076293945,46,0.0372605063021183,0.019932201132178307,9.809160232543945,14.996705055236816,-11.197628021240234,-74.37210083007812,-0.0002744788653217256,-0.00013497007603291422,0.004964784719049931,-0.0036630036775022745
21.93000030517578,45,0.03596407547593117,0.01864497736096382,9.805545806884766,14.707405090332031,-11.298654556274414,-74.96016693115234,-0.002481989562511444,-0.003983963280916214,0.002115775365382433,-0.0036630036775022745
21.940000534057617,45,0.0310760997235775,0.020072542130947113,9.805545806884766,14.349061965942383,-11.500574111938477,-76.40110778808594,-0.006535531487315893,-0.008652948774397373,0.0032568166498094797,-0.0036630036775022745
21.950000762939453,44,0.02618812397122383,0.02171521820127964,9.812054634094238,14.349061965942383,-11.322505950927734,-77.17849731445312,-0.007342346478253603,-0.00892188772559166,0.006367277354001999,-0.0036630036775022745
21.959999084472656,44,0.031212810426950455,0.018434466794133186,9.788639068603516,14.541045188903809,-11.30730152130127,-77.95587921142578,-0.0030674845911562443,-0.006594881881028414,0.0057266768999397755,-0.003943417686969042
21.969999313354492,44,0.03423897549510002,0.016932131722569466,9.820611000061035,14.607626914978027,-11.489679336547852,-79.5673828125,-0.0026799498591572046,-0.004655410535633564,0.0033987730275839567,-0.003905748249962926
21.979999542236328,43,0.03768454119563103,0.01351104024797678,9.790936470031738,14.465627670288086,-11.556014060974121,-80.51459503173828,-0.0021645345259457827,-0.004788083024322987,0.004694947972893715,-0.003382334252819419
21.989999771118164,43,0.03554004058241844,0.005166520364582539,9.810534477233887,14.196776390075684,-11.416975021362305,-80.37615203857422,-0.003588590072467923,-0.007496933452785015,0.007525090128183365,-0.0034205145202577114
22,43,0.03782588616013527,0.020390033721923828,9.810498237609863,14.091822624206543,-11.416975021362305,-80.93143463134766,-0.004930287133902311,-0.007102809846401215,0.005019890610128641,-0.0036630036775022745
22.010000228881836,43,0.0353986956179142,0.0010770844528451562,9.801864624023438,13.986869812011719,-11.504884719848633,-81.81566619873047,-0.0022412030957639217,-0.005042945500463247,0.007747608236968517,-0.0036630036775022745
22.020000457763672,43,0.03796723112463951,0.01522733736783266,9.823209762573242,13.881916046142578,-11.45937728881836,-81.69719696044922,-0.005521472543478012,-0.004762626718729734,0.01307456474751234,-0.0036630036775022745
22.030000686645508,44,0.03905627876520157,0.01794327422976494,9.806846618652344,13.776963233947754,-11.60350227355957,-82.0091323852539,-0.005495117977261543,-0.00014814746100455523,0.010727792978286743,-0.00338169583119452
22.040000915527344,44,0.031317081302404404,0.013090018182992935,9.816274642944336,13.763930320739746,-11.69970989227295,-82.52230834960938,-0.0008411064045503736,-0.002475153189152479,0.004910278599709272,-0.0031397175043821335
22.049999237060547,45,0.041242487728595734,0.023885898292064667,9.780435562133789,13.96752643585205,-11.213689804077148,-82.00956726074219,-0.003933298401534557,-0.00590875931084156,0.006838968023657799,-0.0031397175043821335
22.059999465942383,45,0.03585169464349747,0.022515850141644478,9.832157135009766,14.072479248046875,-11.480792045593262,-83.89749908447266,-0.0011651499662548304,-0.0031406108755618334,0.0029073164332658052,-0.0034214083570986986
22.06999969482422,46,0.02607574313879013,0.017662594094872475,9.803253173828125,14.090497016906738,-11.526647567749023,-84.68157196044922,-0.005511589348316193,-0.005527812987565994,0.004131016321480274,-0.0036630036775022745
22.079999923706055,46,0.028756657615303993,0.004563745576888323,9.800027847290039,14.090497016906738,-11.367317199707031,-85.0381088256836,-0.004916211124509573,-0.005353811662644148,0.00554189458489418,-0.0036630036775022745
22.09000015258789,47,0.025198711082339287,0.01935473456978798,9.804947853088379,13.937390327453613,-11.457395553588867,-85.38172149658203,-0.0034418420400470495,-0.005042945500463247,0.00841066986322403,-0.0033809298183768988
22.100000381469727,47,0.0374852679669857,0.00892581045627594,9.814188003540039,13.58731460571289,-12.06318187713623,-85.8927230834961,-0.0038566298317164183,-0.005832090973854065,0.009533742442727089,-0.003421919187530875
22.110000610351562,48,0.02596336230635643,0.016032570973038673,9.80645751953125,13.692268371582031,-11.97414779663086,-86.11483001708984,0.000059447993407957256,-0.005544284824281931,0.005179815925657749,-0.0036630036775022745
22.1200008392334,48,0.015734413638710976,0.008125178515911102,9.810009002685547,14.175507545471191,-11.885113716125488,-86.23687744140625,0.00041883101221174,-0.004380782134830952,0.0028339424170553684,-0.0036630036775022745
22.1299991607666,48,0.03299236297607422,0.020786898210644722,9.81492805480957,13.99785041809082,-11.855667114257812,-86.94253540039062,-0.0024391631595790386,-0.0020199345890432596,0.0045961178839206696,-0.0036630036775022745
22.139999389648438,48,0.038815297186374664,0.017171401530504227,9.810635566711426,13.610823631286621,-11.933565139770508,-86.97038269042969,-0.003602665849030018,-0.00013497007603291422,0.004782398231327534,-0.003380291163921356
22.149999618530273,48,0.034409284591674805,0.0261601060628891,9.819746971130371,13.422501564025879,-12.056703567504883,-86.1827163696289,-0.0009926460916176438,0.0003367202589288354,0.006700605619698763,-0.0031397175043821335
22.15999984741211,49,0.04367430880665779,0.021814147010445595,9.810593605041504,13.317547798156738,-11.967669486999512,-87.07115936279297,0.003478079801425338,0.0002756251487880945,0.009946733713150024,-0.0031397175043821335
22.170000076293945,49,0.034255195409059525,0.04060829430818558,9.810477256774902,13.723633766174316,-11.965340614318848,-86.55364227294922,-0.0005724672228097916,-0.002740797121077776,0.00550805265083909,-0.0031397175043821335
22.18000030517578,49,0.029646433889865875,0.026721468195319176,9.820089340209961,13.67617416381836,-11.635009765625,-87.06965637207031,-0.005342379678040743,-0.004301418084651232,0.004625767003744841,-0.0031397175043821335
22.190000534057617,49,0.03887322545051575,0.035700973123311996,9.819905281066895,13.519817352294922,-11.55325698852539,-88.2980728149414,-0.0008312232093885541,0.0003594813169911504,0.005061219446361065,-0.0031397175043821335
22.200000762939453,49,0.03423897549510002,0.025490611791610718,9.814220428466797,13.414864540100098,-11.770782470703125,-89.20354461669922,-0.00153202039655298,-0.008261221460998058,0.007388224825263023,-0.0031397175043821335
22.209999084472656,49,0.034563370048999786,0.007688051555305719,9.79748249053955,13.329475402832031,-11.843219757080078,-88.45721435546875,0.0003412642399780452,-0.00486145680770278,0.008807788603007793,-0.0031397175043821335
22.219999313354492,49,0.03945134952664375,0.011364517733454704,9.818498611450195,13.644335746765137,-11.576116561889648,-88.34615325927734,-0.002958471653982997,-0.002479944843798876,-0.00033671504934318364,-0.0031397175043821335
22.229999542236328,49,0.0429420992732048,0.003507739631459117,9.801634788513184,13.531620025634766,-11.744280815124512,-88.68753051757812,0.0016955396858975291,0.0021740663796663284,-0.0026637206319719553,-0.0031397175043821335
22.239999771118164,49,0.03423897549510002,0.012681649066507816,9.8087739944458,13.627642631530762,-11.959478378295898,-88.67855072021484,0.002967755775898695,-0.002190042519941926,0.0006455988623201847,-0.0031397175043821335
22.25,49,0.03363189101219177,0.015123807825148106,9.79768180847168,13.795075416564941,-12.075014114379883,-88.6183853149414,-0.00012383739522192627,-0.0036527318879961967,0.00519988127052784,-0.0034238346852362156
22.260000228881836,48,0.030099431052803993,0.003928761929273605,9.812439918518066,13.665067672729492,-12.03250503540039,-89.06260681152344,0.0003867860941682011,-0.00181538553442806,0.008853609673678875,-0.0036630036775022745
22.270000457763672,48,0.03423897549510002,0.012892160564661026,9.821925163269043,13.350207328796387,-11.67636775970459,-89.50682830810547,0.000613496929872781,-0.002298755804076791,0.007660158444195986,-0.003378631081432104
22.280000686645508,48,0.0326007679104805,0.018558703362941742,9.808843612670898,13.407954216003418,-12.03143310546875,-89.26107025146484,-0.00025980404461733997,-0.0008423558319918811,0.007953055202960968,-0.003424217691645026
22.290000915527344,48,0.02549414522945881,0.024731392040848732,9.818670272827148,13.512907028198242,-12.359837532043457,-89.72896575927734,0.0018159329192712903,0.0006748398882336915,0.0034478886518627405,-0.0033783758990466595
22.299999237060547,48,0.027500774711370468,0.018839385360479355,9.798733711242676,13.528874397277832,-12.249494552612305,-90.42908477783203,-0.0014104289002716541,0.00034570484422147274,0.001691104145720601,-0.0031397175043821335
22.309999465942383,48,0.020818186923861504,0.02445071190595627,9.82667350769043,13.464248657226562,-11.780205726623535,-90.89464569091797,0.0004853169375564903,-0.0008177980198524892,0.00490309065207839,-0.0031397175043821335
22.31999969482422,48,0.024604368954896927,0.01912006549537182,9.813024520874023,13.569201469421387,-11.958273887634277,-91.44992065429688,0.003055804641917348,-0.0007426270167343318,0.007079754490405321,-0.003424728522077203
22.329999923706055,47,0.025776833295822144,0.024170029908418655,9.804365158081055,13.371790885925293,-12.307343482971191,-91.36531066894531,0.0029521824326366186,-0.0012466618791222572,0.008191446773707867,-0.003377865068614483
22.34000015258789,47,0.03563736006617546,0.0144635159522295,9.796944618225098,13.467720031738281,-12.533757209777832,-92.06330108642578,0.0042944783344864845,-0.00012718347716145217,0.009533742442727089,-0.0031397175043821335
22.350000381469727,46,0.05088056996464729,0.008670436218380928,9.794086456298828,13.52123737335205,-12.402266502380371,-91.95958709716797,0.0042944783344864845,0.002259419998154044,0.008676014840602875,-0.0031397175043821335
22.360000610351562,46,0.042489100247621536,0.012149045243859291,9.81106185913086,13.332883834838867,-12.122180938720703,-91.2380599975586,0.0035637328401207924,-0.0008657157304696739,0.005983636248856783,-0.0031397175043821335
22.3700008392334,46,0.04051143303513527,0.015038683079183102,9.80509090423584,12.937368392944336,-12.291415214538574,-91.89704895019531,0.001840490847826004,-0.003192721400409937,0.0037006549537181854,-0.0028540680650621653
22.3799991607666,46,0.04082192853093147,0.020200228318572044,9.81063461303711,13.252227783203125,-12.202381134033203,-92.34127044677734,0.0008869276498444378,-0.004804554861038923,0.003910594619810581,-0.002902208361774683
22.389999389648438,46,0.035835474729537964,0.016932131722569466,9.799090385437012,13.651183128356934,-11.970666885375977,-91.62869262695312,-0.003242384409531951,-0.0036410519387573004,0.0016443843487650156,-0.0031397175043821335
22.399999618530273,45,0.03405476361513138,0.011966141872107983,9.797527313232422,13.712400436401367,-11.957069396972656,-91.3880844116211,-0.004405887331813574,-0.0028117753099650145,0.005407125689089298,-0.0031397175043821335
22.40999984741211,45,0.02981790155172348,0.007759372238069773,9.804195404052734,13.360746383666992,-12.044952392578125,-91.64625549316406,-0.0053777191787958145,-0.005042945500463247,0.0010406207293272018,-0.0031397175043821335
22.420000076293945,45,0.03543924540281296,0.015136460773646832,9.812213897705078,12.8754243850708,-11.974762916564941,-91.7690658569336,-0.0018872106447815895,-0.005042945500463247,0.003367626341059804,-0.0031397175043821335
22.43000030517578,45,0.03505923971533775,0.017746567726135254,9.813350677490234,13.610097885131836,-12.063797950744629,-91.99117279052734,-0.004136350005865097,-0.003895015921443701,0.007990490645170212,-0.0031397175043821335
22.440000534057617,44,0.03802400082349777,0.022626282647252083,9.810393333435059,13.519186973571777,-11.997196197509766,-92.11621856689453,-0.007547793909907341,-0.008153705857694149,0.014813380315899849,-0.0031397175043821335
22.450000762939453,44,0.029421672224998474,0.022950677201151848,9.806326866149902,13.107072830200195,-12.136877059936523,-92.36991882324219,-0.006954512558877468,-0.005661084316670895,0.013626816682517529,-0.0031397175043821335
22.459999084472656,44,0.035695288330316544,0.03543409705162048,9.8196382522583,12.883818626403809,-12.257820129394531,-92.42961883544922,-0.0038760965690016747,-0.0031280324328690767,0.010342354886233807,-0.0031397175043821335
22.469999313354492,44,0.041711702942848206,0.030114954337477684,9.826924324035645,13.037493705749512,-12.136983871459961,-91.87828063964844,-0.002173519227653742,-0.0008010267629288137,0.009533742442727089,-0.0031397175043821335
22.479999542236328,44,0.036823730915784836,0.014715439639985561,9.810039520263672,12.932540893554688,-11.869881629943848,-90.3235092163086,-0.0026709651574492455,-0.0009654445457272232,0.009533742442727089,-0.0031397175043821335
22.489999771118164,44,0.03193575516343117,0.012149045243859291,9.812923431396484,13.423794746398926,-11.855667114257812,-91.39736938476562,-0.0030674845911562443,-0.003662914503365755,0.00339787476696074,-0.0031397175043821335
22.5,45,0.03416946157813072,0.012149045243859291,9.815171241760254,13.648406028747559,-11.919323921203613,-92.22196960449219,-0.005177962128072977,-0.004339453298598528,0.003235253505408764,-0.00342702679336071
22.510000228881836,44,0.03661171346902847,0.014576248824596405,9.810249328613281,13.550520896911621,-12.0083589553833,-92.67366790771484,-0.0009884531609714031,-0.0012559460010379553,0.004572757985442877,-0.0036630036775022745
22.520000457763672,45,0.04178469628095627,0.014434758573770523,9.803229331970215,13.314802169799805,-12.14215087890625,-92.6445541381836,0.0031414576806128025,-0.0012140178587287664,0.007434346247464418,-0.003087874036282301
22.530000686645508,45,0.04869088903069496,0.017284134402871132,9.802943229675293,13.318903923034668,-12.40229320526123,-91.864990234375,0.0003014325920958072,-0.0027899127453565598,0.008396594785153866,-0.0029041236266493797
22.540000915527344,45,0.04072113335132599,0.02171521820127964,9.806044578552246,13.528810501098633,-12.31325912475586,-90.97654724121094,-0.0031890759710222483,0.0004361495957709849,0.006095943506807089,-0.0031397175043821335
22.549999237060547,45,0.023329949006438255,0.02171521820127964,9.804903984069824,13.490692138671875,-12.364495277404785,-92.27515411376953,-0.005521472543478012,0.002773936837911606,0.00921658705919981,-0.0031397175043821335
22.559999465942383,46,0.03455526381731033,0.01615910790860653,9.803513526916504,13.619122505187988,-12.255545616149902,-92.99007415771484,-0.0051989261992275715,0.0001243847218574956,0.005852760747075081,-0.0028516417369246483
22.56999969482422,46,0.04869088903069496,0.012149045243859291,9.802659034729004,13.593814849853516,-12.190442085266113,-92.73196411132812,-0.002999201649799943,-0.001552736503072083,0.005852760747075081,-0.0029046344570815563
22.579999923706055,46,0.04281233996152878,0.015067441388964653,9.809571266174316,12.946330070495605,-12.464397430419922,-92.51155853271484,0.001449362258426845,0.0013411961263045669,0.006243889220058918,-0.0031397175043821335
22.59000015258789,46,0.03002644143998623,0.022909265011548996,9.815241813659668,13.15623664855957,-11.930191993713379,-93.4000015258789,-0.00048142363084480166,-0.004080098122358322,0.007778455037623644,-0.0031397175043821335
22.600000381469727,46,0.030765604227781296,0.020380830392241478,9.821442604064941,13.095208168029785,-12.315346717834473,-93.5239486694336,0.0003391678037587553,-0.006064192391932011,0.0033987730275839567,-0.0031397175043821335
22.610000610351562,46,0.03423897549510002,0.016932131722569466,9.82493782043457,13.05623722076416,-12.065912246704102,-93.7333984375,-0.004279204644262791,-0.0025940490886569023,0.0034140467178076506,-0.0031397175043821335
22.6200008392334,46,0.03423897549510002,0.023330286145210266,9.805482864379883,13.22284984588623,-11.671656608581543,-93.1409912109375,-0.0007886961102485657,-0.003757552010938525,0.006904555018991232,-0.0031397175043821335
22.6299991607666,46,0.040824245661497116,0.010152066126465797,9.815731048583984,13.55604362487793,-11.775386810302734,-91.8935775756836,0.0027018121909350157,-0.006026157643646002,0.00928996130824089,-0.0031397175043821335
22.639999389648438,46,0.043873582035303116,0.00926170777529478,9.814783096313477,13.451090812683105,-11.953454971313477,-94.4478530883789,-0.00005735151717090048,-0.0062699392437934875,0.007450518198311329,-0.0031397175043821335
22.649999618530273,47,0.04043960198760033,0.01896822266280651,9.820761680603027,13.248188972473145,-12.297706604003906,-93.78919982910156,-0.002569739008322358,-0.0004012131248600781,0.004145391285419464,-0.0031397175043821335
22.65999984741211,47,0.03555162623524666,0.02519497647881508,9.793194770812988,13.11190128326416,-12.466485977172852,-93.21235656738281,-0.0021528545767068863,0.00017739376926328987,0.006142662838101387,-0.0031397175043821335
22.670000076293945,47,0.044964950531721115,0.01939844712615013,9.813688278198242,12.957657814025879,-12.346452713012695,-92.92459869384766,-0.002691629808396101,-0.0009861091384664178,0.009633172303438187,-0.0031397175043821335
22.68000030517578,47,0.037752896547317505,0.01331203244626522,9.802922248840332,12.872552871704102,-12.09618854522705,-92.97200775146484,-0.0022798366844654083,-0.001361963921226561,0.00524720037356019,-0.0031397175043821335
22.690000534057617,47,0.03423897549510002,0.02321985363960266,9.8070707321167,13.186782836914062,-12.183080673217773,-93.52194213867188,-0.001840490847826004,-0.001361963921226561,0.0028959361370652914,-0.00284998188726604
22.700000762939453,47,0.04181365668773651,0.018977424129843712,9.810393333435059,13.396688461303711,-11.91597843170166,-93.18877410888672,-0.0031618226785212755,-0.0026832958683371544,0.009344766847789288,-0.0029062945395708084
22.709999084472656,48,0.0400155670940876,0.020762741565704346,9.829806327819824,13.606595039367676,-12.26924991607666,-94.23127746582031,-0.004891653545200825,-0.005607476457953453,0.009067143313586712,-0.0028497264720499516
22.719999313354492,48,0.03512759134173393,0.025615999475121498,9.814865112304688,13.304168701171875,-12.223957061767578,-94.10887145996094,-0.0007183170528151095,-0.006429565604776144,0.002865089103579521,-0.0029065499547868967
22.729999542236328,48,0.030239617452025414,0.01855640299618244,9.794294357299805,12.862865447998047,-11.938624382019043,-93.32050323486328,0.004110893700271845,-0.004102559760212898,0.004052550531923771,-0.0034299639519304037
22.739999771118164,48,0.029421672224998474,0.004808766767382622,9.815577507019043,13.039702415466309,-12.156632423400879,-93.9693374633789,0.0014337889151647687,-0.0021822559647262096,0.007079754490405321,-0.003372629638761282
22.75,48,0.05012518912553787,0.019028039649128914,9.803421020507812,12.829795837402344,-11.800496101379395,-94.4135513305664,0.0012999186292290688,-0.0030780183151364326,0.007079754490405321,-0.0031397175043821335
22.760000228881836,48,0.04929681867361069,0.009170831181108952,9.8134126663208,12.619889259338379,-11.896811485290527,-94.01123809814453,0.0022283250000327826,-0.006098334211856127,0.006240595132112503,-0.0031397175043821335
22.770000457763672,48,0.031562697142362595,0.015869224444031715,9.815241813659668,12.991044044494629,-12.12964916229248,-93.7292251586914,-0.0012621834175661206,-0.0015781928086653352,0.003831230802461505,-0.0031397175043821335
22.780000686645508,48,0.03377439081668854,0.016932131722569466,9.793338775634766,13.363618850708008,-12.362621307373047,-93.74588775634766,-0.003989002667367458,-0.002130744280293584,0.006005498580634594,-0.0031397175043821335
22.790000915527344,48,0.04750915616750717,0.02132410556077957,9.791001319885254,13.18552017211914,-12.500214576721191,-93.83336639404297,-0.001751244068145752,0.001270517474040389,0.006990507710725069,-0.0031397175043821335
22.799999237060547,48,0.05318495258688927,0.012790931388735771,9.791001319885254,13.18552017211914,-12.411181449890137,-93.16703796386719,-0.000613496929872781,0.0033399653621017933,0.005904272198677063,-0.0031397175043821335
22.809999465942383,48,0.03068450652062893,0.02574598602950573,9.80937671661377,13.378576278686523,-12.240259170532227,-93.62425231933594,-0.000613496929872781,-0.0059680575504899025,0.008231277577579021,-0.0031397175043821335
22.81999969482422,48,0.029421672224998474,0.017293335869908333,9.801063537597656,13.22748851776123,-12.24593448638916,-93.10997772216797,-0.000613496929872781,-0.004018404055386782,0.009432516060769558,-0.0034311129711568356
22.829999923706055,48,0.03412775322794914,0.016932131722569466,9.810169219970703,13.151976585388184,-12.131924629211426,-92.87026977539062,-0.0016757736448198557,-0.0006291218451224267,0.002097805729135871,-0.0033714803867042065
22.84000015258789,48,0.03432934358716011,0.02161513827741146,9.80561637878418,13.291261672973633,-11.835697174072266,-93.611328125,-0.001840490847826004,-0.00413011247292161,0.0049399277195334435,-0.0031397175043821335
22.850000381469727,48,0.04818691313266754,0.01254936121404171,9.810494422912598,13.186308860778809,-11.746664047241211,-94.61082458496094,0.0019006873480975628,-0.003172356402501464,0.007723349612206221,-0.0031397175043821335
22.860000610351562,48,0.024089965969324112,0.0304301455616951,9.81472396850586,13.18552017211914,-11.745994567871094,-94.61833953857422,0.001323877484537661,-0.005204368382692337,0.006563141476362944,-0.0031397175043821335
22.8700008392334,54,0.01015245821326971,0.007365958299487829,9.800697326660156,12.946014404296875,-12.152350425720215,-93.5201416015625,0.000613496929872781,-0.003036689246073365,0.005852760747075081,-0.0031397175043821335
22.8799991607666,48,0.012342141009867191,0.007987137883901596,9.800697326660156,13.019696235656738,-12.262772560119629,-92.83995056152344,-0.0016209675231948495,0.0008725007064640522,0.005852760747075081,-0.0031397175043821335
22.889999389648438,48,0.04310661181807518,0.01769365184009075,9.802240371704102,13.190094947814941,-11.969222068786621,-92.97190856933594,-0.0030674845911562443,0.003681678557768464,0.00244610826484859,-0.0031397175043821335
22.899999618530273,48,0.03378481790423393,0.025596441701054573,9.819175720214844,12.818214416503906,-11.65374755859375,-93.41613006591797,-0.0043031638488173485,0.0016838080482557416,0.0015713098691776395,-0.0028473001439124346
22.90999984741211,48,0.032045818865299225,0.018495434895157814,9.808279991149902,13.133074760437012,-11.92085075378418,-93.8603515625,-0.003304078709334135,0.000855429912917316,0.0033987730275839567,-0.00290897605009377
22.920000076293945,48,0.04993518441915512,0.030098849907517433,9.794596672058105,12.835634231567383,-12.187952995300293,-94.2120132446289,0.0008590753423050046,-0.00038084789412096143,0.0029079155065119267,-0.0031397175043821335
22.93000030517578,48,0.024604368954896927,0.020392335951328278,9.817407608032227,12.92095947265625,-12.133665084838867,-94.21111297607422,0.0026401181239634752,-0.003705740673467517,0.0038812446873635054,-0.0034325176384299994
22.940000534057617,48,0.026078060269355774,0.010685821063816547,9.801438331604004,13.18552017211914,-12.097044944763184,-94.2764892578125,0.002204366261139512,0.001092023798264563,0.006352003663778305,-0.0033700757194310427
22.950000762939453,48,0.03423897549510002,0.004988218657672405,9.80635929107666,13.142067909240723,-12.35488510131836,-94.61720275878906,0.0027671002317219973,0.0007916393806226552,0.005526920314878225,-0.0031397175043821335
22.959999084472656,48,0.033360786736011505,0.017804084345698357,9.808626174926758,12.827208518981934,-11.998748779296875,-93.61770629882812,0.0006560240290127695,-0.00013497007603291422,0.008543641306459904,-0.0031397175043821335
22.969999313354492,48,0.03131939843297005,0.017946725711226463,9.799742698669434,12.98788833618164,-12.20738697052002,-94.42967987060547,-0.004467880818992853,-0.0008285794756375253,0.009360340423882008,-0.0031397175043821335
22.979999542236328,48,0.037017207592725754,0.00663204537704587,9.800979614257812,12.914679527282715,-12.294360160827637,-94.00619506835938,-0.005301649682223797,-0.004823122639209032,0.008526571094989777,-0.002846278715878725
22.989999771118164,48,0.029421672224998474,0.020632755011320114,9.816798210144043,12.844121932983398,-12.254956245422363,-93.82949829101562,-0.003113904967904091,-0.0024032765068113804,0.01052863523364067,-0.0029099974781274796
23,48,0.028260791674256325,0.020390033721923828,9.806714057922363,12.949075698852539,-12.203452110290527,-94.6417465209961,-0.00427740765735507,0.0022507349494844675,0.004711120389401913,-0.0028460233006626368
23.010000228881836,48,0.02706747315824032,0.028835784643888474,9.810393333435059,13.054028511047363,-12.292486190795898,-94.75279998779297,-0.0031480463221669197,-0.004559575580060482,0.008065063506364822,-0.002910252893343568
23.020000457763672,48,0.03293675184249878,0.025594143196940422,9.806461334228516,13.158982276916504,-12.38152027130127,-94.97257232666016,0.00018133869161829352,-0.005042945500463247,0.008306748233735561,-0.0031397175043821335
23.030000686645508,48,0.029421672224998474,0.02788560837507248,9.801376342773438,12.950274467468262,-12.337512016296387,-94.36493682861328,-0.001425403286702931,-0.00606239540502429,0.012384548783302307,-0.002845640294253826
23.040000915527344,47,0.033752378076314926,0.011665904894471169,9.813788414001465,12.743586540222168,-12.294360160827637,-93.648193359375,-0.001840490847826004,0.0013777335407212377,0.015126642771065235,-0.002910636132583022
23.049999237060547,47,0.040845099836587906,0.0187082476913929,9.808869361877441,12.69814682006836,-12.471063613891602,-93.02994537353516,-0.001840490847826004,0.0017610753420740366,0.01209883950650692,-0.0031397175043821335
23.059999465942383,47,0.032654061913490295,0.012149045243859291,9.803950309753418,12.797672271728516,-13.034446716308594,-92.37316131591797,-0.0026694678235799074,0.0002630467351991683,0.01241869106888771,-0.0031397175043821335
23.06999969482422,47,0.034388430416584015,0.010505218990147114,9.800697326660156,12.797672271728516,-12.500242233276367,-93.92793273925781,-0.002301998669281602,-0.0016659421380609274,0.011683751828968525,-0.0031397175043821335
23.079999923706055,46,0.045599840581417084,0.005651961546391249,9.804171562194824,12.969775199890137,-12.331033706665039,-93.20634460449219,0.00026549428002908826,-0.0060989330522716045,0.005846770945936441,-0.0031397175043821335
23.09000015258789,46,0.045097026973962784,0.007935373112559319,9.80496883392334,13.05623722076416,-12.451441764831543,-92.83377838134766,-0.0007135251653380692,-0.006169911008328199,0.0015332751208916306,-0.0031397175043821335
23.100000381469727,46,0.03532107174396515,0.015077793970704079,9.799609184265137,13.018844604492188,-12.46477222442627,-92.85804748535156,-0.0036424975842237473,-0.00439096475020051,-0.0013552666641771793,-0.002844746457412839
23.110000610351562,46,0.027483396232128143,0.019847076386213303,9.813347816467285,12.940018653869629,-12.08609676361084,-92.73223114013672,-0.0053175222128629684,-0.005554467439651489,-0.00038253646926023066,-0.002616431098431349
23.1200008392334,46,0.02862226404249668,0.03128139302134514,9.818872451782227,13.04497241973877,-12.175129890441895,-94.06489562988281,-0.0058524045161902905,-0.007166001014411449,0.006865921895951033,-0.0029116575606167316
23.1299991607666,46,0.03215935453772545,0.029216544702649117,9.818765640258789,12.962549209594727,-11.866776466369629,-93.31572723388672,-0.0027563185431063175,-0.007185766939073801,0.010760736651718616,-0.0031397175043821335
23.139999389648438,45,0.029421672224998474,0.028633324429392815,9.816802024841309,12.99631404876709,-11.687155723571777,-92.4630126953125,-0.000028600907171494327,-0.0034949027467519045,0.01043968740850687,-0.0031397175043821335
23.149999618530273,45,0.03164263814687729,0.020255444571375847,9.79622745513916,13.05623722076416,-11.903717994689941,-92.44798278808594,-0.002613164484500885,-0.003361631417647004,0.01004885882139206,-0.0031397175043821335
23.15999984741211,45,0.025072427466511726,0.011916677467525005,9.797920227050781,13.097638130187988,-12.333791732788086,-93.33796691894531,-0.005521472543478012,-0.006075872574001551,0.010241128504276276,-0.0031397175043821335
23.170000076293945,44,0.02678130753338337,0.026314252987504005,9.805545806884766,13.307544708251953,-11.977654457092285,-93.78218841552734,-0.004476865753531456,-0.005042945500463247,0.0015976645518094301,-0.0031397175043821335
23.18000030517578,44,0.03662329539656639,0.028817377984523773,9.805545806884766,13.41612720489502,-11.965340614318848,-93.15425109863281,0.004361563362181187,-0.0051100305281579494,0.007012669462710619,-0.0031397175043821335
23.190000534057617,45,0.03423897549510002,0.016743477433919907,9.810585021972656,13.290094375610352,-12.161291122436523,-92.3249740600586,0.005507097113877535,-0.006266345269978046,0.005852760747075081,-0.0031397175043821335
23.200000762939453,45,0.0316646508872509,0.012149045243859291,9.812650680541992,13.18552017211914,-12.294360160827637,-92.27245330810547,0.0008530858322046697,-0.005102842580527067,0.005852760747075081,-0.0031397175043821335
23.209999084472656,45,0.0373566672205925,0.017401468008756638,9.810393333435059,13.157183647155762,-12.150128364562988,-92.6000747680664,-0.002697319956496358,-0.012768184766173363,0.0047491551376879215,-0.0031397175043821335
23.219999313354492,46,0.054736267775297165,0.027107981964945793,9.818592071533203,13.08428955078125,-11.643120765686035,-91.75404357910156,-0.005147714167833328,-0.004270870704203844,0.005665881559252739,-0.002843213966116309
23.229999542236328,46,0.05478376895189285,0.017448632046580315,9.81652545928955,13.818963050842285,-11.821188926696777,-91.97615051269531,-0.002591601572930813,-0.005518828518688679,0.005852760747075081,-0.0029130622278898954
23.239999771118164,46,0.04869088903069496,0.013039403595030308,9.810393333435059,13.538056373596191,-12.071051597595215,-91.39228820800781,0.004551437217742205,-0.00809620413929224,0.005852760747075081,-0.0031397175043821335
23.25,47,0.034052446484565735,0.011118345893919468,9.792715072631836,13.435406684875488,-12.389309883117676,-90.93394470214844,-0.000048666406655684114,-0.008723926730453968,0.005852760747075081,-0.0031397175043821335
23.260000228881836,48,0.03359944745898247,0.019274210557341576,9.814497947692871,13.57336711883545,-12.470795631408691,-90.7499008178711,-0.003853635163977742,-0.00951007753610611,0.003494309028610587,-0.0031397175043821335
23.270000457763672,48,0.029849180951714516,0.026498304679989815,9.809925079345703,13.608299255371094,-12.094769477844238,-90.63884735107422,-0.0042944783344864845,-0.004892304074019194,0.005785076878964901,-0.0031397175043821335
23.280000686645508,48,0.024604368954896927,0.020263496786355972,9.799009323120117,13.9231595993042,-12.27283763885498,-90.52778625488281,-0.005612815730273724,-0.001361963921226561,0.01028425432741642,-0.002842447953298688
23.290000915527344,48,0.027814745903015137,0.013744558207690716,9.807158470153809,14.053483009338379,-11.981267929077148,-91.39305877685547,-0.006748466286808252,-0.003148996504023671,0.012583408504724503,-0.0029138284735381603
23.299999237060547,48,0.029421672224998474,0.02192227728664875,9.797185897827148,13.954619407653809,-11.970935821533203,-90.4515609741211,-0.00461972039192915,-0.005575132090598345,0.008957232348620892,-0.0028421925380825996
23.309999465942383,49,0.032773394137620926,0.026498304679989815,9.807867050170898,13.875541687011719,-12.185998916625977,-89.37547302246094,-0.001840490847826004,-0.004863852635025978,0.0029300774913281202,-0.002616431098431349
23.31999969482422,49,0.023971794173121452,0.026498304679989815,9.804908752441406,13.98049545288086,-12.371321678161621,-89.6995849609375,-0.0022456953302025795,-0.002588957780972123,0.0037925969809293747,-0.002914211479946971
23.329999923706055,49,0.026773197576403618,0.03343481570482254,9.811244010925293,14.085448265075684,-12.193252563476562,-90.47696685791016,-0.0023840577341616154,-0.0036140980664640665,0.005712900776416063,-0.0031397175043821335
23.34000015258789,49,0.04367662966251373,0.011295497417449951,9.808069229125977,13.790783882141113,-12.693193435668945,-89.56295776367188,-0.0003352744970470667,-0.007104606367647648,0.0024500014260411263,-0.002841681707650423
23.350000381469727,49,0.037787653505802155,0.009800064377486706,9.805545806884766,13.929375648498535,-12.522165298461914,-89.68302154541016,-0.0006748915766365826,-0.008877264335751534,0.005116624291986227,-0.002616431098431349
23.360000610351562,49,0.041649140417575836,0.0011127450270578265,9.809273719787598,14.192989349365234,-12.337833404541016,-88.9911117553711,-0.007202187553048134,-0.0035134709905833006,0.012609762139618397,-0.0029147223103791475
23.3700008392334,49,0.05142509564757347,0.012795532122254372,9.810393333435059,14.42981243133545,-12.312697410583496,-87.44783020019531,-0.00955195352435112,-0.0017129614716395736,0.007955750450491905,-0.0031397175043821335
23.3799991607666,49,0.034276049584150314,0.024570345878601074,9.806522369384766,14.739497184753418,-11.971925735473633,-87.24488067626953,0.001816232455894351,-0.0062699392437934875,0.003495806362479925,-0.0028411708772182465
23.389999389648438,48,0.052924275398254395,0.0187197495251894,9.813429832458496,14.844449996948242,-12.239027976989746,-87.80016326904297,0.0006527295336127281,-0.0062699392437934875,0.00814981758594513,-0.002616431098431349
23.399999618530273,48,0.04636217653751373,0.012972683645784855,9.819254875183105,14.866191864013672,-11.94140911102295,-87.91519165039062,0.0017377672484144568,-0.00739420996978879,0.0071824779734015465,-0.002616431098431349
23.40999984741211,48,0.04793202877044678,0.008119426667690277,9.803751945495605,14.925074577331543,-11.895848274230957,-87.5413589477539,-0.0034634049516171217,-0.0021930374205112457,0.003897417103871703,-0.0029153607320040464
23.420000076293945,48,0.0404326505959034,0.011465746909379959,9.804853439331055,14.995474815368652,-12.221574783325195,-86.65565490722656,-0.0032971901819109917,-0.0033565403427928686,0.0073879254050552845,-0.0031397175043821335
23.43000030517578,47,0.03065669909119606,0.01631900481879711,9.81399917602539,15.036370277404785,-12.571340560913086,-85.49608612060547,-0.004001281689852476,-0.007551140151917934,0.008306748233735561,-0.0028405324555933475
23.440000534057617,46,0.029421672224998474,0.029652521014213562,9.815241813659668,15.456183433532715,-12.037135124206543,-85.9403076171875,-0.0008132538641802967,-0.007853620685636997,0.0074364421889185905,-0.002616431098431349
23.450000762939453,46,0.025080537423491478,0.022660791873931885,9.80213451385498,15.421756744384766,-12.196545600891113,-85.03871154785156,0.0022271270863711834,-0.004269672557711601,0.008693384937942028,-0.002915871562436223
23.459999084472656,45,0.024604368954896927,0.02171521820127964,9.796257972717285,15.516359329223633,-12.181501388549805,-84.56163024902344,0.001580836484208703,-0.0033322819508612156,0.010277066379785538,-0.002840149449184537
23.469999313354492,43,0.024604368954896927,0.012813937850296497,9.809382438659668,15.641886711120605,-12.003433227539062,-83.87022399902344,-0.002105835359543562,-0.003815951757133007,0.010080903768539429,-0.002616431098431349
23.479999542236328,42,0.024604368954896927,0.016669856384396553,9.819558143615723,15.588305473327637,-11.901121139526367,-82.25875091552734,-0.004910820629447699,-0.006281319539994001,0.01199911069124937,-0.002616431098431349
23.489999771118164,42,0.019980546087026596,0.03529605641961098,9.815436363220215,15.273446083068848,-12.16822338104248,-80.37081146240234,-0.006074323318898678,-0.0070653739385306835,0.014441718347370625,-0.002916382160037756
23.5,42,0.03856504708528519,0.031403329223394394,9.801068305969238,15.15555477142334,-12.268233299255371,-79.83760833740234,-0.004301666282117367,-0.0040642255917191505,0.011994917877018452,-0.0028396386187523603
23.510000228881836,40,0.034235499799251556,0.02174512669444084,9.815028190612793,15.495532989501953,-12.168545722961426,-79.5503158569336,-0.0027428418397903442,-0.0017372197471559048,0.00575153436511755,-0.002616431098431349
23.520000457763672,41,0.020322320982813835,0.0025828713551163673,9.80087661743164,15.870820999145508,-12.075014114379883,-79.11731719970703,-0.007835600525140762,-0.0008597260457463562,0.0031190530862659216,-0.002616431098431349
23.530000686645508,41,0.048371125012636185,0.002741617616266012,9.809749603271484,15.978740692138672,-12.204791069030762,-78.63983917236328,-0.008337238803505898,-0.002588957780972123,0.007111200597137213,-0.002616431098431349
23.540000915527344,41,0.03951738774776459,0.008739456534385681,9.79169750213623,15.772336959838867,-12.728100776672363,-78.73113250732422,-0.0004281151632312685,-0.003530541667714715,0.004104960709810257,-0.0023158416152000427
23.549999237060547,41,0.04748598486185074,0.035466305911540985,9.805242538452148,15.877289772033691,-12.282929420471191,-77.06529998779297,0.004661947954446077,-0.007325028534978628,0.007423564326018095,-0.0020931449253112078
23.559999465942383,40,0.03090926632285118,0.02575979195535183,9.800697326660156,15.982242584228516,-12.115301132202148,-75.83220672607422,-0.0008303247159346938,-0.0062699392437934875,0.009316914714872837,-0.002393989823758602
23.56999969482422,40,0.04736317694187164,0.016492703929543495,9.801142692565918,16.087196350097656,-11.685040473937988,-75.08647918701172,-0.0032022532541304827,-0.006225016433745623,0.007349291816353798,-0.002315458608791232
23.579999923706055,38,0.0357787050306797,0.011639446951448917,9.805545806884766,16.324682235717773,-11.281950950622559,-73.97612762451172,-0.006692762020975351,-0.005061513744294643,0.014330309815704823,-0.0020931449253112078
23.59000015258789,36,0.04810697212815285,0.007365958299487829,9.806720733642578,16.79662322998047,-11.541584968566895,-71.5150146484375,-0.0010237927781417966,-0.0038980108220130205,0.00871704425662756,-0.0020931449253112078
23.600000381469727,48,0.04190982133150101,0.009965712204575539,9.812606811523438,16.69167137145996,-11.719654083251953,-70.0712890625,-0.000613496929872781,-0.0005716205341741443,0.008306748233735561,-0.0020931449253112078
23.610000610351562,30,0.03014693222939968,0.02577819488942623,9.799498558044434,16.765573501586914,-11.670130729675293,-68.24906921386719,-0.00468530785292387,-0.005224733147770166,0.006270843092352152,-0.0020931449253112078
23.6200008392334,25,0.030259311199188232,0.024086056277155876,9.820890426635742,17.00072479248047,-11.581095695495605,-67.11885070800781,-0.005521472543478012,-0.0024520924780517817,0.001080452580936253,-0.0020931449253112078
23.6299991607666,24,0.01535208709537983,0.03262268006801605,9.81708812713623,17.315584182739258,-11.388304710388184,-65.84855651855469,-0.004630501847714186,-0.004034875892102718,0.005954585503786802,-0.0017914061900228262
23.639999389648438,28,0.04280538856983185,0.016932131722569466,9.786964416503906,17.56468391418457,-11.087955474853516,-63.64484786987305,-0.006776917260140181,-0.008352863602340221,0.013271627016365528,-0.0015698587521910667
23.649999618530273,30,0.047238051891326904,0.012928970158100128,9.81749439239502,17.45973014831543,-11.087955474853516,-61.5348014831543,-0.004155517090111971,-0.0038390120025724173,0.011084780097007751,-0.0015698587521910667
23.65999984741211,32,0.010728264227509499,0.002083626575767994,9.833475112915039,17.937162399291992,-10.923271179199219,-59.322044372558594,0.0002610019873827696,-0.00013497007603291422,0.007606250699609518,-0.0015698587521910667
23.670000076293945,33,0.03172026202082634,0.013508738949894905,9.79931926727295,18.38919448852539,-10.93031120300293,-56.40826416015625,0.0012034842511639,-0.0026829964481294155,0.005168735049664974,-0.0015698587521910667
23.68000030517578,34,0.04271617904305458,0.0037941725458949804,9.811620712280273,18.760601043701172,-10.896154403686523,-53.648643493652344,-0.0011070496402680874,-0.005042945500463247,0.0033987730275839567,-0.0015698587521910667
23.690000534057617,34,0.05092691257596016,0.009928901679813862,9.811345100402832,19.14769172668457,-10.697661399841309,-51.274681091308594,-0.0005173619138076901,-0.006573019083589315,0.003908797632902861,-0.001267353887669742
23.700000762939453,34,0.043873582035303116,0.014228848740458488,9.797957420349121,19.77741050720215,-10.430559158325195,-48.38724899291992,0.00038828354445286095,-0.010063527151942253,0.004179233219474554,-0.0010465724626556039
23.709999084472656,34,0.04100961610674858,0.0102095827460289,9.793883323669434,20.30242919921875,-10.163455963134766,-45.3890266418457,-0.0042944783344864845,-0.0116388238966465,0.005313985515385866,-0.0010465724626556039
23.719999313354492,34,0.03273632004857063,0.01544014923274517,9.80372142791748,20.907567977905273,-9.623629570007324,-41.795223236083984,-0.003335824003443122,-0.008992266841232777,0.010492396540939808,-0.0004407965170685202
23.729999542236328,35,0.030995000153779984,0.018397657200694084,9.80722713470459,21.8735408782959,-9.238100051879883,-38.019344329833984,-0.000613496929872781,-0.005501757841557264,0.01270260289311409,0
23.739999771118164,36,0.03259497508406639,0.028016746044158936,9.799043655395508,22.847562789916992,-9.006226539611816,-34.344139099121094,-0.00042092747753486037,-0.0029740966856479645,0.009412750601768494,0
23.75,37,0.03285101801156998,0.0166077371686697,9.801026344299316,23.191957473754883,-8.64382553100586,-30.97174835205078,0.00048441850231029093,-0.005430180579423904,0.0025590143632143736,0
23.760000228881836,38,0.035485588014125824,0.014456613920629025,9.80679988861084,23.926631927490234,-8.198655128479004,-28.528533935546875,-0.000744671793654561,-0.008658339269459248,0.00578717328608036,0
23.770000457763672,39,0.029421672224998474,0.020969802513718605,9.813772201538086,24.57329559326172,-7.753483772277832,-24.409072875976562,-0.003061195369809866,-0.007492740638554096,0.004615284968167543,0
23.780000686645508,40,0.02749498374760151,0.01597505435347557,9.822999954223633,25.521408081054688,-7.578413486480713,-20.371150970458984,0.00042931301868520677,-0.0051657347939908504,-0.0012022295268252492,0.0003036541456822306
23.790000915527344,41,0.02260700613260269,0.019732043147087097,9.803535461425781,26.557846069335938,-7.144458770751953,-16.511999130249023,0.006124037783592939,-0.0017366206739097834,0.0017971222987398505,0.0005232862313278019
23.799999237060547,42,0.017719032242894173,0.018985476344823837,9.809021949768066,27.47257423400879,-6.114436149597168,-12.402756690979004,-0.0005218538572080433,-0.0024005810264497995,0.01048071775585413,0.0008271957631222904
23.809999465942383,42,0.023524589836597443,0.01959170214831829,9.805023193359375,28.836965560913086,-5.8473334312438965,-7.627383232116699,-0.005740995518863201,-0.003564084181562066,0.009062351658940315,0.0007425352814607322
23.81999969482422,43,0.029820218682289124,0.014738446101546288,9.801717758178711,29.340559005737305,-5.093407154083252,-2.953214645385742,-0.005836831405758858,-0.003815951757133007,0.009218383580446243,0.0005232862313278019
23.829999923706055,43,0.036004625260829926,0.00988518912345171,9.815500259399414,30.188262939453125,-4.473594665527344,1.9374878406524658,-0.001280751544982195,-0.004664096049964428,0.01038188673555851,0.0008275788277387619
23.84000015258789,44,0.04869088903069496,0.009699985384941101,9.808028221130371,31.04985237121582,-3.9792487621307373,6.4377946853637695,-0.004879074636846781,-0.006612251978367567,0.008406776934862137,0.001350992824882269
23.850000381469727,45,0.04142669960856438,0.016957439482212067,9.80067253112793,31.792856216430664,-3.3803162574768066,10.372674942016602,-0.006533136125653982,-0.008218095637857914,0.00780091667547822,0.0012653107987716794
23.860000610351562,45,0.04171518236398697,0.01924085058271885,9.795849800109863,32.94734191894531,-2.222872018814087,14.481718063354492,-0.00617914367467165,-0.006093242671340704,0.0076490771025419235,0.0010465724626556039
23.8700008392334,46,0.051253627985715866,0.024565745145082474,9.795849800109863,34.10182571411133,-1.4158895015716553,20.120756149291992,-0.005560106132179499,-0.005004311911761761,0.0058913943357765675,0.0013513758312910795
23.8799991607666,46,0.04824136570096016,0.026051975786685944,9.798500061035156,35.17736053466797,0.18913479149341583,25.868114471435547,-0.003233100287616253,-0.003085804870352149,0.007279212586581707,0.0015698587521910667
23.889999389648438,46,0.038465410470962524,0.02171521820127964,9.817026138305664,36.554630279541016,1.5491410493850708,31.007205963134766,-0.0027748867869377136,-0.0026455605402588844,0.009826340712606907,0.0015698587521910667
23.899999618530273,46,0.03423897549510002,0.02171521820127964,9.8102388381958,38.0521240234375,2.4908792972564697,36.233612060546875,-0.0042944783344864845,-0.007109098602086306,0.007499334402382374,0.0021802315022796392
23.90999984741211,46,0.028548115864396095,0.02171521820127964,9.813031196594238,39.1791877746582,3.5643486976623535,43.156898498535156,-0.0022531822323799133,-0.0034757356625050306,0.006192976608872414,0.002921745181083679
23.920000076293945,46,0.024604368954896927,0.02171521820127964,9.816133499145508,41.593109130859375,4.721793174743652,50.70865249633789,0.002790759550407529,-0.002588957780972123,0.006803029682487249,0.00344515941105783
23.93000030517578,47,0.030577918514609337,0.01578409969806671,9.810393333435059,44.18021011352539,6.393418788909912,59.26824951171875,0.0005610869266092777,-0.0032286597415804863,0.006065994501113892,0.0042741429060697556
23.940000534057617,47,0.02812408283352852,0.015184774994850159,9.810393333435059,46.990821838378906,8.279732704162598,68.37100219726562,-0.004623014945536852,-0.0062699392437934875,0.006480782758444548,0.005320970434695482
23.950000762939453,47,0.03086060658097267,0.010720331221818924,9.816689491271973,50.11915969848633,10.270661354064941,77.65950775146484,0.0017542388522997499,-0.0062699392437934875,0.002344283042475581,0.006367798428982496
23.959999084472656,48,0.02464260160923004,0.01689417101442814,9.813651084899902,53.759422302246094,12.410746574401855,87.20808410644531,0.000476931338198483,-0.0062471781857311726,0.004625767003744841,0.00772057892754674
23.969999313354492,47,0.029595457017421722,0.02171521820127964,9.803812980651855,58.58727264404297,15.170805931091309,98.97992706298828,-0.006504085846245289,-0.005083675496280193,0.004625767003744841,0.008984740823507309
23.979999542236328,47,0.03757911175489426,0.01839880645275116,9.814143180847168,63.320899963378906,17.29140281677246,111.64910888671875,-0.006748466286808252,-0.0027973998803645372,0.006871312391012907,0.010031567886471748
23.989999771118164,47,0.032234661281108856,0.023705294355750084,9.802927017211914,68.67285919189453,19.517070770263672,125.23400115966797,-0.0003927756624761969,-0.004707521293312311,-0.0013944994425401092,0.011384731158614159
24,47,0.025940191000699997,0.01267129648476839,9.795849800109863,73.97579956054688,21.561376571655273,139.56446838378906,0.001609287690371275,-0.004047154914587736,-0.0027361963875591755,0.012954973615705967
24.010000228881836,48,0.03170867636799812,0.007365958299487829,9.806573867797852,79.14344024658203,23.325088500976562,154.78424072265625,-0.0028210075106471777,-0.0000867529452079907,0.00378990126773715,0.0145252151414752
24.020000457763672,47,0.026993324980139732,0.0181572362780571,9.806747436523438,85.6505355834961,25.372875213623047,171.7756805419922,-0.005163287278264761,-0.0015144023345783353,0.011065613478422165,0.01609545759856701
24.030000686645508,47,0.04676535725593567,0.04005153477191925,9.805545806884766,92.25950622558594,27.67989158630371,188.44378662109375,-0.0031055195722728968,-0.0050049107521772385,0.008382817730307579,0.017972545698285103
24.040000915527344,47,0.0648007020354271,0.03441835194826126,9.809333801269531,99.56934356689453,29.92900848388672,206.57876586914062,-0.0033241440542042255,-0.008495419286191463,0.006594587117433548,0.019759226590394974
24.049999237060547,47,0.04495104402303696,0.01224337238818407,9.810393333435059,106.7535629272461,31.97433090209961,225.0108642578125,-0.00158113578800112,-0.007915914058685303,0.005044747609645128,0.021329468116164207
24.059999465942383,47,0.01952870562672615,0.007365958299487829,9.802532196044922,113.80651092529297,34.06449508666992,243.16281127929688,-0.0000013476867479766952,-0.0038105607964098454,0.005858151242136955,0.02259248122572899
24.06999969482422,46,0.042803071439266205,0.015261847525835037,9.82070541381836,121.48173522949219,36.7123908996582,261.17779541015625,-0.002818911336362362,-0.0052214390598237514,0.008306748233735561,0.02333195134997368
24.079999923706055,46,0.04869088903069496,0.012914016842842102,9.8208646774292,129.4581756591797,38.849212646484375,279.7239990234375,-0.004057884681969881,-0.008487333543598652,0.008794611319899559,0.023547880351543427
24.09000015258789,46,0.04045582190155983,0.016237329691648483,9.807658195495605,137.09396362304688,41.41952896118164,299.0813293457031,-0.001840490847826004,-0.00457245297729969,0.009109370410442352,0.024163106456398964
24.100000381469727,46,0.01811525970697403,0.004456764552742243,9.809760093688965,144.9547882080078,44.34860610961914,317.8545227050781,-0.003284013131633401,-0.002805486088618636,0.0072241066955029964,0.025209935382008553
24.110000610351562,46,0.03200526535511017,0.011040124110877514,9.8018217086792,153.18222045898438,47.27897262573242,337.381103515625,-0.006451076827943325,-0.00597254978492856,0.005220545921474695,0.026256760582327843
24.1200008392334,46,0.02557987906038761,-0.0007473442237824202,9.809412002563477,161.7808837890625,49.891963958740234,358.8415832519531,-0.004819776862859726,-0.005510742776095867,0.007313652895390987,0.02730358950793743
24.1299991607666,46,0.03340481221675873,0.00653771823272109,9.79710865020752,171.12171936035156,52.74105453491211,376.2772521972656,-0.001840490847826004,-0.006474488414824009,0.00796593353152275,0.028042294085025787
24.139999389648438,46,0.03423897549510002,0.016244232654571533,9.795849800109863,181.2050018310547,56.06251907348633,395.77508544921875,-0.00194740726146847,-0.00013497007603291422,0.005959677044302225,0.028873959556221962
24.149999618530273,45,0.029697410762310028,0.016932131722569466,9.823272705078125,191.0430908203125,59.91053009033203,415.6878356933594,-0.003110910067334771,-0.00017839553765952587,0.007296881638467312,0.029304029420018196
24.15999984741211,45,0.020197195932269096,0.026091085746884346,9.806371688842773,201.49342346191406,63.89374923706055,435.7712097167969,-0.004274412989616394,-0.001341898343525827,0.01311439648270607,0.029921041801571846
24.170000076293945,45,0.061933260411024094,0.021848656237125397,9.819684028625488,213.1571807861328,68.09205627441406,456.29779052734375,-0.0031510412227362394,-0.0047922758385539055,0.0063541000708937645,0.030967870727181435
24.18000030517578,44,0.048868149518966675,0.02170141413807869,9.810542106628418,225.33175659179688,73.87928009033203,478.1756591796875,-0.007387269753962755,-0.007202838081866503,0.006932707037776709,0.032014697790145874
24.190000534057617,44,0.038823407143354416,0.012303189374506474,9.824703216552734,239.8164825439453,79.922119140625,502.7105407714844,-0.007975460030138493,-0.007496933452785015,0.008096209727227688,0.03398819640278816
24.200000762939453,44,0.025197552517056465,0.021420732140541077,9.809646606445312,255.47055053710938,86.75125122070312,528.5728759765625,-0.00416360329836607,-0.003685076255351305,0.008306748233735561,0.03753231465816498
24.209999084472656,44,0.043873582035303116,0.012583871372044086,9.78681468963623,272.6676025390625,94.22541046142578,556.5366821289062,0.0004904082743450999,0.00007946194818941876,0.004748855717480183,0.042028773576021194
24.219999313354492,44,0.044452864676713943,0.021427635103464127,9.80128002166748,291.69329833984375,101.89739227294922,586.3336791992188,-0.001463437918573618,-0.0022119050845503807,0.004224755335599184,0.046739496290683746
24.229999542236328,43,0.05206694081425667,0.016574379056692123,9.810393333435059,312.67584228515625,109.1568603515625,616.709228515625,-0.0023049935698509216,-0.007628407794982195,0.009200714528560638,0.0514502227306366
24.239999771118164,43,0.033807989209890366,0.011721121147274971,9.809959411621094,336.8150939941406,117.97124481201172,652.5801391601562,0.0009555097785778344,-0.007853920571506023,0.005696728825569153,0.05678000673651695
24.25,43,0.02841835841536522,0.00786405336111784,9.806050300598145,363.466796875,127.06980895996094,688.89404296875,-0.00011006107524735853,-0.0062699392437934875,0.0009447852498851717,0.06284721195697784
24.260000228881836,43,0.021504055708646774,0.012717309407889843,9.810393333435059,393.1907958984375,136.3411407470703,727.2063598632812,-0.004783539101481438,-0.005125903058797121,0.0009447852498851717,0.06912817806005478
24.270000457763672,43,0.03552497923374176,0.01757056638598442,9.808451652526855,426.5011291503906,145.92787170410156,767.9666137695312,-0.0062399390153586864,-0.003307424485683441,0.001961839385330677,0.076028972864151
24.280000686645508,43,0.041018884629011154,0.020298007875680923,9.800159454345703,463.68670654296875,156.03436279296875,811.28076171875,-0.005521472543478012,-0.002588957780972123,0.0016186286229640245,0.08397684246301651
24.290000915527344,42,0.024604368954896927,0.01137026958167553,9.821781158447266,504.8283996582031,166.5404052734375,859.4786987304688,-0.004758382216095924,-0.003733593039214611,0.00039852297049947083,0.0929717943072319
24.299999237060547,42,0.02631440758705139,0.008214903995394707,9.806406021118164,548.802978515625,176.89138793945312,908.0634765625,-0.0046577551402151585,-0.007224101573228836,0.005261875223368406,0.10208296030759811
24.309999465942383,42,0.03423897549510002,0.013987278565764427,9.8085298538208,595.8804321289062,187.27622985839844,957.698974609375,-0.007675075903534889,-0.009441794827580452,0.006825191434472799,0.11129141598939896
24.31999969482422,42,0.03623170405626297,0.023693792521953583,9.803706169128418,646.5673828125,197.40325927734375,1008.8905639648438,-0.0024137068539857864,-0.007305861450731754,0.005852760747075081,0.1200917661190033
24.329999923706055,42,0.043873582035303116,0.03234085068106651,9.813094139099121,701.0025634765625,207.15481567382812,1061.3360595703125,-0.005011148285120726,-0.006142358295619488,0.005597598850727081,0.12877707183361053
24.34000015258789,42,0.04273587092757225,0.030416343361139297,9.805545806884766,758.7268676757812,217.12664794921875,1112.8656005859375,-0.0008057669037953019,-0.00529930554330349,0.0032065031118690968,0.1370535045862198
24.350000381469727,42,0.04388980194926262,0.009749449789524078,9.805545806884766,820.31298828125,227.1824493408203,1163.8714599609375,-0.004296874161809683,-0.009949124418199062,-0.0002768178528640419,0.14428284764289856
24.360000610351562,42,0.05448833480477333,0.010202680714428425,9.801684379577637,885.04345703125,238.3204803466797,1214.37158203125,-0.008950886316597462,-0.00645861541852355,0.010194707661867142,0.15015403926372528
24.3700008392334,42,0.0384746789932251,0.028601115569472313,9.799151420593262,952.5153198242188,250.02308654785156,1264.0400390625,-0.014705508016049862,-0.004068717826157808,0.0118613475933671,0.1547657996416092
24.3799991607666,42,0.03028596006333828,0.020304908975958824,9.814371109008789,1021.835693359375,261.6217041015625,1311.9686279296875,-0.010151824913918972,-0.0007045923266559839,0.0047278921119868755,0.15895310044288635
24.389999389648438,42,0.03790930286049843,0.012490694411098957,9.808199882507324,1091.6619873046875,272.482421875,1356.7076416015625,-0.007255196571350098,-0.002082227496430278,0.010214175097644329,0.16127176582813263
24.399999618530273,42,0.0308513380587101,0.0041335211135447025,9.813935279846191,1163.449951171875,283.25555419921875,1400.46337890625,-0.00856874231249094,-0.002588957780972123,0.006526903714984655,0.16076073050498962
24.40999984741211,42,0.0422411672770977,0.008986778557300568,9.799215316772461,1234.90869140625,292.70172119140625,1441.5186767578125,-0.007509160786867142,-0.0034356045071035624,0.00547241372987628,0.15950219333171844
24.420000076293945,42,0.030540844425559044,0.010458054952323437,9.811814308166504,1305.697021484375,301.53717041015625,1481.8316650390625,-0.005965310614556074,-0.0053822631016373634,0.006635916419327259,0.1587671935558319
24.43000030517578,42,0.018517281860113144,0.016171760857105255,9.798405647277832,1375.1065673828125,310.6019287109375,1521.6458740234375,-0.00408214284107089,-0.007709268480539322,0.007799419108778238,0.15949159860610962
24.440000534057617,41,0.02275993674993515,0.027618730440735817,9.79914665222168,1442.152587890625,320.8035583496094,1559.9100341796875,-0.004379832185804844,-0.006755406036973,0.006994401104748249,0.1604376584291458
24.450000762939453,41,0.02936258539557457,0.02171521820127964,9.812379837036133,1504.7047119140625,333.35736083984375,1593.115478515625,-0.0025580590590834618,-0.0032648975029587746,0.007038125768303871,0.15783898532390594
24.459999084472656,41,0.045859359204769135,0.027630234137177467,9.806693077087402,1594.5159912109375,357.2063903808594,1633.8414306640625,-0.002032461343333125,-0.004007922485470772,0.008306748233735561,0.14688152074813843
24.469999313354492,41,0.03840864449739456,0.02789711207151413,9.815241813659668,1629.8629150390625,366.8457946777344,1649.5677490234375,-0.005055771674960852,-0.007031232584267855,0.007841047830879688,0.12701553106307983
24.479999542236328,41,0.03311285376548767,0.023268168792128563,9.81096076965332,1643.493896484375,372.2420654296875,1655.99267578125,-0.004696688149124384,-0.00787877757102251,0.007079754490405321,0.10210977494716644
24.489999771118164,50,0.043873582035303116,0.03128139302134514,9.805545806884766,1677.364501953125,385.8236999511719,1672.0662841796875,-0.005521472543478012,-0.011177915148437023,0.007079754490405321,0.06561929732561111
24.5,41,0.04160511493682861,0.029029037803411484,9.812394142150879,1707.2762451171875,398.7336730957031,1686.8367919921875,-0.0057967002503573895,-0.010077004320919514,0.006529299542307854,0.04814233258366585
24.510000228881836,40,0.05075196921825409,0.026498304679989815,9.81773567199707,1737.676025390625,412.7200012207031,1705.42822265625,-0.00632499298080802,-0.005634729750454426,0.003990557510405779,0.04469960182905197
24.520000457763672,40,0.05350355803966522,0.019320223480463028,9.810391426086426,1769.870849609375,427.7197570800781,1726.4010009765625,-0.003997987136244774,-0.003478430910035968,0.0015377673553302884,0.042699288576841354
24.530000686645508,40,0.03891261667013168,0.017074773088097572,9.8080415725708,1807.280029296875,443.4132995605469,1749.2628173828125,-0.002094754483550787,-0.009696657769382,0.005937515292316675,0.04572855308651924
24.540000915527344,40,0.03168782219290733,0.01918218471109867,9.810393333435059,1851.755126953125,459.4185791015625,1774.76123046875,-0.0054789455607533455,-0.006248675752431154,0.006973437033593655,0.05451294034719467
24.549999237060547,40,0.042530808597803116,0.02213854156434536,9.820947647094727,1902.7144775390625,475.3624267578125,1805.201171875,-0.0031519397161900997,-0.005085173062980175,0.0011559228878468275,0.06822245568037033
24.559999465942383,40,0.04812319204211235,0.01847817935049534,9.821657180786133,1974.7125244140625,493.79248046875,1839.6282958984375,-0.0064313109032809734,-0.003921670373529196,0.002066060435026884,0.08685121685266495
24.56999969482422,40,0.043873582035303116,0.01763613522052765,9.806899070739746,2063.781982421875,513.7325439453125,1878.8497314453125,-0.004632897675037384,-0.002758167451247573,0.0011139948619529605,0.10935648530721664
24.579999923706055,40,0.041039738804101944,0.02171521820127964,9.803549766540527,2173.37109375,534.265380859375,1922.96826171875,-0.005288771819323301,-0.006566131487488747,0.0009447852498851717,0.13416558504104614
24.59000015258789,40,0.03034272976219654,0.02171521820127964,9.805545806884766,2305.87353515625,554.3468017578125,1971.181884765625,-0.004590670112520456,-0.007496933452785015,0.008391204290091991,0.16546481847763062
24.600000381469727,40,0.03352993354201317,0.012853048741817474,9.817522048950195,2462.08935546875,572.8843994140625,2021.6658935546875,-0.006029101088643074,-0.005762310698628426,0.014229982160031796,0.20650193095207214
24.610000610351562,40,0.036010418087244034,0.019462864845991135,9.815741539001465,2640.719970703125,588.3763427734375,2068.8642578125,-0.003533185226842761,-0.0042391251772642136,0.011649610474705696,0.25622931122779846
24.6200008392334,40,0.031122442334890366,0.02340390719473362,9.804120063781738,2742.4052734375,600.8637084960938,2096.0126953125,-0.004801807925105095,-0.007517597638070583,0.008793412707746029,0.3002914786338806
24.6299991607666,38,0.026234466582536697,0.02171521820127964,9.807112693786621,2320.34765625,610.560791015625,2106.399169921875,-0.006748466286808252,-0.007243568077683449,0.009660424664616585,0.31585609912872314
24.639999389648438,37,0.03763588145375252,0.008776267059147358,9.790721893310547,715.8495483398438,617.6228637695312,2098.675537109375,-0.0049084248021245,-0.006269639823585749,0.011374084278941154,0.3000184893608093
24.649999618530273,37,0.043873582035303116,0.015802504494786263,9.808103561401367,-2040.9354248046875,622.10400390625,2072.292236328125,-0.0019677721429616213,-0.007496933452785015,0.007588881067931652,0.2594747543334961
24.65999984741211,36,0.040474358946084976,0.02171521820127964,9.826931953430176,-3364.606201171875,623.17236328125,2030.86865234375,-0.0010998621582984924,-0.0050651077181100845,0.004117239732295275,0.2047121822834015
24.670000076293945,36,0.028646593913435936,0.018269969150424004,9.801849365234375,-3496.11474609375,620.487548828125,1984.4581298828125,-0.000994742615148425,-0.0017848380375653505,0.007925502955913544,0.14188794791698456
24.68000030517578,36,0.013982666656374931,0.016932131722569466,9.805253982543945,-3503.2978515625,613.9251098632812,1943.06689453125,0.0002541138092055917,-0.00330772390589118,0.008096209727227688,0.09137997776269913
24.690000534057617,36,0.01737493835389614,0.009760952554643154,9.80675983428955,-3503.0126953125,604.1213989257812,1909.8798828125,-0.00002171272899431642,-0.007410082500427961,0.005217551253736019,0.06999355554580688
24.700000762939453,36,0.07869765907526016,0.03661203756928444,9.794429779052734,-3502.383056640625,592.6246337890625,1886.750244140625,0.00044608430471271276,-0.014394094236195087,0.006382551044225693,0.06992677599191666
24.709999084472656,36,0.059338077902793884,0.030726931989192963,9.821213722229004,-3501.75341796875,582.029541015625,1874.8673095703125,-0.006366022862493992,-0.010377987287938595,0.004074413329362869,0.0819949209690094
24.719999313354492,36,-0.004834707826375961,-0.007666599936783314,9.806699752807617,-3502.9921875,575.3976440429688,1878.80322265625,-0.010602251626551151,0.0014756652526557446,0.008201329037547112,0.06949593871831894
24.729999542236328,36,0.03965757414698601,0.04144458845257759,9.785022735595703,-3503.2978515625,572.78759765625,1889.220458984375,0.0006973529816605151,-0.007664645556360483,0.006953970529139042,0.023564990609884262
24.739999771118164,36,0.06540199369192123,0.02764173597097397,9.805244445800781,-3503.68408203125,575.3826904296875,1896.6976318359375,0.0030243587680161,-0.012318656779825687,0.003463461995124817,-0.037603311240673065
24.75,37,-0.0006395529489964247,0.005688771605491638,9.822576522827148,-3495.69384765625,582.5198364257812,1895.4879150390625,-0.0060680340975522995,0.0001564300910104066,0.0068245925940573215,-0.12241718918085098
24.760000228881836,37,0.0476551316678524,0.010736435651779175,9.800145149230957,-3271.194580078125,592.145751953125,1883.6512451171875,-0.006748466286808252,-0.008614015765488148,0.008158203214406967,-0.2380009889602661
24.770000457763672,38,0.0666787251830101,0.03703076019883156,9.808459281921387,-85.23309326171875,603.2750244140625,1864.1055908203125,-0.004718550480902195,-0.009950920939445496,0.006276832893490791,-0.3367239534854889
24.780000686645508,39,0.021239902824163437,0.007110584527254105,9.823216438293457,1842.56396484375,611.7435302734375,1832.3907470703125,-0.008100345730781555,0.004321081563830376,0.007755693979561329,-0.4025672376155853
24.790000915527344,39,0.014969762414693832,0.019732043147087097,9.803210258483887,2537.684814453125,615.991943359375,1791.5411376953125,-0.0029866232071071863,-0.0004257710825186223,0.007418772671371698,-0.4280739426612854
24.799999237060547,39,0.050078846514225006,0.02171521820127964,9.80511474609375,2488.7353515625,615.2273559570312,1743.6663818359375,-0.000613496929872781,-0.003815951757133007,0.009553208947181702,-0.4279245436191559
24.809999465942383,39,0.05350819230079651,0.043853387236595154,9.805545806884766,2287.201904296875,608.93603515625,1691.254638671875,-0.0013744907919317484,-0.003815951757133007,0.005433780141174793,-0.4160236716270447
24.81999969482422,39,0.07162810862064362,0.009648219682276249,9.810104370117188,2097.65625,595.4028930664062,1638.1702880859375,0.0002520174311939627,-0.007303465157747269,0.0049617900513112545,-0.38829219341278076
24.829999923706055,39,0.03137153387069702,0.025637855753302574,9.83354377746582,1925.451904296875,575.4386596679688,1583.68212890625,0.0005724673974327743,-0.008048885501921177,0.006445742677897215,-0.34455206990242004
24.84000015258789,40,0.052778296172618866,0.021860159933567047,9.792323112487793,1766.10009765625,552.2135009765625,1525.093017578125,-0.00004297622945159674,-0.004558377433568239,0.0018591160187497735,-0.2983168363571167
24.850000381469727,40,0.04402419552206993,0.017006903886795044,9.810090065002441,1617.57373046875,526.2429809570312,1462.4215087890625,0.0016275562811642885,-0.002081928076222539,0.0018270708387717605,-0.2651388347148895
24.860000610351562,40,0.03418220579624176,0.021841755136847496,9.815104484558105,1478.5174560546875,497.89501953125,1396.20361328125,0.002180407289415598,-0.001361963921226561,0.008750286884605885,-0.24880895018577576
24.8700008392334,40,0.02928496152162552,0.03087417595088482,9.805408477783203,1349.110107421875,467.7124328613281,1326.9051513671875,-0.0012867414625361562,-0.004022297449409962,0.010293837636709213,-0.243627667427063
24.8799991607666,40,0.024604368954896927,0.016932131722569466,9.801322937011719,1230.9664306640625,435.1844787597656,1253.4893798828125,-0.00488835945725441,-0.009317807853221893,0.009771834127604961,-0.23740391433238983
24.889999389648438,41,0.02432631328701973,0.016932131722569466,9.814123153686523,1119.9739990234375,401.7370300292969,1175.7579345703125,-0.002814419101923704,-0.006484671030193567,0.005170232616364956,-0.22723455727100372
24.899999618530273,41,0.020833248272538185,0.016239630058407784,9.797955513000488,1016.3450317382812,368.22100830078125,1096.291259765625,-0.002030065516009927,-0.0033472562208771706,0.012177305296063423,-0.21878652274608612
24.90999984741211,42,0.03423897549510002,0.0086152208968997,9.82493782043457,919.6259765625,334.94720458984375,1015.526611328125,-0.0033196518197655678,-0.007244766224175692,0.01271038968116045,-0.21452680230140686
24.920000076293945,42,0.03472904860973358,0.021228628233075142,9.822471618652344,828.5791015625,301.8064270019531,932.0220947265625,-0.005208509508520365,-0.004917760379612446,0.008244155906140804,-0.2119097262620926
24.93000030517578,42,0.03961702436208725,0.018602415919303894,9.804083824157715,740.6282348632812,270.021240234375,846.509521484375,0.0006090048118494451,-0.0025907547678798437,0.007080652751028538,-0.20961099863052368
24.940000534057617,42,0.04197933152318001,0.030654460191726685,9.825973510742188,658.4196166992188,239.32659912109375,764.805908203125,-0.002874316181987524,-0.0037515622097998857,0.00010412840492790565,-0.20656195282936096
24.950000762939453,43,0.030123760923743248,0.026498304679989815,9.802816390991211,581.305908203125,210.3347625732422,686.490478515625,-0.0019683712162077427,0.0005805016844533384,0.005213357973843813,-0.20066788792610168
24.959999084472656,43,0.03578449785709381,0.026498304679989815,9.815241813659668,509.56134033203125,183.10086059570312,612.0510864257812,-0.0008048684103414416,-0.005121710244566202,0.0037815161049365997,-0.1904715895652771
24.969999313354492,43,0.043873582035303116,0.023985976353287697,9.816939353942871,443.7742919921875,157.64501953125,542.3215942382812,-0.002557759638875723,-0.0062699392437934875,0.0024266415275633335,-0.1771576702594757
24.979999542236328,44,0.041131261736154556,0.013056658208370209,9.821258544921875,385.73516845703125,135.4755096435547,479.13116455078125,-0.004884765483438969,-0.009904501028358936,0.004897700157016516,-0.16174958646297455
24.989999771118164,44,0.03139122948050499,0.01790991611778736,9.807527542114258,334.8832702636719,116.1565933227539,421.2742004394531,-0.0029860245995223522,-0.006952168419957161,0.009233358316123486,-0.14584286510944366
25,45,0.03800082951784134,0.017523402348160744,9.810993194580078,288.5831298828125,99.76824951171875,367.5129089355469,-0.004185465630143881,-0.007387920282781124,0.0037258118391036987,-0.13045968115329742
25.010000228881836,45,0.03423897549510002,0.004819119814783335,9.800382614135742,247.22628784179688,85.85863494873047,317.903076171875,-0.0012124688364565372,-0.00728759216144681,0.0025904604699462652,-0.11623875051736832
25.020000457763672,45,0.036632563918828964,0.01096075028181076,9.809219360351562,211.0262451171875,73.9490737915039,272.64495849609375,-0.0020875667687505484,-0.002996558090671897,0.002007062081247568,-0.10358845442533493
25.030000686645508,46,0.04007118195295334,0.012399817816913128,9.794828414916992,179.22540283203125,63.97724151611328,232.2208709716797,-0.005521472543478012,0.001638585701584816,-0.0002822086098603904,-0.09186955541372299
25.040000915527344,46,0.029421672224998474,0.02384103462100029,9.800159454345703,153.58416748046875,55.204673767089844,197.13917541503906,-0.0023553071077913046,-0.0006755420472472906,0.0013008740497753024,-0.08035444468259811
25.049999237060547,46,0.029421672224998474,0.019729742780327797,9.79749584197998,130.94480895996094,47.844791412353516,165.18759155273438,0.0013762876624241471,-0.003484720131382346,0.005719788838177919,-0.0694790780544281
25.059999465942383,46,0.026462703943252563,0.023560352623462677,9.817493438720703,111.99270629882812,41.122310638427734,138.1894989013672,-0.0005886395811103284,-0.0005108249024488032,0.009133029729127884,-0.05965080112218857
25.06999969482422,46,0.02443753555417061,0.02001042477786541,9.799137115478516,96.28474426269531,34.86620330810547,115.56388092041016,-0.003404705785214901,-0.0044903941452503204,0.007969527505338192,-0.05086960271000862
25.079999923706055,46,0.03585980460047722,0.024888988584280014,9.80563735961914,82.22586822509766,29.56141471862793,94.4194564819336,-0.003199557773768902,-0.007091129664331675,0.00653229421004653,-0.04281523451209068
25.09000015258789,46,0.032290272414684296,0.018356245011091232,9.819830894470215,71.20577239990234,25.28777503967285,78.20539093017578,0.00019301868451293558,-0.009109964594244957,0.00504624517634511,-0.03624555468559265
25.100000381469727,46,0.026835760101675987,0.015648359432816505,9.805073738098145,55.381465911865234,19.44112777709961,53.429603576660156,-0.001840490847826004,-0.005042945500463247,0.0066395103931427,-0.0311290193349123
25.110000610351562,45,0.04272197186946869,0.019895391538739204,9.797694206237793,48.09178924560547,16.769031524658203,41.90697479248047,-0.0024232903961092234,-0.005375973880290985,0.003482030238956213,-0.0264182947576046
25.1200008392334,45,0.04678736999630928,0.013152136467397213,9.804529190063477,45.918601989746094,15.681026458740234,37.571781158447266,-0.010330617427825928,-0.009832324460148811,0.004625767003744841,-0.02266986295580864
25.1299991607666,52,0.043873582035303116,0.007365958299487829,9.810393333435059,39.697200775146484,12.571629524230957,25.302488327026367,-0.004513103049248457,-0.0028513071592897177,0.004625767003744841,-0.01856670156121254
25.139999389648438,44,0.043873582035303116,0.011426635086536407,9.80833625793457,34.974300384521484,10.256741523742676,17.195457458496094,-0.0042944783344864845,-0.002588957780972123,0.004625767003744841,-0.016745159402489662
25.149999618530273,44,0.05022018775343895,0.016932131722569466,9.805545806884766,30.711009979248047,8.643659591674805,8.115776062011719,-0.0021819048561155796,-0.0015326709253713489,0.004625767003744841,-0.015460566617548466
25.15999984741211,43,0.05176687240600586,0.016932131722569466,9.805545806884766,27.459163665771484,6.900720596313477,0.04253769665956497,0.00014510087203234434,0.0006236277986317873,0.0036329710856080055,-0.013366911560297012
25.170000076293945,42,0.0461304634809494,0.021413831040263176,9.810088157653809,24.773639678955078,5.544809818267822,-6.848828315734863,-0.0012451127404347062,-0.0016958907945081592,-0.0021770561579614878,-0.011916062794625759
25.18000030517578,41,0.04403578117489815,0.019565245136618614,9.796503067016602,22.07407569885254,4.744894504547119,-12.776557922363281,-0.001840490847826004,-0.003454771591350436,0.002097506308928132,-0.010869234800338745
25.190000534057617,40,0.03665805608034134,0.016911426559090614,9.79576587677002,19.03042984008789,3.142279624938965,-17.88509750366211,-0.003445136360824108,-0.0062229204922914505,0.003021121257916093,-0.009822406806051731
25.200000762939453,38,0.02683228626847267,0.02171521820127964,9.81275749206543,17.38058853149414,1.7085779905319214,-22.993637084960938,-0.0035556466318666935,-0.008235764689743519,0.0029106109868735075,-0.009097365662455559
25.209999084472656,36,0.01724749617278576,0.02423674799501896,9.805281639099121,16.182430267333984,0.603119432926178,-27.146953582763672,-0.0010414622956886888,-0.007373245432972908,0.00407411390915513,-0.008252037689089775
25.219999313354492,35,0.020190246403217316,0.03168170899152756,9.803324699401855,14.929302215576172,-0.16036321222782135,-30.438108444213867,0.0012253466993570328,-0.0056580896489322186,0.00523761659860611,-0.007849293760955334
25.229999542236328,36,0.021923454478383064,0.030740736052393913,9.802847862243652,13.592804908752441,-0.6945682168006897,-33.27071762084961,0.001840490847826004,-0.005042945500463247,0.008046195842325687,-0.0072049545124173164
25.239999771118164,36,0.025290237739682198,0.026498304679989815,9.811773300170898,12.65270709991455,-1.2287732362747192,-36.281063079833984,0.0013556231278926134,-0.004073210060596466,0.006396926939487457,-0.006480423733592033
25.25,36,0.03788844868540764,0.023696091026067734,9.808728218078613,11.918033599853516,-1.762978196144104,-39.8348274230957,-0.0027575166895985603,-0.004274464678019285,0.0005605447804555297,-0.00660185981541872
25.260000228881836,37,0.04098065197467804,0.01597045175731182,9.800697326660156,10.520445823669434,-2.2971832752227783,-42.59945297241211,-0.007055140100419521,-0.006423276383429766,0.003961207345128059,-0.006480168551206589
25.270000457763672,37,0.042019881308078766,0.012149045243859291,9.800697326660156,9.590034484863281,-3.030015230178833,-45.4014778137207,-0.002429280197247863,-0.003521556966006756,0.007423564326018095,-0.005956754554063082
25.280000686645508,37,0.05601068586111069,0.015161768533289433,9.812911987304688,8.964984893798828,-3.7172327041625977,-48.18280029296875,-0.004063574597239494,-0.00328166875988245,0.005549381487071514,-0.005433340556919575
25.290000915527344,38,0.056932903826236725,0.016932131722569466,9.810715675354004,7.964836120605469,-4.009471416473389,-50.598567962646484,-0.0030674845911562443,-0.006102526560425758,0.00936632975935936,-0.005232862196862698
25.299999237060547,38,0.04080570861697197,0.02008519507944584,9.808741569519043,7.440070152282715,-4.543676376342773,-53.81916809082031,-0.0026517980732023716,-0.005042945500463247,0.008306748233735561,-0.005555925890803337
25.309999465942383,38,0.047224145382642746,0.01849198341369629,9.807126998901367,6.643801212310791,-4.924333572387695,-55.89061737060547,0.0016787684289738536,-0.005123806651681662,0.008347178809344769,-0.005109766498208046
25.31999969482422,39,0.0435572974383831,0.016932131722569466,9.81222152709961,5.80417537689209,-5.224335193634033,-58.058631896972656,-0.0029752429109066725,-0.007450812496244907,0.009510681964457035,-0.0047095762565732
25.329999923706055,40,0.03905627876520157,0.02365928143262863,9.81865119934082,5.299288749694824,-5.562429428100586,-60.302242279052734,0.00149428506847471,-0.005216048564761877,0.007252857554703951,-0.004386129789054394
25.34000015258789,40,0.03213965892791748,0.033365797251462936,9.809648513793945,5.211722373962402,-5.9481730461120605,-62.13431930541992,-0.0013903634389862418,-0.007196848746389151,0.003848900320008397,-0.004509864374995232
25.350000381469727,40,0.02589268982410431,0.0325605645775795,9.816200256347656,4.686956405639648,-6.037207126617432,-62.57853698730469,-0.003867411520332098,-0.008510393090546131,0.00947953574359417,-0.004385874141007662
25.360000610351562,41,0.0318036749958992,0.009836873970925808,9.809222221374512,4.064052581787109,-6.292745590209961,-64.37271881103516,-0.0042944783344864845,-0.006823988165706396,0.012660675682127476,-0.0041862898506224155
25.3700008392334,40,0.030568648129701614,0.020804153755307198,9.801852226257324,3.803373098373413,-6.434621810913086,-65.71395874023438,-0.0034080001059919596,-0.0062699392437934875,0.008782331831753254,-0.0041862898506224155
25.3799991607666,40,0.025680674239993095,0.019069451838731766,9.808226585388184,3.5994622707366943,-6.649577617645264,-66.82450866699219,-0.005536446813493967,-0.00544695183634758,0.012840666808187962,-0.0041862898506224155
25.389999389648438,39,0.04366272687911987,0.016932131722569466,9.7988862991333,3.360051393508911,-6.9630446434021,-68.20118713378906,-0.004469977226108313,-0.0065619382075965405,0.014149719849228859,-0.0041862898506224155
25.399999618530273,38,0.04092619940638542,0.009222596883773804,9.807570457458496,3.356769561767578,-7.144592761993408,-70.4049301147461,-0.0002834633633028716,-0.0047129117883741856,0.01112670823931694,-0.003861949546262622
25.40999984741211,37,0.03510326147079468,0.01914077252149582,9.806415557861328,2.9369566440582275,-7.767831802368164,-70.4049301147461,-0.00005705207149730995,-0.002588957780972123,0.00826871395111084,-0.0036630036775022745
25.420000076293945,37,0.03021528758108616,0.017720110714435577,9.805545806884766,2.598587989807129,-7.700159549713135,-72.12852478027344,-0.0024095140397548676,-0.002588957780972123,0.007648777682334185,-0.0036630036775022745
25.43000030517578,38,0.021232951432466507,0.016932131722569466,9.801424980163574,2.5121893882751465,-7.7237701416015625,-73.56395721435547,-0.005089613609015942,-0.002588957780972123,0.007801216095685959,-0.0033382803667336702
25.440000534057617,39,0.04061222821474075,0.004525784868746996,9.809080123901367,2.649928569793701,-7.851806640625,-74.27196502685547,-0.006207295227795839,-0.002588957780972123,0.007521795574575663,-0.0034645686391741037
25.450000762939453,40,0.03963787853717804,0.010994110256433487,9.806131362915039,2.792180299758911,-7.752654075622559,-74.81829071044922,-0.0019318339182063937,-0.0029675080440938473,0.009063849225640297,-0.0036630036775022745
25.459999084472656,41,0.03905627876520157,0.016424834728240967,9.814213752746582,2.1624608039855957,-8.553961753845215,-75.26250457763672,0.0002984377206303179,-0.0041310107335448265,0.010130617767572403,-0.0036630036775022745
25.469999313354492,42,0.06094152852892876,0.003894251538440585,9.784406661987305,2.0672266483306885,-8.372868537902832,-75.61247253417969,-0.000865065143443644,-0.005042945500463247,0.008055180311203003,-0.0033377695363014936
25.479999542236328,42,0.04090418666601181,0.011415132321417332,9.817113876342773,2.196729898452759,-8.3463134765625,-76.49376678466797,-0.002780876588076353,-0.005042945500463247,0.006703600287437439,-0.0034650794696062803
25.489999771118164,42,0.03905627876520157,0.016635345295071602,9.820089340209961,2.3662140369415283,-8.421507835388184,-77.41596221923828,-0.0069787707179784775,-0.005167531780898571,0.004252008628100157,-0.0033375141210854053
25.5,43,0.025289079174399376,0.016932131722569466,9.815471649169922,2.519447088241577,-8.373430252075195,-77.80909729003906,0.001473920070566237,-0.006208844017237425,0.001250260858796537,-0.0034653348848223686
25.510000228881836,43,0.024604368954896927,0.021558772772550583,9.810551643371582,2.939260244369507,-8.551499366760254,-77.92015838623047,-0.005507097113877535,-0.005045341327786446,0.007067774888128042,-0.003337258705869317
25.520000457763672,43,0.02933477982878685,0.03110884316265583,9.805633544921875,2.7787692546844482,-8.6475191116333,-77.6218490600586,-0.007843686267733574,-0.006204052362591028,0.00243532657623291,-0.003465590300038457
25.530000686645508,44,0.01998286321759224,0.0171426422894001,9.805819511413574,2.786027193069458,-8.490920066833496,-77.90145874023438,-0.007975460030138493,-0.007367555517703295,0.008757474832236767,-0.0033370032906532288
25.540000915527344,45,0.03423897549510002,0.03128139302134514,9.830038070678711,2.8909804821014404,-8.468433380126953,-78.50758361816406,-0.003838960314169526,-0.008531058207154274,0.009533742442727089,-0.0034658454824239016
25.549999237060547,45,0.03404317796230316,0.030309362336993217,9.837905883789062,2.8772852420806885,-8.735536575317383,-79.02326202392578,0.0017856848426163197,-0.00969456136226654,0.007592474576085806,-0.0036630036775022745
25.559999465942383,46,0.029155202209949493,0.008159688673913479,9.800697326660156,2.457472324371338,-9.002638816833496,-79.02326202392578,-0.0014682298060506582,-0.006322349421679974,0.006172611843794584,-0.0036630036775022745
25.56999969482422,46,0.025615794584155083,0.020710976794362068,9.802733421325684,2.4550740718841553,-9.004164695739746,-80.01704406738281,-0.007285743951797485,0.000018965867639053613,0.005009109154343605,-0.003336492460221052
25.579999923706055,46,0.03946409374475479,0.008580710738897324,9.826912879943848,2.1349759101867676,-9.139938354492188,-80.4238052368164,-0.007642132230103016,-0.0031421079766005278,0.00696624955162406,-0.0031397175043821335
25.59000015258789,46,0.04291660711169243,0.021240130066871643,9.796331405639648,1.9379440546035767,-9.31800651550293,-80.05657958984375,-0.00531512638553977,-0.006986609194427729,0.005440069362521172,-0.0031397175043821335
25.600000381469727,46,0.034788135439157486,0.01747738942503929,9.801249504089355,1.8124797344207764,-9.336423873901367,-79.99787902832031,-0.006907193921506405,-0.007496933452785015,0.0033987730275839567,-0.0031397175043821335
25.610000610351562,46,0.04091577231884003,0.0235615037381649,9.806169509887695,1.455998420715332,-9.028042793273926,-81.72945404052734,-0.006843702867627144,-0.005727869924157858,0.004578148480504751,-0.0031397175043821335
25.6200008392334,47,0.05005567520856857,0.034007683396339417,9.809003829956055,1.9807648658752441,-9.384180068969727,-81.28523254394531,-0.0027158879674971104,-0.003289754968136549,0.005852760747075081,-0.0031397175043821335
25.6299991607666,47,0.03246637433767319,0.02095944993197918,9.80146312713623,1.804243803024292,-9.889045715332031,-81.1192855834961,-0.0038524374831467867,-0.003977075219154358,0.009091701358556747,-0.0028124400414526463
25.639999389648438,47,0.045363496989011765,0.016932131722569466,9.80638313293457,1.55271577835083,-9.724817276000977,-81.47732543945312,-0.008004809729754925,-0.0062699392437934875,0.01324407383799553,-0.0029438361525535583
25.649999618530273,47,0.033031754195690155,0.017828240990638733,9.810393333435059,1.4208141565322876,-9.399357795715332,-82.14366149902344,-0.005185748916119337,-0.0062699392437934875,0.009082118049263954,-0.0031397175043821335
25.65999984741211,47,0.04674450308084488,0.018816377967596054,9.80941390991211,1.3767943382263184,-9.564977645874023,-82.74788665771484,-0.0045667109079658985,-0.0059977066703140736,0.004897999577224255,-0.0031397175043821335
25.670000076293945,47,0.038012415170669556,0.00840240903198719,9.804494857788086,1.0619345903396606,-9.654012680053711,-82.97000122070312,-0.004477764014154673,-0.004625461995601654,0.004809052217751741,-0.0031397175043821335
25.68000030517578,47,0.032009903341531754,0.012149045243859291,9.802940368652344,0.9376693964004517,-9.662203788757324,-83.2929458618164,0.00003249422297812998,-0.0031699605751782656,0.00015354342758655548,-0.0031397175043821335
25.690000534057617,46,0.024604368954896927,0.010972253978252411,9.810393333435059,1.258524775505066,-9.421388626098633,-84.9027099609375,-0.004212718456983566,-0.007006375584751368,0.0034805326722562313,-0.0031397175043821335
25.700000762939453,46,0.024604368954896927,0.009859881363809109,9.80912971496582,1.4101799726486206,-9.500465393066406,-85.24849700927734,-0.0031405591871589422,-0.0001532387250335887,0.004698841366916895,-0.0031397175043821335
25.709999084472656,46,0.03123714029788971,0.012980736792087555,9.802875518798828,1.117629885673523,-9.972297668457031,-83.76885223388672,-0.00779457064345479,-0.0013167415745556355,0.0093528525903821,-0.0031397175043821335
25.719999313354492,45,0.04310198128223419,0.00397017365321517,9.801474571228027,0.9077233672142029,-9.883262634277344,-84.21307373046875,-0.009093740954995155,-0.001361963921226561,0.003942340146750212,-0.0031397175043821335
25.729999542236328,45,0.029421672224998474,0.01756826601922512,9.812287330627441,1.5212866067886353,-9.968871116638184,-84.22161865234375,-0.003928506746888161,-0.0034715430811047554,0.007617930416017771,-0.0034682718105614185
25.739999771118164,44,0.03557595610618591,0.03320934996008873,9.802449226379395,1.4435656070709229,-10.191268920898438,-85.13654327392578,-0.00009358939132653177,-0.005798548460006714,0.009298047050833702,-0.0036630036775022745
25.75,44,0.045472402125597,0.016932131722569466,9.802328109741211,1.1829811334609985,-9.905856132507324,-84.86494445800781,-0.0003143104841001332,-0.004414324648678303,0.00396689772605896,-0.003334194188937545
25.760000228881836,44,0.04073619470000267,0.011928181163966656,9.81017017364502,1.152751088142395,-9.536415100097656,-84.30816650390625,-0.000613496929872781,-0.002087318804115057,-0.0012854865053668618,-0.0031397175043821335
25.770000457763672,43,0.04212299361824989,0.0043210252188146114,9.804221153259277,1.538862943649292,-10.177214622497559,-86.410400390625,-0.0030159729067236185,-0.001361963921226561,0.005272057373076677,-0.002810652367770672
25.780000686645508,43,0.0445200614631176,0.005557633936405182,9.810393333435059,1.3289563655853271,-9.553976058959961,-86.410400390625,-0.0035571439657360315,0.00011270480172242969,0.007321739103645086,-0.0029456238262355328
25.790000915527344,43,0.05350819230079651,0.010096849873661995,9.808489799499512,1.4640134572982788,-9.589178085327148,-86.410400390625,-0.0030674845911562443,-0.0002556628896854818,0.0051789176650345325,-0.0028103969525545835
25.799999237060547,44,0.041732560843229294,0.02171521820127964,9.801595687866211,1.2405381202697754,-9.767245292663574,-86.017333984375,-0.0012364276917651296,-0.0056344298645854,0.007677529007196426,-0.0032753273844718933
25.809999465942383,44,0.026637645438313484,0.01969638280570507,9.797895431518555,0.8661018013954163,-9.881549835205078,-85.7486801147461,-0.0010270869825035334,-0.005576030351221561,0.009120152331888676,-0.00333342794328928
25.81999969482422,44,0.029421672224998474,0.014843125827610493,9.811284065246582,0.7744017839431763,-9.859064102172852,-86.17887115478516,-0.0040342253632843494,-0.001585080986842513,0.004179532639682293,-0.0031397175043821335
25.829999923706055,45,0.03377091512084007,0.020785748958587646,9.80961799621582,0.7744017839431763,-9.68099594116211,-86.51204681396484,-0.005941351875662804,-0.003815951757133007,0.003496705088764429,-0.002809886122122407
25.84000015258789,45,0.027829807251691818,0.024593353271484375,9.802299499511719,1.3376656770706177,-9.821479797363281,-85.35517883300781,-0.006392078008502722,-0.004172340035438538,0.010047960095107555,-0.0029463900718837976
25.850000381469727,45,0.012653795070946217,0.014632615260779858,9.808249473571777,1.411000370979309,-9.99954891204834,-85.12638854980469,-0.004935678094625473,-0.004750048276036978,0.00918543990701437,-0.0031397175043821335
25.860000610351562,45,0.022085653617978096,0.00977935828268528,9.798295974731445,1.1558749675750732,-10.139256477355957,-85.69879150390625,-0.0030674845911562443,-0.004504170268774033,0.011758324690163136,-0.0031397175043821335
25.8700008392334,46,0.029324352741241455,0.017125386744737625,9.80821418762207,0.8619049191474915,-10.121963500976562,-86.52091979980469,-0.0032333997078239918,-0.006833272520452738,0.010428906418383121,-0.0031397175043821335
25.8799991607666,46,0.0372442901134491,0.016458194702863693,9.804824829101562,0.6519984006881714,-9.676793098449707,-87.07620239257812,-0.004192054271697998,-0.0027938061393797398,0.007999476045370102,-0.0031397175043821335
25.889999389648438,46,0.04609223082661629,0.01510655228048563,9.806693077087402,1.0511741638183594,-9.834436416625977,-86.87957000732422,-0.003145350841805339,-0.004926146008074284,0.004937232472002506,-0.002809119876474142
25.899999618530273,46,0.043873582035303116,0.02171521820127964,9.806657791137695,1.0850646495819092,-10.012504577636719,-87.14749145507812,-0.005472356919199228,-0.0014356373576447368,0.01424525585025549,-0.002616431098431349
25.90999984741211,46,0.03839358314871788,0.02171521820127964,9.806879997253418,0.9801114201545715,-9.92154312133789,-87.14427947998047,-0.004382527433335781,-0.0104735242202878,0.0098859379068017,-0.002947283908724785
25.920000076293945,46,0.0398603193461895,0.010552381165325642,9.806756019592285,1.0177885293960571,-9.734801292419434,-86.63969421386719,-0.0064453864470124245,-0.005800644867122173,0.005231926683336496,-0.0031397175043821335
25.93000030517578,48,0.043873582035303116,0.0054437508806586266,9.800697326660156,1.3914361000061035,-9.976982116699219,-86.04885864257812,-0.0037125772796571255,-0.004030982498079538,0.0026018409989774227,-0.002808609278872609
25.940000534057617,47,0.040921565145254135,0.007365958299487829,9.800697326660156,0.6567632555961609,-9.620844841003418,-87.27046203613281,-0.00496442848816514,-0.0076098390854895115,0.004068722948431969,-0.0029476669151335955
25.950000762939453,47,0.04510166123509407,0.013368398882448673,9.803739547729492,0.93994140625,-9.98426342010498,-86.96627807617188,-0.004636491183191538,-0.00518400315195322,0.008165691047906876,-0.0031397175043821335
25.959999084472656,47,0.03631743788719177,0.013860741630196571,9.824224472045898,0.7388073205947876,-10.10793685913086,-87.32408142089844,-0.005937458481639624,-0.006280421745032072,0.006247782614082098,-0.0028082262724637985
25.969999313354492,47,0.03574974089860916,0.012149045243859291,9.802791595458984,0.5104092955589294,-10.05257797241211,-87.59280395507812,-0.0037164706736803055,-0.002948940033093095,0.0023517701774835587,-0.0029480501543730497
25.979999542236328,47,0.035821571946144104,0.021784238517284393,9.802430152893066,1.1267493963241577,-10.13026237487793,-86.44796752929688,-0.002534998580813408,-0.0008294779690913856,0.002333801006898284,-0.0031397175043821335
25.989999771118164,48,0.04415511339902878,0.016652600839734077,9.803740501403809,0.8118895888328552,-9.417988777160645,-86.78113555908203,-0.00496053509414196,-0.005779081955552101,0.005291823763400316,-0.0031397175043821335
26,48,0.03181063011288643,0.018853189423680305,9.80749225616455,0.9593164324760437,-9.960652351379395,-86.62513732910156,-0.001640733564272523,-0.008815869688987732,0.005377177149057388,-0.0031397175043821335
26.010000228881836,48,0.03149781748652458,0.02171521820127964,9.79998779296875,0.8967105150222778,-9.92159652709961,-86.25885009765625,-0.00024183520872611552,-0.006488863844424486,0.005918947048485279,-0.002807587618008256
26.020000457763672,48,0.03775637224316597,0.025207629427313805,9.813549041748047,1.0809940099716187,-9.736515045166016,-86.4171142578125,-0.0049862912856042385,-0.0037213140167295933,0.007771567441523075,-0.0029486885759979486
26.030000686645508,48,0.02470400556921959,0.012247973121702671,9.816478729248047,1.4652125835418701,-9.947616577148438,-87.49901580810547,-0.0007093324675224721,-0.0028701750561594963,0.005002819932997227,-0.0031397175043821335
26.040000915527344,48,0.02344580553472042,0.007365958299487829,9.789466857910156,0.31072673201560974,-10.303752899169922,-88.94273376464844,0.0002726820239331573,-0.005642815958708525,0.008047693409025669,-0.0031397175043821335
26.049999237060547,48,0.020874956622719765,0.01477180514484644,9.818838119506836,0.5575530529022217,-9.980595588684082,-86.89131927490234,-0.0040444075129926205,-0.003315810114145279,0.012691223062574863,-0.0031397175043821335
26.059999465942383,48,0.03498740866780281,0.020705224946141243,9.814488410949707,0.645119309425354,-9.688732147216797,-87.47614288330078,-0.0030674845911562443,-0.001175384153611958,0.005479601211845875,-0.002806949196383357
26.06999969482422,48,0.03131476417183876,0.02171521820127964,9.8220796585083,0.5422486662864685,-9.770699501037598,-88.81541442871094,-0.0030674845911562443,-0.000627324974630028,0.003768039168789983,-0.0029493269976228476
26.079999923706055,48,0.0412459634244442,0.017801783978939056,9.80907154083252,0.549190878868103,-10.123891830444336,-89.24127197265625,-0.0030674845911562443,-0.005102543160319328,0.007139352150261402,-0.0031397175043821335
26.09000015258789,47,0.03986147791147232,0.008964922279119492,9.82573413848877,1.1678029298782349,-10.198790550231934,-88.057861328125,-0.0030674845911562443,-0.0062660458497703075,0.008302855305373669,-0.0031397175043821335
26.100000381469727,47,0.0472218319773674,0.027634834870696068,9.788697242736816,1.3777095079421997,-9.753620147705078,-88.27997589111328,-0.0030674845911562443,-0.005110329948365688,0.014104796573519707,-0.0031397175043821335
26.110000610351562,47,0.04869088903069496,0.01478560920804739,9.81474494934082,1.2540123462677002,-9.520702362060547,-88.14908599853516,-0.0041636028327047825,-0.0061390637420117855,0.007865007035434246,-0.0031397175043821335
26.1200008392334,47,0.0444667674601078,0.007954929023981094,9.798834800720215,1.103177547454834,-9.79364013671875,-88.11449432373047,-0.0011965959565714002,-0.00523731205612421,0.009145009331405163,-0.0031397175043821335
26.1299991607666,47,0.039578791707754135,0.007365958299487829,9.826105117797852,0.9634817242622375,-10.151623725891113,-88.299072265625,-0.0015826334711164236,-0.0011663995683193207,0.004688060376793146,-0.00280605535954237
26.139999389648438,46,0.03469081595540047,0.007365958299487829,9.820999145507812,0.7535752058029175,-9.982389450073242,-88.52204895019531,0.0008764456142671406,-0.0028519064653664827,0.0033987730275839567,-0.002616431098431349
26.149999618530273,46,0.020930567756295204,0.01617521233856678,9.806696891784668,0.5436686873435974,-9.893355369567871,-87.74466705322266,0.00015618196630384773,-0.008868878707289696,0.0033987730275839567,-0.0029503486584872007
26.15999984741211,46,0.024293873459100723,0.01245733443647623,9.819151878356934,0.6979115009307861,-9.727091789245605,-88.21957397460938,-0.0029494871851056814,-0.00494860764592886,0.011185407638549805,-0.002471627201884985
26.170000076293945,46,0.020026888698339462,0.007604077458381653,9.783236503601074,0.6409855484962463,-9.662203788757324,-87.26241302490234,-0.0021489611826837063,-0.003507481189444661,0.012092850171029568,-0.0027614906430244446
26.18000030517578,46,0.024435218423604965,0.011981096118688583,9.814050674438477,0.43107903003692627,-9.662203788757324,-86.67491912841797,-0.002568541094660759,-0.005042945500463247,0.009533742442727089,-0.002805416937917471
26.190000534057617,46,0.024604368954896927,0.012149045243859291,9.815241813659668,0.2572718560695648,-9.662203788757324,-87.70199584960938,-0.006059049628674984,-0.005042945500463247,0.008945551700890064,-0.0029508594889193773
26.200000762939453,46,0.03888712823390961,0.0074361287988722324,9.800996780395508,0.2572718560695648,-9.662203788757324,-87.25777435302734,-0.008500159718096256,-0.004518246278166771,0.005683251656591892,-0.0028051615227013826
26.209999084472656,46,0.02964875102043152,0.01203631330281496,9.824366569519043,0.1585981249809265,-9.745911598205566,-87.64883422851562,-0.006896412465721369,-0.00519957672804594,0.0040166121907532215,-0.002616431098431349
26.219999313354492,46,0.039424702525138855,0.007914667017757893,9.801253318786621,0.2766784131526947,-9.645740509033203,-87.54238891601562,-0.004260636400431395,-0.0043151951394975185,0.006284319795668125,-0.002616431098431349
26.229999542236328,46,0.048436008393764496,0.02171521820127964,9.813959121704102,0.33653903007507324,-9.637389183044434,-87.26215362548828,-0.005745787173509598,0.0009821124840527773,0.0059626721777021885,-0.002616431098431349
26.239999771118164,46,0.04452469199895859,0.0213919747620821,9.793294906616211,0.28295794129371643,-9.706506729125977,-87.39337158203125,-0.0046918960288167,-0.003401163499802351,0.00899227149784565,-0.002616431098431349
26.25,46,0.05430065095424652,0.01614530384540558,9.823342323303223,0.3906249701976776,-9.444008827209473,-88.5790786743164,-0.010014958679676056,-0.006891672033816576,0.006458021700382233,-0.002616431098431349
26.260000228881836,46,0.06174209713935852,0.008756712079048157,9.805076599121094,0.7054848074913025,-9.533042907714844,-87.02430725097656,-0.007256693672388792,-0.008657141588628292,0.004405045881867409,-0.002616431098431349
26.270000457763672,46,0.047615744173526764,0.01958019845187664,9.800697326660156,1.2662873268127441,-9.969807624816895,-87.55146789550781,-0.002322064246982336,0.001332810497842729,0.011345633305609226,-0.002951880916953087
26.280000686645508,46,0.0384480319917202,0.004998571705073118,9.79947280883789,1.43479323387146,-10.161662101745605,-87.68596649169922,-0.00920245423913002,0.004689149092882872,0.002205321565270424,-0.0028041398618370295
26.290000915527344,46,0.03423897549510002,0.02171521820127964,9.794418334960938,1.258209228515625,-9.903018951416016,-87.30171203613281,-0.00920245423913002,-0.0011283648200333118,0.00453232740983367,-0.002280726097524166
26.299999237060547,46,0.03423897549510002,0.01948242075741291,9.813733100891113,1.162249207496643,-9.333184242248535,-87.42866516113281,-0.0025017557200044394,-0.001361963921226561,0.010209682397544384,-0.002764810575172305
26.309999465942383,46,0.03587950021028519,0.01062370277941227,9.805545806884766,1.162249207496643,-9.333184242248535,-86.54022216796875,-0.0039470745250582695,-0.0034685481805354357,0.007600860204547644,-0.0031397175043821335
26.31999969482422,46,0.038527972996234894,0.023844486102461815,9.803752899169922,0.8037798404693604,-9.637282371520996,-86.97936248779297,-0.0023148765321820974,-0.0008465486462228,0.004110351670533419,-0.0028036292642354965
26.329999923706055,46,0.014969762414693832,0.014058598317205906,9.801656723022461,0.5145430564880371,-9.66110610961914,-87.3693618774414,-0.0027668008115142584,-0.007545449770987034,0.004325082991272211,-0.0029526471626013517
26.34000015258789,46,0.01806659996509552,0.019665323197841644,9.818704605102539,0.30463650822639465,-9.691515922546387,-87.37477111816406,-0.0004790277744177729,-0.009950920939445496,0.004625767003744841,-0.0031397175043821335
26.350000381469727,46,0.029421672224998474,0.013244162313640118,9.79695987701416,0.1945081651210785,-9.934793472290039,-87.14718627929688,-0.0009851589566096663,-0.007552937138825655,0.0030271110590547323,-0.0031397175043821335
26.360000610351562,46,0.03059529699385166,0.018097419291734695,9.804241180419922,0.614321231842041,-9.578657150268555,-87.4803466796875,-0.0047838385216891766,-0.004798265639692545,0.0014359421329572797,-0.0031397175043821335
26.3700008392334,46,0.03672756627202034,0.019244302064180374,9.811485290527344,1.1313880681991577,-9.882540702819824,-86.372802734375,-0.00338673684746027,-0.005832989700138569,0.0009447852498851717,-0.0031397175043821335
26.3799991607666,46,0.043873582035303116,0.013454673811793327,9.800697326660156,1.3644561767578125,-9.867496490478516,-85.92284393310547,-0.002440061653032899,-0.0044526588171720505,0.0009447852498851717,-0.0028028630185872316
26.389999389648438,45,0.04525922238826752,0.01830793172121048,9.803485870361328,1.177837610244751,-9.813101768493652,-85.81178283691406,-0.005385206080973148,-0.0024526917841285467,0.0025808769278228283,-0.002953413175418973
26.399999618530273,45,0.04869088903069496,0.017377309501171112,9.813323974609375,0.8229339718818665,-9.7786226272583,-85.8804702758789,-0.0033753563184291124,-0.0023703330662101507,0.005589512642472982,-0.0028026076033711433
26.40999984741211,45,0.05174485966563225,0.013430516235530376,9.815479278564453,1.0328404903411865,-9.333452224731445,-86.54679870605469,0.0005853452603332698,-0.00013497007603291422,0.007498136255890131,-0.0029536685906350613
26.420000076293945,44,0.051934864372015,0.023325683549046516,9.803937911987305,0.9280765652656555,-9.51114559173584,-86.88016510009766,-0.0025502725038677454,-0.0019094242015853524,0.00653229421004653,-0.0031397175043821335
26.43000030517578,44,0.03905627876520157,0.015275651589035988,9.807413101196289,1.2259279489517212,-9.552530288696289,-87.29857635498047,-0.0054600778967142105,-0.006561339367181063,0.002171779051423073,-0.0028022245969623327
26.440000534057617,43,0.03905627876520157,0.01042239461094141,9.814839363098145,1.4208141565322876,-9.886448860168457,-87.14778900146484,-0.008518727496266365,-0.007496933452785015,0.0037671406753361225,-0.0029540518298745155
26.450000762939453,43,0.035436928272247314,0.005569137167185545,9.80372428894043,1.2932040691375732,-10.07667064666748,-85.87382507324219,-0.004699383396655321,-0.006839262321591377,0.01059631910175085,-0.0031397175043821335
26.459999084472656,43,0.029421672224998474,0.010050836019217968,9.800697326660156,0.9188308715820312,-9.346033096313477,-83.48096466064453,0.0007144237169995904,-0.0028917379677295685,0.009230962023139,-0.002801841590553522
26.469999313354492,42,0.027470653876662254,0.01977805607020855,9.808550834655762,1.1287373304367065,-9.524101257324219,-84.59151458740234,0.0016533121233806014,-0.0061201960779726505,0.005852760747075081,-0.002954434836283326
26.479999542236328,42,0.026626059785485268,0.016932131722569466,9.818055152893066,0.9858545064926147,-9.103611946105957,-85.6087417602539,-0.0041642021387815475,-0.0014661848545074463,0.005852760747075081,-0.002801586175337434
26.489999771118164,42,0.027329307049512863,0.019009634852409363,9.806818962097168,1.1591567993164062,-9.165395736694336,-85.3241958618164,-0.005431926343590021,-0.003636859357357025,0.00812765583395958,-0.002616431098431349
26.5,42,0.024604368954896927,0.019567545503377914,9.806734085083008,1.5789698362350464,-9.409316062927246,-84.54834747314453,-0.008743342012166977,-0.004889908246695995,0.006158835254609585,-0.0029548178426921368
26.510000228881836,43,0.024604368954896927,0.021367818117141724,9.811097145080566,1.9227343797683716,-9.371891975402832,-84.43888854980469,-0.006171057466417551,-0.0010010834084823728,0.006863226182758808,-0.0031397175043821335
26.520000457763672,43,0.0361262746155262,0.02192227728664875,9.803016662597656,1.8177810907363892,-9.638995170593262,-84.9941635131836,-0.0045744976960122585,-0.00013497007603291422,0.010867653414607048,-0.0031397175043821335
26.530000686645508,43,0.04394078254699707,0.019290314987301826,9.803155899047852,1.616994023323059,-9.33701229095459,-85.1438217163086,-0.005177962128072977,-0.0045523876324296,0.008453796617686749,-0.0031397175043821335
26.540000915527344,43,0.04639345780014992,0.01928686536848545,9.800697326660156,1.2640784978866577,-9.344829559326172,-84.95222473144531,-0.001421509892679751,-0.005449946969747543,0.006259762216359377,-0.0031397175043821335
26.549999237060547,44,0.048475395888090134,0.011935083195567131,9.810827255249023,0.8442654609680176,-9.402837753295898,-84.61906433105469,-0.00014300453767646104,-0.0035299425944685936,0.008122265338897705,-0.0031397175043821335
26.559999465942383,44,0.046460654586553574,0.004797263536602259,9.804468154907227,0.607221245765686,-9.333184242248535,-84.31007385253906,-0.0019995179027318954,-0.0039749788120388985,0.008840731345117092,-0.0031397175043821335
26.56999969482422,45,0.04603314399719238,0.01577719673514366,9.809724807739258,1.0270342826843262,-9.333184242248535,-84.08795928955078,-0.003697003936395049,-0.003783906577154994,0.004529631696641445,-0.0031397175043821335
26.579999923706055,45,0.038416750729084015,0.023789269849658012,9.81395435333252,0.6190860867500305,-9.772064208984375,-84.52276611328125,-0.0025963932275772095,-0.0037210145965218544,0.0015108135994523764,-0.0028003090992569923
26.59000015258789,46,0.04543532803654671,0.013377601280808449,9.805545806884766,0.7532596588134766,-9.411591529846191,-84.12957000732422,-0.00011095953959738836,-0.0035353333223611116,0.002171779051423073,-0.002616431098431349
26.600000381469727,46,0.047768671065568924,0.015914086252450943,9.817097663879395,1.1229311227798462,-9.067339897155762,-83.57923126220703,0.0001744505570968613,-0.004874335136264563,0.0017327327514067292,-0.0029560949187725782
26.610000610351562,46,0.035052284598350525,0.018795670941472054,9.810141563415527,1.3903316259384155,-9.055882453918457,-83.39305114746094,-0.0032423846423625946,-0.011929025873541832,0.0009447852498851717,-0.0027999260928481817
26.6200008392334,46,0.03845498338341713,0.01394241489470005,9.803728103637695,1.3099915981292725,-9.218291282653809,-83.71356201171875,-0.008578325621783733,-0.0120715806260705,0.001256849616765976,-0.002956350101158023
26.6299991607666,46,0.0346282534301281,0.021328706294298172,9.805545806884766,1.6248513460159302,-9.129257202148438,-82.0477294921875,-0.006002746522426605,-0.006254066713154316,0.003911792300641537,-0.0027996706776320934
26.639999389648438,46,0.03572656959295273,0.023368246853351593,9.808717727661133,1.4190469980239868,-8.892992973327637,-81.48377227783203,-0.002697319956496358,-0.0017321285558864474,0.01113090105354786,-0.002616431098431349
26.649999618530273,46,0.03583315759897232,0.01851499080657959,9.800662994384766,1.3539798259735107,-8.83779525756836,-81.01844787597656,-0.0009782707784324884,-0.003815951757133007,0.012971541844308376,-0.002616431098431349
26.65999984741211,46,0.03753276914358139,0.020202530547976494,9.80247974395752,1.5732898712158203,-8.894492149353027,-80.54383850097656,-0.004120177589356899,-0.00387405208311975,0.010528335347771645,-0.002616431098431349
26.670000076293945,46,0.03232734650373459,0.018374649807810783,9.805545806884766,1.8965749740600586,-8.894492149353027,-80.26904296875,-0.0006296691135503352,-0.005037554539740086,0.005874323658645153,-0.0029569887556135654
26.68000030517578,46,0.025986535474658012,0.010110653936862946,9.79863166809082,1.5817151069641113,-8.894492149353027,-80.38009643554688,-0.002929721027612686,-0.0027267213445156813,0.00816898513585329,-0.0027990322560071945
26.690000534057617,46,0.038627609610557556,0.017808685079216957,9.79937744140625,1.8333379030227661,-8.974584579467773,-79.99163818359375,0.004594862461090088,-0.004778199829161167,0.01159061212092638,-0.002616431098431349
26.700000762939453,46,0.05817951634526253,0.007510900031775236,9.811495780944824,1.6576058864593506,-9.063618659973145,-79.54741668701172,0.0024280822835862637,-0.0019495552405714989,0.007863209582865238,-0.002616431098431349
26.709999084472656,45,0.04490702226758003,0.009825371205806732,9.807901382446289,1.6038354635238647,-9.113838195800781,-79.05477905273438,-0.002997704315930605,-0.001361963921226561,0.006112115457653999,-0.0022753628436475992
26.719999313354492,45,0.05392759293317795,0.008457625284790993,9.813029289245605,1.9379440546035767,-9.113838195800781,-78.70355224609375,-0.0015820343978703022,-0.003170260228216648,0.00856520514935255,-0.0024343407712876797
26.729999542236328,44,0.04695999249815941,0.022412320598959923,9.834305763244629,1.9379440546035767,-9.113838195800781,-79.14776611328125,-0.000613496929872781,-0.006337922997772694,0.007011771202087402,-0.002616431098431349
26.739999771118164,44,0.043873582035303116,0.015003022737801075,9.823945999145508,1.8358938694000244,-9.200409889221191,-77.8642578125,-0.0021678288467228413,-0.009051265195012093,0.00662992661818862,-0.002616431098431349
26.75,43,0.0360138937830925,0.016050975769758224,9.80822467803955,2.1195454597473145,-9.091646194458008,-77.68295288085938,-0.0016401346074417233,-0.006382545921951532,0.007079754490405321,-0.002616431098431349
26.760000228881836,42,0.0382394939661026,0.008987928740680218,9.813597679138184,2.112224578857422,-8.958871841430664,-76.94463348388672,0.0006868710042908788,-0.005116319749504328,0.007729938253760338,-0.002958138007670641
26.770000457763672,42,0.03498509153723717,0.015450501814484596,9.802949905395508,1.9249117374420166,-8.869837760925293,-75.37106323242188,0.0006671049632132053,-0.008030017837882042,0.008893441408872604,-0.002797883003950119
26.780000686645508,41,0.02595525234937668,0.021044572815299034,9.817370414733887,2.3163249492645264,-8.784818649291992,-74.12855529785156,-0.0037527084350585938,-0.007858113385736942,0.009533742442727089,-0.0029583931900560856
26.790000915527344,40,0.016179300844669342,0.025897830724716187,9.811610221862793,2.1064183712005615,-8.784818649291992,-74.79488372802734,-0.007515748962759972,-0.005042945500463247,0.008154609240591526,-0.0027976275887340307
26.799999237060547,39,0.02353617362678051,0.017992738634347916,9.806083679199219,2.494013547897339,-8.712408065795898,-74.01609802246094,-0.0051635866984725,-0.005835385527461767,0.0066452003084123135,-0.002616431098431349
26.809999465942383,37,0.011542733758687973,0.02125508524477482,9.796782493591309,2.774667263031006,-8.675145149230957,-72.7763900756836,-0.001507762004621327,-0.007496933452785015,0.008306748233735561,-0.002616431098431349
26.81999969482422,36,0.023426109924912453,0.02171521820127964,9.813660621643066,2.9530181884765625,-8.706277847290039,-71.87088775634766,-0.001151972683146596,-0.008035409264266491,0.008306748233735561,-0.002958904020488262
26.829999923706055,34,0.03359481319785118,0.008325336501002312,9.810717582702637,3.2183992862701416,-8.753337860107422,-71.6027603149414,-0.0045077125541865826,-0.009333680383861065,0.007895254530012608,-0.002797116991132498
26.84000015258789,33,0.04337076470255852,0.016432886943221092,9.81498908996582,3.113445997238159,-8.486235618591309,-70.15904235839844,-0.010802906937897205,-0.005558660253882408,0.005710504949092865,-0.002616431098431349
26.850000381469727,32,0.03923701494932175,0.012328497134149075,9.810575485229492,3.6594491004943848,-8.376910209655762,-70.38813018798828,-0.0039006543811410666,-0.0005287940730340779,0.005177120678126812,-0.002616431098431349
26.860000610351562,32,0.04847076162695885,0.007475240156054497,9.810393333435059,3.80851674079895,-8.462625503540039,-69.52452850341797,0.0018099432345479727,-0.006208844017237425,0.013214724138379097,-0.002616431098431349
26.8700008392334,34,0.04394425079226494,0.030961601063609123,9.805679321289062,3.7035634517669678,-8.640693664550781,-68.25123596191406,-0.0005170623771846294,-0.0015548327937722206,0.013214724138379097,-0.002616431098431349
26.8799991607666,36,0.04848698526620865,0.01225027535110712,9.819884300231934,3.638622522354126,-8.750875473022461,-67.51097869873047,-0.000613496929872781,-0.006938392296433449,0.006523010320961475,-0.002616431098431349
26.889999389648438,37,0.0392289012670517,0.016760732978582382,9.810914039611816,3.7435758113861084,-8.572807312011719,-67.3999252319336,0.001490092254243791,-0.006445138715207577,0.005852760747075081,-0.002616431098431349
26.899999618530273,38,0.043873582035303116,0.013115325942635536,9.822978973388672,4.15041971206665,-8.48010540008545,-65.69165802001953,-0.0031010268721729517,-0.0023167249746620655,-0.00007706087490078062,-0.002616431098431349
26.90999984741211,40,0.043873582035303116,0.02972269058227539,9.788049697875977,4.112427234649658,-8.326343536376953,-64.64141082763672,-0.0024448533076792955,0.001412473851814866,0.004039673134684563,-0.002616431098431349
26.920000076293945,40,0.042719654738903046,0.006602136883884668,9.812919616699219,4.006464004516602,-8.23645305633545,-63.479068756103516,0.000743473821785301,-0.0011262685293331742,0.00413011759519577,-0.002616431098431349
26.93000030517578,42,0.028511041775345802,-0.0017481344984844327,9.787528991699219,4.089391708374023,-8.16610336303711,-62.01204299926758,-0.00454215332865715,-0.002588957780972123,0.0026009425055235624,-0.0022725537419319153
26.940000534057617,42,0.01978706568479538,0.00519412849098444,9.801756858825684,4.390997886657715,-7.901811599731445,-60.80796813964844,-0.0028350837528705597,-0.004057636950165033,0.005109136924147606,-0.0020931449253112078
26.950000762939453,42,0.022173704579472542,0.026498304679989815,9.81219482421875,4.286045074462891,-7.723743438720703,-60.14163589477539,-0.00005735155718866736,-0.003701248439028859,0.005738057661801577,-0.0020931449253112078
26.959999084472656,42,0.03638695180416107,0.025835711508989334,9.820236206054688,4.265028953552246,-7.545674800872803,-58.67594909667969,-0.000613496929872781,-0.0044110300950706005,0.005233124364167452,-0.0020931449253112078
26.969999313354492,43,0.020525069907307625,0.02024969272315502,9.79397201538086,4.443853378295898,-7.418173789978027,-56.631675720214844,-0.00006963047781027853,-0.005726072937250137,0.0036772950552403927,-0.0020931449253112078
26.979999542236328,43,0.025413045659661293,0.012951977550983429,9.812834739685059,4.688155174255371,-7.508707046508789,-54.41150665283203,-0.0017883803229779005,-0.004562570247799158,0.0038270377553999424,-0.0020931449253112078
26.989999771118164,43,0.029421672224998474,0.016932131722569466,9.819628715515137,4.804058074951172,-7.842410564422607,-52.458858489990234,-0.005521472543478012,-0.005066604819148779,0.009140517562627792,-0.0020931449253112078
27,43,0.029421672224998474,0.016932131722569466,9.801586151123047,5.013964653015137,-7.219171524047852,-50.90408706665039,-0.005521472543478012,-0.007496933452785015,0.008640375919640064,-0.0020931449253112078
27.010000228881836,43,0.03350444883108139,0.01794557459652424,9.818775177001953,5.5901665687561035,-6.906668663024902,-49.25241470336914,-0.006391179747879505,-0.007207030896097422,0.0036886753514409065,-0.0020931449253112078
27.020000457763672,43,0.04650815576314926,0.01954798959195614,9.799144744873047,5.547440528869629,-6.525475978851318,-47.444278717041016,-0.008749631233513355,-0.006043527740985155,0.0057578240521252155,-0.0017481183167546988
27.030000686645508,43,0.04138035699725151,0.010995260439813137,9.806884765625,5.642611503601074,-6.298741340637207,-45.374698638916016,-0.006259705405682325,-0.0047171046026051044,0.01010905485600233,-0.0015698587521910667
27.040000915527344,43,0.049923598766326904,0.011037822812795639,9.795849800109863,6.426479339599609,-6.293173789978027,-43.140872955322266,-0.003266343381255865,-0.002390099223703146,0.006051619537174702,-0.0015698587521910667
27.049999237060547,43,0.04959804192185402,0.023009343072772026,9.798473358154297,6.951245307922363,-5.8480024337768555,-41.363990783691406,-0.005413657519966364,-0.0002068467001663521,0.008342686109244823,-0.0015698587521910667
27.059999465942383,43,0.04043033346533775,0.026498304679989815,9.804162979125977,7.079171180725098,-5.739480495452881,-37.382564544677734,-0.001923148985952139,-0.0025338523555547,0.00950618926435709,-0.0015698587521910667
27.06999969482422,43,0.04531830921769142,0.02362937293946743,9.803605079650879,7.6334099769592285,-5.396353721618652,-35.57132339477539,-0.0029764408245682716,-0.007132758852094412,0.009533742442727089,-0.001224193605594337
27.079999923706055,43,0.04414468631148338,0.01542749535292387,9.813443183898926,8.368083000183105,-5.122719764709473,-33.39910125732422,-0.0009225663379766047,-0.0032070965971797705,0.005243905819952488,-0.0010465724626556039
27.09000015258789,43,0.031066831201314926,0.012149045243859291,9.807319641113281,9.050311088562012,-4.922459602355957,-30.539012908935547,-0.000613496929872781,0.003464851062744856,0.0015988625818863511,-0.0010465724626556039
27.100000381469727,43,0.024604368954896927,0.010504068806767464,9.792976379394531,9.586437225341797,-4.394679069519043,-29.7115421295166,-0.001558974152430892,-0.006572720129042864,0.0009447852498851717,-0.0007005241932347417
27.110000610351562,44,0.019422119483351707,0.012511399574577808,9.815241813659668,10.740922927856445,-4.216610908508301,-26.157773971557617,-0.0027224768418818712,-0.00730496272444725,0.003590743523091078,-0.00017711029795464128
27.1200008392334,44,0.013748637400567532,0.019929900765419006,9.804384231567383,11.812891006469727,-4.038542747497559,-21.643543243408203,0.001024990575388074,-0.0038144541904330254,0.006262756884098053,0
27.1299991607666,44,0.023524587973952293,0.018787620589137077,9.79179573059082,12.86242389678955,-3.761749744415283,-17.360740661621094,-0.0014625394251197577,-0.004853969905525446,0.007079754490405321,0
27.139999389648438,44,0.03136110678315163,0.01786390133202076,9.810456275939941,13.878097534179688,-3.4343361854553223,-13.545463562011719,-0.0042944783344864845,-0.007652965374290943,0.007079754490405321,0
27.149999618530273,44,0.036249082535505295,0.020132360979914665,9.808754920959473,14.784558296203613,-3.1510651111602783,-9.8604736328125,-0.0017823902890086174,-0.004955794662237167,0.007707776501774788,0.0003466866910457611
27.15999984741211,44,0.036975499242544174,0.018885398283600807,9.798718452453613,15.309324264526367,-2.7058944702148438,-5.973542213439941,0.00004896595055470243,-0.0030555569101125,0.006048624403774738,0.0005232862313278019
27.170000076293945,45,0.027784625068306923,0.015399888157844543,9.810911178588867,16.375011444091797,-2.643120765686035,-2.1820056438446045,-0.0026176567189395428,-0.0045419055968523026,0.004901892971247435,0.0005232862313278019
27.18000030517578,45,0.024231310933828354,0.029075052589178085,9.807782173156738,17.397850036621094,-2.0288760662078857,1.7331745624542236,-0.0028961787465959787,-0.003815951757133007,0.007517303340137005,0.0008703559869900346
27.190000534057617,45,0.03630005940794945,0.02194528467953205,9.810393333435059,18.342430114746094,-1.225507378578186,6.433688163757324,0.001092375023290515,-0.003815951757133007,0.007932689972221851,0.0010465724626556039
27.200000762939453,45,0.04151011258363724,0.019278811290860176,9.803257942199707,19.21834373474121,-0.7349896430969238,12.13590145111084,0.000007636891496076714,-0.003815951757133007,0.007079754490405321,0.0010465724626556039
27.209999084472656,45,0.04149041697382927,0.012047815136611462,9.793399810791016,19.74310874938965,-0.46788710355758667,17.466550827026367,0.0010992632014676929,-0.004063027445226908,0.007079754490405321,0.0013940253993496299
27.219999313354492,45,0.041368767619132996,0.007556913886219263,9.798563957214355,21.636938095092773,-0.4496573209762573,23.6250057220459,-0.002942000050097704,-0.005226530134677887,0.0065289996564388275,0.001917439280077815
27.229999542236328,45,0.03905627876520157,0.012149045243859291,9.815913200378418,23.26374626159668,-0.2627016305923462,30.310489654541016,-0.009322548285126686,-0.005789563991129398,0.0033987730275839567,0.0020931449253112078
27.239999771118164,45,0.03905627876520157,0.014776406809687614,9.814285278320312,24.634828567504883,0.1711190789937973,37.19591522216797,-0.010203036479651928,-0.0017581838183104992,0.0032855672761797905,0.0024409808684140444
27.25,45,0.03905627876520157,0.02232719585299492,9.808279991149902,25.894268035888672,0.836439311504364,44.396270751953125,-0.005549025256186724,-0.009902703575789928,0.0009585616644471884,0.0029643948655575514
27.260000228881836,45,0.03905627876520157,0.01265979278832674,9.818809509277344,27.155126571655273,1.6369436979293823,52.605838775634766,-0.003208243055269122,-0.0030112327076494694,0.004414629191160202,0.0034878088627010584
27.270000457763672,45,0.03333992883563042,0.013934362679719925,9.804802894592285,28.72942543029785,2.2601828575134277,58.93598556518555,-0.0030674845911562443,-0.004775205161422491,0.003532643197104335,0.004359441809356213
27.280000686645508,45,0.026492826640605927,0.018807174637913704,9.802791595458984,30.79030990600586,2.6082353591918945,68.01212310791016,0.000021413205104181543,-0.007102211005985737,0.005458038300275803,0.0047095762565732
27.290000915527344,45,0.03360292315483093,0.01991034485399723,9.801338195800781,32.710487365722656,2.7308647632598877,77.5356216430664,-0.0013187862932682037,-0.00363236665725708,0.011649610474705696,0.005058050621300936
27.299999237060547,45,0.03598608821630478,0.018666835501790047,9.802029609680176,34.389739990234375,2.8134207725524902,86.8561782836914,-0.0009378401446156204,-0.006199560593813658,0.009604121558368206,0.005930066574364901
27.309999465942383,45,0.02481638640165329,0.02628779597580433,9.81818962097168,36.1014289855957,3.053004741668701,96.54422760009766,-0.0022918160539120436,-0.004979454446583986,0.0015934716211631894,0.006628164555877447
27.31999969482422,45,0.02299860119819641,0.01852649450302124,9.802313804626465,38.20049285888672,2.963970422744751,107.87185668945312,-0.008497164584696293,-0.0030402832198888063,-0.002284871181473136,0.007500436156988144
27.329999923706055,45,0.031168784946203232,0.012149045243859291,9.800910949707031,40.299560546875,3.0254859924316406,119.29338073730469,-0.00951990857720375,-0.004725490231066942,0.00153686897829175,0.008198278956115246
27.34000015258789,45,0.04094473645091057,0.015478109940886497,9.812294006347656,42.46303176879883,2.9506125450134277,132.435791015625,-0.005380713846534491,-0.00691862590610981,0.005274453666061163,0.0090708052739501
27.350000381469727,45,0.050720687955617905,0.013532896526157856,9.811796188354492,44.98765182495117,2.976525068283081,145.9723663330078,-0.0030674845911562443,-0.004570955876260996,0.003511978778988123,0.010117633268237114
27.360000610351562,45,0.05350819230079651,0.012149045243859291,9.810393333435059,47.98405838012695,3.1857259273529053,158.7604522705078,-0.004110893700271845,-0.005013895221054554,0.001466489746235311,0.011164461262524128
27.3700008392334,45,0.046378396451473236,0.015688620507717133,9.813981056213379,50.71284484863281,2.5624866485595703,173.53079223632812,-0.005063259042799473,-0.008576280437409878,0.0017135656671598554,0.012211289256811142
27.3799991607666,45,0.04023801162838936,0.016932131722569466,9.804265022277832,54.212589263916016,2.5115182399749756,189.93270874023438,-0.004689200781285763,-0.007059384137392044,0.003313119988888502,0.013258117251098156
27.389999389648438,45,0.03905627876520157,0.016932131722569466,9.808156967163086,57.92508316040039,2.144834518432617,207.31845092773438,-0.0038653153460472822,-0.00839269533753395,0.008969211019575596,0.014654695987701416
27.399999618530273,45,0.02394862286746502,0.02068221941590309,9.80659294128418,61.65568923950195,1.8939542770385742,225.74359130859375,-0.00018972430552821606,-0.007764673791825771,0.011028476990759373,0.016574816778302193
27.40999984741211,45,0.02748223766684532,0.006434188224375248,9.805545806884766,65.67979431152344,1.7647931575775146,245.52520751953125,-0.003680232912302017,-0.008519677445292473,0.010557984933257103,0.01866847276687622
27.420000076293945,44,0.029421672224998474,0.02981586754322052,9.801602363586426,70.92745208740234,0.8744515180587769,267.29205322265625,-0.006607708055526018,-0.007215416524559259,0.004384081810712814,0.021112263202667236
27.43000030517578,44,0.02543274126946926,0.01626148819923401,9.816754341125488,76.79915618896484,0.16057202219963074,292.58056640625,-0.005057868082076311,-0.0051202126778662205,0.011910463683307171,0.02372933365404606
27.440000534057617,44,0.020544765517115593,0.01617981307208538,9.803747177124023,83.31395721435547,-1.4979904890060425,318.9971923828125,0.0018129381351172924,-0.006256163120269775,0.010705631226301193,0.027047181501984596
27.450000762939453,44,0.032177891582250595,0.016932131722569466,9.813167572021484,90.4737548828125,-3.1750235557556152,347.6941833496094,-0.0005140675348229706,-0.005092659965157509,0.006051619537174702,0.030711079016327858
27.459999084472656,44,0.02583708055317402,0.01276102289557457,9.80678653717041,98.43363189697266,-4.599570274353027,378.5171813964844,-0.0072962259873747826,-0.006156733725219965,0.005852760747075081,0.03437497466802597
27.469999313354492,44,0.028875989839434624,0.012149045243859291,9.784050941467285,107.4416275024414,-6.052492618560791,410.5479431152344,-0.0016736772377043962,-0.005219642072916031,0.0037521664053201675,0.03803887218236923
27.479999542236328,43,0.03810625895857811,0.03370629623532295,9.820635795593262,117.72705078125,-7.922210216522217,446.52984619140625,-0.007521140389144421,-0.0010957209160551429,0.007345997262746096,0.04275547340512276
27.489999771118164,43,0.03905627876520157,0.02291961759328842,9.811614036560059,130.3699493408203,-9.12529468536377,485.65301513671875,-0.002739247865974903,-0.0029049154836684465,0.010153379291296005,0.04834064096212387
27.5,43,0.04353991523385048,0.012811637483537197,9.810393333435059,144.49685668945312,-10.300567626953125,525.7439575195312,-0.000613496929872781,-0.005535599775612354,0.010760736651718616,0.05409819632768631
27.510000228881836,43,0.048427894711494446,0.025714928284287453,9.787477493286133,160.06837463378906,-12.038928985595703,567.693115234375,-0.000613496929872781,-0.0062699392437934875,0.008371736854314804,0.06020703166723251
27.520000457763672,43,0.03944092243909836,0.0219061728566885,9.809425354003906,177.13775634765625,-14.64522647857666,613.1001586914062,-0.004277707077562809,-0.0062699392437934875,0.004881228320300579,0.06683940440416336
27.530000686645508,43,0.04375193268060684,0.007728313095867634,9.79149055480957,195.294677734375,-17.40528678894043,662.6307983398438,-0.002732359804213047,-0.0035925349220633507,0.0033987730275839567,0.07364378869533539
27.540000915527344,43,0.06282071769237518,0.0074050696566700935,9.810188293457031,215.44554138183594,-20.809730529785156,715.2760009765625,-0.0005982231232337654,-0.0001502438390161842,0.007639793679118156,0.08115150034427643
27.549999237060547,43,0.03432934358716011,0.01684240624308586,9.810120582580566,237.50137329101562,-24.4617919921875,770.640625,-0.00021338372607715428,-0.0005350832943804562,0.010360623709857464,0.08900271356105804
27.559999465942383,43,0.03905627876520157,0.012308942154049873,9.796174049377441,261.58477783203125,-28.083415985107422,830.4495849609375,-0.00007502116932300851,-0.004025591537356377,0.007348992396146059,0.09790968894958496
27.56999969482422,42,0.038361143320798874,0.017162198200821877,9.804845809936523,287.8302917480469,-31.555747985839844,895.5095825195312,-0.002652097726240754,-0.0062699392437934875,0.005437373649328947,0.108387291431427
27.579999923706055,42,0.024604368954896927,0.021114744246006012,9.791609764099121,316.4825439453125,-35.028079986572266,964.697021484375,-0.001840490847826004,-0.004862355533987284,0.004977663047611713,0.12043551355600357
27.59000015258789,42,0.025723539292812347,0.012889860197901726,9.800321578979492,347.5968322753906,-37.020965576171875,1038.2264404296875,-0.002128895837813616,-0.00020834410679526627,0.006141165737062693,0.13405436277389526
27.600000381469727,42,0.03816882148385048,0.02171521820127964,9.79674243927002,379.3157653808594,-39.3780403137207,1116.0792236328125,-0.003292398527264595,0.001971614081412554,0.007529582362622023,0.14783410727977753
27.610000610351562,42,0.03096487745642662,0.021204469725489616,9.806062698364258,411.59906005859375,-42.145484924316406,1195.258544921875,-0.005101592745631933,-0.004720099736005068,0.007919513620436192,0.16038519144058228
27.6200008392334,42,0.04270343482494354,0.016932131722569466,9.807449340820312,444.6539001464844,-45.34841537475586,1275.4886474609375,-0.0098418565467,-0.0029806853272020817,-0.0025403324980288744,0.1713656485080719
27.6299991607666,42,0.03358323127031326,0.016281042248010635,9.79011344909668,478.76898193359375,-49.11951446533203,1358.7972412109375,-0.002929721027612686,-0.007462492678314447,-0.00014444507542066276,0.18042266368865967
27.639999389648438,42,0.03232734650373459,0.013591563329100609,9.8145112991333,512.9837646484375,-55.1738395690918,1444.5318603515625,0.00172429031226784,-0.006298989523202181,0.004509566351771355,0.18915022909641266
27.649999618530273,42,0.04948798194527626,0.020132359117269516,9.814404487609863,549.9471435546875,-62.394012451171875,1529.0849609375,0.0029749434906989336,-0.005135486833751202,0.004625767003744841,0.1984013319015503
27.65999984741211,42,0.05177266523241997,0.014733844436705112,9.831140518188477,589.9214477539062,-71.3352279663086,1615.069580078125,-0.0012163621140643954,-0.0029010220896452665,0.0035548051819205284,0.20923557877540588
27.670000076293945,42,0.042935144156217575,0.02277122437953949,9.813352584838867,632.8538818359375,-81.93880462646484,1701.8538818359375,0.0001744504988892004,-0.005611369851976633,0.0074286554008722305,0.22110401093959808
27.68000030517578,42,0.04006538912653923,0.007365958299487829,9.806561470031738,678.5921020507812,-93.9540786743164,1787.2525634765625,-0.0003304827259853482,-0.0043819802813231945,0.012082667089998722,0.233849436044693
27.690000534057617,41,0.040634240955114365,0.0062938472256064415,9.809307098388672,727.9201049804688,-107.84341430664062,1867.878662109375,-0.004135451279580593,-0.0002939972036983818,0.007931792177259922,0.2458740472793579
27.700000762939453,41,0.03057212568819523,0.0037251526955515146,9.805545806884766,780.8023071289062,-123.08158874511719,1945.9315185546875,-0.004704474471509457,-0.0013589691370725632,0.004218765534460545,0.2563280165195465
27.709999084472656,41,0.033017851412296295,0.009790861047804356,9.808003425598145,878.545654296875,-145.64646911621094,2065.114990234375,-0.006554997991770506,-0.002588957780972123,0.0033987730275839567,0.2652113735675812
27.719999313354492,41,0.03071346879005432,0.016932131722569466,9.81914234161377,947.6393432617188,-160.68215942382812,2145.6005859375,-0.0072854445315897465,-0.004659004509449005,0.0033987730275839567,0.27217012643814087
27.729999542236328,40,0.028789097443223,0.015579339116811752,9.828414916992188,961.1358032226562,-162.42483520507812,2158.794921875,-0.004242368042469025,-0.002510791877284646,0.002145723905414343,0.2788051962852478
27.739999771118164,49,0.014969762414693832,0.012149045243859291,9.82493782043457,1030.090087890625,-171.3282470703125,2226.205322265625,-0.0035295914858579636,-0.002286177361384034,0.0020708523225039244,0.29340243339538574
27.75,40,0.017977390438318253,0.013642177917063236,9.817370414733887,1106.4295654296875,-175.59727478027344,2286.33642578125,-0.005521472543478012,-0.0062699392437934875,0.0033987730275839567,0.29931971430778503
27.760000228881836,40,0.026178855448961258,0.018495434895157814,9.799113273620605,1184.2747802734375,-177.15072631835938,2344.243896484375,-0.005085420794785023,-0.0036536301486194134,0.0038348245434463024,0.3060547709465027
27.770000457763672,40,0.03600230813026428,0.02171521820127964,9.80412769317627,1261.3623046875,-176.12583923339844,2398.21484375,-0.0031767969485372305,0.001092023798264563,0.006116008851677179,0.31280821561813354
27.780000686645508,40,0.04354339465498924,0.01490064337849617,9.804548263549805,1336.6517333984375,-173.7655792236328,2444.971435546875,-0.0015407053288072348,0.00016481532657053322,0.009842812083661556,0.313785582780838
27.790000915527344,40,0.03781198337674141,0.00967812817543745,9.796235084533691,1410.0208740234375,-172.28140258789062,2480.369873046875,-0.003557743038982153,-0.0028345363680273294,0.010760736651718616,0.30386725068092346
27.799999237060547,40,0.0420164056122303,0.023559201508760452,9.822309494018555,1475.3017578125,-171.56912231445312,2503.3583984375,-0.000613496929872781,-0.00345177692361176,0.010760736651718616,0.2833453118801117
27.809999465942383,40,0.04291197657585144,0.022669995203614235,9.812333106994629,1536.021240234375,-172.14674377441406,2523.12890625,-0.0007320933509618044,-0.001361963921226561,0.010404947213828564,0.2530445158481598
27.81999969482422,40,0.04269532486796379,0.020900782197713852,9.813230514526367,1591.8455810546875,-173.29220581054688,2536.518798828125,-0.001840490847826004,-0.0015272801974788308,0.007079754490405321,0.22203272581100464
27.829999923706055,40,0.030100589618086815,0.02444380894303322,9.81247615814209,1642.7696533203125,-173.86813354492188,2545.69873046875,-0.001840490847826004,-0.005017788615077734,0.007079754490405321,0.19468572735786438
27.84000015258789,40,0.028884097933769226,0.019590552896261215,9.808780670166016,1688.33984375,-172.7049560546875,2553.79638671875,-0.000685373495798558,-0.0015775937354192138,0.009389989078044891,0.17420299351215363
27.850000381469727,40,0.03866004943847656,0.012542459182441235,9.802922248840332,1722.9744873046875,-169.32167053222656,2553.685302734375,-0.007163254078477621,-0.003545216517522931,0.0018923584138974547,0.1542731672525406
27.860000610351562,40,0.03931116312742233,0.01189597137272358,9.812433242797852,1744.6214599609375,-165.93836975097656,2551.624755859375,-0.002834784099832177,-0.000731546082533896,-0.00008334995072800666,0.1269330531358719
27.8700008392334,40,0.029535211622714996,0.019267307594418526,9.801154136657715,1755.0361328125,-162.09506225585938,2543.33984375,-0.002805134980008006,-0.005922835320234299,-0.0012468529166653752,0.08803390711545944
27.8799991607666,40,0.03187203034758568,0.016904523596167564,9.798371315002441,1754.895751953125,-157.88890075683594,2531.652099609375,-0.003968637902289629,-0.00659578014165163,0.0011942570563405752,0.039773840457201004
27.889999389648438,40,0.03905627876520157,0.00967352744191885,9.805205345153809,1746.689453125,-153.2829132080078,2519.78955078125,-0.0034568163100630045,-0.005432276986539364,0.0004964547697454691,-0.007435951381921768
27.899999618530273,40,0.02623678371310234,0.015003022737801075,9.803590774536133,1736.5089111328125,-147.584716796875,2508.017578125,-0.0038416555617004633,-0.005042945500463247,0.0004919625353068113,-0.044422633945941925
27.90999984741211,40,0.028142619878053665,0.019099360331892967,9.799787521362305,1726.7274169921875,-142.140380859375,2502.78955078125,-0.0042944783344864845,-0.005042945500463247,0.0037875056732445955,-0.0663495808839798
27.920000076293945,40,0.030940547585487366,0.016932131722569466,9.807336807250977,1722.698486328125,-137.28509521484375,2501.893310546875,-0.0023529110476374626,-0.0018070000223815441,0.0064999498426914215,-0.07097717374563217
27.93000030517578,40,0.021828453987836838,0.016932131722569466,9.820089340209961,1724.643798828125,-134.0855255126953,2506.073486328125,0.0011375972535461187,0.0005083256983198225,0.0064960564486682415,-0.05744771286845207
27.940000534057617,40,0.02832682989537716,0.016932131722569466,9.808629989624023,1734.0264892578125,-133.3018798828125,2515.9404296875,-0.0005739646730944514,-0.0016955912578850985,0.004812346771359444,-0.029875583946704865
27.950000762939453,40,0.03423897549510002,0.008242512121796608,9.812440872192383,1753.8739013671875,-135.2643585205078,2531.817626953125,-0.00460804020985961,-0.0029025196563452482,0.0029420568607747555,0.00759658869355917
27.959999084472656,40,0.03423897549510002,0.008516292087733746,9.790019989013672,1783.051025390625,-141.14060974121094,2556.916259765625,-0.001887809601612389,-0.001361963921226561,0.00413790438324213,0.05111273005604744
27.969999313354492,40,0.04647339880466461,0.018222805112600327,9.808547019958496,1819.45361328125,-148.63735961914062,2587.90283203125,-0.000705439131706953,-0.003340367926284671,0.005668876226991415,0.09469769895076752
27.979999542236328,40,0.050378914922475815,0.02171521820127964,9.81718921661377,1866.922607421875,-154.86761474609375,2625.972412109375,-0.003761992324143648,-0.008457683958113194,0.0003544983337633312,0.14047592878341675
27.989999771118164,40,0.051890838891267776,0.009006333537399769,9.807172775268555,1926.3841552734375,-158.53900146484375,2670.542724609375,-0.002043242799118161,-0.007496933452785015,0.007688010577112436,0.18722575902938843
28,40,0.05023756995797157,0.0025828713551163673,9.808836936950684,1997.133056640625,-159.26947021484375,2720.530029296875,-0.0034852675162255764,-0.007496933452785015,0.011039258912205696,0.2363123893737793
28.010000228881836,40,0.04200829938054085,0.01253555715084076,9.810393333435059,2081.830322265625,-155.9752197265625,2780.0556640625,-0.006218076683580875,-0.007572703529149294,0.01306318398565054,0.28620246052742004
28.020000457763672,39,0.03223234415054321,0.010156667791306973,9.803525924682617,2172.78515625,-147.75714111328125,2838.4296875,0.001828211941756308,-0.008687090128660202,0.01072390004992485,0.3362845778465271
28.030000686645508,39,0.022456392645835876,0.017739666625857353,9.807706832885742,2266.44970703125,-136.9069366455078,2897.39501953125,0.0006647089612670243,-0.005196581594645977,0.007233390584588051,0.38080552220344543
28.040000915527344,39,0.0233403779566288,0.02524329163134098,9.810393333435059,2354.5185546875,-125.79646301269531,2950.04931640625,-0.002723375102505088,-0.0028183639515191317,0.0037428822834044695,0.4090726971626282
28.049999237060547,39,0.02822835184633732,0.026498304679989815,9.799452781677246,2428.79638671875,-116.76966094970703,2990.24169921875,-0.0030674845911562443,-0.007832956500351429,0.002349973190575838,0.4059835374355316
28.059999465942383,39,0.029421672224998474,0.022829892113804817,9.8032865524292,2483.7919921875,-111.9618148803711,3018.89404296875,-0.0050381021574139595,-0.0018267660634592175,0.002171779051423073,0.37090444564819336
28.06999969482422,39,0.029421672224998474,0.02171521820127964,9.805545806884766,2512.927734375,-112.57579803466797,3029.338623046875,-0.004599654581397772,0.0017086652806028724,0.006780867464840412,0.30813413858413696
28.079999923706055,39,0.03709367290139198,0.03314148262143135,9.790103912353516,2518.34326171875,-114.93618774414062,3028.533935546875,-0.0017194984247907996,-0.0011142890434712172,0.004873441997915506,0.22619296610355377
28.09000015258789,39,0.031242933124303818,0.016669856384396553,9.8018798828125,2498.074951171875,-116.56814575195312,3013.603515625,-0.000613496929872781,-0.002588957780972123,0.0049884445033967495,0.13894756138324738
28.100000381469727,39,0.03339901939034462,0.0160981398075819,9.809548377990723,2446.9599609375,-114.66114044189453,2982.522216796875,-0.002076186239719391,-0.002588957780972123,0.007315449882298708,0.038261186331510544
28.110000610351562,40,0.02209492214024067,0.02898992784321308,9.814467430114746,2356.048095703125,-106.14464569091797,2935.030029296875,-0.0030674845911562443,-0.0012532505206763744,0.008974602445960045,-0.08933407813310623
28.1200008392334,40,0.03626182675361633,0.023102520033717155,9.81109619140625,2208.798828125,-91.63207244873047,2845.8525390625,-0.0030674845911562443,-0.0013436953304335475,0.0065119294449687,-0.2638120949268341
28.1299991607666,40,0.04324563965201378,0.02171521820127964,9.81460952758789,2021.1405029296875,-75.73446655273438,2719.877197265625,-0.001985741313546896,-0.0031298294197767973,0.006103130988776684,-0.4805256426334381
28.139999389648438,40,0.039613548666238785,0.02171521820127964,9.78523063659668,1805.66455078125,-59.7815055847168,2560.71240234375,-0.001090877573005855,-0.0023838100023567677,0.008101600222289562,-0.7101714611053467
28.149999618530273,41,0.03905627876520157,0.013115325011312962,9.80309772491455,1576.986328125,-44.53110122680664,2374.072509765625,-0.003082159673795104,-0.0026183074805885553,0.005024981684982777,-0.9045279622077942
28.15999984741211,42,0.04345765709877014,0.012149045243859291,9.805545806884766,1350.7744140625,-30.53399658203125,2168.080810546875,-0.005171074066311121,-0.006445738021284342,0.005501164123415947,-1.0253149271011353
28.170000076293945,43,0.030457427725195885,0.025469906628131866,9.796545028686523,1144.0164794921875,-20.295068740844727,1956.0762939453125,-0.004581385757774115,-0.0035290441010147333,0.010473828762769699,-1.059981107711792
28.18000030517578,42,0.04304984584450722,0.021987847983837128,9.82327938079834,960.9151611328125,-13.009605407714844,1748.0391845703125,-0.005298056174069643,-0.002588957780972123,0.00908690970391035,-1.016931414604187
28.190000534057617,42,0.03926018625497818,0.017134590074419975,9.820294380187988,801.322265625,-7.3448262214660645,1549.2886962890625,-0.003974627237766981,-0.002908808644860983,0.007559530902653933,-0.9236236810684204
28.200000762939453,43,0.043740347027778625,0.012281334027647972,9.820089340209961,664.8212890625,-3.220210075378418,1363.135986328125,-0.002322663087397814,-0.004850076511502266,0.010567867197096348,-0.8092517852783203
28.209999084472656,43,0.029617469757795334,0.02158293128013611,9.796164512634277,549.9219970703125,-0.4048992991447449,1191.8135986328125,-0.007744855713099241,-0.0025560143403708935,0.008174974471330643,-0.693121612071991
28.219999313354492,43,0.03416019305586815,0.01701035536825657,9.796167373657227,456.3036193847656,2.711296558380127,1038.2242431640625,0.0003996636951342225,-0.0013925115345045924,0.003520963480696082,-0.5855379104614258
28.229999542236328,44,0.029571127146482468,0.021418433636426926,9.815241813659668,381.58209228515625,3.1968352794647217,905.5531616210938,0.000613496929872781,-0.003627874655649066,0.00906354933977127,-0.4896695017814636
28.239999771118164,44,0.03467923030257225,0.012367608956992626,9.81435489654541,320.55010986328125,3.340799570083618,788.2889404296875,-0.004733824636787176,-0.0016770230140537024,0.009533742442727089,-0.4051213562488556
28.25,44,0.04416438192129135,0.016354665160179138,9.796141624450684,270.6664123535156,3.1433236598968506,686.0059204101562,-0.012563285417854786,-0.0023679372388869524,0.007521795574575663,-0.3319283127784729
28.260000228881836,44,0.04869088903069496,0.008442670106887817,9.802152633666992,229.63551330566406,2.6699917316436768,597.7066650390625,-0.009398018009960651,-0.0016464755171909928,0.012734648771584034,-0.2698923349380493
28.270000457763672,44,0.04739445447921753,0.02171521820127964,9.817914962768555,195.73561096191406,2.4028892517089844,521.4118041992188,-0.004459495190531015,-0.00048297271132469177,0.010046761482954025,-0.21848975121974945
28.280000686645508,44,0.03574742376804352,0.022214462980628014,9.798379898071289,168.9446258544922,1.4262974262237549,455.40460205078125,-0.0038829846307635307,-0.0025814706459641457,0.0034137472975999117,-0.17828021943569183
28.290000915527344,44,0.04811740294098854,0.025928888469934464,9.817781448364258,146.43287658691406,-0.8459744453430176,398.18017578125,-0.0005344325327314436,-0.006071979179978371,0.00019277607498224825,-0.14705990254878998
28.299999237060547,44,0.043873582035303116,0.02043604664504528,9.802642822265625,128.08242797851562,-3.4695913791656494,347.8505859375,-0.0022906181402504444,-0.008185450918972492,0.00522593641653657,-0.12260859459638596
28.309999465942383,44,0.0460180789232254,0.013568556867539883,9.81308364868164,113.43359375,-5.9712748527526855,303.8117980957031,-0.0061464994214475155,-0.00622381828725338,0.005783579312264919,-0.10227078944444656
28.31999969482422,44,0.05596897751092911,0.02171521820127964,9.802278518676758,101.8195571899414,-8.20034122467041,266.17498779296875,-0.004502321593463421,-0.004939023870974779,0.0038563874550163746,-0.08507423847913742
28.329999923706055,45,0.04301740601658821,0.024265509098768234,9.809532165527344,93.52825164794922,-9.26875114440918,233.1916046142578,-0.0033346260897815228,-0.0042777587659657,0.0063508059829473495,-0.07101893424987793
28.34000015258789,45,0.03627572953701019,0.0314631462097168,9.805545806884766,86.64254760742188,-8.995705604553223,205.50682067871094,-0.004652364179491997,-0.0026656261179596186,0.008383416570723057,-0.05901923030614853
28.350000381469727,46,0.024604368954896927,0.01512035634368658,9.809561729431152,80.60218048095703,-8.730932235717773,181.07162475585938,-0.0026964214630424976,-0.0035586932208389044,0.01038967352360487,-0.04931417480111122
28.360000610351562,46,0.022467980161309242,0.023316482082009315,9.820637702941895,75.24823760986328,-8.442414283752441,158.8296661376953,-0.001840490847826004,-0.0013652582420036197,0.009533742442727089,-0.04150254651904106
28.3700008392334,46,0.01724749617278576,0.015541379339993,9.803253173828125,70.43525695800781,-7.894824981689453,138.37493896484375,-0.0011082476703450084,-0.005775188561528921,0.009533742442727089,-0.03562381491065025
28.3799991607666,46,0.023394830524921417,0.02529735490679741,9.799501419067383,65.71235656738281,-7.805790901184082,121.16138458251953,0.001479310798458755,-0.008723926730453968,0.009714332409203053,-0.03111446090042591
28.389999389648438,46,0.02362770028412342,0.017901863902807236,9.811681747436523,61.46689224243164,-7.878763198852539,105.05924987792969,-0.000613496929872781,-0.008489728905260563,0.01134623121470213,-0.027652190998196602
28.399999618530273,46,0.036940742284059525,0.01138982456177473,9.815241813659668,57.12644577026367,-8.390348434448242,89.74494934082031,-0.000881536805536598,-0.006323547102510929,0.016788490116596222,-0.024874355643987656
28.40999984741211,46,0.0396089144051075,0.0203037578612566,9.813811302185059,52.952552795410156,-9.062896728515625,76.53633117675781,-0.006699050776660442,-0.007487050257623196,0.014461484737694263,-0.0226200632750988
28.420000076293945,47,0.033898357301950455,0.021377021446824074,9.813396453857422,49.02428436279297,-9.686135292053223,65.27998352050781,-0.010209325700998306,-0.008650552481412888,0.006366379093378782,-0.020526407286524773
28.43000030517578,47,0.04543648287653923,0.025074193254113197,9.820089340209961,44.93110275268555,-10.309374809265137,53.06391525268555,-0.0006182889337651432,-0.005453540477901697,0.006942889653146267,-0.018795782700181007
28.440000534057617,47,0.047057315707206726,0.008905104361474514,9.815157890319824,41.55978775024414,-10.495205879211426,44.448760986328125,0.0036934101954102516,-0.005042945500463247,0.0029732033144682646,-0.016862383112311363
28.450000762939453,47,0.0404650904238224,0.007659293245524168,9.810690879821777,38.2012825012207,-10.873802185058594,35.73075866699219,0.003331331769004464,-0.002153505105525255,0.006024366244673729,-0.015132012777030468
28.459999084472656,47,0.0360138937830925,0.015169820748269558,9.809371948242188,35.00617218017578,-11.087955474853516,28.110021591186523,0.003967140335589647,0.00043734756764024496,0.007979409769177437,-0.014288600534200668
28.469999313354492,47,0.03351950645446777,0.01031656377017498,9.80400276184082,32.083072662353516,-11.113519668579102,20.792465209960938,0.0009498194558545947,-0.0022526350803673267,0.008306748233735561,-0.01303810253739357
28.479999542236328,47,0.032269418239593506,0.01307391282171011,9.821081161499023,29.465044021606445,-11.202553749084473,11.734620094299316,0.0009318504598923028,-0.005361299030482769,0.006761400960385799,-0.01183153036981821
28.489999771118164,47,0.043873582035303116,0.02171521820127964,9.809243202209473,26.9461669921875,-11.291587829589844,5.404473781585693,0.002549673430621624,-0.0034332084469497204,0.006561943329870701,-0.011148499324917793
28.5,46,0.03564315289258957,0.019672226160764694,9.800697326660156,24.167997360229492,-11.233980178833008,0.17179062962532043,0.0004847179225180298,-0.004590422380715609,0.005788371432572603,-0.01026116032153368
28.510000228881836,46,0.028860928490757942,0.012705806642770767,9.800697326660156,21.768966674804688,-11.355672836303711,-5.417097568511963,-0.003587092738598585,-0.004585930146276951,0.0052079674787819386,-0.009578385390341282
28.520000457763672,46,0.036437928676605225,0.009549291804432869,9.805123329162598,19.78321647644043,-11.558690071105957,-11.174271583557129,-0.004484053235501051,0.0001941650261869654,0.006890180055052042,-0.009054971858859062
28.530000686645508,46,0.03905627876520157,0.016656052321195602,9.808109283447266,18.039339065551758,-11.6705322265625,-16.334230422973633,-0.004433140624314547,0.000498143199365586,0.008306748233735561,-0.008895865641534328
28.540000915527344,46,0.03203538805246353,0.02171521820127964,9.81732177734375,16.56999397277832,-11.937634468078613,-20.33222007751465,-0.005181556101888418,-0.004155868198722601,0.007915020920336246,-0.008166993968188763
28.549999237060547,46,0.034248244017362595,0.019321374595165253,9.817654609680176,15.100648880004883,-11.725944519042969,-24.728349685668945,-0.0021687273401767015,-0.007496933452785015,0.006423281505703926,-0.007849293760955334
28.559999465942383,45,0.03642865642905235,0.01200410258024931,9.808042526245117,14.189202308654785,-11.636321067810059,-28.285053253173828,-0.002008502371609211,-0.006967442110180855,0.004625767003744841,-0.007484602276235819
28.56999969482422,45,0.0370786115527153,0.012434327974915504,9.810393333435059,12.923768043518066,-11.67484188079834,-31.68288803100586,0.001840490847826004,-0.004841690883040428,0.005229530390352011,-0.006961188279092312
28.579999923706055,44,0.043873582035303116,0.011723421514034271,9.810393333435059,11.204124450683594,-11.656585693359375,-35.258026123046875,0.0014272002736106515,-0.004229242447763681,0.007755693979561329,-0.006437774281948805
28.59000015258789,44,0.043873582035303116,0.012715009041130543,9.796839714050293,10.994217872619629,-11.211414337158203,-38.03440475463867,-0.0019147633574903011,-0.007571205962449312,0.00391868082806468,-0.005914360284805298
28.600000381469727,43,0.04940224438905716,0.019676826894283295,9.791717529296875,9.86898422241211,-10.67996597290039,-40.81078338623047,-0.003045921679586172,-0.0086700189858675,0.01197694893926382,-0.005756148602813482
28.610000610351562,43,0.04783818498253822,0.02171521820127964,9.810114860534668,9.023993492126465,-10.999054908752441,-42.76844024658203,-0.0007189158932305872,-0.002852505072951317,0.010813445784151554,-0.005756148602813482
28.6200008392334,43,0.035156555473804474,0.02748529240489006,9.808392524719238,8.077141761779785,-11.082306861877441,-45.107810974121094,0.001608089660294354,-0.0014781644567847252,0.008539149537682533,-0.005756148602813482
28.6299991607666,43,0.02644532546401024,0.022415772080421448,9.80668830871582,7.238525867462158,-10.832015991210938,-48.19746017456055,-0.004443323239684105,-0.005551173351705074,0.008306748233735561,-0.005390563048422337
28.639999389648438,43,0.027651388198137283,0.010881377384066582,9.810393333435059,7.199049949645996,-11.087955474853516,-51.46877670288086,-0.0006024158210493624,-0.007253750693053007,0.0063391258008778095,-0.004867149516940117
28.649999618530273,43,0.026303980499505997,0.029034791514277458,9.800980567932129,6.2544708251953125,-11.087955474853516,-53.35671615600586,0.000613496929872781,-0.0065766130574047565,0.00861372146755457,-0.005075416527688503
28.65999984741211,43,0.043734557926654816,0.025018977001309395,9.821518898010254,5.649932384490967,-10.871606826782227,-55.24465560913086,0.0023271553218364716,-0.0036994516849517822,0.010390572249889374,-0.004866893868893385
28.670000076293945,43,0.04047204181551933,0.010460355319082737,9.81495475769043,5.307209014892578,-10.810412406921387,-57.96731185913086,0.0006874699611216784,-0.004968972411006689,0.004414030350744724,-0.004343480337411165
28.68000030517578,43,0.0242498479783535,0.013978075236082077,9.818949699401855,5.133654594421387,-10.837770462036133,-60.22193908691406,-0.003532885806635022,-0.0033505503088235855,0.0024044797755777836,-0.0041862898506224155
28.690000534057617,43,0.01978706568479538,0.010179674252867699,9.814671516418457,5.016678810119629,-10.769134521484375,-60.698482513427734,-0.004188760183751583,0.0006371047347784042,0.004731485620141029,-0.0041862898506224155
28.700000762939453,43,0.023258119821548462,0.014258756302297115,9.806900978088379,4.806772232055664,-10.858168601989746,-63.141693115234375,-0.004273214843124151,-0.0019010384567081928,0.0034413000103086233,-0.0041862898506224155
28.709999084472656,44,0.03522954508662224,0.006382422987371683,9.809109687805176,4.504219055175781,-10.790014266967773,-64.31047821044922,-0.004982098005712032,-0.0073486873880028725,0.0025629077572375536,-0.003819683101028204
28.719999313354492,43,0.03905627876520157,0.009756351821124554,9.8140287399292,4.0527238845825195,-10.41120433807373,-64.8762435913086,-0.0042944783344864845,-0.008723926730453968,0.005101650021970272,-0.0036630036775022745
28.729999542236328,43,0.03169013932347298,0.019462864845991135,9.818947792053223,3.5279576778411865,-10.175529479980469,-65.48867797851562,-0.003057301975786686,-0.006661965977400541,0.0054403687827289104,-0.0036630036775022745
28.739999771118164,43,0.029421672224998474,0.02171521820127964,9.827645301818848,3.0621683597564697,-10.236857414245605,-66.69619750976562,-0.0009623980731703341,-0.0032867600675672293,0.004276866093277931,-0.0036630036775022745
28.75,42,0.029421672224998474,0.02171521820127964,9.822088241577148,2.852261781692505,-9.791686058044434,-68.80624389648438,-0.00269672111608088,-0.005613765679299831,0.0033987730275839567,-0.0036630036775022745
28.760000228881836,42,0.029421672224998474,0.01784779690206051,9.812249183654785,2.742638349533081,-9.77187728881836,-69.11236572265625,-0.005299553275108337,-0.00727501418441534,0.004952206742018461,-0.0036630036775022745
28.770000457763672,42,0.033387430012226105,0.016932131722569466,9.802411079406738,2.4098236560821533,-9.707444190979004,-69.89706420898438,-0.003660766175016761,-0.005477799102663994,0.011354018934071064,-0.003295630682259798
28.780000686645508,41,0.03423897549510002,0.0049088457599282265,9.804759979248047,2.1448845863342285,-9.618409156799316,-70.8419418334961,0.00032868582638911903,-0.00041978119406849146,0.007269628811627626,-0.0035072180908173323
28.790000915527344,40,0.038346078246831894,0.018894599750638008,9.80967903137207,2.094521999359131,-9.691462516784668,-71.78814697265625,-0.0032561607658863068,-0.0037845056504011154,0.009439404122531414,-0.0036630036775022745
28.799999237060547,40,0.04323405399918556,0.02171521820127964,9.818801879882812,2.1965091228485107,-10.215601921081543,-72.91124725341797,-0.010237177833914757,-0.0026210027281194925,0.005948895588517189,-0.0036630036775022745
28.809999465942383,40,0.02687978558242321,0.030151765793561935,9.807263374328613,2.1965091228485107,-10.393671035766602,-74.46602630615234,-0.002509242855012417,-0.0014574999222531915,0.009247134439647198,-0.003295120084658265
28.81999969482422,40,0.033242613077163696,0.0012622884241864085,9.809891700744629,2.1965091228485107,-10.571739196777344,-75.22474670410156,0.004567310214042664,0.0007739697466604412,0.0041939085349440575,-0.003507728921249509
28.829999923706055,40,0.03862876817584038,0.010875626467168331,9.814811706542969,2.1965091228485107,-10.598989486694336,-75.71731567382812,0.003512520808726549,0.0020964995492249727,0.004403248894959688,-0.0036630036775022745
28.84000015258789,41,0.030135346576571465,0.012149045243859291,9.810752868652344,2.12664532661438,-10.361788749694824,-76.34635162353516,0.004008469171822071,-0.0033268912229686975,0.0065077366307377815,-0.003294736845418811
28.850000381469727,42,0.03395280987024307,0.00315113621763885,9.801273345947266,1.8637257814407349,-9.890543937683105,-77.50291442871094,0.0016619970556348562,-0.0024104639887809753,0.0018147919327020645,-0.0031397175043821335
28.860000610351562,42,0.03884078562259674,0.011721121147274971,9.805329322814941,1.1290528774261475,-9.979578971862793,-80.05718231201172,0.0022415025159716606,-0.0021759667433798313,0.005415810272097588,-0.0031397175043821335
28.8700008392334,42,0.020366346463561058,0.016788339242339134,9.814949989318848,1.0329667329788208,-9.991223335266113,-80.39125061035156,0.0030674845911562443,-0.001838446012698114,0.008306748233735561,-0.0027710674330592155
28.8799991607666,43,0.05298915505409241,0.016932131722569466,9.815241813659668,1.7019412517547607,-9.820971488952637,-80.24967956542969,0.0010064224479719996,-0.0034230260644108057,0.010367810726165771,-0.002985208760946989
28.889999389648438,51,0.03425287827849388,0.026491401717066765,9.815241813659668,2.1555185317993164,-9.842761993408203,-79.53208923339844,-0.0012370266485959291,-0.003795886179432273,0.00824655219912529,-0.003508622758090496
28.899999618530273,44,0.0343768447637558,0.026224525645375252,9.814964294433594,1.8816176652908325,-10.1177339553833,-78.35856628417969,-0.001840490847826004,-0.002588957780972123,0.004625767003744841,-0.0036630036775022745
28.90999984741211,45,0.03884773701429367,0.017553312703967094,9.805545806884766,2.3014309406280518,-9.583528518676758,-78.46961975097656,-0.00035084778210148215,-0.0040786005556583405,0.004625767003744841,-0.0032938430085778236
28.920000076293945,46,0.03395976126194,0.030449701473116875,9.804702758789062,1.7326130867004395,-9.804133415222168,-81.09133911132812,0.0031396609265357256,-0.005836882628500462,0.004192710388451815,-0.0035090057644993067
28.93000030517578,46,0.030471330508589745,0.016237331554293633,9.792057991027832,1.4755628108978271,-9.944778442382812,-81.18623352050781,0.003304078709334135,-0.005042945500463247,0.00413790438324213,-0.002924171509221196
28.940000534057617,46,0.043873582035303116,0.008201099932193756,9.805968284606934,1.5212234258651733,-9.948633193969727,-80.71797180175781,-0.0012283415999263525,-0.005349020007997751,0.006158835254609585,-0.002616431098431349
28.950000762939453,46,0.04239989072084427,0.016444390639662743,9.810393333435059,1.627628207206726,-9.969352722167969,-81.15758514404297,0.000613496929872781,-0.0062699392437934875,0.007807505317032337,-0.0029861025977879763
28.959999084472656,46,0.03054547682404518,0.011033221147954464,9.80982780456543,1.4208141565322876,-10.312373161315918,-82.573486328125,-0.00046105863293632865,-0.0057326615788042545,0.010044366121292114,-0.0031397175043821335
28.969999313354492,47,0.037158552557229996,0.005723281763494015,9.80809211730957,1.4208141565322876,-9.778167724609375,-82.12926483154297,-0.006401661783456802,-0.0027045593596994877,0.005968362092971802,-0.0031397175043821335
28.979999542236328,48,0.025307616218924522,0.02440354786813259,9.820691108703613,1.2564736604690552,-9.801617622375488,-82.38063049316406,-0.003119595116004348,-0.003972283564507961,0.007183975540101528,-0.0027696627657860518
28.989999771118164,48,0.02787383273243904,0.012917467392981052,9.798965454101562,1.1044081449508667,-9.83248233795166,-82.39642333984375,-0.004283098038285971,-0.007462792098522186,0.009510981850326061,-0.002616431098431349
29,48,0.02316543273627758,0.016932131722569466,9.813542366027832,1.1670141220092773,-9.857163429260254,-82.48877716064453,-0.007750845514237881,-0.006344810593873262,0.010685864835977554,-0.002986741019412875
29.010000228881836,48,0.03814101219177246,0.016023367643356323,9.806467056274414,1.5133661031723022,-10.13205623626709,-83.40082550048828,-0.010152722708880901,-0.0062699392437934875,0.007494842167943716,-0.0031397175043821335
29.020000457763672,48,0.03325303643941879,0.013127979822456837,9.807416915893555,1.093553066253662,-10.488192558288574,-83.40082550048828,-0.005303746089339256,-0.004219658672809601,0.008104894310235977,-0.0031397175043821335
29.030000686645508,48,0.032591499388217926,0.021128548309206963,9.801166534423828,1.2125800848007202,-10.234848976135254,-83.40082550048828,-0.003332829102873802,-0.008624197915196419,0.008306748233735561,-0.002769024344161153
29.040000915527344,48,0.043873582035303116,0.03382593020796776,9.8155517578125,1.2915316820144653,-10.378626823425293,-84.09366607666016,-0.002169326413422823,-0.005460129585117102,0.011899381875991821,-0.0029872518498450518
29.049999237060547,48,0.043873582035303116,0.02768774889409542,9.799491882324219,1.2915316820144653,-10.753983497619629,-84.42048645019531,-0.001840490847826004,-0.004650618880987167,0.00820672046393156,-0.0031397175043821335
29.059999465942383,48,0.0426049567759037,0.02876216173171997,9.803509712219238,1.257893681526184,-10.921210289001465,-83.62103271484375,-0.004154019523411989,-0.005814121570438147,0.008166289888322353,-0.0031397175043821335
29.06999969482422,48,0.04307417571544647,0.024374788627028465,9.82763385772705,1.0479871034622192,-10.565073013305664,-83.28787231445312,-0.005521472543478012,-0.005562254227697849,0.0074106864631175995,-0.0031397175043821335
29.079999923706055,48,0.04927828162908554,0.028481481596827507,9.826120376586914,1.130409836769104,-10.29159927368164,-83.77957153320312,-0.0029446955304592848,-0.0056871394626796246,0.009073732420802116,-0.0031397175043821335
29.09000015258789,48,0.04201756790280342,0.02024509198963642,9.805545806884766,1.3815908432006836,-10.396641731262207,-84.72166442871094,-0.0011942002456635237,-0.006850642617791891,0.009084214456379414,-0.0031397175043821335
29.100000381469727,48,0.04403694346547127,0.016932131722569466,9.805545806884766,1.5500966310501099,-10.456818580627441,-85.10952758789062,-0.003392127575352788,-0.00491087231785059,0.006369973067194223,-0.0031397175043821335
29.110000610351562,48,0.03261698782444,0.016932131722569466,9.802281379699707,1.4767303466796875,-10.382481575012207,-84.6135482788086,-0.007336357142776251,-0.002723127603530884,0.004811148624867201,-0.0027680029161274433
29.1200008392334,49,0.026036353781819344,0.013570857234299183,9.795849800109863,1.1623754501342773,-10.648941040039062,-83.94935607910156,-0.008868526667356491,-0.003482024883851409,0.002505705924704671,-0.002616431098431349
29.1299991607666,48,0.016260400414466858,0.01436918880790472,9.801173210144043,1.2673287391662598,-10.38183879852295,-85.05990600585938,-0.004214515909552574,-0.000788448378443718,0.003565586870536208,-0.002616431098431349
29.139999389648438,48,0.01565447263419628,0.024677326902747154,9.819622039794922,1.5337824821472168,-10.183238983154297,-84.97422790527344,-0.0008767450926825404,-0.0023257096763700247,-0.0008934595389291644,-0.0029885289259254932
29.149999618530273,48,0.024604368954896927,0.02360636554658413,9.823132514953613,1.3972737789154053,-10.053033828735352,-84.58971405029297,-0.0016407336806878448,-0.0015617210883647203,0.006651789415627718,-0.0031397175043821335
29.15999984741211,48,0.018678320571780205,0.024536985903978348,9.813497543334961,0.9687830209732056,-10.018447875976562,-84.63008117675781,-0.0008860291563905776,-0.0027252237778156996,0.010624470189213753,-0.0027673642616719007
29.170000076293945,48,0.01219847984611988,0.0176522396504879,9.820819854736328,0.7821643948554993,-10.100896835327148,-85.45281219482422,-0.0032130347099155188,-0.004179826937615871,0.008951541967689991,-0.002616431098431349
29.18000030517578,48,0.02766992524266243,0.012149045243859291,9.813111305236816,0.8871176838874817,-10.100896835327148,-85.45281219482422,-0.005502904299646616,-0.009895216673612595,-0.0002729245461523533,-0.002616431098431349
29.190000534057617,48,0.043873582035303116,0.02083636447787285,9.808192253112793,1.345617651939392,-10.100896835327148,-85.54633331298828,-0.00317589845508337,-0.002914199372753501,0.0008905783179216087,-0.002989167347550392
29.200000762939453,48,0.032583389431238174,0.022313391789793968,9.812362670898438,1.293866753578186,-10.318262100219727,-85.04735565185547,-0.009723260067403316,-0.003698253771290183,0.005381968803703785,-0.0031397175043821335
29.209999084472656,48,0.026773197576403618,0.019085556268692017,9.815402030944824,1.1124231815338135,-10.337374687194824,-85.29393768310547,-0.004154618363827467,-0.006953366566449404,0.005852760747075081,-0.0031397175043821335
29.219999313354492,48,0.04143712669610977,0.026498304679989815,9.8128080368042,1.1991374492645264,-9.855422973632812,-86.9151611328125,-0.004049798473715782,-0.005532305687665939,0.007817388512194157,-0.0031397175043821335
29.229999542236328,48,0.04622083157300949,0.02895081602036953,9.812755584716797,0.5694178938865662,-9.67735481262207,-85.69355010986328,-0.0024568329099565744,-0.005961768329143524,0.008306748233735561,-0.0027664704248309135
29.239999771118164,48,0.05149576812982559,0.021190667524933815,9.807836532592773,0.9959522485733032,-9.988038063049316,-85.2847900390625,-0.00012982721091248095,-0.004559275694191456,0.00659608468413353,-0.002989805769175291
29.25,48,0.05571409687399864,0.014741896651685238,9.80029010772705,1.2339431047439575,-10.222536087036133,-85.55852508544922,-0.0057212295942008495,-0.001440429245121777,0.0018935567932203412,-0.003513219766318798
29.260000228881836,48,0.04814404621720314,0.0036170207895338535,9.801247596740723,1.149437665939331,-10.280062675476074,-86.01356506347656,-0.008474104106426239,0.0005933797219768167,0.0004461411735974252,-0.0032893738243728876
29.270000457763672,48,0.038368090987205505,0.012149044312536716,9.819397926330566,0.8806487917900085,-10.093320846557617,-86.224853515625,-0.002656589960679412,-0.0022322700824588537,0.0029393616132438183,-0.0027659598272293806
29.280000686645508,48,0.031415559351444244,0.023694941774010658,9.809896469116211,0.7756955623626709,-9.559115409851074,-86.00274658203125,0.0006377553218044341,-0.0044415779411792755,0.006429870147258043,-0.002616431098431349
29.290000915527344,48,0.03231576085090637,0.02171521820127964,9.810412406921387,1.189039707183838,-9.904276847839355,-86.87749481201172,-0.0011513737263157964,-0.002740198280662298,0.009382502175867558,-0.002616431098431349
29.299999237060547,48,0.03720373660326004,0.027602626010775566,9.805171012878418,1.053540825843811,-10.193116188049316,-87.43016815185547,-0.0023148765321820974,-0.004682663828134537,0.009811964817345142,-0.002990572014823556
29.309999465942383,48,0.02994997613132,0.019225897267460823,9.805013656616211,1.0686874389648438,-10.086950302124023,-87.35060119628906,-0.002656589960679412,-0.008307342417538166,0.0070740641094744205,-0.002765448996797204
29.31999969482422,47,0.03081658110022545,0.01831713318824768,9.813519477844238,1.1995161771774292,-9.901975631713867,-86.8602294921875,-0.0007982797687873244,-0.005737753119319677,0.003930959384888411,-0.002616431098431349
29.329999923706055,47,0.024708639830350876,0.015406790189445019,9.818438529968262,0.9036842584609985,-10.309481620788574,-86.53378295898438,-0.00043081046896986663,-0.006361282896250486,0.004159167874604464,-0.0029909550212323666
29.34000015258789,47,0.026281967759132385,0.02182219922542572,9.810285568237305,0.9036842584609985,-10.131413459777832,-86.3116683959961,-0.008195881731808186,-0.002588957780972123,0.009658628143370152,-0.0031397175043821335
29.350000381469727,47,0.029421672224998474,0.01661464013159275,9.79218864440918,0.9906509518623352,-10.17467212677002,-86.91776275634766,-0.008574731647968292,-0.002745888428762555,0.004939628299325705,-0.0031397175043821335
29.360000610351562,46,0.03958806023001671,0.015513770282268524,9.799795150756836,1.0329667329788208,-10.210569381713867,-86.8335189819336,-0.004014159552752972,-0.004002830944955349,0.007173194084316492,-0.0031397175043821335
29.3700008392334,46,0.04041411355137825,0.016932131722569466,9.809026718139648,0.9563502073287964,-10.178071975708008,-86.69415283203125,-0.0006733941263519228,-0.006180093623697758,0.008336696773767471,-0.0031397175043821335
29.3799991607666,46,0.03905627876520157,0.020437197759747505,9.810393333435059,0.7883808016777039,-10.136472702026367,-87.30883026123047,-0.003000399796292186,-0.0026895850896835327,0.009500199928879738,-0.002764555159956217
29.389999389648438,46,0.04985871911048889,0.010989508591592312,9.799522399902344,0.8933340907096863,-10.403575897216797,-86.86460876464844,0.0003223965468350798,-0.007108800113201141,0.009533742442727089,-0.002616431098431349
29.399999618530273,46,0.035150766372680664,0.014656771905720234,9.806934356689453,0.9036842584609985,-10.349661827087402,-86.82080078125,0.000613496929872781,-0.002164586214348674,0.011666681617498398,-0.002616431098431349
29.40999984741211,46,0.033163830637931824,0.02064770832657814,9.814159393310547,1.0442320108413696,-10.141398429870605,-87.19259643554688,-0.002395438030362129,-0.005373877473175526,0.009981773793697357,-0.002616431098431349
29.420000076293945,46,0.053303126245737076,0.02171521820127964,9.81140422821045,1.162249207496643,-10.03019905090332,-87.21309661865234,-0.005885946564376354,-0.0062699392437934875,0.008594254963099957,-0.002992104273289442
29.43000030517578,46,0.0389079824090004,0.02171521820127964,9.806485176086426,1.097402811050415,-10.082559585571289,-86.3409194946289,-0.01025245152413845,-0.005393942818045616,0.0056787594221532345,-0.0031397175043821335
29.440000534057617,46,0.014468103647232056,0.013863041996955872,9.785648345947266,0.7825430631637573,-9.993525505065918,-84.67509460449219,-0.005968904588371515,-0.005042945500463247,0.0070632826536893845,-0.0031397175043821335
29.450000762939453,46,0.03430153802037239,0.01614530384540558,9.817760467529297,1.5923177003860474,-9.731027603149414,-85.3893051147461,-0.0008204416953958571,-0.004293931182473898,0.005310691427439451,-0.0027636613231152296
29.459999084472656,46,0.030865240842103958,0.016932131722569466,9.796086311340332,1.8865718841552734,-9.662203788757324,-85.34229278564453,-0.001443072920665145,-0.003815951757133007,0.0061408658511936665,-0.002616431098431349
29.469999313354492,46,0.029421672224998474,0.025205329060554504,9.807772636413574,2.0451061725616455,-9.753111839294434,-85.63278198242188,-0.0018234200542792678,-0.0025718871038407087,0.010794878005981445,-0.002616431098431349
29.479999542236328,45,0.02094794623553753,0.005464456509798765,9.818921089172363,2.138005495071411,-9.955994606018066,-86.79979705810547,-0.003406203119084239,-0.005271752364933491,0.010980558581650257,-0.002616431098431349
29.489999771118164,45,0.024094602093100548,0.019690630957484245,9.798415184020996,1.9379440546035767,-10.231449127197266,-88.5627212524414,-0.006253416184335947,-0.006980619393289089,0.006326547358185053,-0.002616431098431349
29.5,45,0.033360786736011505,0.01736810803413391,9.809067726135254,1.9379440546035767,-10.676620483398438,-87.78533935546875,-0.005521472543478012,-0.005178313236683607,0.0021040954161435366,-0.0029931257013231516
29.510000228881836,45,0.03423897549510002,0.008097570389509201,9.819347381591797,1.6813039779663086,-10.323509216308594,-87.00794982910156,-0.005889540538191795,-0.009582852944731712,0.0015581323532387614,-0.0027628950774669647
29.520000457763672,45,0.0387585274875164,0.020828310400247574,9.806445121765137,1.6725316047668457,-10.308625221252441,-86.42488861083984,-0.007357620634138584,-0.007201040629297495,0.006461915094405413,-0.002616431098431349
29.530000686645508,45,0.03905627876520157,0.026272838935256004,9.796306610107422,1.697996735572815,-10.539588928222656,-86.37100219726562,-0.008961368352174759,-0.0023478716611862183,0.0066191451624035835,-0.002616431098431349
29.540000915527344,45,0.048378076404333115,0.021870512515306473,9.809921264648438,1.4459322690963745,-10.550243377685547,-86.99746704101562,-0.007975460030138493,-0.0018947494681924582,-0.0004598037921823561,-0.002616431098431349
29.549999237060547,45,0.04395931586623192,0.012319294735789299,9.791346549987793,1.6558387279510498,-10.639277458190918,-87.33063507080078,-0.007519043516367674,-0.004700633231550455,-0.0009386817691847682,-0.002993764355778694
29.559999465942383,45,0.043984804302453995,0.00754656083881855,9.791169166564941,1.4930129051208496,-10.491164207458496,-86.97359466552734,-0.003016871400177479,-0.001260737655684352,0.005030672065913677,-0.002762256655842066
29.56999969482422,45,0.052750494331121445,0.02146444469690323,9.80605411529541,1.1453986167907715,-10.196274757385254,-86.09223175048828,-0.0018533687107264996,0.0010662679560482502,0.01433869544416666,-0.002616431098431349
29.579999923706055,45,0.025392191484570503,0.012540158815681934,9.824541091918945,1.0817829370498657,-10.142308235168457,-85.8768310546875,-0.00759361544623971,-0.000058601148339221254,0.012140468694269657,-0.0029941473621875048
29.59000015258789,45,0.04333832859992981,0.021183762699365616,9.814702987670898,1.4410096406936646,-10.429916381835938,-86.70536804199219,-0.005801192484796047,-0.003396372077986598,0.010900596156716347,-0.0031397175043821335
29.600000381469727,45,0.0325474739074707,0.01181314792484045,9.80724811553955,1.545962929725647,-10.429916381835938,-86.8164291381836,-0.008592401631176472,-0.003815951757133007,0.00973709300160408,-0.0027617458254098892
29.610000610351562,45,0.01178834866732359,0.007365958299487829,9.826905250549316,1.0459991693496704,-10.25886058807373,-86.07402801513672,-0.008242301642894745,-0.007656558882445097,0.0076134386472404,-0.002616431098431349
29.6200008392334,45,0.027982737869024277,0.009747148491442204,9.797297477722168,1.3626259565353394,-10.405234336853027,-86.7535171508789,-0.005285477265715599,-0.005137283354997635,0.008873076178133488,-0.002616431098431349
29.6299991607666,46,0.01717103086411953,0.029642168432474136,9.808732032775879,1.5750569105148315,-10.539588928222656,-86.8160629272461,-0.0042944783344864845,-0.004649121314287186,0.0070342328399419785,-0.002616431098431349
29.639999389648438,46,0.03423897549510002,0.018781868740916252,9.797724723815918,1.476477861404419,-10.515978813171387,-85.9705581665039,-0.008142872713506222,-0.003503587795421481,0.004313403274863958,-0.002616431098431349
29.649999618530273,46,0.03493063524365425,0.03059464320540428,9.807609558105469,1.6863844394683838,-10.421002388000488,-85.87062072753906,-0.0054861330427229404,-0.005413709208369255,0.002692585112527013,-0.002995041199028492
29.65999984741211,46,0.03829394653439522,0.02574138529598713,9.79407024383545,1.896290898323059,-10.153900146484375,-86.09272766113281,-0.0011977939866483212,-0.004283449146896601,0.0028144759126007557,-0.002760979812592268
29.670000076293945,46,0.03507198020815849,0.02171521820127964,9.81123161315918,1.6014372110366821,-10.38636302947998,-86.31483459472656,-0.0017719084862619638,-0.0025203756522387266,0.002819567220285535,-0.002616431098431349
29.68000030517578,46,0.042670994997024536,0.022612478584051132,9.810694694519043,1.4208141565322876,-10.590316772460938,-86.03075408935547,-0.0020360550843179226,-0.00536309601739049,0.002171779051423073,-0.0029954242054373026
29.690000534057617,47,0.05540244281291962,0.027465734630823135,9.792962074279785,1.456282377243042,-10.55899715423584,-85.81478881835938,-0.0001612731721252203,-0.0065924860537052155,0.0026240027509629726,-0.0027605965733528137
29.700000762939453,47,0.045963630080223083,0.026093387976288795,9.798593521118164,1.5389575958251953,-10.329692840576172,-86.48111724853516,-0.0009414340020157397,-0.0046542128548026085,0.0030100401490926743,-0.002995679620653391
29.709999084472656,47,0.04904540628194809,0.006258186884224415,9.797738075256348,1.434004306793213,-10.418726921081543,-87.14745330810547,-0.003969236742705107,-0.004791676998138428,0.0031475042924284935,-0.0027603411581367254
29.719999313354492,48,0.033052608370780945,0.004938754718750715,9.811732292175293,1.3290510177612305,-10.429916381835938,-86.16311645507812,-0.002805733820423484,-0.008020434528589249,0.006114511284977198,-0.002995935035869479
29.729999542236328,48,0.025650551542639732,0.014645269140601158,9.791213989257812,1.358965516090393,-10.143887519836426,-85.29828643798828,-0.0016422311309725046,-0.009554401971399784,0.006881495006382465,-0.002760085975751281
29.739999771118164,48,0.020280612632632256,0.024351783096790314,9.808218002319336,1.3346048593521118,-9.991250038146973,-84.99684143066406,-0.00020919094095006585,-0.0068230899050831795,0.0063918353989720345,-0.002616431098431349
29.75,48,0.031442202627658844,0.027116036042571068,9.808205604553223,1.162249207496643,-10.242424964904785,-85.19908142089844,0.003210039809346199,-0.001575796864926815,0.010760736651718616,-0.002616431098431349
29.760000228881836,48,0.024604368954896927,0.012556263245642185,9.796915054321289,1.162249207496643,-10.420494079589844,-85.31013488769531,0.005474752746522427,-0.00505851861089468,0.010721803642809391,-0.002616431098431349
29.770000457763672,48,0.023064637556672096,0.005640457849949598,9.813491821289062,1.4604477882385254,-10.429916381835938,-84.15904998779297,-0.001506264554336667,-0.007385524455457926,0.004904288798570633,-0.002616431098431349
29.780000686645508,48,0.02622867375612259,0.012149045243859291,9.816847801208496,1.5500966310501099,-10.3025484085083,-84.04953002929688,-0.0029482892714440823,-0.007496933452785015,0.004625767003744841,-0.002616431098431349
29.790000915527344,48,0.037375204265117645,0.015487312339246273,9.808701515197754,1.5500966310501099,-10.081435203552246,-84.00685119628906,-0.006200407166033983,-0.006452625617384911,0.0025371520314365625,-0.002616431098431349
29.799999237060547,48,0.030735481530427933,0.02171521820127964,9.8073091506958,1.4708610773086548,-9.971173286437988,-83.75826263427734,-0.009690915234386921,-0.004308306612074375,0.0041334121488034725,-0.002616431098431349
29.809999465942383,48,0.024604368954896927,0.01990574412047863,9.804891586303711,1.1643319129943848,-10.323776245117188,-84.0826187133789,-0.0076774717308580875,-0.005650602281093597,0.007377742789685726,-0.002616431098431349
29.81999969482422,48,0.030283642932772636,0.015052487142384052,9.797755241394043,1.2692850828170776,-10.50184440612793,-83.97156524658203,-0.0041869631968438625,-0.0062699392437934875,0.008306748233735561,-0.002616431098431349
29.829999923706055,48,0.041020043194293976,0.016048675402998924,9.806626319885254,1.37423837184906,-10.890398979187012,-82.37274932861328,-0.0030674845911562443,-0.0062699392437934875,0.004355031531304121,-0.002616431098431349
29.84000015258789,48,0.04183914512395859,0.02171521820127964,9.813194274902344,1.3040591478347778,-10.939386367797852,-81.1767807006836,-0.004521189257502556,-0.008450496010482311,0.003625483950600028,-0.002616431098431349
29.850000381469727,48,0.04116138815879822,0.023805374279618263,9.80827522277832,1.4346354007720947,-10.903355598449707,-81.19795227050781,-0.008174917660653591,-0.009950920939445496,0.005289128050208092,-0.00223526731133461
29.860000610351562,48,0.043873582035303116,0.015696672722697258,9.809925079345703,2.147913694381714,-11.282567024230957,-82.2447280883789,-0.006830225698649883,-0.006951569579541683,0.005852760747075081,-0.0024744365364313126
29.8700008392334,48,0.03488777205348015,0.011504857800900936,9.81976318359375,1.6231473684310913,-11.015464782714844,-81.57839965820312,-0.0009219673811458051,-0.0032795723527669907,0.005852760747075081,-0.002616431098431349
29.8799991607666,48,0.024604368954896927,0.0240158848464489,9.803950309753418,1.3694103956222534,-10.82500171661377,-80.05170440673828,0.0013676024973392487,-0.0016431811964139342,0.006325649097561836,-0.0022348843049257994
29.889999389648438,48,0.024604368954896927,0.021756630390882492,9.795722961425781,1.489573359489441,-10.590932846069336,-79.57335662841797,-0.0006146948435343802,-0.001363161951303482,0.0074891517870128155,-0.002474819542840123
29.899999618530273,47,0.029521308839321136,0.014491124078631401,9.8079195022583,1.5960097312927246,-10.60672664642334,-79.3102798461914,-0.0030674845911562443,-0.004507764242589474,0.008998560719192028,-0.002234628889709711
29.90999984741211,46,0.031709831207990646,0.017171401530504227,9.810636520385742,1.4555250406265259,-10.934112548828125,-78.36588287353516,-0.002785069402307272,-0.005987524054944515,0.008501414209604263,-0.0024750749580562115
29.920000076293945,46,0.03202148526906967,0.01913386955857277,9.820474624633789,1.6654316186904907,-10.667010307312012,-77.69954681396484,-0.001621566596440971,-0.004167248494923115,0.0005069368053227663,-0.0022343734744936228
29.93000030517578,46,0.03423897549510002,0.019583649933338165,9.819562911987305,1.8753381967544556,-11.064852714538574,-78.17365264892578,-0.0007689301273785532,-0.00029040328809060156,-0.000887469737790525,-0.0024753303732722998
29.940000534057617,45,0.03698013350367546,0.018993528559803963,9.815241813659668,2.2325453758239746,-11.322587013244629,-77.09234619140625,-0.0020243751350790262,-0.0017297326121479273,0.003582657314836979,-0.002616431098431349
29.950000762939453,44,0.03343261405825615,0.016932131722569466,9.809581756591797,2.0605053901672363,-11.249613761901855,-75.78516387939453,-0.004408283159136772,-0.006127683445811272,0.005824309773743153,-0.002233990468084812
29.959999084472656,43,0.029421672224998474,0.022656191140413284,9.805545806884766,1.570765495300293,-10.999483108520508,-74.9020004272461,-0.009062294848263264,-0.000310169329168275,0.004660807084292173,-0.0020931449253112078
29.969999313354492,43,0.03532802313566208,0.026498304679989815,9.805545806884766,2.1918704509735107,-11.089641571044922,-73.68669891357422,-0.0035601388663053513,0.002121955854818225,0.006882692687213421,-0.0020931449253112078
29.979999542236328,42,0.036032430827617645,0.026498304679989815,9.808588981628418,1.4571975469589233,-11.356744766235352,-73.46459197998047,0.001192403258755803,0.00018907371850218624,0.008144726045429707,-0.0024759687948971987
29.989999771118164,42,0.04042801633477211,0.020353224128484726,9.810393333435059,1.9418253898620605,-11.623847007751465,-71.60823822021484,-0.004168394953012466,-0.0061438558623194695,0.006303786300122738,-0.0022334796376526356
30,41,0.03437800332903862,0.016932131722569466,9.813578605651855,2.268834114074707,-11.649357795715332,-71.32522583007812,-0.0073974523693323135,-0.010310903191566467,0.006790750660002232,-0.0020931449253112078
30.010000228881836,41,0.03265753760933876,0.016932131722569466,9.802215576171875,2.1638808250427246,-11.609685897827148,-71.66413116455078,-0.0027284666430205107,-0.004181923810392618,0.006205255631357431,-0.0020931449253112078
30.020000457763672,41,0.027625899761915207,0.016932131722569466,9.795849800109863,2.1004228591918945,-11.890868186950684,-69.65068054199219,-0.002235512714833021,-0.002983979880809784,0.007474776357412338,-0.0020931449253112078
30.030000686645508,41,0.024604368954896927,0.0035192426294088364,9.802647590637207,2.520236015319824,-12.336039543151855,-68.76223754882812,-0.0030674845911562443,-0.003815951757133007,0.009801782667636871,-0.0020931449253112078
30.040000915527344,40,0.021156486123800278,-0.0022002155892550945,9.805545806884766,2.4954333305358887,-12.554903984069824,-66.8387680053711,-0.0023834588937461376,-0.0024478998966515064,0.006656581535935402,-0.0020931449253112078
30.049999237060547,40,0.02330562099814415,0.00828047376126051,9.809086799621582,2.713449716567993,-12.623379707336426,-65.34386444091797,-0.0024610257241874933,-0.0007414290448650718,-0.0003244362014811486,-0.0020931449253112078
30.059999465942383,40,0.0353720486164093,0.008585311472415924,9.803169250488281,2.9722039699554443,-12.862481117248535,-63.97768020629883,-0.0019533969461917877,-0.002363145351409912,-0.0006209270213730633,-0.0017092996276915073
30.06999969482422,40,0.035396378487348557,0.02916938066482544,9.804380416870117,2.9722039699554443,-13.391091346740723,-62.25138473510742,-0.0011070497566834092,-0.005536498036235571,0.0033987730275839567,-0.0015698587521910667
30.079999923706055,40,0.030508404597640038,0.028656331822276115,9.813054084777832,2.9722039699554443,-13.391091346740723,-60.80766677856445,-0.003990799654275179,-0.0062699392437934875,0.0033987730275839567,-0.0015698587521910667
30.09000015258789,41,0.03322291746735573,0.026498304679989815,9.811415672302246,3.2618825435638428,-13.473005294799805,-58.34221649169922,-0.007608889136463404,-0.005903368350118399,0.0033987730275839567,-0.0015698587521910667
30.100000381469727,42,0.045854728668928146,0.022653890773653984,9.78701400756836,2.7822089195251465,-13.990961074829102,-55.55865478515625,-0.0064453864470124245,-0.006558344233781099,0.0018833742942661047,-0.0015698587521910667
30.110000610351562,42,0.05263347551226616,0.01780063286423683,9.820982933044434,2.5652971267700195,-14.500056266784668,-53.48219680786133,-0.005281883757561445,-0.011177915148437023,-0.001538252690806985,-0.0015698587521910667
30.1200008392334,42,0.041468407958745956,0.020916886627674103,9.789397239685059,3.137207269668579,-14.867141723632812,-51.92267990112305,-0.003766185138374567,-0.011177915148437023,0.0033987730275839567,-0.0015698587521910667
30.1299991607666,43,0.03497234731912613,0.009550441987812519,9.805965423583984,3.871880054473877,-15.579416275024414,-48.81313705444336,-0.0008387103443965316,-0.010840094648301601,0.003736593062058091,-0.0011851195013150573
30.139999389648438,43,0.03423897549510002,0.040366727858781815,9.806212425231934,4.085573196411133,-16.291688919067383,-47.02663803100586,-0.0031657160725444555,-0.007693396415561438,0.006883291527628899,-0.0010465724626556039
30.149999618530273,44,0.03423897549510002,0.007873255759477615,9.805545806884766,5.014280319213867,-16.59744644165039,-44.74269104003906,-0.005492721684277058,-0.012347406707704067,0.0022292803041636944,-0.000661577854771167
30.15999984741211,44,0.042830877006053925,0.011113745160400867,9.81851577758789,5.891078948974609,-17.38799285888672,-41.006614685058594,-0.0020740898326039314,-0.008957525715231895,0.0056191617622971535,-0.0005232862313278019
30.170000076293945,44,0.043873582035303116,0.025155864655971527,9.802511215209961,6.489590167999268,-18.538183212280273,-36.64855194091797,0.0003307821461930871,-0.008723926730453968,0.00476712454110384,-0.0005232862313278019
30.18000030517578,44,0.03943628817796707,0.01768675073981285,9.827491760253906,7.0143561363220215,-19.29714012145996,-33.51716613769531,-0.004497230984270573,-0.006679635960608721,0.0036036213859915733,-0.0001379085297230631
30.190000534057617,44,0.025532377883791924,0.01245618425309658,9.81617546081543,7.539122581481934,-20.72168731689453,-30.0744571685791,-0.002645509084686637,-0.0014766670065000653,0.008192045614123344,0
30.200000762939453,44,0.029183007776737213,0.012149045243859291,9.810633659362793,8.413901329040527,-21.700849533081055,-26.168792724609375,-0.001840490847826004,-0.00013497007603291422,0.008638578467071056,0.00038563308771699667
30.209999084472656,44,0.029421672224998474,0.016765333712100983,9.796357154846191,9.295307159423828,-23.019926071166992,-20.633329391479492,-0.0026721633039414883,-0.005956676788628101,0.0033167137298732996,0.0005232862313278019
30.219999313354492,43,0.029421672224998474,0.012245673686265945,9.824350357055664,10.21262264251709,-24.49073028564453,-14.492104530334473,-0.0015311217866837978,-0.008723926730453968,0.004785692319273949,0.0012950632954016328
30.229999542236328,43,0.02485114149749279,0.016861962154507637,9.791321754455566,11.247639656066895,-25.82340431213379,-8.712491989135742,-0.0013181873364374042,-0.007314546033740044,0.009193826466798782,0.0015698587521910667
30.239999771118164,42,0.048461493104696274,0.012490694411098957,9.80566120147705,12.192218780517578,-27.6931209564209,-0.8275731205940247,-0.001840490847826004,-0.004346341360360384,0.004989942070096731,0.0015698587521910667
30.25,42,0.03924164921045303,0.026314251124858856,9.810206413269043,13.517356872558594,-29.48213005065918,4.641244888305664,0.0004703426093328744,-0.003166666254401207,0.00029549974715337157,0.0015698587521910667
30.260000228881836,41,0.04361753910779953,0.021460995078086853,9.80528736114502,14.527697563171387,-31.923582077026367,12.183582305908203,-0.0005320366472005844,-0.005358603782951832,0.0024874373339116573,0.002342657186090946
30.270000457763672,40,0.03905627876520157,0.016283342614769936,9.80135440826416,15.878615379333496,-34.72307205200195,20.649154663085938,-0.006873651407659054,-0.0065954807214438915,0.006879398599267006,0.0030029581394046545
30.280000686645508,40,0.03905627876520157,0.007365958299487829,9.809993743896484,17.93918228149414,-37.741294860839844,29.218835830688477,-0.0068790423683822155,-0.003881239565089345,0.009986265562474728,0.0035263721365481615
30.290000915527344,39,0.03812016174197197,0.007830693386495113,9.805074691772461,20.248153686523438,-41.391693115234375,39.10274887084961,-0.0011930022155866027,-0.003951918333768845,0.007011771202087402,0.004436568357050419
30.299999237060547,39,0.028882939368486404,0.012149045243859291,9.802323341369629,22.248798370361328,-45.12928009033203,50.29167556762695,0.000613496929872781,-0.010657408274710178,0.004179532639682293,0.005483396351337433
30.309999465942383,39,0.027041984722018242,0.012149045243859291,9.812788009643555,24.635143280029297,-49.26800537109375,62.33832931518555,0.00021997241128701717,-0.009510976262390614,0.00688299210742116,0.006143186241388321
30.31999969482422,39,0.04183335229754448,0.010798553936183453,9.797903060913086,27.53284454345703,-53.4039192199707,74.49365997314453,-0.001840490847826004,-0.012565732933580875,0.005186404567211866,0.007053765933960676
30.329999923706055,39,0.031673919409513474,0.005564535968005657,9.808881759643555,30.577878952026367,-57.68842697143555,87.18106842041016,-0.0017009304137900472,-0.0036066111642867327,-0.000212428392842412,0.008100593462586403
30.34000015258789,40,0.04305215924978256,0.01926845870912075,9.803177833557129,33.129512786865234,-62.65581512451172,101.58936309814453,0.000594629324041307,-0.00016012688865885139,0.0009573636343702674,0.00953484233468771
30.350000381469727,40,0.04084046557545662,0.008251715451478958,9.813446044921875,36.278106689453125,-67.28559112548828,115.47126007080078,-0.002895879093557596,-0.0048141381703317165,0.0032843693625181913,0.010329986922442913
30.360000610351562,40,0.04580259323120117,0.015016826801002026,9.805545806884766,40.0292854309082,-73.08378601074219,132.35906982421875,-0.005280086770653725,-0.008361848071217537,0.004505074117332697,0.011628752574324608
30.3700008392334,40,0.03113866038620472,0.025472206994891167,9.804505348205566,43.10976028442383,-78.9285659790039,150.4285430908203,-0.006564282346516848,-0.005595496855676174,-0.000588283350225538,0.012811191380023956
30.3799991607666,39,0.023099396377801895,0.019522683694958687,9.802919387817383,45.89060974121094,-85.10297393798828,169.25970458984375,-0.0018518713768571615,-0.007001583464443684,0.004366711713373661,0.014245950616896152
30.389999389648438,40,0.03541375696659088,0.015648359432816505,9.8056640625,49.07868194580078,-92.16999816894531,189.0271453857422,-0.000613496929872781,-0.008412760682404041,0.004021104890853167,0.01581619307398796
30.399999618530273,41,0.03656537085771561,0.022788479924201965,9.797268867492676,51.80746841430664,-99.4708023071289,210.3497314453125,-0.004875181708484888,-0.0053145792335271835,0.004251109901815653,0.01777462102472782
30.40999984741211,40,0.02547328919172287,0.013455823995172977,9.81391716003418,55.47344970703125,-106.77159881591797,235.4407196044922,-0.004381928592920303,-0.006182489451020956,0.004625767003744841,0.020256591960787773
30.420000076293945,39,0.023290559649467468,0.016932131722569466,9.817371368408203,60.01506042480469,-114.2490005493164,260.9834289550781,-0.0030674845911562443,-0.00604622345417738,0.004625767003744841,0.022873660549521446
30.43000030517578,39,0.039501167833805084,0.015485011972486973,9.819966316223145,64.90280151367188,-122.31385040283203,287.3367004394531,-0.0017437568167224526,-0.002395489951595664,0.0026401751674711704,0.025879301130771637
30.440000534057617,39,0.029421672224998474,0.015183624811470509,9.798457145690918,68.77698516845703,-129.31564331054688,309.3488464355469,-0.000613496929872781,-0.002528461627662182,-0.0014487062580883503,0.02940848097205162
30.450000762939453,38,0.029421672224998474,0.016952836886048317,9.82493782043457,68.77698516845703,-129.31564331054688,309.3488464355469,-0.0032879062928259373,-0.005042945500463247,-0.0012887808261439204,0.03268355503678322
30.459999084472656,49,0.029421672224998474,0.007365958299487829,9.82493782043457,74.25020599365234,-137.5699462890625,342.0597229003906,-0.007691248320043087,-0.006457117851823568,0.003114560851827264,0.0401025228202343
30.469999313354492,38,0.029421672224998474,0.014277162030339241,9.819684028625488,81.07308959960938,-146.96669006347656,376.7466125488281,-0.00920245423913002,-0.008723926730453968,0.004625767003744841,0.04238618537783623
30.479999542236328,37,0.03304333984851837,0.01571047678589821,9.808570861816406,88.42025756835938,-156.98434448242188,413.23455810546875,-0.00816922727972269,-0.008723926730453968,0.007036628667265177,0.04666747897863388
30.489999771118164,37,0.04281929135322571,0.001536067808046937,9.807438850402832,96.12725067138672,-167.74549865722656,451.7857666015625,-0.005802390165627003,-0.009566680528223515,0.010967381298542023,0.051646359264850616
30.5,37,0.04283435270190239,0.007365958299487829,9.802535057067871,104.60025787353516,-179.73089599609375,491.970703125,-0.006965892855077982,-0.012187481857836246,0.004268479999154806,0.056746549904346466
30.510000228881836,37,0.038284674286842346,0.011382922530174255,9.805252075195312,114.99063110351562,-193.08602905273438,534.5048828125,-0.006897909566760063,-0.010562172159552574,0.00846068374812603,0.06198068708181381
30.520000457763672,37,0.04596710577607155,0.016932131722569466,9.812296867370605,126.73561096191406,-207.01571655273438,582.682861328125,0.00025171792367473245,-0.006179494317620993,0.0093528525903821,0.06877370178699493
30.530000686645508,36,0.04869088903069496,0.016932131722569466,9.804561614990234,140.37391662597656,-221.44140625,634.7033081054688,-0.004321432206779718,-0.0051507605239748955,0.007052800618112087,0.07805073261260986
30.540000915527344,36,0.04869088903069496,0.016932131722569466,9.815241813659668,156.468505859375,-236.6818389892578,691.0033569335938,-0.005484935361891985,-0.009804772213101387,0.005889297928661108,0.0899454727768898
30.549999237060547,36,0.04177426919341087,0.02151045948266983,9.803640365600586,175.3721466064453,-253.13356018066406,752.8497924804688,-0.0032675412949174643,-0.007696989923715591,0.009233657270669937,0.10445792227983475
30.559999465942383,36,0.03661518916487694,0.01234230026602745,9.805349349975586,196.88755798339844,-270.85137939453125,821.7039794921875,-0.007321382872760296,-0.009623882360756397,0.004216369707137346,0.12041737884283066
30.56999969482422,36,0.03660939633846283,0.01480631623417139,9.805315017700195,221.72576904296875,-290.9964599609375,896.222900390625,-0.0069754766300320625,-0.006950970273464918,0.010398657992482185,0.13781428337097168
30.579999923706055,36,0.029203863814473152,0.028781717643141747,9.808736801147461,249.2625274658203,-314.6456298828125,976.5528564453125,-0.007684958633035421,-0.003460461739450693,0.011987730860710144,0.15639133751392365
30.59000015258789,35,0.029780825600028038,0.026498304679989815,9.809309005737305,279.6780700683594,-342.20465087890625,1062.43896484375,-0.0071024587377905846,-0.003461959306150675,0.0023847136180847883,0.1760154664516449
30.600000381469727,34,0.03423897549510002,0.026498304679989815,9.801201820373535,313.4663391113281,-374.12664794921875,1153.8560791015625,-0.004319934640079737,-0.006244483403861523,0.0009193289442919195,0.19824963808059692
30.610000610351562,34,0.028779828920960426,0.023788118734955788,9.80005168914795,351.8792419433594,-411.7880859375,1252.2510986328125,-0.0008294262806884944,-0.008242952637374401,0.0029177984688431025,0.22440679371356964
30.6200008392334,34,0.024604368954896927,0.018934862688183784,9.804304122924805,395.2889099121094,-452.8406677246094,1359.6343994140625,-0.002116616815328598,-0.008723926730453968,0.004763829987496138,0.2559252679347992
30.6299991607666,34,0.030346205458045006,0.0197826586663723,9.798836708068848,442.50299072265625,-494.7048645019531,1474.0291748046875,0.00003878342977259308,-0.008723926730453968,0.006471798289567232,0.29163822531700134
30.639999389648438,34,0.031297385692596436,0.018794521689414978,9.796921730041504,492.63470458984375,-536.0785522460938,1592.21826171875,0.0031833855900913477,-0.008168380707502365,0.008190847001969814,0.3290596902370453
30.649999618530273,33,0.03243393450975418,0.019922997802495956,9.803729057312012,544.1341552734375,-576.3809814453125,1711.6851806640625,0.0023325462825596333,-0.006512822583317757,0.004613188561052084,0.3620489537715912
30.65999984741211,33,0.03423897549510002,0.027837295085191727,9.793135643005371,594.8162841796875,-615.7230834960938,1830.94482421875,0.00006753413617843762,-0.004614381119608879,-0.0010219388641417027,0.38210007548332214
30.670000076293945,32,0.04054618999361992,0.01875656098127365,9.802021980285645,640.9957275390625,-651.15869140625,1945.3316650390625,-0.006616692524403334,-0.005276245065033436,0.002171779051423073,0.3869685232639313
30.68000030517578,31,0.043873582035303116,0.012149045243859291,9.803903579711914,683.42919921875,-683.0634155273438,2053.288330078125,-0.008297706954181194,-0.00842234492301941,0.0036796906497329473,0.38018009066581726
30.690000534057617,48,0.033988725394010544,0.015420593321323395,9.817277908325195,722.8826904296875,-712.447998046875,2157.6982421875,-0.004331015981733799,-0.0070207505486905575,0.007592474576085806,0.3687991797924042
30.700000762939453,31,0.0361529216170311,0.02695728838443756,9.804615020751953,760.182861328125,-739.1158447265625,2260.46337890625,-0.00008490426262142137,-0.004868345335125923,0.0051495679654181,0.35989683866500854
30.709999084472656,31,0.045928873121738434,0.02786950208246708,9.802765846252441,796.3893432617188,-762.450927734375,2362.498046875,-0.003961150534451008,-0.004260388668626547,0.007862310856580734,0.3543984591960907
30.719999313354492,31,0.04518391937017441,0.023016246035695076,9.816133499145508,833.5427856445312,-782.5726318359375,2461.22607421875,-0.0007563517428934574,-0.008771545253694057,0.0034463913179934025,0.3532181978225708
30.729999542236328,31,0.03671829774975777,0.028819678351283073,9.802087783813477,871.877685546875,-802.6173095703125,2551.7802734375,-0.004246860276907682,-0.009935048408806324,0.004609894473105669,0.3500789999961853
30.739999771118164,30,0.023294035345315933,0.0240365918725729,9.814207077026367,911.2606811523438,-824.2307739257812,2633.604248046875,-0.0031468484085053205,-0.007655661087483168,-0.0022600137162953615,0.34235894680023193
30.75,30,0.03466301038861275,0.018022647127509117,9.816347122192383,952.3251342773438,-849.4068603515625,2705.268310546875,-0.0019833457190543413,-0.010749351233243942,0.007021055556833744,0.3322829306125641
30.760000228881836,30,0.027687303721904755,0.02445761300623417,9.82668399810791,995.933349609375,-879.5379638671875,2766.83544921875,-0.0028611388988792896,-0.004033378325402737,0.008306748233735561,0.324564129114151
30.770000457763672,30,0.024604368954896927,0.018832482397556305,9.8103609085083,1043.3721923828125,-914.6173706054688,2821.585693359375,-0.004024641588330269,-0.004503272008150816,0.006392434239387512,0.3256179690361023
30.780000686645508,30,0.020673366263508797,0.00912596844136715,9.821370124816895,1098.59375,-957.3855590820312,2872.2705078125,-0.0007198142702691257,-0.005936611443758011,0.0067464266903698444,0.34264522790908813
30.790000915527344,28,0.027790416032075882,0.011339210905134678,9.81285572052002,1160.8524169921875,-1007.8306884765625,2922.611083984375,-0.0010468530235812068,-0.008760464377701283,0.002928879577666521,0.37825921177864075
30.799999237060547,28,0.02127697691321373,0.02023588865995407,9.810393333435059,1232.6988525390625,-1063.915771484375,2973.97412109375,-0.004140542820096016,-0.0030507647898048162,-0.0013552667805925012,0.4307542145252228
30.809999465942383,28,0.03221612423658371,0.017601625993847847,9.810393333435059,1315.7734375,-1122.902099609375,3028.745361328125,-0.004818279296159744,0.0024984099436551332,0.004295733291655779,0.5006592869758606
30.81999969482422,27,0.030025282874703407,0.02948342077434063,9.797672271728516,1410.3734130859375,-1181.6876220703125,3090.711669921875,-0.0004562667745631188,-0.0015716039342805743,0.010173444636166096,0.591906726360321
30.829999923706055,26,0.03370603546500206,0.014265659265220165,9.813096046447754,1526.3468017578125,-1234.751953125,3171.670654296875,0.0007626408478245139,-0.006846150383353233,0.008455893024802208,0.7052727341651917
30.84000015258789,24,0.04294905066490173,0.007824941538274288,9.810858726501465,1659.5030517578125,-1278.51513671875,3270.638671875,-0.004916810430586338,-0.00698421336710453,0.004827321041375399,0.8233001232147217
30.850000381469727,23,0.05272500216960907,0.024943053722381592,9.810393333435059,1814.7647705078125,-1312.3328857421875,3384.18798828125,-0.010100912302732468,-0.0062699392437934875,0.004746459890156984,0.9962188601493835
30.860000610351562,23,0.03552266210317612,0.026498304679989815,9.792293548583984,1993.019775390625,-1338.479736328125,3508.34375,-0.01011348981410265,-0.005498463753610849,0.00785122998058796,1.063923954963684
30.8700008392334,48,0.03880602866411209,0.03556753695011139,9.804790496826172,2191.37548828125,-1360.951904296875,3636.798828125,-0.004492738284170628,-0.003815951757133007,0.007278014440089464,1.070643663406372
30.8799991607666,48,0.03441855311393738,0.02225012332201004,9.81488037109375,2402.2265625,-1381.875,3746.74365234375,0.001064223237335682,-0.003039684146642685,0.0027560763992369175,1.070643663406372
30.889999389648438,24,0.03423897549510002,0.02639017254114151,9.815241813659668,2595.901611328125,-1406.8203125,3829.899169921875,-0.002426285296678543,-0.0015018237754702568,0.00855741836130619,1.070643663406372
30.899999618530273,22,0.057939693331718445,0.012295137159526348,9.800780296325684,2749.8681640625,-1434.340576171875,3886.01708984375,-0.005126151256263256,-0.00846037920564413,0.0037940945476293564,1.070643663406372
30.90999984741211,48,0.029009224846959114,0.016727373003959656,9.796575546264648,2842.4912109375,-1462.9404296875,3919.201171875,-0.0020453392062336206,-0.006133373826742172,0.007284603081643581,1.070643663406372
30.920000076293945,22,0.010326243005692959,0.006848308257758617,9.82821273803711,2686.856201171875,-1493.4295654296875,3935.17431640625,-0.0055118887685239315,-0.003825535299256444,0.010722402483224869,1.070643663406372
30.93000030517578,24,0.01374747883528471,-0.006497861817479134,9.787630081176758,1526.072998046875,-1534.65234375,3936.72900390625,-0.0031848831567913294,-0.006152540910989046,0.001414378872141242,1.070643663406372
30.940000534057617,24,-0.005650335922837257,0.004147325176745653,9.813655853271484,1439.1712646484375,-1537.738525390625,3936.845458984375,-0.005277092102915049,-0.011793957091867924,0.005363999865949154,1.070643663406372
30.950000762939453,48,0.043873582035303116,0.026498304679989815,9.791001319885254,393.1491394042969,-1541.9361572265625,3952.013916015625,0.011139528825879097,-0.033231161534786224,0.0037701355759054422,1.070643663406372
30.959999084472656,24,0.04250415787100792,0.026951536536216736,9.792379379272461,-765.3021240234375,-1543.6759033203125,3995.3671875,0.014110429212450981,-0.036944784224033356,0.0033987730275839567,1.070643663406372
30.969999313354492,24,0.03943744674324989,0.03285159915685654,9.804485321044922,-1169.4954833984375,-1538.15234375,4076.328125,0.01593909040093422,-0.03785911574959755,0.008884756825864315,1.004996418952942
30.979999542236328,24,0.12154825776815414,0.047411367297172546,9.795849800109863,-414.7765197753906,-1525.1534423828125,4199.37744140625,0.008056022226810455,-0.0322159044444561,0.0090590575709939,0.0648152157664299
30.989999771118164,24,0.11640886962413788,0.05533371493220329,9.797867774963379,1282.2196044921875,-1495.7177734375,4355.451171875,-0.004366355482488871,-0.016197897493839264,0.004370005801320076,-0.8665519952774048
31,25,0.03319395333528519,0.011820049025118351,9.816344261169434,2353.25439453125,-1442.23828125,4428.72900390625,-0.021508030593395233,0.017334941774606705,0.007962639443576336,-1.0711668729782104
31.010000228881836,24,-0.06011205166578293,-0.0426286906003952,9.83124828338623,2840.259521484375,-1364.8265380859375,4451.07275390625,-0.030061349272727966,0.040070418268442154,0.004723698832094669,-1.0711668729782104
31.020000457763672,24,0.12292231619358063,0.06507358700037003,9.76024341583252,2916.4189453125,-1264.5411376953125,4451.07275390625,-0.014542587101459503,0.01658053882420063,0.0008782992954365909,-1.0711668729782104
31.030000686645508,25,-0.033571694046258926,-0.027242979034781456,9.82895278930664,2827.18994140625,-1144.0677490234375,4451.07275390625,-0.004026737995445728,-0.003337373025715351,0.006065695080906153,-1.0711668729782104
31.040000915527344,28,0.0885431244969368,0.03258587047457695,9.786153793334961,2652.1279296875,-1012.92041015625,4451.07275390625,-0.009306974709033966,0.005164732690900564,0.007184275425970554,-1.0711668729782104
31.049999237060547,29,0.09055786579847336,0.04543394595384598,9.782855033874512,2431.637451171875,-887.2999267578125,4451.07275390625,-0.006334277335554361,-0.002166982041671872,0.0017731634434312582,-1.0711668729782104
31.059999465942383,30,0.015134277753531933,0.008684240281581879,9.791509628295898,2184.3896484375,-774.6314086914062,4451.07275390625,-0.007289637345820665,-0.00558411655947566,-0.00013755695545114577,-1.0711668729782104
31.06999969482422,30,0.006687197368592024,-0.004650426097214222,9.822982788085938,1924.9185791015625,-680.18359375,4366.689453125,-0.004962631966918707,-0.0035365314688533545,0.003119352739304304,-1.0711668729782104
31.079999923706055,31,0.027213450521230698,-0.003994735423475504,9.752517700195312,1667.8258056640625,-606.220458984375,4127.5634765625,-0.0030674845911562443,-0.0034526751842349768,0.002819567220285535,-1.0711668729782104
31.09000015258789,31,0.032863762229681015,0.018297577276825905,9.81246566772461,1430.4215087890625,-549.950927734375,3803.3935546875,-0.0035247995983809233,-0.007344495039433241,0.005395445507019758,-1.0711668729782104
31.100000381469727,32,0.03086755983531475,0.02171521820127964,9.810870170593262,1225.164306640625,-503.0963439941406,3474.971435546875,-0.006570571567863226,-0.006180991884320974,0.002349673770368099,-1.0711668729782104
31.110000610351562,33,0.03423897549510002,0.02171521820127964,9.775918960571289,1047.9957275390625,-458.0625915527344,3155.120849609375,-0.004319934640079737,-0.004992032889276743,0.004549398086965084,-1.0711668729782104
31.1200008392334,33,0.03582620620727539,0.020139262080192566,9.810226440429688,895.2371215820312,-414.69293212890625,2851.591552734375,-0.005483437795192003,-0.002665027277544141,0.0010588894365355372,-1.0711668729782104
31.1299991607666,34,0.03905627876520157,0.013639877550303936,9.822796821594238,763.621826171875,-373.8092346191406,2568.768798828125,-0.010023344308137894,-0.005965361837297678,0.004321189597249031,-1.0711668729782104
31.139999389648438,34,0.04251343011856079,0.012514851056039333,9.796219825744629,652.1614990234375,-336.41485595703125,2307.01171875,-0.006181539501994848,-0.008393893018364906,0.0035637898836284876,-0.9765294790267944
31.149999618530273,34,0.0450923927128315,0.01992874965071678,9.812788963317871,560.4337768554688,-303.4902648925781,2069.960693359375,-0.005521472543478012,-0.01072089932858944,0.007392717059701681,-0.8440017104148865
31.15999984741211,34,0.03905627876520157,0.016932131722569466,9.813647270202637,480.8669738769531,-273.65179443359375,1848.5126953125,-0.006456467323005199,-0.008372929878532887,0.006436758209019899,-0.7252745032310486
31.170000076293945,35,0.037115685641765594,0.015005323104560375,9.81147289276123,411.7541198730469,-246.05657958984375,1643.458984375,-0.002390946028754115,-0.007496933452785015,0.0006237362395040691,-0.6252262592315674
31.18000030517578,36,0.03423897549510002,0.010152066126465797,9.826537132263184,351.3154602050781,-220.5652618408203,1455.33984375,-0.00707760127261281,-0.0066889203153550625,-0.0015092025278136134,-0.5393952131271362
31.190000534057617,36,0.03423897549510002,0.011500257067382336,9.813146591186523,297.9570617675781,-197.50790405273438,1284.2161865234375,-0.0044732713140547276,-0.007014461327344179,-0.0015092025278136134,-0.46585613489151
31.200000762939453,36,0.03423897549510002,0.016932131722569466,9.819058418273926,254.29649353027344,-175.96163940429688,1131.6263427734375,-0.0019755589310079813,-0.0068159024231135845,0.0012149214744567871,-0.4019681215286255
31.209999084472656,36,0.03646225854754448,0.012517151422798634,9.823073387145996,216.3528289794922,-155.22366333007812,993.1514282226562,-0.004302564542740583,-0.007505019195377827,0.00031107314862310886,-0.34538617730140686
31.219999313354492,36,0.03676232323050499,0.016476599499583244,9.808316230773926,182.79598999023438,-136.4534149169922,869.0668334960938,-0.006629570387303829,-0.007615828886628151,-0.0005200005252845585,-0.2964075803756714
31.229999542236328,36,0.03423897549510002,0.021802643314003944,9.793558120727539,153.54078674316406,-119.55774688720703,757.3310546875,-0.007975460030138493,-0.0038171494379639626,-0.0012621264904737473,-0.2532881498336792
31.239999771118164,36,0.036674272269010544,0.016932131722569466,9.805760383605957,128.62332153320312,-104.02998352050781,655.7402954101562,-0.008402527309954166,0.00029209686908870935,-0.005135977175086737,-0.2158030867576599
31.25,36,0.03905627876520157,0.016932131722569466,9.812328338623047,107.6326675415039,-90.05162811279297,568.4509887695312,-0.00847530271857977,-0.0010894316947087646,-0.0027361963875591755,-0.1824808120727539
31.260000228881836,36,0.03905627876520157,0.019490472972393036,9.808477401733398,89.56394958496094,-77.11273193359375,491.33465576171875,-0.007048550993204117,-0.005969854537397623,-0.000035432174627203494,-0.15362167358398438
31.270000457763672,37,0.041703592985868454,0.016458194702863693,9.812577247619629,74.48406219482422,-66.07142639160156,423.7340087890625,-0.0084486473351717,-0.005279539152979851,0.007596966810524464,-0.1290750950574875
31.280000686645508,37,0.0357196182012558,0.014847727492451668,9.804922103881836,62.05751419067383,-56.5791130065918,363.4093933105469,-0.010602550581097603,-0.005923733580857515,0.004452663939446211,-0.10871686786413193
31.290000915527344,38,0.026633011177182198,0.016932131722569466,9.809117317199707,53.52165222167969,-49.69291305541992,318.5143737792969,-0.0112179946154356,-0.003815951757133007,0.003508384805172682,-0.0913483053445816
31.299999237060547,50,0.027463702484965324,0.016932131722569466,9.809486389160156,53.52165222167969,-49.69291305541992,318.5143737792969,-0.00679458724334836,-0.003815951757133007,0.0045335255563259125,-0.06780451536178589
31.309999465942383,40,0.029421672224998474,0.016932131722569466,9.805545806884766,45.370262145996094,-43.0372200012207,274.74090576171875,-0.00795808993279934,-0.003815951757133007,0.002206519478932023,-0.061747774481773376
31.31999969482422,40,0.047425735741853714,0.019911495968699455,9.802525520324707,38.137447357177734,-37.95814895629883,232.60711669921875,-0.007975460030138493,-0.003815951757133007,0.002171779051423073,-0.05414901673793793
31.329999923706055,41,0.0429687462747097,0.02171521820127964,9.800697326660156,31.95429229736328,-33.59675979614258,196.02301025390625,-0.011223385110497475,-0.004898593295365572,0.00975027121603489,-0.0454043373465538
31.34000015258789,42,0.037380997091531754,0.018595514819025993,9.791211128234863,26.883150100708008,-29.690929412841797,165.19332885742188,-0.009618140757083893,-0.006062095984816551,0.002607530914247036,-0.0382302887737751
31.350000381469727,42,0.035843584686517715,0.016932131722569466,9.818485260009766,23.13686180114746,-26.803260803222656,138.16879272460938,-0.012069432996213436,-0.009136918000876904,0.0047674234956502914,-0.03222654014825821
31.360000610351562,43,0.03423897549510002,0.02019217610359192,9.804895401000977,20.093217849731445,-25.022579193115234,115.18036651611328,-0.01109909825026989,-0.01173525769263506,0.00406842352822423,-0.0272698774933815
31.3700008392334,43,0.03423897549510002,0.01838500238955021,9.794377326965332,17.98676872253418,-22.80823516845703,93.0033187866211,-0.007114737760275602,-0.00577548798173666,0.006713483016937971,-0.023360298946499825
31.3799991607666,44,0.030814263969659805,0.016932131722569466,9.809636116027832,16.462831497192383,-20.803173065185547,74.49249267578125,-0.004756285808980465,-0.002588957780972123,0.008306748233735561,-0.020097102969884872
31.389999389648438,44,0.018935522064566612,0.013461575843393803,9.80117130279541,15.239933967590332,-19.17748260498047,59.235191345214844,-0.006399564910680056,-0.006097435485571623,0.006903357338160276,-0.017357448115944862
31.399999618530273,44,0.025667930021882057,0.012149045243859291,9.7994384765625,14.097661018371582,-17.873050689697266,45.49543380737305,-0.007975460030138493,-0.0036182906478643417,0.006490965373814106,-0.015542290173470974
31.40999984741211,44,0.03305840119719505,0.0013163542607799172,9.804357528686523,13.048128128051758,-16.80463981628418,32.83514404296875,-0.00912488717585802,-0.0012068302603438497,0.006505040917545557,-0.013169880956411362
31.420000076293945,44,0.02682417444884777,0.01620512083172798,9.813008308410645,12.369938850402832,-16.366268157958984,22.13951873779297,-0.006339667830616236,-0.003815951757133007,0.005852760747075081,-0.011355235241353512
31.43000030517578,44,0.0283824410289526,0.014212743379175663,9.792428970336914,11.877233505249023,-16.010129928588867,13.150123596191406,-0.0032998856622725725,-0.005159146152436733,0.005405029281973839,-0.010186332277953625
31.440000534057617,43,0.029421672224998474,0.0197918601334095,9.797773361206055,11.369065284729004,-15.57904052734375,4.885293006896973,-0.0075912196189165115,-0.008265414275228977,0.006546969525516033,-0.009540971368551254
31.450000762939453,43,0.029421672224998474,0.02171521820127964,9.812530517578125,10.85843563079834,-15.078511238098145,-3.0658059120178223,-0.005786217749118805,-0.009950920939445496,0.010119237937033176,-0.008615963160991669
31.459999084472656,42,0.03740185126662254,0.013791721314191818,9.799180030822754,10.85843563079834,-14.722373962402344,-9.395952224731445,-0.0030674845911562443,-0.00892188772559166,0.007534972857683897,-0.007569135166704655
31.469999313354492,42,0.051238566637039185,0.016180964186787605,9.804022789001465,10.356073379516602,-14.451470375061035,-16.15135383605957,-0.0026799498591572046,-0.004461643286049366,0.004819534253329039,-0.006924157030880451
31.479999542236328,42,0.03285101801156998,0.02103422023355961,9.813860893249512,10.059736251831055,-14.184368133544922,-20.508617401123047,-0.0011346024693921208,-0.0017527930904179811,0.006113313604146242,-0.0064007434993982315
31.489999771118164,41,0.04202799126505852,0.02171521820127964,9.811012268066406,9.798016548156738,-13.961220741271973,-24.170635223388672,-0.005655043292790651,-0.004909374751150608,0.00817317795008421,-0.0058773295022547245
31.5,40,0.02678246609866619,0.01747278869152069,9.810393333435059,9.675549507141113,-13.80646800994873,-28.202980041503906,-0.007972165942192078,-0.002598840743303299,0.005849466193467379,-0.005756148602813482
31.510000228881836,40,0.041978172957897186,0.016932131722569466,9.810393333435059,10.073274612426758,-13.71743392944336,-32.558372497558594,-0.006808662787079811,-0.006089349277317524,0.004685963504016399,-0.005756148602813482
31.520000457763672,40,0.026217088103294373,0.016932131722569466,9.797066688537598,9.758414268493652,-13.628400802612305,-34.1131477355957,0.0009746765717864037,-0.008476551622152328,0.005729073192924261,-0.0053536598570644855
31.530000686645508,40,0.03357395902276039,0.030290955677628517,9.822930335998535,9.611113548278809,-13.539365768432617,-37.7955322265625,0.001840490847826004,-0.010803557932376862,0.010012021288275719,-0.005232862196862698
31.540000915527344,40,0.029683507978916168,0.017712058499455452,9.81576919555664,9.149457931518555,-13.399898529052734,-40.50586700439453,-0.003041129792109132,-0.009225266054272652,0.007831763476133347,-0.004830118268728256
31.549999237060547,40,0.029421672224998474,0.007745568174868822,9.815241813659668,8.871359825134277,-13.341007232666016,-42.506595611572266,-0.0024688122794032097,-0.003246928099542856,0.006166921462863684,-0.004306704271584749
31.559999465942383,40,0.038815297186374664,0.007365958299487829,9.805788040161133,9.393159866333008,-13.491609573364258,-45.32551574707031,-0.001840490847826004,-0.004759332165122032,0.0033047343604266644,-0.0041862898506224155
31.56999969482422,40,0.029521306976675987,0.026217622682452202,9.81036376953125,8.973346710205078,-13.402575492858887,-47.5466194152832,-0.0026263417676091194,-0.004698237404227257,0.005315183196216822,-0.0037831629160791636
31.579999923706055,40,0.029696250334382057,0.007638587150722742,9.815241813659668,8.553534507751465,-13.391091346740723,-50.25137710571289,-0.005956924986094236,-0.0059830318205058575,0.004912674427032471,-0.004066258203238249
31.59000015258789,40,0.043711382895708084,0.022037312388420105,9.814915657043457,8.603328704833984,-13.27726936340332,-52.38887405395508,-0.007975460030138493,-0.00486145680770278,0.004716511350125074,-0.0037829075008630753
31.600000381469727,41,0.03905627876520157,0.03058774024248123,9.805779457092285,8.704400062561035,-13.135473251342773,-54.61819076538086,-0.007975460030138493,-0.008542738854885101,0.004662004765123129,-0.004066513851284981
31.610000610351562,41,0.039359819144010544,0.01783629320561886,9.810699462890625,8.512922286987305,-13.093338966369629,-57.07663345336914,-0.007975460030138493,-0.015390783548355103,0.002866885857656598,-0.003782652085646987
31.6200008392334,42,0.04349936917424202,0.030909834429621696,9.813735008239746,8.407968521118164,-13.271407127380371,-57.52085494995117,-0.005633479915559292,-0.013275514356791973,0.002171779051423073,-0.0036630036775022745
31.6299991607666,42,0.0399460531771183,0.026940034702420235,9.796745300292969,8.798277854919434,-13.113362312316895,-58.90837478637695,-0.002245395677164197,-0.007914116606116295,0.002171779051423073,-0.0036630036775022745
31.639999389648438,42,0.04714420810341835,0.028721900656819344,9.805545806884766,8.321412086486816,-13.12546157836914,-61.37997055053711,-0.00340889859944582,-0.006611353252083063,0.001147537142969668,-0.0036630036775022745
31.649999618530273,42,0.03482520952820778,0.008530096150934696,9.805545806884766,8.036120414733887,-13.04349422454834,-63.200927734375,-0.004572401288896799,-0.009164471179246902,0.0007141810492612422,-0.0032588550820946693
31.65999984741211,42,0.03905627876520157,0.015627652406692505,9.805545806884766,8.22065544128418,-12.798502922058105,-64.25337982177734,-0.005735904444009066,-0.01464446447789669,0.008735612034797668,-0.0031397175043821335
31.670000076293945,41,0.03614596650004387,0.009533186443150043,9.804080963134766,8.014220237731934,-12.621907234191895,-66.4744873046875,-0.006446584593504667,-0.013330020941793919,0.010609795339405537,-0.003544121515005827
31.68000030517578,41,0.023778313770890236,0.019337477162480354,9.796653747558594,8.014220237731934,-12.532873153686523,-68.69559478759766,-0.004032128490507603,-0.011265365406870842,0.009533742442727089,-0.0032584720756858587
31.690000534057617,40,0.04126681759953499,0.007365958299487829,9.799822807312012,8.261299133300781,-12.653441429138184,-68.91229248046875,-0.0006614146986976266,-0.01230907253921032,0.00946186576038599,-0.0035443769302219152
31.700000762939453,40,0.029421672224998474,0.008298879489302635,9.798686027526855,8.286006927490234,-12.68382453918457,-69.19316864013672,-0.0029884204268455505,-0.007655061781406403,0.005971357226371765,-0.0036630036775022745
31.709999084472656,39,0.02841140516102314,0.012149045243859291,9.80836009979248,8.10980224609375,-12.5947904586792,-70.36282348632812,-0.004191454965621233,-0.006372962612658739,0.010348644107580185,-0.0036630036775022745
31.719999313354492,38,0.027847185730934143,0.017515351995825768,9.800697326660156,8.023591995239258,-12.54550838470459,-72.23290252685547,-0.003233998781070113,-0.008390898816287518,0.013942175544798374,-0.0036630036775022745
31.729999542236328,38,0.03560144454240799,0.0326341837644577,9.799538612365723,8.128545761108398,-12.901644706726074,-72.78817749023438,-0.006058450788259506,-0.008723926730453968,0.006465808488428593,-0.0036630036775022745
31.739999771118164,37,0.027048936113715172,0.02171521820127964,9.800769805908203,7.693523406982422,-12.570671081542969,-74.39096069335938,-0.005814968608319759,-0.006856931839138269,0.007426259573549032,-0.0036630036775022745
31.75,37,0.03294602036476135,0.02428276278078556,9.811338424682617,7.56275749206543,-12.348326683044434,-75.40351867675781,-0.004651465453207493,-0.0027899127453565598,0.008306748233735561,-0.0032575782388448715
31.760000228881836,38,0.032148927450180054,0.02857350744307041,9.803442001342773,7.709048271179199,-12.329427719116211,-75.78382873535156,-0.0034879627637565136,-0.009427119977772236,0.0018546233186498284,-0.0031397175043821335
31.770000457763672,39,0.03618767857551575,0.018866991624236107,9.803176879882812,7.935963153839111,-12.331891059875488,-75.96687316894531,-0.005296558607369661,-0.01065980363637209,-0.0007661778363399208,-0.0031397175043821335
31.780000686645508,40,0.030926644802093506,0.012149045243859291,9.798270225524902,8.250823020935059,-11.886719703674316,-76.52214813232422,-0.007427999749779701,-0.0060057928785681725,0.0031154591124504805,-0.0031397175043821335
31.790000915527344,40,0.03423897549510002,0.012149045243859291,9.817008972167969,8.077520370483398,-12.104138374328613,-77.5939712524414,-0.007975460030138493,-0.006280121859163046,0.005852760747075081,-0.0031397175043821335
31.799999237060547,42,0.03423897549510002,0.012149045243859291,9.800697326660156,7.867614269256592,-12.184686660766602,-78.626953125,-0.005212702322751284,-0.008171375840902328,0.008062967099249363,-0.0035457813646644354
31.809999465942383,42,0.03423897549510002,0.015558633953332901,9.804153442382812,7.853603363037109,-12.14314079284668,-78.641845703125,-0.001840490847826004,-0.007007872685790062,0.009293555282056332,-0.0032568119931966066
31.81999969482422,43,0.03423897549510002,0.016390323638916016,9.806795120239258,7.940286159515381,-12.09592056274414,-78.26146697998047,-0.003117199521511793,-0.0071210782043635845,0.007079754490405321,-0.0031397175043821335
31.829999923706055,43,0.032380640506744385,0.009211093187332153,9.808177947998047,7.6266889572143555,-12.183883666992188,-80.2514419555664,-0.003349001519382,-0.006913534365594387,0.005631440319120884,-0.0031397175043821335
31.84000015258789,44,0.03135067969560623,0.010233739390969276,9.808442115783691,7.731642246246338,-11.916781425476074,-79.251953125,0.00034755351953208447,-0.004081895109266043,0.0027689540293067694,-0.0031397175043821335
31.850000381469727,45,0.03423897549510002,0.013322385028004646,9.807101249694824,7.674715995788574,-11.92432975769043,-79.87971496582031,-0.004764671437442303,-0.008959023281931877,0.0041555739007890224,-0.0031397175043821335
31.860000610351562,45,0.03630932793021202,0.0155482804402709,9.823534965515137,7.739593982696533,-11.869293212890625,-80.33134460449219,-0.006405255291610956,-0.009950920939445496,0.002514990046620369,-0.002732887165620923
31.8700008392334,46,0.03691525384783745,0.011617591604590416,9.81739616394043,7.8849382400512695,-11.855533599853516,-80.56187438964844,-0.003753906348720193,-0.009734692052006721,0.0043014236725866795,-0.0030233890283852816
31.8799991607666,46,0.029815582558512688,0.02132410556077957,9.8134126663208,7.869034290313721,-12.164448738098145,-81.57820129394531,0.001706620678305626,-0.007496933452785015,0.0010786554776132107,-0.0031397175043821335
31.889999389648438,46,0.03373384103178978,0.02196599170565605,9.807842254638672,7.659127712249756,-11.897346496582031,-82.79981231689453,-0.001783887972123921,-0.007496933452785015,0.004569164011627436,-0.0031397175043821335
31.899999618530273,46,0.04857966676354408,0.02394111454486847,9.812761306762695,7.537797451019287,-11.705385208129883,-82.2406234741211,-0.0029851258732378483,-0.005207662936300039,0.004625767003744841,-0.0031397175043821335
31.90999984741211,47,0.03896591439843178,0.0240618996322155,9.805484771728516,7.882571220397949,-11.690823554992676,-82.71183013916016,-0.0019863403867930174,-0.0028806570917367935,0.012193775735795498,-0.0031397175043821335
31.920000076293945,47,0.027098754420876503,0.019408799707889557,9.810911178588867,8.272785186767578,-11.847583770751953,-83.4531478881836,-0.0059111034497618675,-0.005641917232424021,0.01626768335700035,-0.0031397175043821335
31.93000030517578,48,0.026856614276766777,0.02171521820127964,9.809449195861816,8.257196426391602,-12.048565864562988,-83.3794937133789,-0.006748466286808252,-0.0034074527211487293,0.009262408129870892,-0.002731993328779936
31.940000534057617,48,0.029875827953219414,0.02171521820127964,9.81176471710205,8.152243614196777,-11.870497703552246,-84.15687561035156,-0.00763913756236434,-0.0034796290565282106,0.0052984124049544334,-0.002616431098431349
31.950000762939453,48,0.03423897549510002,0.013653680682182312,9.808595657348633,8.143503189086914,-11.692429542541504,-83.71259307861328,-0.005493919365108013,-0.0062974924221634865,0.003798586782068014,-0.0030244106892496347
31.959999084472656,48,0.03423897549510002,0.012880656868219376,9.80143928527832,8.143503189086914,-11.758280754089355,-83.46156311035156,-0.0027671002317219973,-0.009024311788380146,0.006453529465943575,-0.0031397175043821335
31.969999313354492,48,0.03708672150969505,0.011277091689407825,9.808411598205566,8.333719253540039,-11.734643936157227,-83.95433044433594,-0.0032408868428319693,-0.008550524711608887,0.003405361669138074,-0.0027314824983477592
31.979999542236328,48,0.03321944177150726,0.01895671896636486,9.792771339416504,8.567733764648438,-11.566051483154297,-84.58614349365234,-0.006204599514603615,-0.006223519332706928,0.0029013268649578094,-0.002616431098431349
31.989999771118164,48,0.029421672224998474,0.023530444130301476,9.802362442016602,8.147920608520508,-11.744120597839355,-83.14241790771484,-0.006829028017818928,-0.004469729494303465,0.006425976753234863,-0.002616431098431349
32,48,0.03554119914770126,0.015639156103134155,9.799845695495605,8.143503189086914,-11.657896995544434,-84.33598327636719,-0.006540922448039055,-0.00483540166169405,0.00555057916790247,-0.002616431098431349
32.0099983215332,48,0.042186714708805084,0.009040843695402145,9.803603172302246,8.143503189086914,-11.636321067810059,-84.88444519042969,-0.008867927826941013,-0.008947343565523624,0.0038450071588158607,-0.002616431098431349
32.02000045776367,48,0.043873582035303116,0.01690107211470604,9.803950309753418,7.867551326751709,-11.776779174804688,-84.6920166015625,-0.008515732362866402,-0.01056995801627636,0.006156739313155413,-0.002616431098431349
32.029998779296875,48,0.0373300202190876,0.018466677516698837,9.800697326660156,7.558813095092773,-11.886799812316895,-84.51551818847656,-0.0042944783344864845,-0.003496699733659625,0.007618230301886797,-0.0030254321172833443
32.040000915527344,48,0.04092388227581978,0.020250843837857246,9.807424545288086,7.762187957763672,-11.625238418579102,-85.4389877319336,-0.0042944783344864845,-0.003100479720160365,0.001148735056631267,-0.002730588661506772
32.04999923706055,48,0.047286711633205414,0.01832633651793003,9.817262649536133,7.867140769958496,-11.44717025756836,-85.21688079833984,-0.004486748483031988,-0.005427485331892967,-0.0015825765440240502,-0.0030256875324994326
32.060001373291016,48,0.03475569561123848,0.020391184836626053,9.813076972961426,8.233562469482422,-11.564847946166992,-86.10144805908203,-0.0053926934488117695,-0.007883270271122456,0.004496987909078598,-0.0027303332462906837
32.06999969482422,48,0.032976143062114716,0.014656771905720234,9.803238868713379,7.962280750274658,-11.209941864013672,-86.41424560546875,-0.004359766375273466,-0.010851475410163403,0.003921076655387878,-0.003025942947715521
32.08000183105469,48,0.04148925840854645,0.01934783160686493,9.804346084594727,7.689578533172607,-11.02020263671875,-86.23287200927734,-0.0055196755565702915,-0.005044742487370968,0.01320214569568634,-0.002730078063905239
32.09000015258789,48,0.04017776623368263,0.010706526227295399,9.801826477050781,8.171839714050293,-11.62430191040039,-86.21176147460938,-0.004356172401458025,-0.006208245176821947,0.005057625938206911,-0.002616431098431349
32.099998474121094,48,0.03152330592274666,0.02606463059782982,9.80827808380127,8.381746292114258,-11.535266876220703,-86.76704406738281,-0.0042944783344864845,-0.0029645131435245275,0.005727575626224279,-0.002206536242738366
32.11000061035156,48,0.04093315079808235,0.016041774302721024,9.814255714416504,8.212483406066895,-11.365818977355957,-86.92110443115234,-0.00533279636874795,0.0026026307605206966,0.006891078315675259,-0.0025031673721969128
32.119998931884766,48,0.04778141528367996,0.02766934596002102,9.795578002929688,8.213966369628906,-11.367076873779297,-86.73391723632812,-0.008445953018963337,-0.004252601880580187,0.003180447733029723,-0.0030265813693404198
32.130001068115234,48,0.03277686983346939,0.027331147342920303,9.823033332824707,8.272785186767578,-11.338702201843262,-86.93772888183594,-0.00829111784696579,-0.008092610165476799,0.010373800061643124,-0.0031397175043821335
32.13999938964844,48,0.029421672224998474,0.010416642762720585,9.805335998535156,8.185565948486328,-11.179130554199219,-87.54930114746094,-0.006279770750552416,-0.009571772068738937,0.014910413883626461,-0.0027293118182569742
32.150001525878906,48,0.037661369889974594,0.023728301748633385,9.808989524841309,7.765753269195557,-11.090097427368164,-87.1050796508789,-0.005521472543478012,-0.009950920939445496,0.013315651565790176,-0.002616431098431349
32.15999984741211,47,0.030675236135721207,0.014016035944223404,9.80617618560791,7.858084678649902,-11.522418022155762,-87.09439849853516,-0.0033588844817131758,-0.007788333110511303,0.011987730860710144,-0.002616431098431349
32.16999816894531,47,0.02089928649365902,0.024841824546456337,9.801257133483887,7.572539806365967,-11.503813743591309,-87.34231567382812,-0.0038126057479530573,-0.008899426087737083,0.010672987438738346,-0.002616431098431349
32.18000030517578,47,0.0327826626598835,0.022197207435965538,9.796338081359863,7.421578884124756,-11.599432945251465,-87.67548370361328,-0.0037398305721580982,-0.011177915148437023,0.009533742442727089,-0.002616431098431349
32.189998626708984,47,0.029836436733603477,0.012972683645784855,9.809141159057617,7.497090816497803,-11.805715560913086,-87.97750091552734,-0.005553217604756355,-0.00958674680441618,0.008472963236272335,-0.002616431098431349
32.20000076293945,47,0.03389488160610199,0.02547335810959339,9.792386054992676,7.4868669509887695,-11.63198471069336,-88.10224151611328,-0.009962549433112144,-0.006096237804740667,0.006145957391709089,-0.002616431098431349
32.209999084472656,47,0.03423897549510002,0.01296348124742508,9.813865661621094,7.276960372924805,-11.542949676513672,-86.32536315917969,-0.0063786013051867485,-0.004622766748070717,0.0050291744992136955,-0.0030277306213974953
32.220001220703125,46,0.0203953105956316,0.01673082262277603,9.81988525390625,7.752941608428955,-11.599379539489746,-86.72576904296875,-0.001973163103684783,-0.0066098556853830814,0.004493094515055418,-0.002728290157392621
32.22999954223633,46,0.033842746168375015,0.016932131722569466,9.796514511108398,8.014220237731934,-11.32376480102539,-87.80914306640625,-0.004968621302396059,-0.007773358840495348,0.0003919342125300318,-0.002616431098431349
32.2400016784668,46,0.04375077411532402,0.016959739848971367,9.81497573852539,7.977142810821533,-11.167004585266113,-88.32454681396484,-0.004132157191634178,-0.007659254129976034,-0.0015092025278136134,-0.002616431098431349
32.25,46,0.0441134050488472,0.03120202012360096,9.805788040161133,7.89768648147583,-11.636321067810059,-87.54716491699219,-0.009053010493516922,-0.003186731832101941,-0.0007619850803166628,-0.002616431098431349
32.2599983215332,46,0.05757242813706398,0.026348760351538658,9.819635391235352,8.002639770507812,-11.636321067810059,-86.769775390625,-0.008319269865751266,-0.007840743288397789,0.0045398143120110035,-0.002616431098431349
32.27000045776367,46,0.03446025773882866,0.02171521820127964,9.805322647094727,8.29433822631836,-11.873950958251953,-86.98040771484375,-0.012793590314686298,-0.012270139530301094,0.003533541690558195,-0.002616431098431349
32.279998779296875,46,0.038180407136678696,0.022005101665854454,9.801872253417969,7.987808704376221,-11.496773719787598,-86.8752212524414,-0.008139578625559807,-0.005289122927933931,0.010514559224247932,-0.002616431098431349
32.290000915527344,46,0.02605488896369934,0.026858359575271606,9.819725036621094,7.626373291015625,-11.429342269897461,-87.29907989501953,-0.006852986756712198,-0.006165418773889542,0.013005683198571205,-0.002616431098431349
32.29999923706055,46,0.04344027861952782,0.029130268841981888,9.81262493133545,7.789451599121094,-12.005842208862305,-88.24668884277344,-0.007807448506355286,-0.005210957024246454,0.01109675969928503,-0.002616431098431349
32.310001373291016,46,0.036536406725645065,0.008867143653333187,9.787168502807617,8.629077911376953,-11.64970588684082,-87.13613891601562,-0.003993494901806116,-0.004047454334795475,0.005783280357718468,-0.002616431098431349
32.31999969482422,46,0.016693703830242157,0.020574087277054787,9.797006607055664,8.559623718261719,-11.122193336486816,-88.05632781982422,-0.002135484479367733,-0.006611952558159828,0.0008977661491371691,-0.003029135288670659
32.33000183105469,46,0.030066993087530136,0.013430517166852951,9.804896354675293,8.454670906066895,-11.173429489135742,-88.48786163330078,-0.00878856424242258,-0.008365442045032978,0.0005863005644641817,-0.002726885722950101
32.34000015258789,46,0.03352298215031624,0.020293405279517174,9.803580284118652,8.297367095947266,-11.21848201751709,-88.21142578125,-0.006826332304626703,-0.008723926730453968,-0.0014702694024890661,-0.002616431098431349
32.349998474121094,46,0.02863500826060772,0.011367968283593655,9.815339088439941,8.143503189086914,-11.064184188842773,-87.52299499511719,-0.0035529511515051126,-0.009465454146265984,0.0009714393527247012,-0.0022033441346138716
32.36000061035156,46,0.026319041848182678,0.010770945809781551,9.791864395141602,8.150887489318848,-10.981413841247559,-87.11392974853516,-0.004423556849360466,-0.011985029093921185,0.008145025931298733,-0.002919574733823538
32.369998931884766,45,0.03516698256134987,0.026498304679989815,9.793981552124023,8.360794067382812,-11.070448875427246,-87.66920471191406,-0.006136017385870218,-0.013631902635097504,0.008300459943711758,-0.0027263748925179243
32.380001068115234,45,0.04005495831370354,0.026498304679989815,9.79318904876709,8.402068138122559,-11.1594820022583,-87.68917083740234,-0.005646357778459787,-0.011427685618400574,0.004074712749570608,-0.002616431098431349
32.38999938964844,45,0.043873582035303116,0.02756006456911564,9.816861152648926,8.342081069946289,-11.146739959716797,-87.07032012939453,-0.0052696047350764275,-0.00921148993074894,0.0048614623956382275,-0.0030300291255116463
32.400001525878906,45,0.0415935292840004,0.026753680780529976,9.805545806884766,8.201470375061035,-11.178703308105469,-86.825439453125,-0.006748466286808252,-0.009950920939445496,0.0062316101975739,-0.0027259918861091137
32.40999984741211,45,0.03302827849984169,0.013351143337786198,9.807982444763184,8.104846954345703,-11.388144493103027,-87.83128356933594,-0.004224399104714394,-0.007787434384226799,0.004625767003744841,-0.0030302845407277346
32.41999816894531,45,0.029421672224998474,0.013115325011312962,9.813952445983887,8.944473266601562,-11.121042251586914,-87.05389404296875,0.0006521306931972504,-0.0014005976263433695,0.004328676965087652,-0.0031397175043821335
32.43000030517578,45,0.033477798104286194,0.005267750006169081,9.810393333435059,9.048480033874512,-10.775934219360352,-87.83328247070312,-0.0026002866216003895,0.00278621562756598,0.00433316919952631,-0.0027256086468696594
32.439998626708984,45,0.03818272054195404,0.010736435651779175,9.81755256652832,8.777987480163574,-10.9360933303833,-87.18701934814453,-0.0007836049771867692,0.0035822493955492973,0.009157288819551468,-0.002616431098431349
32.45000076293945,45,0.024604368954896927,0.0118142981082201,9.828621864318848,8.444762229919434,-11.197628021240234,-87.3730697631836,-0.0015206398675218225,-0.0036027177702635527,0.013695399276912212,-0.002616431098431349
32.459999084472656,45,0.02773248963057995,0.020162267610430717,9.816816329956055,8.234855651855469,-11.245892524719238,-89.396240234375,0.0017542388522997499,-0.0014482159167528152,0.005507752764970064,-0.002616431098431349
32.470001220703125,45,0.03587370738387108,0.013685890473425388,9.81679916381836,8.024949073791504,-11.512995719909668,-88.50779724121094,-0.0005727667594328523,-0.003775221761316061,-0.0038002696819603443,-0.002616431098431349
32.47999954223633,45,0.03564547002315521,0.01244583074003458,9.806961059570312,7.7154541015625,-11.019746780395508,-87.93549346923828,-0.004042910411953926,-0.00038653824594803154,0.0040387739427387714,-0.002616431098431349
32.4900016784668,51,0.029421672224998474,0.02171521820127964,9.800697326660156,7.626373291015625,-10.868608474731445,-87.77838897705078,-0.0032148316968232393,-0.003373910440132022,0.010024000890552998,-0.003031305968761444
32.5,45,0.029421672224998474,0.02171521820127964,9.79883861541748,7.575442790985107,-11.214251518249512,-88.80233001708984,-0.004083640407770872,-0.007880574092268944,0.011776892468333244,-0.0031397175043821335
32.5099983215332,45,0.029421672224998474,0.023619020357728004,9.80163860321045,7.656697750091553,-11.655729293823242,-89.87091064453125,-0.0042944783344864845,-0.006818597204983234,0.010082400403916836,-0.00272458721883595
32.52000045776367,45,0.029421672224998474,0.028472278267145157,9.802390098571777,8.263697624206543,-11.30730152130127,-87.9248046875,-0.005183652509003878,-0.00360241811722517,0.004198699723929167,-0.002616431098431349
32.529998779296875,45,0.03353920206427574,0.021060679107904434,9.799288749694824,7.843884468078613,-11.30730152130127,-88.36902618408203,-0.003044424345716834,-0.007543054409325123,0.003823144594207406,-0.002616431098431349
32.540000915527344,45,0.03479740023612976,0.0031373323872685432,9.812536239624023,8.00434398651123,-11.236978530883789,-88.90096282958984,-0.002602682448923588,-0.007664345670491457,0.003863575169816613,-0.002616431098431349
32.54999923706055,45,0.025021452456712723,0.006537717767059803,9.815241813659668,8.4363374710083,-11.197628021240234,-89.3322982788086,-0.005862287245690823,-0.008366040885448456,0.0068922764621675014,-0.002616431098431349
32.560001373291016,45,0.031140979379415512,0.01918678544461727,9.812956809997559,8.65296459197998,-11.284761428833008,-89.12203979492188,-0.008610669523477554,-0.007410082500427961,0.012709790840744972,-0.002616431098431349
32.56999969482422,46,0.04153212532401085,0.024040041491389275,9.810393333435059,8.302510261535645,-11.560269355773926,-87.79986572265625,-0.00863073579967022,-0.006186382845044136,0.013381837867200375,-0.002616431098431349
32.58000183105469,46,0.03905627876520157,0.02170831710100174,9.805538177490234,8.61737060546875,-11.916406631469727,-86.57825469970703,-0.006959004793316126,-0.006988705601543188,0.011268964037299156,-0.002616431098431349
32.59000015258789,46,0.03160787746310234,0.009536637924611568,9.815689086914062,8.751165390014648,-11.658137321472168,-88.03893280029297,-0.005521472543478012,-0.0031567830592393875,0.009764047339558601,-0.002616431098431349
32.599998474121094,46,0.03226478397846222,0.00765354186296463,9.82464599609375,8.657508850097656,-11.6951322555542,-88.24562072753906,-0.0043777357786893845,0.00003154404112137854,0.005852760747075081,-0.002616431098431349
32.61000061035156,46,0.03905627876520157,0.02257106639444828,9.814807891845703,8.573224067687988,-11.642531394958496,-87.82270050048828,-0.0021582453045994043,-0.005042945500463247,0.005535006057471037,-0.002616431098431349
32.619998931884766,46,0.04175109416246414,0.025930041447281837,9.815816879272461,8.607998847961426,-11.197628021240234,-87.8594970703125,-0.004084538668394089,-0.004788681864738464,0.005897084716707468,-0.002616431098431349
32.630001068115234,46,0.03834260255098343,0.027206910774111748,9.803390502929688,8.29313850402832,-11.197628021240234,-87.52632904052734,-0.007212369702756405,-0.003434406593441963,0.010379191488027573,-0.002616431098431349
32.63999938964844,47,0.025730492547154427,0.02001732587814331,9.793855667114258,8.174616813659668,-11.197628021240234,-87.7125473022461,-0.003576610703021288,-0.0022529345005750656,0.00805218517780304,-0.002616431098431349
32.650001525878906,47,0.028507566079497337,0.017921417951583862,9.810476303100586,8.217342376708984,-11.322908401489258,-87.62212371826172,-0.007784088607877493,-0.009695759043097496,0.005980341695249081,-0.002616431098431349
32.65999984741211,48,0.03721648082137108,0.00988978985697031,9.817092895507812,8.1737642288208,-11.458975791931152,-86.92851257324219,-0.004293879494071007,-0.005043843761086464,0.008306448347866535,-0.0021993855480104685
32.66999816894531,48,0.03905627876520157,0.005609399173408747,9.815241813659668,8.089763641357422,-11.526647567749023,-86.00000762939453,-0.0019668738823384047,-0.008534352295100689,0.007142946124076843,-0.0025103180669248104
32.68000030517578,48,0.02969972789287567,0.013559353537857533,9.815241813659668,8.397808074951172,-11.525201797485352,-86.01262664794922,-0.006241736002266407,-0.0054229930974543095,0.00487913191318512,-0.002616431098431349
32.689998626708984,48,0.027793891727924347,0.016932131722569466,9.812031745910645,7.87304162979126,-11.34713363647461,-87.56739807128906,-0.0036380053497850895,-0.002969304798170924,0.0035889465361833572,-0.002616431098431349
32.70000076293945,48,0.026161476969718933,0.007221016101539135,9.810393333435059,8.081559181213379,-11.445537567138672,-86.79441833496094,-0.005014143418520689,-0.005508945323526859,0.007292089983820915,-0.0030339874792844057
32.709999084472656,48,0.04125870764255524,0.015811705961823463,9.810393333435059,8.32993221282959,-11.478168487548828,-86.3182144165039,-0.000972280977293849,-0.0026305862702429295,0.0073969098739326,-0.0027220332995057106
32.720001220703125,48,0.03508472815155983,0.008205701597034931,9.806970596313477,8.43488597869873,-11.389135360717773,-86.30412292480469,0.0014598442940041423,0.00033073057420551777,0.0036943654995411634,-0.002616431098431349
32.72999954223633,48,0.039838310331106186,0.0060304212383925915,9.805545806884766,8.514373779296875,-11.343305587768555,-85.51775360107422,-0.0005080779083073139,-0.0036051133647561073,-0.0017425019759684801,-0.002616431098431349
32.7400016784668,48,0.036787811666727066,0.017919117584824562,9.805545806884766,8.30446720123291,-11.788476943969727,-84.62931060791016,-0.001840490847826004,-0.004831208847463131,0.0010723661398515105,-0.002616431098431349
32.75,48,0.03785253316164017,0.018127327784895897,9.805545806884766,7.5598859786987305,-11.855667114257812,-83.55228424072266,-0.004463987424969673,-0.006439448334276676,0.0065933894366025925,-0.002616431098431349
32.7599983215332,48,0.028003592044115067,0.005957949906587601,9.809253692626953,7.562441825866699,-11.525924682617188,-83.94982147216797,-0.0055636996403336525,-0.008131544105708599,0.008306748233735561,-0.002616431098431349
32.77000045776367,48,0.032114170491695404,0.021224025636911392,9.806614875793457,7.925392150878906,-11.403535842895508,-84.59758758544922,-0.002707801992073655,-0.007496933452785015,0.008835640735924244,-0.002616431098431349
32.779998779296875,48,0.03423897549510002,0.011304700747132301,9.805545806884766,8.03034496307373,-11.746234893798828,-83.96568298339844,-0.00200970028527081,-0.006100730039179325,0.00860294047743082,-0.002616431098431349
32.790000915527344,48,0.03423897549510002,0.018971672281622887,9.797703742980957,8.135298728942871,-11.03396224975586,-82.29985809326172,-0.0038925681728869677,-0.00421786168590188,0.006275934167206287,-0.002616431098431349
32.79999923706055,48,0.03820589557290077,0.02959270216524601,9.811819076538086,8.433749198913574,-11.224504470825195,-82.27201080322266,-0.0040827421471476555,-0.004027687944471836,0.004964185878634453,-0.002616431098431349
32.810001373291016,48,0.0269435066729784,0.023263566195964813,9.811178207397461,8.60377025604248,-11.184431076049805,-81.69339752197266,-0.005098897498100996,-0.0024616762530058622,0.00695247296243906,-0.0030353921465575695
32.81999969482422,48,0.024604368954896927,0.02579430118203163,9.7855863571167,8.804903984069824,-11.210344314575195,-81.1611557006836,0.0004020598717033863,-0.00584706524387002,0.009914988651871681,-0.002720628632232547
32.83000183105469,48,0.03714117407798767,0.00990129355341196,9.8191556930542,8.97719669342041,-11.376660346984863,-81.02495574951172,-0.000613496929872781,-0.0036680055782198906,0.006000706925988197,-0.002616431098431349
32.84000015258789,48,0.02630745619535446,0.015804804861545563,9.807830810546875,8.662337303161621,-11.198592185974121,-80.80284881591797,-0.0007824070053175092,-0.002842322923243046,0.007248664740473032,-0.002616431098431349
32.849998474121094,47,0.03324493020772934,0.021221725270152092,9.814241409301758,8.55624771118164,-11.109076499938965,-79.14483642578125,-0.0031513406429439783,-0.006311867386102676,0.009449886158108711,-0.002616431098431349
32.86000061035156,46,0.043020881712436676,0.012995691038668156,9.797566413879395,8.77151870727539,-11.49543571472168,-78.8343734741211,-0.007805352099239826,-0.008638872765004635,0.004795874934643507,-0.002196831628680229
32.869998931884766,46,0.04833520948886871,0.016578979790210724,9.800339698791504,8.97492504119873,-11.840542793273926,-78.59162902832031,-0.009096436202526093,-0.007602951489388943,0.014714550226926804,-0.0025128719862550497
32.880001068115234,45,0.03962629288434982,0.016932131722569466,9.81438159942627,8.891491889953613,-11.885435104370117,-77.8370132446289,-0.002857545157894492,-0.007496933452785015,0.00403637858107686,-0.002196576213464141
32.88999938964844,45,0.04826221987605095,0.021502407267689705,9.801344871520996,8.373794555664062,-11.65431022644043,-76.69767761230469,0.002135484479367733,-0.004514951724559069,0.0011777853360399604,-0.002513127401471138
32.900001525878906,44,0.029996318742632866,0.017074773088097572,9.82891845703125,7.953981399536133,-11.921412467956543,-76.69767761230469,0.002136981813237071,-0.001954945968464017,0.0037362936418503523,-0.0021963207982480526
32.90999984741211,43,0.04365461319684982,0.026353362947702408,9.820236206054688,8.235708236694336,-12.039731979370117,-75.39860534667969,-0.0016275562811642885,-0.0048300111666321754,0.0020247315987944603,-0.0020931449253112078
32.91999816894531,42,0.024818701669573784,0.02178538776934147,9.791221618652344,8.465431213378906,-12.236271858215332,-74.71544647216797,-0.0030674845911562443,-0.005466418340802193,0.002551826648414135,-0.0020931449253112078
32.93000030517578,42,0.03877822309732437,0.026222223415970802,9.805265426635742,8.68748664855957,-12.569601058959961,-73.90223693847656,-0.0038075142074376345,-0.008003064431250095,0.005618862342089415,-0.0020931449253112078
32.939998626708984,40,0.029421672224998474,0.017348552122712135,9.796905517578125,9.004365921020508,-12.927450180053711,-71.88768005371094,-0.00564755592495203,-0.00521515030413866,0.00505013857036829,-0.0020931449253112078
32.95000076293945,40,0.029421672224998474,0.0251064021140337,9.819242477416992,8.689506530761719,-12.749382019042969,-69.77762603759766,-0.009200656786561012,-0.001975011546164751,0.004624868277460337,-0.0020931449253112078
32.959999084472656,39,0.028017494827508926,0.0032799735199660063,9.805899620056152,9.423263549804688,-12.652183532714844,-70.49198150634766,-0.009458214975893497,-0.0036880711559206247,0.0069518741220235825,-0.0016722686123102903
32.970001220703125,38,0.012682759203016758,0.011730323545634747,9.809544563293457,9.410894393920898,-12.924531936645508,-68.63662719726562,-0.0043181381188333035,-0.005042945500463247,0.008306748233735561,-0.0015698587521910667
32.97999954223633,38,0.03954866901040077,0.008343742229044437,9.802184104919434,9.551126480102539,-13.211337089538574,-66.05801391601562,-0.0035715196281671524,-0.0033526469487696886,0.009574472904205322,-0.0015698587521910667
32.9900016784668,39,0.043873582035303116,0.017491193488240242,9.813542366027832,10.100317001342773,-13.224560737609863,-64.210205078125,-0.006688868626952171,-0.0022894719149917364,0.010551395826041698,-0.0015698587521910667
33,40,0.04514104872941971,0.022344449535012245,9.800697326660156,9.57555103302002,-12.95745849609375,-62.10015869140625,-0.0017958673415705562,-0.008088118396699429,0.006488569546490908,-0.0019912458956241608
33.0099983215332,40,0.052099380642175674,0.026498304679989815,9.804950714111328,10.286367416381836,-13.476485252380371,-59.9901123046875,-0.005057269241660833,-0.008790412917733192,0.004857868421822786,-0.0016716300742700696
33.02000045776367,40,0.043873582035303116,0.02342001162469387,9.825885772705078,10.313315391540527,-13.343603134155273,-58.96176528930664,-0.0022244316060096025,-0.0026356778107583523,0.0061899819411337376,-0.0015698587521910667
33.029998779296875,42,0.04302782937884331,0.008205701597034931,9.811503410339355,10.320636749267578,-13.356023788452148,-57.08868408203125,0.0025418868754059076,0.004142288118600845,0.00809650868177414,-0.0015698587521910667
33.040000915527344,42,0.04088912531733513,0.013058958575129509,9.831181526184082,10.530543327331543,-13.763022422790527,-53.995033264160156,-0.003192370291799307,-0.0026722147595137358,0.005686246789991856,-0.0015698587521910667
33.04999923706055,42,0.04572960361838341,0.018892299383878708,9.800816535949707,10.72915267944336,-14.268477439880371,-50.800846099853516,-0.006682878825813532,-0.004999220371246338,0.001032235217280686,-0.001147833070717752
33.060001373291016,42,0.031065670773386955,0.02544804848730564,9.814766883850098,10.72915267944336,-14.268477439880371,-50.02345657348633,-0.004465185105800629,-0.007326226681470871,0.004369706381112337,-0.0010465724626556039
33.06999969482422,42,0.02317238599061966,0.022835643962025642,9.796985626220703,10.987970352172852,-14.707598686218262,-48.059326171875,-0.008607076480984688,-0.00965323206037283,0.010016513988375664,-0.0010465724626556039
33.08000183105469,42,0.03184074908494949,0.024117114022374153,9.80190372467041,11.426716804504395,-14.979063987731934,-45.838218688964844,-0.0071731372736394405,-0.002848312957212329,0.005687444470822811,-0.0010465724626556039
33.09000015258789,42,0.02079501561820507,0.019453663378953934,9.801712036132812,11.763412475585938,-15.163824081420898,-42.900699615478516,-0.004846131429076195,-0.0061178007163107395,0.005576934199780226,-0.0010465724626556039
33.099998474121094,42,0.018195200711488724,0.021174561232328415,9.800444602966309,11.81655216217041,-15.531230926513672,-38.89146041870117,0.000143903074786067,-0.002170875435695052,0.009403466247022152,-0.0010465724626556039
33.11000061035156,42,0.03341176360845566,0.007365958299487829,9.81641674041748,12.236364364624023,-15.976402282714844,-36.33719253540039,0.00019212027837056667,-0.0026075260248035192,0.006639809813350439,-0.0006237806519493461
33.119998931884766,42,0.01830526441335678,0.013251064345240593,9.798831939697266,12.656177520751953,-16.501237869262695,-34.18039321899414,-0.005177662242203951,-0.0007731746882200241,0.003865072736516595,-0.0005232862313278019
33.130001068115234,43,0.016522236168384552,0.02341541089117527,9.805545806884766,12.728093147277832,-16.799339294433594,-31.62859535217285,-0.005186647176742554,0.001092023798264563,0.0033987730275839567,-0.00010023906361311674
33.13999938964844,43,0.0246565043926239,0.013708896934986115,9.813713073730469,13.211395263671875,-16.977407455444336,-28.517047882080078,-0.004968621302396059,-0.003977674059569836,0.005299909505993128,0
33.150001525878906,43,0.03423897549510002,0.012411320582032204,9.819558143615723,14.282543182373047,-17.1732234954834,-25.096107482910156,-0.006178244948387146,-0.008153705857694149,0.006509533151984215,0.00042330255382694304
33.15999984741211,43,0.03423897549510002,0.02171521820127964,9.802473068237305,14.597402572631836,-17.440326690673828,-22.20867156982422,-0.006028202828019857,-0.0064834728837013245,0.00483930017799139,0.0009467164636589587
33.16999816894531,43,0.03423897549510002,0.023537345230579376,9.801852226257324,15.419989585876465,-18.138145446777344,-17.60205078125,-0.004975509364157915,-0.004599706269800663,0.0033987730275839567,0.000623014522716403
33.18000030517578,43,0.03805064782500267,0.026498304679989815,9.795849800109863,16.18239974975586,-18.457393646240234,-13.019437789916992,-0.0022202390246093273,-0.00419569993391633,0.004917765501886606,0.000946971878875047
33.189998626708984,43,0.043873582035303116,0.018648428842425346,9.80380630493164,17.07573127746582,-18.94951629638672,-8.29828929901123,-0.0030674845911562443,-0.005675459746271372,0.00672546261921525,0.001470385817810893
33.20000076293945,43,0.043873582035303116,0.011431236751377583,9.809061050415039,18.15382194519043,-19.726598739624023,-3.3816423416137695,-0.0030674845911562443,-0.0062331026419997215,0.0011607145424932241,0.0015698587521910667
33.209999084472656,43,0.04175573214888573,0.014829321764409542,9.802828788757324,19.33367919921875,-20.424524307250977,1.647161841392517,-0.0032567596063017845,-0.0006048635113984346,-0.001600545714609325,0.0019939274061471224
33.220001220703125,42,0.043433330953121185,0.016495004296302795,9.805545806884766,21.11788558959961,-20.78066062927246,7.422032833099365,-0.0039171259850263596,0.003042875323444605,0.005128903314471245,0.0025173411704599857
33.22999954223633,42,0.04191329702734947,0.02171521820127964,9.803272247314453,22.392974853515625,-21.0648136138916,12.927545547485352,-0.000675790011882782,-0.0012373777572065592,0.009346863254904747,0.002616431098431349
33.2400016784668,42,0.022589627653360367,0.024028539657592773,9.817110061645508,24.031646728515625,-21.74266242980957,18.433292388916016,-0.0018392929341644049,0.001089627854526043,0.005856354720890522,0.0030408829916268587
33.25,42,0.012552999891340733,0.01934783160686493,9.817723274230957,26.098146438598633,-22.59922218322754,23.94775390625,-0.005327405873686075,-0.004719500429928303,0.004690455738455057,0.0035642969887703657
33.2599983215332,42,0.017440976575016975,0.012149045243859291,9.805671691894531,28.27843475341797,-23.232526779174805,29.414569854736328,-0.002225030679255724,-0.007240573409944773,0.00023051147582009435,0.0036630036775022745
33.27000045776367,42,0.01978706568479538,0.007101381663233042,9.805276870727539,30.272546768188477,-23.944799423217773,35.07838439941406,-0.0008051678887568414,-0.006461610086262226,0.0069650509394705296,0.0036630036775022745
33.279998779296875,42,0.03023730032145977,0.010364877991378307,9.798068046569824,32.08168029785156,-24.343231201171875,42.30805969238281,0.0013301667058840394,-0.0033544437028467655,0.00636308453977108,0.0036630036775022745
33.290000915527344,42,0.028323354199528694,0.02492464892566204,9.803950309753418,33.93404769897461,-24.75718879699707,48.08993911743164,-0.0008845317061059177,-0.002588957780972123,0.005852760747075081,0.004088093992322683
33.29999923706055,42,0.033556584268808365,0.025812705978751183,9.796536445617676,35.73554611206055,-25.165178298950195,53.440155029296875,-0.0009956409921869636,-0.0034338077530264854,0.008387310430407524,0.0037610719446092844
33.310001373291016,42,0.04952273517847061,0.018910706043243408,9.806051254272461,37.453800201416016,-25.57094383239746,59.72602844238281,-0.0029575731605291367,-0.004597310442477465,0.009533742442727089,0.004088349174708128
33.31999969482422,42,0.05350819230079651,0.016932131722569466,9.80843448638916,39.342960357666016,-26.194183349609375,67.27777862548828,-0.003576610703021288,-0.005760813131928444,0.008815874345600605,0.004611763171851635
33.33000183105469,42,0.05054227262735367,0.013987277634441853,9.812636375427246,41.43236541748047,-26.73248291015625,74.61763763427734,-0.004376238211989403,-0.0069243162870407104,0.008306748233735561,0.005135177168995142
33.34000015258789,42,0.0456542931497097,0.012149045243859291,9.820089340209961,43.75882339477539,-27.33098793029785,81.94728088378906,-0.006112358067184687,-0.006315161939710379,0.005352319683879614,0.006084319669753313
33.349998474121094,42,0.03765905275940895,0.005978656001389027,9.807580947875977,46.121280670166016,-27.910566329956055,89.65814208984375,-0.006748466286808252,-0.006625129375606775,0.003753963392227888,0.006705291103571653
33.36000061035156,42,0.037416912615299225,0.012048966251313686,9.81348991394043,48.484527587890625,-28.467792510986328,97.7077407836914,-0.00535675510764122,-0.007332215551286936,0.005852760747075081,0.00722870510071516
33.369998931884766,41,0.04230488836765289,0.020157666876912117,9.810281753540039,51.0062141418457,-29.088651657104492,105.66397857666016,-0.002667071996256709,-0.005443358328193426,0.007454411592334509,0.007752119097858667
33.380001068115234,41,0.04719286784529686,0.011828102171421051,9.80888557434082,53.63004684448242,-29.62285614013672,116.21422576904297,-0.003188177477568388,-0.004922252614051104,0.011434580199420452,0.008275533095002174
33.38999938964844,40,0.05208084359765053,0.01746358536183834,9.800158500671387,56.337310791015625,-30.652503967285156,126.2347640991211,-0.006201604846864939,-0.0019088252447545528,0.01212100125849247,0.009225314483046532
33.400001525878906,40,0.04312631115317345,0.018279172480106354,9.813262939453125,59.184303283691406,-31.91022491455078,136.61898803710938,-0.004084538668394089,-0.003815951757133007,0.008096808567643166,0.010272141546010971
33.40999984741211,40,0.03552497923374176,0.023944564163684845,9.798766136169434,62.50550842285156,-33.48173141479492,147.6857147216797,-0.003360381815582514,-0.004694643430411816,0.006493960041552782,0.011745592579245567
33.41999816894531,40,0.023433061316609383,0.022921917960047722,9.809126853942871,66.64046478271484,-35.44977569580078,159.77755737304688,-0.004774854052811861,-0.011012000031769276,0.002171779051423073,0.013742584735155106
33.43000030517578,39,0.01611442305147648,0.02536177448928356,9.796761512756348,71.15345001220703,-36.69625473022461,175.76950073242188,0.005482539534568787,-0.00866552721709013,0.00215231254696846,0.015836240723729134
33.439998626708984,39,0.007483130320906639,0.030215034261345863,9.806070327758789,76.30392456054688,-38.4835205078125,190.60507202148438,0.003155533457174897,-0.005175018683075905,0.000988809741102159,0.01835690252482891
33.45000076293945,39,0.03203307092189789,0.016133800148963928,9.80655574798584,82.68616485595703,-40.91940689086914,205.1231231689453,-0.008127299137413502,-0.007281902711838484,0.0031837420538067818,0.020546836778521538
33.459999084472656,38,0.046825602650642395,0.008291976526379585,9.81727409362793,89.84526824951172,-43.463600158691406,222.25286865234375,-0.0028665296267718077,-0.0022169961594045162,0.0065667349845170975,0.023495014756917953
33.470001220703125,38,0.03682488948106766,0.011293197050690651,9.82406997680664,97.30048370361328,-45.78148651123047,243.4490203857422,-0.0068029724061489105,-0.001361963921226561,0.005094761960208416,0.02706288732588291
33.47999954223633,38,0.04229098558425903,0.020143862813711166,9.800627708435059,105.27693176269531,-48.541542053222656,265.10479736328125,-0.007046454586088657,-0.001361963921226561,0.008341788314282894,0.030299268662929535
33.4900016784668,38,0.03568022698163986,0.02985037863254547,9.81234073638916,115.12877655029297,-51.720272064208984,288.64056396484375,-0.005017437506467104,-0.001361963921226561,0.009533742442727089,0.03472268208861351
33.5,38,0.03840632364153862,0.006454893853515387,9.80265998840332,126.1406021118164,-55.430259704589844,314.3415222167969,-0.002690431894734502,0.00024208272225223482,0.0031175557523965836,0.03900563716888428
33.5099983215332,38,0.051770348101854324,0.0025828713551163673,9.809226989746094,138.1810760498047,-59.72986602783203,342.04876708984375,-0.001840490847826004,-0.0026006377302110195,0.0034104527439922094,0.043620847165584564
33.52000045776367,38,0.04058210551738739,0.0025828713551163673,9.806057929992676,151.5233612060547,-64.38322448730469,371.8233337402344,-0.002515532076358795,-0.0036928628105670214,0.006527801975607872,0.04875960201025009
33.529998779296875,37,0.04781501367688179,0.015627654269337654,9.823174476623535,166.84376525878906,-68.83611297607422,404.03228759765625,-0.0030674845911562443,-0.003812058363109827,0.004633553326129913,0.05356558412313461
33.540000915527344,37,0.04424084722995758,0.02576899342238903,9.802545547485352,181.95703125,-73.37686157226562,436.4604187011719,-0.0030674845911562443,-0.0077832420356571674,0.0043640160001814365,0.05827631428837776
33.54999923706055,37,0.043873582035303116,0.035475507378578186,9.809796333312988,198.21847534179688,-76.66529083251953,471.3183898925781,-0.004521189257502556,-0.010693347081542015,0.008533459156751633,0.06341545283794403
33.560001373291016,36,0.043873582035303116,0.03606447950005531,9.801152229309082,215.37791442871094,-79.01620483398438,506.9170837402344,-0.007169543299823999,-0.00868768896907568,0.009918581694364548,0.06779251247644424
33.56999969482422,36,0.02988741360604763,0.02680659480392933,9.791314125061035,233.2769012451172,-80.94251251220703,544.0481567382812,-0.006545115262269974,-0.005197180900722742,0.007949162274599075,0.07283715158700943
33.58000183105469,36,0.03415440022945404,0.02179919183254242,9.829105377197266,251.9562530517578,-82.88311004638672,584.2465209960938,-0.002479294314980507,-0.0022948626428842545,0.0076679447665810585,0.07764250040054321
33.59000015258789,36,0.03418220579624176,0.031141052022576332,9.815340042114258,272.8419494628906,-83.6844253540039,623.2269287109375,-0.000613496929872781,-0.0025149849243462086,0.00838072132319212,0.08192430436611176
33.599998474121094,36,0.02916678786277771,0.021335607394576073,9.819832801818848,293.8172912597656,-84.71388244628906,664.578857421875,-0.00044638378312811255,-0.0069955941289663315,0.004067225381731987,0.08568257093429565
33.61000061035156,36,0.020183293148875237,0.007759372238069773,9.8099946975708,315.26519775390625,-85.61605834960938,705.1605834960938,0.0005098747787997127,-0.0037123295478522778,0.008721237070858479,0.0876297578215599
33.619998931884766,36,0.029959246516227722,0.015864621847867966,9.8009672164917,336.3346862792969,-86.93896484375,745.07275390625,-0.0005733658326789737,-0.0026290889363735914,0.01313446182757616,0.08791209012269974
33.630001068115234,36,0.03973519802093506,-0.00186316785402596,9.805545806884766,356.0475158691406,-89.24539184570312,784.506103515625,0.0005901370313949883,-0.0037925918586552143,0.010807456448674202,0.08576492965221405
33.63999938964844,36,0.04869088903069496,0.0038045255932956934,9.806370735168457,373.9945373535156,-92.45062255859375,821.0432739257812,-0.0016667889431118965,0.0007446199888363481,0.008480450138449669,0.08314786106348038
33.650001525878906,36,0.046286873519420624,0.018364297226071358,9.814757347106934,390.57952880859375,-95.16067504882812,857.2716064453125,-0.003993794322013855,-0.006444540340453386,0.00615344475954771,0.07967142015695572
33.65999984741211,36,0.02736174874007702,0.030733834952116013,9.812058448791504,406.2546691894531,-97.08901977539062,892.2404174804688,-0.002268156735226512,-0.006483772303909063,0.0018001170828938484,0.07815659046173096
33.66999816894531,36,0.04682444408535957,0.028351493179798126,9.821807861328125,422.0155029296875,-97.78410339355469,926.6160888671875,0.0029078584630042315,-0.0034209296572953463,0.003793794894590974,0.07882953435182571
33.68000030517578,36,0.03354615345597267,0.03603226691484451,9.800697326660156,438.6720275878906,-97.28367614746094,961.16357421875,0.0007497628685086966,-0.0017027788562700152,0.008170482702553272,0.081166572868824
33.689998626708984,36,0.030185164883732796,0.009640167467296124,9.802233695983887,456.6190185546875,-96.30430603027344,996.4791259765625,-0.002258872613310814,-0.004652715288102627,0.008711053989827633,0.0855044350028038
33.70000076293945,36,0.0367414690554142,0.02171521820127964,9.808713912963867,477.29400634765625,-93.98981475830078,1034.9033203125,-0.0015490909572690725,-0.009306726977229118,0.006029157899320126,0.09064548462629318
33.709999084472656,36,0.04054735228419304,0.02530886046588421,9.804339408874512,499.3398742675781,-91.74330139160156,1073.4989013671875,-0.0027006142772734165,-0.00978650338947773,0.005321472883224487,0.09674052894115448
33.720001220703125,36,0.015090253204107285,0.041816145181655884,9.82107162475586,524.0504150390625,-90.13792419433594,1114.05126953125,-0.0061911228112876415,-0.00809171237051487,0.007117190398275852,0.10560498386621475
33.72999954223633,36,0.0514158271253109,0.03732064366340637,9.818620681762695,552.2413940429688,-89.44878387451172,1156.9617919921875,-0.006269288714975119,-0.005790762137621641,0.01058164332062006,0.1171799823641777
33.7400016784668,36,0.040523018687963486,0.004039193503558636,9.799221992492676,584.5532836914062,-89.63330078125,1201.95361328125,-0.0032840128988027573,-0.005331649910658598,0.008162396028637886,0.13352686166763306
33.75,36,0.034171778708696365,-0.003446026938036084,9.810393333435059,624.7503662109375,-89.90040588378906,1252.81689453125,-0.0022822325117886066,-0.00882215891033411,0.0018282687524333596,0.15510916709899902
33.7599983215332,35,0.04239989072084427,0.007365958299487829,9.806594848632812,672.7116088867188,-89.34420013427734,1311.8023681640625,-0.0030674845911562443,-0.010043162852525711,0.00264227157458663,0.18235798180103302
33.77000045776367,35,0.035235337913036346,0.011324255727231503,9.801198959350586,729.3652954101562,-88.25247192382812,1376.92529296875,-0.0036970041692256927,-0.005923134740442038,0.0009447852498851717,0.21320964395999908
33.779998779296875,35,0.047747816890478134,0.02171521820127964,9.80960750579834,795.4064331054688,-86.3798599243164,1448.184326171875,-0.005270203575491905,-0.0006081578321754932,0.0024523974861949682,0.24892793595790863
33.790000915527344,34,0.014563106000423431,0.020255444571375847,9.807686805725098,871.3358154296875,-83.54222106933594,1526.1689453125,-0.0033555899281054735,0.0013801292516291142,0.008494526147842407,0.28642988204956055
33.79999923706055,34,0.02614525705575943,0.00775246974080801,9.820677757263184,959.2866821289062,-80.24796295166016,1612.7919921875,0.001964777475222945,-0.0035673785023391247,0.00866373535245657,0.32972651720046997
33.810001373291016,34,0.03264479339122772,0.0010345220798626542,9.808841705322266,1064.68505859375,-80.77595520019531,1707.5301513671875,0.0023379367776215076,-0.001361963921226561,0.001248763408511877,0.3832830488681793
33.81999969482422,33,0.02559841424226761,0.024828020483255386,9.81385612487793,1186.6883544921875,-86.0356674194336,1808.7904052734375,-0.01162409782409668,-0.001361963921226561,0.007066277787089348,0.4556073844432831
33.83000183105469,32,0.011035283096134663,0.028677036985754967,9.781763076782227,1331.5374755859375,-96.13973236083984,1919.5814208984375,-0.009334826841950417,-0.007166001480072737,0.007079754490405321,0.5513737201690674
33.84000015258789,31,0.029421672224998474,0.03903694078326225,9.810256004333496,1504.231201171875,-111.08967590332031,2040.7772216796875,-0.004813188221305609,-0.007496933452785015,0.00598243810236454,0.6738157272338867
33.849998474121094,31,0.036998674273490906,0.032302889972925186,9.795685768127441,1707.2108154296875,-131.12237548828125,2169.26806640625,-0.0011930020991712809,-0.003361631417647004,0.003785109845921397,0.8053276538848877
33.86000061035156,31,0.038866277784109116,0.016743477433919907,9.806438446044922,1951.901611328125,-155.36959838867188,2306.4111328125,-0.005465168971568346,-0.007440629880875349,0.002428438514471054,0.9585050940513611
33.869998931884766,30,0.024604368954896927,0.004604007583111525,9.808891296386719,2229.87548828125,-183.97439575195312,2437.224365234375,-0.004934779368340969,-0.0014691795222461224,0.004892309196293354,1.0555031299591064
33.880001068115234,28,0.020391834899783134,0.017822491005063057,9.813730239868164,2538.7890625,-217.46827697753906,2555.08544921875,-0.00682453578338027,-0.003124738112092018,0.005852760747075081,1.070552945137024
33.88999938964844,27,0.010615884326398373,0.016151055693626404,9.774874687194824,2865.66357421875,-256.5059509277344,2648.82421875,-0.007195598911494017,-0.008942252956330776,0.006632621865719557,1.070643663406372
33.900001525878906,28,-0.05984557792544365,-0.03344327583909035,9.785174369812012,3146.110107421875,-301.69940185546875,2703.756591796875,0.0004152370383962989,-0.025505321100354195,0.004214273300021887,1.070643663406372
33.90999984741211,29,-0.041635289788246155,-0.039239805191755295,9.81848430633545,2707.720458984375,-353.4282531738281,2692.428955078125,0.027066491544246674,-0.07227903604507446,0.0015188998077064753,1.070643663406372
33.91999816894531,30,0.18255122005939484,0.04045645147562027,9.776616096496582,-66.08943939208984,-407.8081970214844,2635.724609375,0.04778043553233147,-0.1097339391708374,-0.0037703211419284344,1.070643663406372
33.93000030517578,31,0.20060163736343384,0.06425685435533524,9.774392127990723,-2407.8984375,-461.31121826171875,2556.11474609375,0.032864537090063095,-0.07550419867038727,-0.0020345011726021767,1.070643663406372
33.939998626708984,31,-0.03471171855926514,-0.011911331675946712,9.829197883605957,-3501.201904296875,-511.51116943359375,2469.400146484375,0.009042228572070599,-0.023608077317476273,0.007542160805314779,1.070643663406372
33.95000076293945,31,0.16628384590148926,0.07469268143177032,9.677875518798828,-3503.2978515625,-557.173583984375,2393.25439453125,0.014726771973073483,-0.0442519411444664,0.005514341406524181,1.070643663406372
33.959999084472656,31,0.11829502135515213,0.08301649242639542,9.844842910766602,-3503.2978515625,-599.8209838867188,2363.49169921875,0.02223188988864422,-0.06020555645227432,0.001394912600517273,0.9418509006500244
33.970001220703125,31,0.09117075055837631,0.035919539630413055,9.838421821594238,-3503.2978515625,-627.9666137695312,2375.7021484375,-0.002928223693743348,-0.000002297818809893215,0.006124693900346756,0.33093488216400146
33.97999954223633,31,0.13044601678848267,0.031246881932020187,9.658512115478516,-3503.78857421875,-641.1155395507812,2414.46923828125,-0.00904133077710867,0.010609387420117855,0.005829101428389549,-0.26606231927871704
33.9900016784668,32,0.09479589015245438,0.04172412306070328,9.773319244384766,-3503.3330078125,-641.2837524414062,2469.34326171875,-0.02154996059834957,0.03999853879213333,0.0005874985363334417,-0.7353018522262573
34,32,0.0969960018992424,0.044229548424482346,9.77407169342041,-3501.875244140625,-630.867919921875,2531.27392578125,-0.03210294619202614,0.04787562042474747,0.006998294498771429,-1.0269584655761719
34.0099983215332,33,0.039502326399087906,0.028277872130274773,9.769356727600098,-3502.5048828125,-611.102294921875,2594.353515625,-0.04343249648809433,0.0671340674161911,0.00583479180932045,-1.0711668729782104
34.02000045776367,34,0.038361143320798874,0.041866760700941086,9.809694290161133,-2382.685791015625,-584.8418579101562,2650.087646484375,-0.03528797999024391,0.0531720295548439,0.004671288654208183,-1.0711668729782104
34.029998779296875,34,0.04869088903069496,0.003255816176533699,9.797783851623535,262.5106506347656,-556.4199829101562,2687.926513671875,-0.03496932610869408,0.049271825700998306,0.004625767003744841,-1.0711668729782104
34.040000915527344,34,-0.028997693210840225,-0.05347288399934769,9.756834983825684,2369.64892578125,-527.8949584960938,2700.527099609375,-0.0318058542907238,0.039454374462366104,0.001462297048419714,-1.0711668729782104
34.04999923706055,34,-0.04046282917261124,-0.05602662265300751,9.822412490844727,3155.11865234375,-502.0114440917969,2685.485595703125,-0.005522372201085091,0.004207874648272991,-0.00004621369589585811,-1.0711668729782104
34.060001373291016,34,0.1337757259607315,0.07072632759809494,9.753477096557617,3155.85107421875,-481.966064453125,2645.5419921875,-0.004024042747914791,-0.00010592004400677979,-0.0002822086098603904,-1.0711668729782104
34.06999969482422,34,0.05453583598136902,0.02969738282263279,9.729412078857422,3026.3388671875,-471.014892578125,2590.014404296875,-0.004657455254346132,0.00022800688748247921,-0.00201024254783988,-0.9663197994232178
34.08000183105469,35,-0.01133887842297554,0.010490263812243938,9.804974555969238,2926.37109375,-464.12017822265625,2526.535888671875,-0.0018929006764665246,-0.0017360218334943056,0.0068701147101819515,-0.7461785674095154
34.09000015258789,35,0.050692882388830185,0.03475654870271683,9.793652534484863,2855.82568359375,-460.9519958496094,2464.982666015625,-0.0020875667687505484,-0.004063027445226908,0.009776625782251358,-0.5487678050994873
34.099998474121094,36,0.07643846422433853,0.019037241116166115,9.803411483764648,2816.697998046875,-461.6017761230469,2407.05615234375,-0.0030674845911562443,-0.003695857711136341,0.009653836488723755,-0.38158702850341797
34.11000061035156,35,0.04027740657329559,0.008443821221590042,9.821660041809082,2809.53466796875,-466.3447570800781,2349.589111328125,-0.007337854243814945,-0.001978904940187931,0.007100419607013464,-0.2527790367603302
34.119998931884766,35,0.02181686833500862,0.026242932304739952,9.798151016235352,2831.155029296875,-476.5836486816406,2282.623046875,-0.009470194578170776,-0.003001649398356676,0.0033987730275839567,-0.17003560066223145
34.130001068115234,35,0.03140629082918167,0.035126958042383194,9.818285942077637,2871.00830078125,-494.7930603027344,2209.5537109375,-0.006748466286808252,-0.005042945500463247,0.002915702061727643,-0.13702578842639923
34.13999938964844,35,0.03818272426724434,0.03214874491095543,9.809062004089355,2923.2978515625,-515.8892822265625,2125.961669921875,-0.005909306462854147,-0.003784205997362733,0.0034305185545235872,-0.13901792466640472
34.150001525878906,35,0.051099538803100586,0.023309580981731415,9.809585571289062,2981.44970703125,-538.3837890625,2035.1629638671875,-0.003226211993023753,-0.004210674203932285,0.004784494172781706,-0.15942786633968353
34.15999984741211,36,0.04533800482749939,0.005490914452821016,9.806282997131348,3040.468505859375,-560.6446533203125,1941.373779296875,-0.000613496929872781,-0.010592719539999962,0.0015865835594013333,-0.18769247829914093
34.16999816894531,36,0.03140629082918167,0.023214101791381836,9.818092346191406,3100.082275390625,-579.5199584960938,1846.86572265625,-0.001988137373700738,-0.008036606945097446,0.0001760048617143184,-0.24056534469127655
34.18000030517578,36,0.008289489895105362,0.009712638333439827,9.815835952758789,3145.401611328125,-588.2333374023438,1755.872802734375,-0.008472307585179806,-0.0053741768933832645,0.0018405476585030556,-0.3103616237640381
34.189998626708984,36,0.02252359129488468,0.028698895126581192,9.815241813659668,3172.020751953125,-587.5126342773438,1679.0836181640625,-0.010737319476902485,-0.007496933452785015,0.00043266426655463874,-0.37779030203819275
34.20000076293945,36,0.03770771250128746,0.01827112026512623,9.815241813659668,3170.795654296875,-579.1819458007812,1618.78955078125,-0.000690764281898737,-0.007651468273252249,0.008268114179372787,-0.42766889929771423
34.209999084472656,36,0.11450998485088348,0.05659447982907295,9.80630874633789,3135.8662109375,-564.8253173828125,1576.16259765625,-0.003017769893631339,-0.012305479496717453,0.0071046119555830956,-0.4384320080280304
34.220001220703125,36,-0.005305084865540266,-0.011653656139969826,9.841848373413086,3064.741943359375,-545.6375732421875,1551.5830078125,-0.007622066419571638,0.005813419818878174,0.011634337715804577,-0.4534570276737213
34.22999954223633,36,0.008964931592345238,0.010734135285019875,9.779804229736328,2934.074951171875,-525.0706787109375,1546.141357421875,-0.009050615131855011,-0.0035245514009147882,0.010912575758993626,-0.43139129877090454
34.2400016784668,49,0.05200669541954994,0.012149045243859291,9.818578720092773,2762.599365234375,-503.3641052246094,1546.2972412109375,-0.004144136793911457,-0.004031281918287277,0.002667427994310856,-0.4151105582714081
34.25,36,0.08655619621276855,0.044962309300899506,9.810586929321289,2558.6796875,-479.2477111816406,1545.2015380859375,-0.0030674845911562443,-0.004764124285429716,0.0047374749556183815,-0.44261255860328674
34.2599983215332,36,0.06313469260931015,0.031447041779756546,9.786782264709473,2329.8779296875,-450.1918640136719,1537.571044921875,-0.0030674845911562443,-0.001504219719208777,0.008506804704666138,-0.48957908153533936
34.27000045776367,37,0.0482274666428566,0.04027239978313446,9.838665962219238,2084.052001953125,-413.6280212402344,1519.036865234375,-0.0022462941706180573,-0.003419731743633747,0.008712551556527615,-0.5422807931900024
34.279998779296875,37,0.029794728383421898,0.01656172424554825,9.80385684967041,1827.231201171875,-368.932861328125,1483.4991455078125,-0.00032509202719666064,-0.005800644867122173,0.009822147898375988,-0.595231294631958
34.290000915527344,37,0.03802747279405594,0.006599836517125368,9.76476001739502,1570.1357421875,-322.21722412109375,1421.305419921875,-0.0000807114556664601,-0.0055757309310138226,0.008678111247718334,-0.6454690098762512
34.29999923706055,37,0.020442811772227287,-0.005030036438256502,9.813922882080078,1322.553466796875,-275.77789306640625,1336.932373046875,-0.0031363663729280233,-0.0063043804839253426,0.008341189473867416,-0.6636582016944885
34.310001373291016,37,0.030218763276934624,0.021319502964615822,9.796250343322754,1093.849609375,-230.89691162109375,1233.678955078125,-0.005521472543478012,-0.005228027701377869,0.008966515772044659,-0.6367045044898987
34.31999969482422,37,0.03577175363898277,0.017398016527295113,9.799280166625977,891.808349609375,-188.81517028808594,1117.1517333984375,-0.005017736926674843,-0.004603899549692869,0.004780601244419813,-0.5741116404533386
34.33000183105469,37,0.00587504543364048,0.020107053220272064,9.7877836227417,722.8335571289062,-151.4208221435547,996.8790283203125,-0.005615211557596922,-0.007496933452785015,0.001478768652305007,-0.4933550953865051
34.34000015258789,37,0.018089771270751953,0.006759732495993376,9.801311492919922,589.9828491210938,-121.09834289550781,882.5918579101562,-0.0072219534777104855,-0.007873686961829662,0.004625767003744841,-0.41057080030441284
34.349998474121094,37,0.07413987070322037,0.003935663495212793,9.806231498718262,482.20916748046875,-95.37715911865234,776.7345581054688,-0.005834734998643398,-0.008723926730453968,0.006192078348249197,-0.33445078134536743
34.36000061035156,37,0.07414103299379349,0.012149045243859291,9.810393333435059,395.8992004394531,-74.21295928955078,679.3114013671875,-0.005749381147325039,-0.0074750701896846294,0.011010508053004742,-0.2692551612854004
34.369998931884766,37,0.029421672224998474,0.01296578161418438,9.810393333435059,327.5250549316406,-57.363983154296875,591.3858032226562,-0.0022130513098090887,-0.0027752381283789873,0.010311208665370941,-0.21601633727550507
34.380001068115234,38,0.034781184047460556,0.01870594546198845,9.809494018554688,273.7320556640625,-44.26530838012695,515.4198608398438,-0.0036805320996791124,-0.0035703731700778008,0.0014359421329572797,-0.17306293547153473
34.38999938964844,39,0.0660368874669075,0.02554122731089592,9.808456420898438,233.74484252929688,-35.36188888549805,451.1189270019531,0.001484701526351273,-0.001302665681578219,0.005734164267778397,-0.1391785591840744
34.400001525878906,40,0.08651795983314514,0.022742467001080513,9.810718536376953,201.68234252929688,-28.489288330078125,395.290771484375,-0.005496315658092499,-0.00013916286116000265,0.0034071586560457945,-0.11243733018636703
34.40999984741211,41,0.0365329347550869,0.02320604957640171,9.780906677246094,175.55494689941406,-23.254423141479492,347.3065490722656,-0.0008842324023135006,-0.007090830709785223,0.005717393010854721,-0.09118396788835526
34.41999816894531,42,-0.0019475698936730623,0.010981457307934761,9.797033309936523,154.32919311523438,-19.3804988861084,306.247314453125,-0.004996772855520248,-0.011880208738148212,0.012427675537765026,-0.07428698241710663
34.43000030517578,42,0.019047902897000313,0.011079235002398491,9.809479713439941,137.3369903564453,-16.644962310791016,270.7002258300781,-0.007586128544062376,-0.009307924658060074,0.008053083904087543,-0.06157832592725754
34.439998626708984,42,0.06359463930130005,0.020407289266586304,9.831982612609863,123.58811950683594,-15.042346000671387,238.38316345214844,-0.007006623316556215,-0.005817416124045849,0.008048591203987598,-0.05129890516400337
34.45000076293945,43,0.06649104505777359,0.016932131722569466,9.815159797668457,112.6349868774414,-14.051780700683594,213.4141082763672,-0.0004110447480343282,-0.004137599840760231,0.008306748233735561,-0.04311365261673927
34.459999084472656,43,0.027387235313653946,0.003897702321410179,9.799808502197266,103.193359375,-13.496642112731934,191.11166381835938,0.00015678093768656254,-0.003815951757133007,0.004939328879117966,-0.03702256456017494
34.470001220703125,44,0.006635062396526337,-0.013968128710985184,9.817010879516602,94.91712951660156,-13.246190071105957,170.6007843017578,-0.0021702249068766832,-0.0030375877395272255,0.0033987730275839567,-0.03214532881975174
34.47999954223633,44,0.024586990475654602,0.01373765617609024,9.805562973022461,87.60303497314453,-13.273869514465332,151.7904510498047,-0.001637738780118525,-0.0033038307446986437,0.004828518722206354,-0.028755459934473038
34.4900016784668,44,0.03423897549510002,0.018590912222862244,9.795849800109863,80.99098205566406,-13.897109031677246,134.46583557128906,-0.000613496929872781,-0.001210424117743969,0.004549996927380562,-0.02561497688293457
34.5,44,0.030756337568163872,0.025173122063279152,9.801106452941895,75.06367492675781,-14.354379653930664,119.72895812988281,-0.004140842240303755,-0.0006716488860547543,0.004574554972350597,-0.023355575278401375
34.5099983215332,45,0.022792376577854156,0.022285785526037216,9.792158126831055,69.62724304199219,-14.861895561218262,106.89156341552734,-0.006926660425961018,-0.0020645579788833857,0.007425960619002581,-0.021261919289827347
34.52000045776367,45,0.01978706568479538,0.007365958299487829,9.78085994720459,64.82205200195312,-15.396100997924805,93.90217590332031,-0.003677837084978819,-0.0036665082443505526,0.006768289487808943,-0.019609060138463974
34.529998779296875,45,0.039320431649684906,0.017063269391655922,9.822188377380371,60.369964599609375,-15.78283405303955,80.27711486816406,0.0001813387352740392,-0.005112426355481148,0.002171779051423073,-0.01803881675004959
34.540000915527344,45,0.06998410820960999,0.02525249496102333,9.817075729370117,55.440696716308594,-15.696370124816895,67.84534454345703,0.0008387104026041925,-0.00013497007603291422,0.0048431940376758575,-0.017350679263472557
34.54999923706055,45,0.058114636689424515,0.019011935219168663,9.79247760772705,51.24256134033203,-16.14154052734375,56.73982620239258,-0.0034631057642400265,0.0001354657142655924,0.013069474138319492,-0.016386086121201515
34.560001373291016,45,0.041221633553504944,0.028165139257907867,9.80941390991211,47.20669174194336,-16.173770904541016,46.40691375732422,-0.008167730644345284,0.000471189443487674,0.01586098223924637,-0.015339258126914501
34.56999969482422,44,0.043873582035303116,0.027183903381228447,9.808837890625,43.33206558227539,-15.940183639526367,36.481197357177734,-0.002780577167868614,-0.002588957780972123,0.01004346739500761,-0.014292431063950062
34.58000183105469,44,0.06463386863470078,0.010061190463602543,9.79352855682373,39.488807678222656,-15.859500885009766,27.120641708374023,-0.0006934597040526569,-0.002588957780972123,0.005025580525398254,-0.013245603069663048
34.59000015258789,44,0.06583297997713089,0.0025828713551163673,9.802964210510254,35.614559173583984,-16.310829162597656,18.68906021118164,-0.0017910756869241595,-0.0025724859442561865,0.01067837793380022,-0.01264046598225832
34.599998474121094,43,0.026737282052636147,0.012305489741265774,9.815241813659668,33.09568405151367,-15.776623725891113,10.359920501708984,0.0016994329635053873,-0.0014089832548052073,0.00486086355522275,-0.011675233952701092
34.61000061035156,43,0.005115028005093336,0.024216042831540108,9.807637214660645,30.221742630004883,-15.694228172302246,3.06396746635437,-0.000392476242268458,-0.0024784475099295378,0.012441151775419712,-0.010628405027091503
34.619998931884766,42,0.0005178513238206506,0.018785318359732628,9.811120986938477,27.218616485595703,-15.5849027633667,-4.179931163787842,-0.0037724743597209454,-0.005747935269027948,0.007949761115014553,-0.010023651644587517
34.630001068115234,42,0.00849803164601326,0.01743137650191784,9.812058448791504,24.736467361450195,-15.406834602355957,-11.424696922302246,-0.0042944783344864845,-0.004290936514735222,0.011037761345505714,-0.009058035910129547
34.63999938964844,42,0.017700495198369026,0.010869873687624931,9.802797317504883,23.130613327026367,-15.188612937927246,-18.131549835205078,-0.0015164469368755817,-0.007519993465393782,0.007357677910476923,-0.00845353677868843
34.650001525878906,50,0.011382851749658585,0.010927390307188034,9.806336402893066,21.34640884399414,-14.743441581726074,-22.57375717163086,-0.000613496929872781,-0.006136368494480848,0.002402682788670063,-0.007930123247206211
34.65999984741211,40,0.013951385393738747,0.022635485976934433,9.816173553466797,20.044212341308594,-14.380050659179688,-26.913959503173828,0.0009845599997788668,-0.007440030574798584,0.0009447852498851717,-0.006964125204831362
34.66999816894531,39,0.03744356334209442,0.0294201523065567,9.814166069030762,18.640626907348633,-14.023914337158203,-31.321372985839844,-0.0011016589123755693,-0.006517314817756414,0.0009447852498851717,-0.006802720949053764
34.68000030517578,39,0.06677141785621643,0.02529735676944256,9.81342601776123,17.362255096435547,-13.748781204223633,-35.61202621459961,-0.0017233917023986578,-0.0030268060509115458,0.0009447852498851717,-0.006359881721436977
34.689998626708984,39,0.068342424929142,0.024777404963970184,9.815241813659668,16.40637969970703,-13.550849914550781,-39.37421417236328,-0.0012220523785799742,-0.0044047413393855095,0.002161896089091897,-0.00583646772429347
34.70000076293945,39,0.04421420022845268,0.017101231962442398,9.815241813659668,15.776659965515137,-13.283747673034668,-41.92848205566406,-0.001295426394790411,-0.009132126346230507,0.004488901700824499,-0.005756148602813482
34.709999084472656,39,0.043915294110774994,0.015351573936641216,9.818487167358398,15.355016708374023,-13.281418800354004,-45.253360748291016,-0.0015766436699777842,-0.006362181156873703,0.006815907545387745,-0.005756148602813482
34.720001220703125,40,0.06187532842159271,0.03329562768340111,9.800186157226562,14.536659240722656,-12.94332504272461,-49.76581954956055,-0.0034855669364333153,0.001510106143541634,0.009979077614843845,-0.005312798079103231
34.72999954223633,40,0.07132688164710999,0.030818957835435867,9.804553985595703,13.702838897705078,-12.733053207397461,-52.24966812133789,-0.0050036609172821045,0.002319017658010125,0.01215094979852438,-0.004789384547621012
34.7400016784668,41,0.04871521517634392,0.026498304679989815,9.800015449523926,13.061318397521973,-12.83841609954834,-53.3056640625,-0.004710764158517122,0.002319017658010125,0.009533742442727089,-0.0047095762565732
34.75,42,0.028531895950436592,0.0055990456603467464,9.795849800109863,12.614620208740234,-13.14323616027832,-56.13894271850586,0.001840490847826004,0.0007257525576278567,0.008168086409568787,-0.004265842493623495
34.7599983215332,42,0.02102556824684143,-0.00930697564035654,9.80305290222168,11.774993896484375,-12.698065757751465,-59.80376052856445,0.0015122542390599847,-0.0057775843888521194,0.0028282522689551115,-0.0041862898506224155
34.77000045776367,42,0.023436537012457848,0.002727813320234418,9.820236206054688,11.546784400939941,-12.40108871459961,-60.973148345947266,-0.000613496929872781,-0.0027902123983949423,0.007582890801131725,-0.004630278795957565
34.779998779296875,42,0.032044656574726105,0.011059679090976715,9.813705444335938,11.441831588745117,-12.347818374633789,-62.572994232177734,-0.0005763606750406325,-0.005042945500463247,0.01302904263138771,-0.004265459720045328
34.790000915527344,42,0.019075708463788033,0.015912937000393867,9.814208984375,11.143444061279297,-12.371214866638184,-64.6712875366211,0.0005871421890333295,-0.005042945500463247,0.00721152825281024,-0.003742045722901821
34.79999923706055,42,-0.0004761952150147408,0.01309807039797306,9.799697875976562,10.642943382263184,-12.306540489196777,-66.3921127319336,-0.001660799258388579,-0.001631501130759716,0.008216902613639832,-0.004107375629246235
34.810001373291016,42,0.007497032638639212,0.019957508891820908,9.81959342956543,10.957802772521973,-12.395574569702148,-67.05844116210938,0.0024541374295949936,-0.011024877429008484,0.002938463119789958,-0.003741790307685733
34.81999969482422,42,0.026163794100284576,0.02171521820127964,9.796738624572754,10.797754287719727,-12.404033660888672,-69.43334197998047,-0.0040036775171756744,-0.010384576395154,0.003181945299729705,-0.0036630036775022745
34.83000183105469,42,0.04978920519351959,0.03384893760085106,9.799200057983398,10.375889778137207,-12.344097137451172,-70.11860656738281,-0.010254847817122936,-0.006164220627397299,0.005292123183608055,-0.0036630036775022745
34.84000015258789,42,0.02864311821758747,0.031949736177921295,9.796526908874512,9.89744758605957,-12.215765953063965,-70.92584228515625,-0.005474153906106949,-0.005042945500463247,0.0049695768393576145,-0.0036630036775022745
34.849998474121094,42,0.028819220140576363,0.027096478268504143,9.82978343963623,9.587604522705078,-12.130988121032715,-72.66352844238281,-0.006346256472170353,-0.004223252646625042,0.00790453888475895,-0.0036630036775022745
34.86000061035156,42,0.05084929242730141,0.02224322035908699,9.804443359375,9.692557334899902,-12.398091316223145,-72.99669647216797,-0.007219258230179548,-0.002303547691553831,0.01028994470834732,-0.003217865712940693
34.869998931884766,42,0.0840015634894371,0.008739456534385681,9.813849449157715,9.387038230895996,-12.142873764038086,-73.00411224365234,-0.006748466286808252,-0.002054674783721566,0.009375314228236675,-0.003584983292967081
34.880001068115234,42,0.07837558537721634,0.02055223099887371,9.828607559204102,9.072178840637207,-12.008599281311035,-75.5721664428711,-0.006748466286808252,-0.003847397631034255,0.008935968391597271,-0.0032176102977246046
34.88999938964844,42,0.055107008665800095,0.008318434469401836,9.802628517150879,8.865238189697266,-12.102665901184082,-76.61680603027344,-0.0033540925942361355,-0.0039114877581596375,0.006139368750154972,-0.0031397175043821335
34.900001525878906,43,0.035235337913036346,-0.0017055721255019307,9.823684692382812,8.730653762817383,-12.269224166870117,-75.70873260498047,-0.0008932167547754943,-0.0030911958310753107,0.0026740171015262604,-0.0031397175043821335
34.90999984741211,44,0.038877859711647034,0.011617591604590416,9.792258262634277,8.531350135803223,-12.1981782913208,-75.65377044677734,-0.003506231354549527,-0.004254698753356934,0.0033987730275839567,-0.0031397175043821335
34.91999816894531,44,0.048475395888090134,0.012149045243859291,9.809959411621094,8.531350135803223,-12.465280532836914,-76.65327453613281,-0.0031687107402831316,-0.005793457385152578,0.0018977494910359383,-0.0031397175043821335
34.93000030517578,44,0.029469173401594162,0.026421232149004936,9.78179931640625,8.875051498413086,-12.295028686523438,-77.2890853881836,-0.0009252618183381855,-0.008120463229715824,-0.0008856728090904653,-0.002693685470148921
34.939998626708984,45,0.014344138093292713,0.03107433207333088,9.819984436035156,8.802095413208008,-11.97567367553711,-78.43095397949219,-0.0035784076899290085,-0.009206099435687065,0.001689606811851263,-0.0030625909566879272
34.95000076293945,45,-0.01323428750038147,0.021888919174671173,9.815594673156738,8.419549942016602,-11.840837478637695,-79.27591705322266,-0.009320750832557678,-0.0062699392437934875,0.005180115345865488,-0.0031397175043821335
34.959999084472656,46,0.0058263856917619705,0.026742175221443176,9.824690818786621,8.221129417419434,-12.085988998413086,-79.0644302368164,-0.0031887763179838657,-0.006755106616765261,0.008428039960563183,-0.0031397175043821335
34.970001220703125,46,0.015602338127791882,0.03033926896750927,9.8181791305542,8.850849151611328,-12.175023078918457,-80.50814819335938,-0.004121075849980116,-0.011062313802540302,0.009418141096830368,-0.0031397175043821335
34.97999954223633,46,0.024604368954896927,0.017316343262791634,9.79333782196045,8.732074737548828,-12.105316162109375,-80.76384735107422,-0.0006305675487965345,-0.00873530749231577,0.007091134786605835,-0.0031397175043821335
34.9900016784668,46,0.025519633665680885,0.02171521820127964,9.816864967346191,8.660633087158203,-11.781355857849121,-81.09467315673828,0.0005443156696856022,-0.007566114887595177,0.0082375667989254,-0.0031397175043821335
35,46,0.03846541419625282,0.02171521820127964,9.78934383392334,8.570826530456543,-11.602832794189453,-81.34883880615234,-0.0026694678235799074,-0.0042139687575399876,0.005023783538490534,-0.002692791633307934
35.0099983215332,47,0.0727774053812027,0.021120496094226837,9.815241813659668,8.38149356842041,-11.763447761535645,-81.41415405273438,-0.0030674845911562443,-0.003815951757133007,0.0035949363373219967,-0.0030634847935289145
35.02000045776367,47,0.0727774053812027,0.017597023397684097,9.81726360321045,8.276540756225586,-11.852481842041016,-81.74732208251953,-0.007904183119535446,-0.00478329136967659,0.002431433415040374,-0.0026925362180918455
35.029998779296875,47,0.06981611996889114,0.02024509198963642,9.825315475463867,7.867992877960205,-11.769819259643555,-81.43798828125,-0.0064909085631370544,-0.005042945500463247,0.00578717328608036,-0.002616431098431349
35.040000915527344,47,0.05026421695947647,0.009733344428241253,9.800697326660156,7.986262798309326,-11.745994567871094,-81.83686828613281,-0.0038407573010772467,-0.005883303005248308,0.00876046996563673,-0.003063867799937725
35.04999923706055,48,0.035120639950037,0.0004259958805050701,9.804245948791504,8.353662490844727,-11.968847274780273,-81.72488403320312,-0.006174950394779444,-0.010154271498322487,0.00798000954091549,-0.0031397175043821335
35.060001373291016,48,0.036199264228343964,0.01593134179711342,9.817214012145996,8.54779052734375,-12.294360160827637,-81.28419494628906,-0.004408582579344511,-0.008838031440973282,0.009219881147146225,-0.002692025387659669
35.06999969482422,48,0.023581359535455704,0.026202671229839325,9.804515838623047,8.143503189086914,-12.287775039672852,-82.0328369140625,-0.0011906062718480825,-0.006919824052602053,0.013360274955630302,-0.002616431098431349
35.08000183105469,48,0.01541233342140913,0.006280043628066778,9.801797866821289,8.143503189086914,-12.10970687866211,-82.0328369140625,-0.0017862837994471192,-0.008083326742053032,0.012736745178699493,-0.002616431098431349
35.09000015258789,48,0.001682206871919334,0.0025828713551163673,9.806716918945312,8.143503189086914,-11.93163776397705,-81.31748962402344,-0.004636191762983799,-0.007678121794015169,0.006919230334460735,-0.002616431098431349
35.099998474121094,48,0.007805210538208485,0.0062616379000246525,9.811635971069336,8.023150444030762,-11.651472091674805,-81.82989501953125,-0.005370231810957193,-0.00672935089096427,0.004317596089094877,-0.002616431098431349
35.11000061035156,48,0.00974696222692728,0.01822855696082115,9.817870140075684,7.920784950256348,-11.569024085998535,-82.92948913574219,-0.0022756438702344894,-0.005913251545280218,0.007436442654579878,-0.002616431098431349
35.119998931884766,48,-0.00017033476615324616,0.023081814870238304,9.81939697265625,8.03725528717041,-11.945798873901367,-83.16378784179688,-0.0012783557176589966,-0.0032538166269659996,0.009098589420318604,-0.0030648892279714346
35.130001068115234,48,0.008705413900315762,0.026498304679989815,9.804089546203613,8.247161865234375,-11.767730712890625,-83.49695587158203,-0.0033364228438585997,-0.005042945500463247,0.0057015204802155495,-0.0031397175043821335
35.13999938964844,48,0.011406023055315018,0.024991368874907494,9.800697326660156,8.088501930236816,-11.98049259185791,-84.61011505126953,-0.0044999257661402225,-0.005453840363770723,0.009122847579419613,-0.0026910039596259594
35.150001525878906,48,0.026192760095000267,0.02171521820127964,9.80709171295166,8.082033157348633,-11.8449068069458,-84.1095962524414,-0.004811690654605627,-0.006929107941687107,0.00665388535708189,-0.003065272467210889
35.15999984741211,48,0.037716981023550034,0.02171521820127964,9.821759223937988,8.100019454956055,-11.673209190368652,-83.26403045654297,0.000535031605977565,-0.002510492457076907,0.0036341689992696047,-0.002690748544409871
35.16999816894531,47,0.05869739502668381,0.01828032173216343,9.81623363494873,7.899295330047607,-11.729745864868164,-83.58831787109375,-0.000628471199888736,-0.0013320153811946511,0.007124677300453186,-0.002616431098431349
35.18000030517578,47,0.06435928493738174,0.008573808707296848,9.802509307861328,7.269576549530029,-11.640710830688477,-85.36519622802734,-0.0017919741803780198,0.0009949903469532728,0.010615186765789986,-0.0030656554736196995
35.189998626708984,47,0.06019657477736473,0.0007250826456584036,9.798013687133789,7.637638568878174,-11.720965385437012,-85.13607025146484,-0.002955476753413677,0.002207009820267558,0.0040708198212087154,-0.0031397175043821335
35.20000076293945,47,0.06896805018186569,0.005511620547622442,9.801786422729492,7.906553268432617,-11.874004364013672,-85.44158935546875,0.00008700061880517751,-0.002938457764685154,0.0033987730275839567,-0.0026902377139776945
35.209999084472656,46,0.07356986403465271,0.018930260092020035,9.812786102294922,7.809741497039795,-11.878608703613281,-84.96912384033203,-0.0013625111896544695,-0.004803955554962158,0.00833879318088293,-0.00306603848002851
35.220001220703125,46,0.04504605010151863,0.013442019931972027,9.787464141845703,7.5506720542907715,-11.791448593139648,-84.00965881347656,-0.006463055964559317,-0.003193919314071536,0.008609228767454624,-0.0031397175043821335
35.22999954223633,46,0.02143106609582901,0.008998281322419643,9.795965194702148,7.750732898712158,-11.965340614318848,-84.79486083984375,-0.002809327794238925,-0.00000589154296903871,0.011750836856663227,-0.002689854707568884
35.2400016784668,46,0.027197232469916344,0.01914077252149582,9.815611839294434,7.540826797485352,-11.965340614318848,-85.90541076660156,-0.002208559075370431,-0.004490694031119347,0.010822131298482418,-0.002616431098431349
35.25,46,0.02689948119223118,0.028551651164889336,9.81501293182373,7.663261413574219,-11.612924575805664,-86.04888916015625,-0.0038015246391296387,-0.006762893404811621,0.009533742442727089,-0.002616431098431349
35.2599983215332,46,0.019958531484007835,0.03606447950005531,9.810565948486328,7.579387187957764,-11.566507339477539,-86.1865234375,-0.0042944783344864845,-0.004928841255605221,0.006851546466350555,-0.002616431098431349
35.27000045776367,46,0.0004066290275659412,0.03606447950005531,9.805601119995117,7.402235507965088,-11.833609580993652,-86.51968383789062,-0.00308036245405674,-0.0026018356438726187,0.005232824943959713,-0.002616431098431349
35.279998779296875,45,-0.006609626114368439,0.026107193902134895,9.805347442626953,7.51728630065918,-12.040749549865723,-86.69258117675781,-0.00020978989778086543,-0.004623365588486195,0.005852760747075081,-0.002616431098431349
35.290000915527344,45,0.008589557372033596,0.02461060881614685,9.818857192993164,7.7271928787231445,-11.684612274169922,-85.35992431640625,-0.00007981294038472697,-0.007283699233084917,0.0068129124119877815,-0.002616431098431349
35.29999923706055,45,0.022435540333390236,0.03128139302134514,9.823972702026367,7.846377372741699,-11.790243148803711,-86.52316284179688,-0.00390065461397171,-0.003793190699070692,0.007056993432343006,-0.0030671877320855856
35.310001373291016,45,0.03276180848479271,0.01778222806751728,9.812504768371582,7.818545818328857,-11.743022918701172,-86.32161712646484,-0.005521472543478012,-0.0003026821359526366,0.003919579088687897,-0.0026888330467045307
35.31999969482422,51,0.03905627876520157,0.004595954902470112,9.810393333435059,7.755655765533447,-11.636321067810059,-85.58960723876953,-0.005521472543478012,0.002319017658010125,0.002171779051423073,-0.002616431098431349
35.33000183105469,44,0.03905627876520157,0.0025828713551163673,9.810393333435059,7.6492509841918945,-11.666409492492676,-85.64590454101562,-0.0061998083256185055,0.0011884582927450538,0.0030762264505028725,-0.002616431098431349
35.34000015258789,44,0.0595744252204895,0.0025828713551163673,9.813343048095703,7.01953125,-11.844477653503418,-85.97907257080078,-0.008877212181687355,-0.00397857278585434,0.0061040292493999004,-0.002616431098431349
35.349998474121094,44,0.0727774053812027,0.011524413712322712,9.803157806396484,7.570109844207764,-12.022546768188477,-87.2489242553711,-0.006946725770831108,-0.005241204984486103,0.00041170025360770524,-0.002616431098431349
35.36000061035156,44,0.060487374663352966,0.016932131722569466,9.802034378051758,7.607597827911377,-11.949413299560547,-87.4065933227539,-0.009131176397204399,-0.007461294531822205,0.008306748233735561,-0.002616431098431349
35.369998931884766,44,0.0472218282520771,0.007569567300379276,9.796055793762207,7.497090816497803,-11.855667114257812,-87.494140625,-0.006804170552641153,-0.006297791376709938,0.008306748233735561,-0.002616431098431349
35.380001068115234,44,0.037445876747369766,0.02172902226448059,9.803938865661621,7.573202610015869,-11.748055458068848,-88.02257537841797,-0.005612815730273724,-0.00399863813072443,0.0026284949854016304,-0.0021646530367434025
35.38999938964844,51,0.047377075999975204,0.024759000167250633,9.800477027893066,7.8849382400512695,-11.30730152130127,-88.46238708496094,-0.005521472543478012,-0.008104589767754078,0.001099619548767805,-0.0025450505781918764
35.400001525878906,43,0.05350819230079651,0.02171521820127964,9.795849800109863,7.8849382400512695,-11.30730152130127,-88.46238708496094,-0.005521472543478012,-0.008723926730453968,0.0009447852498851717,-0.002616431098431349
35.40999984741211,43,0.03295297175645828,0.025116754695773125,9.80274486541748,7.721607685089111,-11.30730152130127,-87.94390869140625,-0.011192538775503635,-0.008723926730453968,-0.0009455699473619461,-0.002616431098431349
35.41999816894531,43,0.01761128567159176,0.026498304679989815,9.805545806884766,7.5117011070251465,-11.501859664916992,-87.27757263183594,-0.013765121810138226,-0.006960553582757711,-0.0032725755590945482,-0.002616431098431349
35.43000030517578,44,0.022104190662503242,0.030040182173252106,9.801955223083496,7.301794528961182,-11.829996109008789,-86.92557525634766,-0.007564864587038755,-0.0070881349965929985,0.003400570247322321,-0.002616431098431349
35.439998626708984,43,0.024604368954896927,0.03489344194531441,9.811680793762207,7.117921352386475,-12.038206100463867,-87.24955749511719,-0.0050491830334067345,-0.01127045601606369,0.004815640859305859,-0.002616431098431349
35.45000076293945,44,0.013478691689670086,0.028700044378638268,9.804044723510742,7.222874164581299,-11.593034744262695,-87.47167205810547,-0.004139045253396034,-0.010175835341215134,0.0013251323252916336,-0.003069103229790926
35.459999084472656,44,0.01015245821326971,-0.0035207984037697315,9.804500579833984,7.4171295166015625,-11.375134468078613,-88.35523986816406,-0.0030674845911562443,-0.005613765679299831,0.002856403822079301,-0.002686917781829834
35.470001220703125,44,0.02555207349359989,-0.011766389012336731,9.797797203063965,7.367145538330078,-11.362419128417969,-87.635986328125,-0.006452873349189758,-0.005508646368980408,0.004724297672510147,-0.002616431098431349
35.47999954223633,44,0.0490245558321476,-0.0000882031163200736,9.815577507019043,7.482385635375977,-11.313539505004883,-87.10628509521484,-0.00842648558318615,-0.009499895386397839,0.004400253761559725,-0.002616431098431349
35.4900016784668,44,0.057499442249536514,0.014471568167209625,9.791973114013672,7.932649612426758,-11.143314361572266,-88.25653076171875,-0.006833220832049847,-0.013279407285153866,0.0041037630289793015,-0.002616431098431349
35.5,44,0.0502016544342041,0.004832923877984285,9.798417091369629,7.407883644104004,-11.499449729919434,-87.81231689453125,-0.008081179112195969,-0.012616345658898354,0.001692302175797522,-0.002616431098431349
35.5099983215332,44,0.04042569920420647,0.02309906855225563,9.82981014251709,7.3678083419799805,-11.279943466186523,-86.65007781982422,-0.006452274974435568,-0.006876398343592882,0.0024679708294570446,-0.002616431098431349
35.52000045776367,44,0.04325954243540764,0.009804665111005306,9.796563148498535,7.0773725509643555,-11.444011688232422,-86.88825225830078,-0.008462125435471535,-0.006276827771216631,0.00045812063035555184,-0.002616431098431349
35.529998779296875,44,0.052421461790800095,0.015853118151426315,9.799603462219238,6.947237968444824,-11.595364570617676,-87.21473693847656,-0.005154901649802923,-0.010628058575093746,0.0032154875807464123,-0.002616431098431349
35.540000915527344,44,0.05350819230079651,0.04712838679552078,9.791953086853027,7.181095123291016,-11.4453763961792,-87.21102905273438,-0.0028278958052396774,-0.007017755880951881,0.0018123958725482225,-0.002616431098431349
35.54999923706055,45,0.027016496285796165,0.024110212922096252,9.80433177947998,7.495954990386963,-11.089240074157715,-88.32157897949219,-0.0007824070053175092,-0.002420047763735056,-0.0010587756987661123,-0.002616431098431349
35.560001373291016,44,0.033576276153326035,0.02616930939257145,9.805545806884766,7.392516136169434,-11.087955474853516,-87.5510025024414,-0.004272915422916412,0.001070460886694491,0.008249247446656227,-0.002616431098431349
35.56999969482422,44,0.016012469306588173,0.026498304679989815,9.800959587097168,7.528299331665039,-11.292177200317383,-87.2830810546875,-0.005450794007629156,-0.008158497512340546,0.011775694787502289,-0.002616431098431349
35.58000183105469,44,0.024224359542131424,0.0219038724899292,9.796040534973145,7.458624839782715,-11.227234840393066,-87.17202758789062,-0.0022429998498409986,-0.005445454735308886,0.0087092574685812,-0.002616431098431349
35.59000015258789,44,0.005812482908368111,0.003056808840483427,9.800577163696289,7.301699638366699,-11.005078315734863,-87.26151275634766,0.00021817543893121183,-0.001954945968464017,0.004189415834844112,-0.002616431098431349
35.599998474121094,45,0.01008178573101759,0.007339500822126865,9.800675392150879,7.511606216430664,-11.11258316040039,-87.79374694824219,-0.006147397682070732,-0.002327806083485484,0.0033987730275839567,-0.002616431098431349
35.61000061035156,45,0.005427839700132608,0.012057018466293812,9.79612922668457,7.721512794494629,-11.468719482421875,-88.01586151123047,-0.006170758046209812,-0.008003064431250095,0.0033987730275839567,-0.002616431098431349
35.619998931884766,45,0.011132601648569107,0.008014746010303497,9.81022834777832,7.579892158508301,-11.228439331054688,-88.14498138427734,-0.005521472543478012,-0.010789780877530575,0.0042376331984996796,-0.002616431098431349
35.630001068115234,45,0.039992399513721466,0.026265937834978104,9.805545806884766,7.306433200836182,-11.465346336364746,-88.18878936767578,-0.010173686780035496,-0.008076438680291176,0.005401135887950659,-0.002616431098431349
35.63999938964844,45,0.05649728327989578,0.02171521820127964,9.805545806884766,7.109243392944336,-11.68929672241211,-88.47931671142578,-0.010747801512479782,-0.0027105489280074835,0.005140882916748524,-0.002161333104595542
35.650001525878906,44,0.030547795817255974,0.02022438496351242,9.804790496826172,7.1241374015808105,-11.319936752319336,-89.14637756347656,-0.006608905736356974,-0.002728518331423402,0.0007354446570388973,-0.0025483707431703806
35.65999984741211,45,0.04521172121167183,0.00391150638461113,9.797196388244629,7.229090690612793,-11.408970832824707,-89.14637756347656,-0.0060491664335131645,-0.006212737876921892,0.00018828368047252297,-0.002616431098431349
35.66999816894531,45,0.05625861883163452,0.016932131722569466,9.810914039611816,7.334043979644775,-11.579034805297852,-88.7420883178711,-0.006932650227099657,-0.008539743721485138,0.0023559629917144775,-0.002616431098431349
35.68000030517578,44,0.04081845283508301,0.016932131722569466,9.814650535583496,7.225430488586426,-11.636321067810059,-88.37319946289062,-0.008726870641112328,-0.008119264617562294,0.0032343552447855473,-0.002616431098431349
35.689998626708984,44,0.050875935703516006,0.015625352039933205,9.809731483459473,7.015523910522461,-11.556817054748535,-88.53587341308594,-0.010955044999718666,-0.005831791553646326,0.005896485410630703,-0.002616431098431349
35.70000076293945,44,0.036425184458494186,0.009536637924611568,9.804079055786133,6.96333122253418,-11.359635353088379,-89.14637756347656,-0.0026398187037557364,-0.008489728905260563,0.003729705000296235,-0.002616431098431349
35.709999084472656,44,0.052687931805849075,0.022508949041366577,9.801481246948242,7.488097667694092,-11.092533111572266,-89.14637756347656,0.0005032861954532564,-0.009038387797772884,0.0035560033284127712,-0.002616431098431349
35.720001220703125,44,0.06668684631586075,0.023906603455543518,9.825407981872559,7.290781497955322,-11.43798828125,-88.81892395019531,-0.005110278259962797,-0.001973813632503152,0.0007375409477390349,-0.002616431098431349
35.72999954223633,44,0.03905627876520157,0.01308311615139246,9.807438850402832,7.002049922943115,-11.526647567749023,-89.48665618896484,-0.008781077340245247,-0.005323863122612238,0.0057123019360005856,-0.002616431098431349
35.7400016784668,44,0.03703342750668526,0.014923648908734322,9.814224243164062,7.068663120269775,-11.434186935424805,-89.3905258178711,-0.005598440300673246,-0.007573901209980249,0.004933638498187065,-0.002616431098431349
35.75,44,0.026175379753112793,0.009514781646430492,9.810393333435059,7.428142070770264,-11.281709671020508,-88.72686767578125,-0.0067215124145150185,-0.008750880137085915,0.009452881291508675,-0.002616431098431349
35.7599983215332,44,0.019580841064453125,0.020365877076983452,9.810393333435059,7.620535373687744,-11.217436790466309,-89.12166595458984,-0.004394506569951773,-0.011077886447310448,0.002471863990649581,-0.002616431098431349
35.77000045776367,44,0.03301553428173065,0.03371089696884155,9.810393333435059,7.515582084655762,-11.57357406616211,-88.67745208740234,-0.0042944783344864845,-0.012291403487324715,0.006625733803957701,-0.002616431098431349
35.779998779296875,44,0.022951100021600723,0.035707876086235046,9.805184364318848,7.410628795623779,-11.636321067810059,-88.50769805908203,-0.0042944783344864845,-0.0071549201384186745,0.007079754490405321,-0.002616431098431349
35.790000915527344,44,0.0039703682996332645,0.02171521820127964,9.789628028869629,7.181410789489746,-11.794445991516113,-88.92259979248047,-0.0023214651737362146,-0.0062699392437934875,0.006093247793614864,-0.002616431098431349
35.79999923706055,44,0.006259687710553408,0.018864691257476807,9.796265602111816,7.055567741394043,-11.869132041931152,-89.25997161865234,-0.006455569062381983,-0.005346923600882292,0.010467839427292347,-0.002616431098431349
35.810001373291016,44,0.025811592116951942,0.009158178232610226,9.817057609558105,7.198103427886963,-11.602029800415039,-88.8442611694336,-0.007975460030138493,-0.005042945500463247,0.005971058271825314,-0.002616431098431349
35.81999969482422,44,0.04063308238983154,0.004148475360125303,9.804045677185059,6.883243560791016,-11.334927558898926,-88.62215423583984,-0.005587358959019184,-0.0074310461059212685,0.004194806795567274,-0.002616431098431349
35.83000183105469,44,0.0488160103559494,0.0024586354847997427,9.792659759521484,6.756580352783203,-11.30730152130127,-88.4000473022461,-0.00649210624396801,-0.007991384714841843,0.004625767003744841,-0.002616431098431349
35.84000015258789,45,0.05145290121436119,-0.001865468337200582,9.802765846252441,6.791164875030518,-11.30730152130127,-87.36585998535156,-0.007975460030138493,-0.005489778704941273,0.006632921751588583,-0.0021587791852653027
35.849998474121094,45,0.048000384122133255,0.0091420728713274,9.815241813659668,7.032437324523926,-11.268754005432129,-87.12418365478516,-0.006158778443932533,-0.004421512130647898,0.007701187860220671,-0.0025509244296699762
35.86000061035156,45,0.0631427988409996,0.017687901854515076,9.807756423950195,7.304476737976074,-11.179719924926758,-88.14411163330078,-0.0037524087820202112,-0.0034167368430644274,0.008705963380634785,-0.002616431098431349
35.869998931884766,45,0.055422138422727585,0.024581847712397575,9.799735069274902,6.989616870880127,-11.090685844421387,-87.92200469970703,-0.0006745920400135219,-0.0023191210348159075,0.01028215792030096,-0.002616431098431349
35.880001068115234,46,0.02786688134074211,0.02171521820127964,9.813600540161133,6.979960918426514,-11.001651763916016,-87.59223937988281,0.0022373097017407417,-0.0021556017454713583,0.006628129631280899,-0.002616431098431349
35.88999938964844,46,0.011549685150384903,0.02788560651242733,9.822853088378906,6.979960918426514,-11.306605339050293,-87.50479125976562,-0.0007928889826871455,0.000740427291020751,0.0009447852498851717,-0.002616431098431349
35.900001525878906,46,0.01978706568479538,0.02968357875943184,9.804998397827148,7.245341777801514,-11.301519393920898,-87.39246368408203,-0.004006372764706612,-0.001287391991354525,0.0035377347376197577,-0.002616431098431349
35.90999984741211,46,0.013148501515388489,0.02171521820127964,9.790607452392578,7.482638359069824,-11.075828552246094,-87.35286712646484,-0.002618255792185664,-0.005267560016363859,0.010640043765306473,-0.002616431098431349
35.91999816894531,46,0.012185735628008842,0.01944791153073311,9.798147201538086,6.988796234130859,-11.413227081298828,-87.76904296875,-0.0009357437957078218,-0.006592186167836189,0.005109137389808893,-0.002616431098431349
35.93000030517578,46,0.017432866618037224,0.014594653621315956,9.80306625366211,7.198702812194824,-11.324193000793457,-87.54692840576172,-0.003262749407440424,-0.008626294322311878,0.008306748233735561,-0.002616431098431349
35.939998626708984,47,0.02466924861073494,0.004926100838929415,9.803105354309082,6.813316822052002,-11.163016319274902,-86.24498748779297,-0.005419048480689526,-0.007496933452785015,0.008306748233735561,-0.002616431098431349
35.95000076293945,47,0.03423897549510002,0.002755421446636319,9.795674324035645,7.320664405822754,-11.55148983001709,-85.8465805053711,-0.001928539713844657,-0.007496933452785015,0.008306748233735561,-0.002157374517992139
35.959999084472656,47,0.03680519014596939,0.007365958299487829,9.791001319885254,7.9615864753723145,-12.013284683227539,-85.79031372070312,-0.007511256728321314,-0.0018261669902130961,0.009440901689231396,-0.0020931449253112078
35.970001220703125,48,0.03641939163208008,0.004747799132019281,9.801615715026855,7.485036849975586,-11.865893363952637,-84.8801040649414,-0.009046122431755066,-0.006715275347232819,0.007392417639493942,-0.0020931449253112078
35.97999954223633,48,0.03694653511047363,0.005271201021969318,9.807668685913086,7.3800835609436035,-11.954927444458008,-84.65799713134766,-0.0061809406615793705,-0.006489762105047703,0.002043898683041334,-0.0025525845121592283
35.9900016784668,48,0.036278046667575836,0.010124458000063896,9.808341026306152,7.3678083419799805,-11.886719703674316,-85.22042083740234,-0.005521472543478012,-0.0062699392437934875,0.0056631858460605145,-0.002616431098431349
36,48,0.04563459753990173,0.020635055378079414,9.810393333435059,7.299459457397461,-11.681721687316895,-84.72958374023438,-0.006401661783456802,-0.0018689936259761453,0.007079754490405321,-0.002616431098431349
36.0099983215332,48,0.05350819230079651,0.032295987010002136,9.804516792297363,7.546664237976074,-11.75070571899414,-84.41087341308594,-0.010015258565545082,-0.00013497007603291422,0.008713151328265667,-0.002156608272343874
36.02000045776367,48,0.05051794275641441,0.030126456171274185,9.809725761413574,8.104122161865234,-12.151278495788574,-84.6882095336914,-0.009396820329129696,-0.0046542128548026085,0.007274121046066284,-0.002553095342591405
36.029998779296875,48,0.05175181105732918,0.03257666900753975,9.821402549743652,7.8942155838012695,-11.973210334777832,-82.80027770996094,-0.005906311795115471,-0.006807217374444008,0.007232192903757095,-0.0021563530899584293
36.040000915527344,48,0.0441134050488472,0.03606447950005531,9.802876472473145,7.985252380371094,-12.050439834594727,-82.92913055419922,-0.0011633529793471098,-0.0062699392437934875,0.006428073160350323,-0.0020931449253112078
36.04999923706055,48,0.04225854575634003,0.03288495913147926,9.80066967010498,7.938235282897949,-12.010553359985352,-82.91002655029297,0.00015228860138449818,-0.005707205273211002,0.005188500974327326,-0.0025534783490002155
36.060001373291016,48,0.0307818241417408,0.02803169935941696,9.808838844299316,7.936594009399414,-12.052982330322266,-82.63499450683594,-0.004336705897003412,-0.004044459201395512,0.007849733345210552,-0.002155969850718975
36.06999969482422,48,0.017917145043611526,0.013218854553997517,9.807028770446777,7.959566593170166,-12.184686660766602,-82.36426544189453,-0.006668203976005316,-0.0021532056853175163,0.010324984788894653,-0.002553733764216304
36.08000183105469,48,0.018384046852588654,0.014146024361252785,9.802109718322754,7.782635688781738,-12.187230110168457,-82.61175537109375,-0.0035499564837664366,-0.001361963921226561,0.009533742442727089,-0.0021557144355028868
36.09000015258789,48,0.026756977662444115,0.006551521830260754,9.814725875854492,8.727214813232422,-12.276264190673828,-83.72230529785156,-0.003075570799410343,-0.002905813977122307,0.008916202001273632,-0.002553989179432392
36.099998474121094,48,0.022310415282845497,0.0025828713551163673,9.805776596069336,8.66833209991455,-12.08154582977295,-82.44380187988281,-0.006257908418774605,-0.007742212153971195,0.006834475323557854,-0.002616431098431349
36.11000061035156,48,0.016160765662789345,0.006183415185660124,9.804347038269043,8.472057342529297,-12.216836929321289,-81.49695587158203,-0.004112690221518278,-0.008542139083147049,0.004762033000588417,-0.002155331429094076
36.119998931884766,48,0.02606068179011345,0.014707386493682861,9.816706657409668,8.297178268432617,-12.51370620727539,-81.01587677001953,-0.0037772662471979856,-0.007496933452785015,-0.0013909055851399899,-0.0020931449253112078
36.130001068115234,48,0.04449225589632988,0.02067301608622074,9.793548583984375,8.067391395568848,-12.51370620727539,-80.12890625,-0.010100612416863441,-0.007387321442365646,-0.0001725967595120892,-0.0020931449253112078
36.13999938964844,48,0.05636752396821976,0.025526272132992744,9.820919036865234,8.592157363891602,-12.51370620727539,-80.23995971679688,-0.003119595116004348,-0.005060315597802401,0.0021544089540839195,-0.0020931449253112078
36.150001525878906,48,0.04659852012991905,0.014854629524052143,9.8101167678833,9.025666236877441,-12.436290740966797,-79.7716293334961,-0.006531937979161739,-0.01197185181081295,0.004481414798647165,-0.0020931449253112078
36.15999984741211,48,0.043873582035303116,0.016100440174341202,9.79753589630127,8.976975440979004,-12.574365615844727,-79.14553833007812,-0.006748466286808252,-0.009130927734076977,0.006808420177549124,-0.0020931449253112078
36.16999816894531,47,0.05602458864450455,0.016932131722569466,9.824382781982422,8.917715072631836,-12.84146785736084,-78.47920227050781,-0.0088041378185153,-0.008723926730453968,0.00502408342435956,-0.0020931449253112078
36.18000030517578,47,0.05008348077535629,0.0251156035810709,9.792460441589355,9.177762985229492,-13.01557445526123,-77.96753692626953,-0.00920245423913002,-0.008723926730453968,0.0036614222917705774,-0.0025551384314894676
36.189998626708984,46,0.04449920728802681,0.02233639732003212,9.807245254516602,9.177762985229492,-12.748472213745117,-78.18964385986328,-0.004698185715824366,-0.006922219414263964,0.007903041318058968,-0.0021543100010603666
36.20000076293945,46,0.02682417444884777,0.02171521820127964,9.80610466003418,9.07886791229248,-13.068631172180176,-76.10958099365234,-0.002230121986940503,-0.007944663986563683,0.0028348411433398724,-0.0020931449253112078
36.209999084472656,46,0.007272271905094385,0.013110724277794361,9.827349662780762,9.272176742553711,-13.298255920410156,-75.70319366455078,-0.001066619181074202,-0.0056284405291080475,0.0020394064486026764,-0.0020931449253112078
36.220001220703125,46,0.0009314581984654069,0.012149045243859291,9.807626724243164,9.486564636230469,-13.646790504455566,-75.93004608154297,-0.0034550195559859276,-0.005947093479335308,0.007661056704819202,-0.0020931449253112078
36.22999954223633,46,0.018415328115224838,-0.0011787193361669779,9.805545806884766,9.436076164245605,-13.983198165893555,-75.46542358398438,-0.006168362218886614,-0.003615595633164048,0.013995184563100338,-0.0020931449253112078
36.2400016784668,45,0.006151941604912281,0.006825301330536604,9.819267272949219,8.920775413513184,-13.724125862121582,-73.27103424072266,-0.004414871800690889,-0.002468564547598362,0.012811915017664433,-0.0020931449253112078
36.25,45,0.019182296469807625,-0.006382828578352928,9.820089340209961,9.025728225708008,-13.991229057312012,-72.82681274414062,-0.0028803059831261635,-0.007122575771063566,0.00934656336903572,-0.0016302575822919607
36.2599983215332,44,0.03853260725736618,0.025588391348719597,9.824806213378906,9.541691780090332,-13.839929580688477,-70.6429672241211,-0.005663727875798941,-0.00949450396001339,0.009847903624176979,-0.0015698587521910667
36.27000045776367,44,0.04381333664059639,0.026498304679989815,9.767520904541016,9.997793197631836,-14.014678955078125,-69.38609313964844,-0.006010832265019417,-0.008331001736223698,0.00555626954883337,-0.002033001510426402
36.279998779296875,43,0.04363028332591057,0.026498304679989815,9.781632423400879,10.111392974853516,-14.32123851776123,-68.92010498046875,-0.002499359892681241,-0.009144105948507786,0.0003766604349948466,-0.0020931449253112078
36.290000915527344,43,0.03018053062260151,0.026648998260498047,9.800544738769531,9.842604637145996,-14.19788646697998,-67.77649688720703,-0.004826365504413843,-0.01283407211303711,0.0032355531584471464,-0.0020931449253112078
36.29999923706055,43,0.05439797043800354,0.03128139302134514,9.798089027404785,10.052510261535645,-14.643057823181152,-67.44332885742188,-0.006950918585062027,-0.009343563579022884,0.007079754490405321,-0.0016296191606670618
36.310001373291016,42,0.07307052612304688,0.029535187408328056,9.842265129089355,10.442093849182129,-15.012016296386719,-66.25460815429688,-0.00839234422892332,-0.006686823442578316,0.0069407932460308075,-0.0015698587521910667
36.31999969482422,42,0.07832229137420654,0.004750099964439869,9.810759544372559,10.599870681762695,-15.201435089111328,-64.02082061767578,-0.011354560032486916,-0.010026391595602036,0.005701819900423288,-0.0015698587521910667
36.33000183105469,42,0.08331917226314545,0.029555892571806908,9.816116333007812,10.641050338745117,-15.360337257385254,-62.11592102050781,-0.0067364866845309734,-0.011129997670650482,0.003422731999307871,-0.0015698587521910667
36.34000015258789,42,0.04538898542523384,0.012149045243859291,9.822903633117676,10.746003150939941,-15.584555625915527,-61.471492767333984,-0.005572983995079994,-0.006475985515862703,0.005749737378209829,-0.0015698587521910667
36.349998474121094,42,0.05717388540506363,0.011577329598367214,9.805545806884766,10.850956916809082,-15.584555625915527,-60.36094284057617,-0.004409480839967728,-0.00515794800594449,0.0036287782713770866,-0.0015698587521910667
36.36000061035156,43,0.04481201991438866,0.005440299864858389,9.806846618652344,11.150858879089355,-16.16338539123535,-59.35353088378906,-0.009536979719996452,-0.005042945500463247,0.00025327218463644385,-0.0015698587521910667
36.369998931884766,43,0.012615563347935677,-0.004847133066505194,9.811633110046387,11.246282577514648,-16.724573135375977,-57.502655029296875,-0.012399466708302498,-0.010953000746667385,0.002672819187864661,-0.0015698587521910667
36.380001068115234,43,-0.02681032568216324,0.008930412121117115,9.792587280273438,11.197466850280762,-16.92748260498047,-56.314640045166016,-0.009197362698614597,-0.00871883612126112,-0.0021303363610059023,-0.0015698587521910667
36.38999938964844,43,-0.010166413150727749,0.01778452843427658,9.804153442382812,11.092513084411621,-16.874052047729492,-55.69278335571289,-0.0071174330078065395,-0.006638905964791775,-0.002247135853394866,-0.0015698587521910667
36.400001525878906,43,0.027563337236642838,0.022637784481048584,9.821959495544434,10.988190650939941,-17.230321884155273,-53.030128479003906,-0.0011867133434861898,-0.0054754032753407955,0.0008744060760363936,-0.0015698587521910667
36.40999984741211,44,0.016787545755505562,0.027491042390465736,9.823748588562012,11.303050994873047,-17.675493240356445,-52.141685485839844,0.0011094455840066075,-0.007236080709844828,0.0007096887566149235,-0.0011049282038584352
36.41999816894531,44,0.00426464295014739,0.02809266746044159,9.805006980895996,11.456347465515137,-17.709489822387695,-50.569419860839844,-0.002056719735264778,-0.008056373335421085,0.004390669986605644,-0.0015116307185962796
36.43000030517578,44,0.0016590355662629008,0.016932131722569466,9.820089340209961,11.617753028869629,-18.099355697631836,-49.03147506713867,-0.005502604879438877,-0.007496933452785015,0.005890496075153351,-0.0011046727886423469
36.439998626708984,44,0.017453720793128014,0.024151625111699104,9.820089340209961,11.827659606933594,-18.600902557373047,-47.69881057739258,-0.008910754695534706,-0.007496933452785015,0.006642205640673637,-0.0010465724626556039
36.45000076293945,45,0.07146359235048294,0.04308381304144859,9.814926147460938,12.02977180480957,-18.442670822143555,-46.258934020996094,-0.008316874504089355,-0.006542771123349667,0.010283655487000942,-0.0005811312003061175
36.459999084472656,45,0.10606522113084793,0.032033711671829224,9.802059173583984,12.134725570678711,-18.53170394897461,-43.48255157470703,-0.0018267143750563264,-0.004629355389624834,0.008706562221050262,-0.0009888551430776715
36.470001220703125,45,0.06511235237121582,0.017473937943577766,9.802680015563965,12.328096389770508,-18.995773315429688,-42.109554290771484,-0.0007868992979638278,-0.0045161498710513115,0.0077799526043236256,-0.0010465724626556039
36.47999954223633,46,0.06131458654999733,0.007365958299487829,9.80186653137207,12.79435920715332,-19.36687469482422,-40.18522262573242,-0.003434654325246811,-0.0062699392437934875,0.007240877952426672,-0.000580748135689646
36.4900016784668,46,0.07578618824481964,0.007365958299487829,9.805790901184082,13.026480674743652,-19.768892288208008,-37.82615280151367,-0.000836613995488733,-0.005823705345392227,0.00016402543406002223,-0.0005232862313278019
36.5,46,0.08713895082473755,0.0057416874915361404,9.789446830749512,12.8226957321167,-20.339771270751953,-35.60504913330078,-0.001521238824352622,-0.004135203547775745,0.002171779051423073,-0.0005232862313278019
36.5099983215332,46,0.057115957140922546,0.01105507742613554,9.795849800109863,13.872228622436523,-20.606874465942383,-33.383941650390625,0.000613496929872781,-0.006366074085235596,0.002171779051423073,-0.00005707880700356327
36.52000045776367,46,0.012678124941885471,0.021204469725489616,9.803004264831543,14.057269096374512,-21.281402587890625,-32.07759094238281,0.0005155650433152914,-0.007464289665222168,0.0022697108797729015,0
36.529998779296875,46,-0.00317796366289258,0.004809917416423559,9.815241813659668,14.520849227905273,-21.811138153076172,-29.413970947265625,-0.0029749434906989336,-0.006300786510109901,0.0057602194137871265,0
36.540000915527344,46,0.00047614314826205373,0.000636506883893162,9.809449195861816,15.197965621948242,-22.376930236816406,-25.68109893798828,-0.0030674845911562443,-0.0062699392437934875,0.009250728413462639,0
36.54999923706055,46,0.014969762414693832,0.02202465943992138,9.79869556427002,15.86343765258789,-23.030498504638672,-21.77830696105957,-0.0019983199890702963,-0.00840826891362667,0.007395412772893906,0.00046671819291077554
36.560001373291016,46,0.012909837067127228,0.040155064314603806,9.812434196472168,16.28325080871582,-23.475669860839844,-19.00192642211914,-0.006868859753012657,-0.008723926730453968,0.004062733147293329,0.0009901321027427912
36.56999969482422,46,0.005891264416277409,0.03928426280617714,9.819623947143555,17.014135360717773,-24.36065673828125,-15.018630981445312,-0.007975460030138493,-0.009666109457612038,0.0033987730275839567,0.0010465724626556039
36.58000183105469,45,0.007121658883988857,0.026910124346613884,9.802912712097168,17.90753173828125,-25.587621688842773,-10.600765228271484,-0.004460693337023258,-0.006436154246330261,0.0051561566069722176,0.0015136738074943423
36.59000015258789,45,0.021785587072372437,0.01720361039042473,9.81240463256836,19.017208099365234,-26.689706802368164,-5.814572811126709,0.00019331822113599628,-0.00748854735866189,0.005037560127675533,0.0020370876882225275
36.599998474121094,44,0.03879212960600853,0.005171121563762426,9.815374374389648,20.184537887573242,-27.736328125,-0.4922034740447998,-0.003421476809307933,-0.007220507599413395,0.009887734428048134,0.0020931449253112078
36.61000061035156,44,0.05593074858188629,0.0025920739863067865,9.812822341918945,21.14824104309082,-29.160873413085938,5.582108974456787,-0.006748466286808252,-0.0048935022205114365,0.014591162092983723,0.002560629276558757
36.619998931884766,44,0.05072300508618355,0.014764903113245964,9.80774211883545,22.40768051147461,-30.585420608520508,11.134868621826172,-0.006123738829046488,-0.006939589977264404,0.011920345947146416,0.003084043273702264
36.630001068115234,43,0.05182943493127823,0.02171521820127964,9.810980796813965,24.015111923217773,-32.23137664794922,16.59557342529297,-0.0038377626333385706,-0.009389684535562992,0.0066230385564267635,0.003607457270845771
36.63999938964844,43,0.0736440122127533,0.019108563661575317,9.806879043579102,25.8197021484375,-34.1888427734375,22.76671600341797,-0.001840490847826004,-0.007728435564786196,0.004625767003744841,0.0036630036775022745
36.650001525878906,42,0.077020063996315,0.008901653811335564,9.798563003540039,27.785539627075195,-35.967891693115234,29.38945960998535,-0.0027089999057352543,-0.007138448301702738,0.005060021765530109,0.0041309986263513565
36.65999984741211,42,0.05341087281703949,0.010823860764503479,9.803482055664062,29.926637649536133,-37.327388763427734,35.897239685058594,-0.003923714626580477,-0.009836217388510704,0.006594287697225809,0.0046544126234948635
36.66999816894531,42,0.03621895983815193,0.011297798715531826,9.811256408691406,32.3405647277832,-39.998416900634766,42.1163330078125,-0.002760212169960141,-0.01086854562163353,0.006770385429263115,0.0051778266206383705
36.68000030517578,42,0.028422990813851357,0.01891530677676201,9.824021339416504,35.606201171875,-42.268035888671875,48.83610534667969,-0.0013529277639463544,-0.006513720843940973,0.0016842159675434232,0.0057012406177818775
36.689998626708984,42,0.027583032846450806,0.02945581264793873,9.817794799804688,38.26165008544922,-44.911380767822266,57.0239372253418,-0.00046824628952890635,-0.007857514545321465,0.0004389535170048475,0.0062246546149253845
36.70000076293945,42,0.020273661240935326,0.025226036086678505,9.791980743408203,41.076358795166016,-47.487457275390625,65.3245620727539,-0.006631666794419289,-0.010067720897495747,0.004625767003744841,0.006748068146407604
36.709999084472656,42,-0.0006302841356955469,0.012421674095094204,9.803284645080566,44.45322799682617,-49.6949462890625,73.15118408203125,-0.005201621446758509,-0.011017989367246628,0.004679075442254543,0.006802720949053764
36.720001220703125,42,-0.005926073994487524,0.007365958299487829,9.815241813659668,47.49687194824219,-51.83176803588867,82.03559875488281,0.0017793957376852632,-0.007527480833232403,0.0058425781317055225,0.007271610200405121
36.72999954223633,42,-0.0010380982421338558,0.013842335902154446,9.811959266662598,51.46095657348633,-54.05534362792969,89.29676055908203,0.0006871704244986176,-0.004036972299218178,0.0023927995935082436,0.007795024197548628
36.7400016784668,42,0.01717798225581646,0.013623773120343685,9.807040214538574,55.994773864746094,-56.61179733276367,97.99987030029297,-0.007015307899564505,-0.005995610263198614,0.007620925549417734,0.008318438194692135
36.75,42,0.031409766525030136,0.025663163512945175,9.808969497680664,60.61044692993164,-59.055419921875,106.65015411376953,-0.0028437688015401363,-0.0001119097214541398,0.006254071835428476,0.008841851726174355
36.7599983215332,42,0.04118571802973747,0.03128139302134514,9.813889503479004,65.06487274169922,-61.579376220703125,114.63323974609375,-0.0028033379931002855,0.00012917653657495975,0.006815608125180006,0.009365266188979149
36.77000045776367,42,0.05096166953444481,0.02072478085756302,9.811675071716309,69.37786102294922,-64.81060028076172,122.3327407836914,-0.003966840915381908,-0.003732395125553012,0.00528104230761528,0.009888679720461369
36.779998779296875,42,0.07519648224115372,0.009754050523042679,9.792204856872559,73.89085388183594,-66.76934814453125,130.77294921875,-0.0034586130641400814,-0.005042945500463247,0.004625767003744841,0.009942438453435898
36.790000915527344,42,0.06767046451568604,0.022002801299095154,9.80469799041748,78.66057586669922,-68.873291015625,139.93756103515625,-0.0046122330240905285,-0.0065876939333975315,0.007715263869613409,0.010882004164159298
36.79999923706055,42,0.059386737644672394,0.03022768720984459,9.802833557128906,83.4884262084961,-70.6983642578125,149.07176208496094,-0.00410370621830225,-0.005370283965021372,0.004571559838950634,0.011458921246230602
36.810001373291016,42,0.050672031939029694,0.023682288825511932,9.812251091003418,88.46395874023438,-72.3322982788086,158.2625732421875,-0.004358269274234772,-0.004461343865841627,0.0035263539757579565,0.012452374212443829
36.81999969482422,42,0.05258829519152641,0.025584939867258072,9.807397842407227,93.61090087890625,-73.9812240600586,167.94654846191406,-0.0037757689133286476,-0.0067886486649513245,0.005270859692245722,0.013029035180807114
36.83000183105469,42,0.05350819230079651,0.010738736018538475,9.809538841247559,98.01893615722656,-75.31673431396484,178.60784912109375,-0.0028773110825568438,-0.007687106728553772,0.007736228406429291,0.014493037015199661
36.84000015258789,42,0.029275692999362946,-0.0006541672046296299,9.814457893371582,103.45233154296875,-76.57317352294922,189.56504821777344,-0.005659235641360283,-0.005360100883990526,0.010168054141104221,0.016063278540968895
36.849998474121094,41,0.012276103720068932,0.0018800175748765469,9.815241813659668,109.22151184082031,-77.7027816772461,201.4342041015625,-0.008758315816521645,-0.004598808009177446,0.0051226140931248665,0.017162971198558807
36.86000061035156,41,-0.006567917764186859,0.010883678682148457,9.794207572937012,115.05433654785156,-78.8089828491211,213.8084716796875,-0.009117699228227139,-0.0062699392437934875,0.0029124077409505844,0.018680475652217865
36.869998931884766,40,0.003635543631389737,0.02481076493859291,9.808113098144531,120.90767669677734,-80.03506469726562,226.58909606933594,-0.004463688004761934,-0.007063277531415224,0.006720071658492088,0.020721521228551865
36.880001068115234,40,0.009656593203544617,0.026498304679989815,9.797347068786621,127.09992218017578,-81.54864501953125,240.80416870117188,-0.000613496929872781,-0.009549010545015335,0.001949560479260981,0.022815177217125893
36.88999938964844,40,0.01015245821326971,0.009054647758603096,9.795849800109863,133.9981231689453,-83.06222534179688,257.04681396484375,-0.000613496929872781,-0.007084541488438845,0.006942290347069502,0.02537989430129528
36.900001525878906,40,0.001226891647092998,0.0117970434948802,9.79135799407959,142.30242919921875,-84.31614685058594,274.0196838378906,-0.0009093890548683703,-0.004111843649297953,0.005704814568161964,0.027996962890028954
36.90999984741211,40,0.02771858498454094,0.007647790014743805,9.791001319885254,156.70310974121094,-87.6874008178711,302.22344970703125,-0.005531954579055309,-0.008765854872763157,0.0034302191343158484,0.03202797845005989
36.91999816894531,51,0.05704644322395325,0.034794509410858154,9.828069686889648,171.42727661132812,-91.80741119384766,331.0998840332031,-0.0066954572685062885,-0.013419866561889648,0.00692072743549943,0.04092971608042717
36.93000030517578,39,0.058325495570898056,0.03606447950005531,9.82978630065918,171.86904907226562,-91.93333435058594,331.94879150390625,-0.006748466286808252,-0.013631902635097504,0.007079754490405321,0.04186289757490158
36.939998626708984,39,0.08205285668373108,0.02664094604551792,9.801131248474121,184.9882049560547,-95.67276763916016,357.1583251953125,-0.003607457736507058,-0.010490894317626953,0.003938746172934771,0.04799497500061989
36.95000076293945,38,0.06796357780694962,0.01700345240533352,9.795921325683594,199.79052734375,-100.48310089111328,383.8817138671875,-0.006018020212650299,-0.007983897812664509,0.008316331543028355,0.05479935556650162
36.959999084472656,38,0.06810028105974197,0.021297646686434746,9.801119804382324,216.50448608398438,-106.11634826660156,413.0050354003906,-0.00582844577729702,-0.0038168500177562237,0.00861372146755457,0.06349155306816101
36.970001220703125,37,0.07256654649972916,0.0075753191486001015,9.814604759216309,235.0210418701172,-113.104248046875,444.5953674316406,-0.007234531920403242,-0.011154255829751492,0.00916327815502882,0.07191750407218933
36.97999954223633,37,0.06655244529247284,0.013267168775200844,9.800980567932129,255.2034912109375,-122.08920288085938,478.75579833984375,-0.007975460030138493,-0.01010066457092762,0.009533742442727089,0.08265317231416702
36.9900016784668,37,0.0421125665307045,0.02918318472802639,9.805900573730469,278.293212890625,-132.50619506835938,519.06884765625,-0.009434555657207966,-0.006037837825715542,0.010263290256261826,0.09458953887224197
37,36,0.017672689631581306,0.0025828713551163673,9.80869197845459,303.95318603515625,-144.32489013671875,563.0728759765625,-0.008431277237832546,-0.005042945500463247,0.007430452853441238,0.10851792246103287
37.0099983215332,36,-0.003312356537207961,0.004543039482086897,9.792987823486328,333.69219970703125,-158.51931762695312,610.8184814453125,-0.007953598164021969,-0.003837814088910818,0.004023201297968626,0.12454046308994293
37.02000045776367,36,0.0036424947902560234,0.02115500532090664,9.81096076965332,366.9165344238281,-174.8736572265625,662.4943237304688,-0.009741528891026974,-0.006362480577081442,0.002859698375687003,0.1417117416858673
37.029998779296875,35,-0.008481863886117935,0.018192896619439125,9.815241813659668,402.9895324707031,-193.05413818359375,717.9411010742188,-0.00757594546303153,-0.010226747952401638,0.002171779051423073,0.15898439288139343
37.040000915527344,35,-0.003593887435272336,0.025797750800848007,9.81737232208252,442.76678466796875,-213.3539276123047,776.5781860351562,-0.003891669912263751,-0.007487649098038673,0.002171779051423073,0.1772030144929886
37.04999923706055,35,0.0028465623036026955,0.02171521820127964,9.82822322845459,486.2230529785156,-235.08767700195312,841.8436889648438,-0.004127066116780043,-0.005042945500463247,0.003914786968380213,0.19646869599819183
37.060001373291016,35,0.019204309210181236,0.024237899109721184,9.816680908203125,532.5121459960938,-258.7486572265625,910.4176635742188,-0.0020390499848872423,-0.004757835064083338,0.008876970037817955,0.21583500504493713
37.06999969482422,35,0.04364418610930443,0.03515341505408287,9.803467750549316,580.9630737304688,-284.86688232421875,981.1273803710938,-0.006970085669308901,-0.0040375711396336555,0.011425595730543137,0.2356746941804886
37.08000183105469,35,0.05918978154659271,0.029318923130631447,9.812257766723633,631.2142333984375,-313.63116455078125,1054.26806640625,-0.006868559867143631,-0.00535920262336731,0.0138092041015625,0.2550909221172333
37.09000015258789,36,0.043873582035303116,0.02171521820127964,9.80389404296875,683.3027954101562,-344.8666687011719,1131.6116943359375,0.0003295842616353184,-0.007496933452785015,0.009155192412436008,0.27445724606513977
37.099998474121094,36,0.048391975462436676,0.019472068175673485,9.812968254089355,736.933837890625,-379.67901611328125,1211.349365234375,-0.003129777731373906,-0.007465786766260862,0.00453232740983367,0.29192858934402466
37.11000061035156,36,0.06434307247400284,0.012149045243859291,9.803130149841309,790.8131713867188,-416.4566650390625,1290.8243408203125,-0.0054567838087677956,-0.006302283611148596,0.0010418187594041228,0.3077796399593353
37.119998931884766,36,0.06287632882595062,0.010887129232287407,9.802245140075684,844.7591552734375,-454.15838623046875,1371.34130859375,-0.005521472543478012,-0.0028764642775058746,-0.000186373115866445,0.32348206639289856
37.130001068115234,36,0.04198281094431877,0.006033872254192829,9.814688682556152,898.7733154296875,-491.915771484375,1453.3577880859375,-0.007656807079911232,-0.005791959818452597,-0.0002822086098603904,0.3382362425327301
37.13999938964844,36,0.028841232880949974,0.005387384444475174,9.802118301391602,952.8901977539062,-529.396728515625,1536.7523193359375,-0.0039587547071278095,-0.00426158681511879,0.006747025530785322,0.35336607694625854
37.150001525878906,36,0.030158517882227898,0.010676617734134197,9.805545806884766,1006.6262817382812,-569.4620971679688,1621.1544189453125,-0.004948855377733707,-0.006638007704168558,0.0064253779128193855,0.3699682056903839
37.15999984741211,36,0.003937928006052971,0.004280763678252697,9.80241870880127,1061.6275634765625,-610.3707885742188,1703.7393798828125,-0.007275860756635666,-0.004865350667387247,0.0014667893992736936,0.39051350951194763
37.16999816894531,36,-0.0074924505315721035,0.005863622296601534,9.800753593444824,1119.0125732421875,-651.3595581054688,1785.40234375,-0.0063480534590780735,-0.0013748419005423784,0.0037863077595829964,0.41192471981048584
37.18000030517578,37,-0.0009094978449866176,0.020032281056046486,9.810393333435059,1178.390625,-692.0675659179688,1867.4010009765625,-0.00477126007899642,-0.0023856069892644882,0.00810339767485857,0.43480896949768066
37.189998626708984,37,0.0035695054102689028,0.016932131722569466,9.803285598754883,1239.347900390625,-732.6802978515625,1950.3231201171875,-0.003607757156714797,-0.004502672702074051,0.005413414910435677,0.4578391909599304
37.20000076293945,37,0.00602681702002883,0.018755409866571426,9.805785179138184,1302.844482421875,-774.7044067382812,2032.50390625,-0.004937175195664167,-0.0031732546631246805,0.005287929903715849,0.4808693826198578
37.209999084472656,37,0.018783750012516975,0.025502117350697517,9.824028968811035,1368.0074462890625,-817.0610961914062,2112.5068359375,-0.006188726983964443,-0.004720399156212807,0.008866488002240658,0.5053250789642334
37.220001220703125,37,0.0325150340795517,0.027354154735803604,9.811261177062988,1436.5303955078125,-858.2537841796875,2189.78271484375,-0.007506465073674917,-0.007731430232524872,0.008541245944797993,0.5337277054786682
37.22999954223633,37,0.043873582035303116,0.023749008774757385,9.80760669708252,1510.0321044921875,-897.2677001953125,2265.914306640625,-0.007400147616863251,-0.0062699392437934875,0.006214240100234747,0.5691710710525513
37.2400016784668,37,0.05658765137195587,0.022290386259555817,9.812525749206543,1588.74365234375,-933.9915771484375,2341.66943359375,-0.00220975698903203,-0.0062699392437934875,0.0042565008625388145,0.6086153388023376
37.25,37,0.07496709376573563,0.012583871372044086,9.80863094329834,1671.7921142578125,-969.7039184570312,2416.78955078125,-0.0033732596784830093,-0.006881489418447018,0.0043160985223948956,0.6531513929367065
37.2599983215332,49,0.07759471237659454,0.007365958299487829,9.800697326660156,1853.990966796875,-1046.985595703125,2548.945068359375,-0.0042944783344864845,-0.008723926730453968,0.007079754490405321,0.744316041469574
37.27000045776367,38,0.07060162723064423,0.009680429473519325,9.810080528259277,1895.0213623046875,-1064.3890380859375,2578.705810546875,-0.0044732713140547276,-0.008545133285224438,0.006722168531268835,0.7530089020729065
37.279998779296875,38,0.05593769997358322,0.014533686451613903,9.815255165100098,1945.6846923828125,-1090.060302734375,2607.349365234375,-0.005060264375060797,-0.0069204228930175304,0.004279860761016607,0.7939483523368835
37.290000915527344,38,0.04127376899123192,0.00956769660115242,9.815369606018066,2040.490478515625,-1139.332275390625,2657.577880859375,-0.0008207411738112569,-0.0013101528165861964,0.0012038405984640121,0.8370572328567505
37.29999923706055,39,0.03932506591081619,0.000057889195886673406,9.817530632019043,2138.4716796875,-1193.2388916015625,2701.129150390625,-0.005474752746522427,-0.00014665001071989536,0.007021354511380196,0.8766431212425232
37.310001373291016,39,0.020350126549601555,-0.0022002155892550945,9.809981346130371,2234.7138671875,-1249.6866455078125,2732.00244140625,-0.007825118489563465,-0.0024386157747358084,0.009383400902152061,0.9668764472007751
37.31999969482422,39,-0.03169482573866844,-0.00753086106851697,9.816351890563965,2330.778076171875,-1311.190185546875,2747.721435546875,-0.0036221325863152742,-0.009118949063122272,0.006268746685236692,1.0378336906433105
37.33000183105469,39,-0.013208798132836819,0.010117555037140846,9.80830192565918,2422.028076171875,-1373.822509765625,2749.431640625,0.010255446657538414,-0.03659678250551224,0.003803079016506672,1.0620697736740112
37.34000015258789,39,0.08760468661785126,0.04613794758915901,9.79300594329834,2505.33740234375,-1436.283935546875,2737.491943359375,0.027303684502840042,-0.06684785336256027,-0.004292025696486235,1.0671786069869995
37.349998474121094,40,0.08905984461307526,0.054228246212005615,9.7997465133667,2577.00537109375,-1497.9266357421875,2713.3935546875,0.02051403746008873,-0.05310384929180145,-0.00282574282027781,1.0622576475143433
37.36000061035156,40,-0.0010160846868529916,0.020953696221113205,9.823461532592773,2628.11767578125,-1557.757568359375,2680.63232421875,0.0040489002130925655,-0.023840179666876793,0.004331371746957302,1.0188122987747192
37.369998931884766,40,0.010583443567156792,0.02067991904914379,9.819348335266113,2657.97998046875,-1615.04833984375,2639.183349609375,0.00355564639903605,-0.021340670064091682,0.003996247425675392,0.8528849482536316
37.380001068115234,40,0.10433317720890045,0.04979946091771126,9.801009178161621,2671.766845703125,-1666.8472900390625,2591.323974609375,0.00887062307447195,-0.034390468150377274,0.0014643933391198516,0.714110255241394
37.38999938964844,40,0.09571231156587601,0.028414759784936905,9.802248001098633,2670.53369140625,-1715.122802734375,2541.209228515625,0.0007710259524174035,-0.02324060909450054,0.0022325748577713966,0.5337122678756714
37.400001525878906,40,0.050029024481773376,-0.0007576972129754722,9.802274703979492,2658.52734375,-1759.420654296875,2493.479736328125,-0.009716670960187912,-0.0011124922893941402,0.0016575617482885718,0.36996030807495117
37.40999984741211,40,0.07890156656503677,0.00620412128046155,9.800697326660156,2644.568359375,-1794.6783447265625,2452.72216796875,-0.006487314589321613,-0.0022706042509526014,0.0017854422330856323,0.23497658967971802
37.41999816894531,40,0.1070372611284256,0.018883097916841507,9.793871879577637,2634.36181640625,-1817.6456298828125,2418.9130859375,0.0010669187176972628,-0.0154455890879035,0.004172345157712698,0.12453293055295944
37.43000030517578,40,0.10093047469854355,0.02515241503715515,9.804936408996582,2628.17626953125,-1829.9537353515625,2398.0029296875,0.0002807681157719344,-0.016980154439806938,0.003008842235431075,0.014752381481230259
37.439998626708984,40,0.06860426068305969,0.026498304679989815,9.817502975463867,2626.077392578125,-1834.0908203125,2385.53271484375,-0.004373243078589439,-0.012979023158550262,0.00445685675367713,-0.08703713119029999
37.45000076293945,39,0.06553175300359726,0.022920766845345497,9.809211730957031,2627.590576171875,-1831.2625732421875,2379.559814453125,-0.006923665292561054,-0.010914966464042664,0.010760736651718616,-0.15505948662757874
37.459999084472656,40,0.07530771195888519,0.025362925603985786,9.790757179260254,2631.856689453125,-1821.9700927734375,2379.400390625,-0.0038653151132166386,-0.009153090417385101,0.01016236376017332,-0.20417766273021698
37.470001220703125,39,0.07010575383901596,0.03021618351340294,9.79369068145752,2638.57373046875,-1809.683349609375,2375.40234375,-0.008927226066589355,-0.0032753795385360718,0.006263955030590296,-0.22597116231918335
37.47999954223633,39,0.04888436570763588,0.03506943956017494,9.807367324829102,2647.56640625,-1796.20849609375,2365.939453125,-0.01670936867594719,0.011487780138850212,-0.00035468421992845833,-0.22475795447826385
37.4900016784668,39,0.02444448694586754,0.02448982372879982,9.806483268737793,2654.800048828125,-1783.140625,2352.647216796875,-0.019027389585971832,0.02068798802793026,-0.001500217942520976,-0.23358550667762756
37.5,39,0.015830574557185173,0.009930051863193512,9.821473121643066,2658.628662109375,-1772.2127685546875,2336.51513671875,-0.0201908927410841,0.016033977270126343,-0.0003367149911355227,-0.24209381639957428
37.5099983215332,39,-0.017247550189495087,0.003367398865520954,9.800621032714844,2659.0517578125,-1764.74267578125,2318.204345703125,-0.020245399326086044,0.01581595093011856,0.011916751973330975,-0.2921394407749176
37.52000045776367,39,0.02150753140449524,0.022926518693566322,9.816469192504883,2658.841796875,-1760.6470947265625,2297.21484375,-0.004562817979604006,0.00013336965639609843,0.014260229654610157,-0.447142094373703
37.529998779296875,38,0.11279183626174927,0.05133170634508133,9.79491901397705,2648.1630859375,-1758.4891357421875,2269.176025390625,0.0030695809982717037,-0.015355144627392292,0.004621574189513922,-0.6646888256072998
37.540000915527344,38,0.10457184165716171,0.03836054354906082,9.812333106994629,2627.6240234375,-1760.0760498046875,2236.43994140625,-0.006727801635861397,0.005341729149222374,0.004008825868368149,-0.911587119102478
37.54999923706055,38,0.032723575830459595,0.014668275602161884,9.815241813659668,2592.71533203125,-1762.0682373046875,2199.822021484375,-0.01983480341732502,0.033027708530426025,0.0012056377017870545,-1.0595601797103882
37.560001373291016,37,0.07279015332460403,0.029546689242124557,9.806425094604492,2539.47607421875,-1761.7281494140625,2161.2705078125,-0.025509463623166084,0.030501242727041245,-0.005822998005896807,-1.0711668729782104
37.56999969482422,37,0.09539949893951416,0.03128139302134514,9.832423210144043,2465.379150390625,-1758.7900390625,2124.7333984375,-0.02346816658973694,0.02877320908010006,-0.003774813609197736,-1.0711668729782104
37.58000183105469,38,-0.016182830557227135,-0.013616125099360943,9.775474548339844,2363.524169921875,-1737.8858642578125,2097.986572265625,-0.018149595707654953,0.019140243530273438,0.0023760285694152117,-1.0711668729782104
37.59000015258789,38,0.008579130284488201,-0.011989553458988667,9.822449684143066,2239.900634765625,-1696.168212890625,2080.7451171875,-0.01233208179473877,0.005448645446449518,0.0052268351428210735,-1.0711668729782104
37.599998474121094,38,0.07077424973249435,0.002123888349160552,9.796780586242676,2087.306884765625,-1627.022216796875,2064.8076171875,-0.008127300068736076,0.00016870867693796754,0.00477760611101985,-1.0711668729782104
37.61000061035156,38,0.06804351508617401,0.0495854988694191,9.824434280395508,1902.5494384765625,-1527.860107421875,2039.892578125,-0.0062743802554905415,-0.004485303070396185,0.002924686763435602,-1.0711668729782104
37.619998931884766,38,0.043705590069293976,0.017250774428248405,9.753226280212402,1687.0880126953125,-1399.8489990234375,1994.4669189453125,-0.005521472543478012,-0.006265147589147091,0.00299296947196126,-1.0711668729782104
37.630001068115234,37,0.025118770077824593,0.03593679144978523,9.819313049316406,1448.948974609375,-1239.943603515625,1908.7322998046875,-0.003785951528698206,-0.004163056146353483,0.0035844543017446995,-1.0711668729782104
37.63999938964844,37,0.04327576607465744,0.03108353540301323,9.791402816772461,1214.857421875,-1070.7606201171875,1791.0140380859375,-0.00023734256683383137,-0.004475719295442104,0.001228398410603404,-1.0711668729782104
37.650001525878906,37,0.028071947395801544,0.02596224844455719,9.801240921020508,997.962646484375,-903.8458251953125,1651.0006103515625,-0.0026272402610629797,-0.0028090800624340773,0.0032723897602409124,-1.009148359298706
37.65999984741211,38,0.005335154943168163,0.0165939349681139,9.810050010681152,805.6862182617188,-747.3375244140625,1498.2774658203125,-0.0012400215491652489,-0.004285844974219799,0.00783685501664877,-0.8185195326805115
37.66999816894531,38,0.005746444687247276,0.012965782545506954,9.805131912231445,641.9487915039062,-607.4779663085938,1341.481201171875,-0.005521472543478012,-0.007124372757971287,0.0044394866563379765,-0.647309422492981
37.68000030517578,38,0.011598344892263412,0.021236678585410118,9.804092407226562,511.1770324707031,-490.7541809082031,1181.6727294921875,-0.005580770783126354,-0.00250001042149961,0.0020531825721263885,-0.5090824365615845
37.689998626708984,38,0.026814905926585197,0.018029550090432167,9.831852912902832,408.62432861328125,-397.4920654296875,1034.9588623046875,-0.007907776162028313,0.0009904982289299369,-0.0026008286513388157,-0.3980632424354553
37.70000076293945,37,0.044496890157461166,0.025260545313358307,9.811019897460938,326.93780517578125,-321.52081298828125,900.7550048828125,-0.007975460030138493,-0.005685941781848669,-0.0027361963875591755,-0.3113376796245575
37.709999084472656,36,0.04730292782187462,0.017621181905269623,9.819432258605957,262.5473327636719,-260.5386047363281,780.3599243164062,-0.007975460030138493,-0.010534618981182575,0.007925502955913544,-0.24291667342185974
37.720001220703125,36,0.04517349228262901,0.020955998450517654,9.835095405578613,212.15872192382812,-212.1122589111328,674.7044067382812,-0.006972781382501125,-0.008169878274202347,0.007528384681791067,-0.19036944210529327
37.72999954223633,34,0.0750887393951416,0.01610274240374565,9.793719291687012,173.64088439941406,-173.82757568359375,584.6385498046875,-0.003930902574211359,-0.009375308640301228,0.005201378837227821,-0.1496741771697998
37.7400016784668,32,0.06133080646395683,0.014847727492451668,9.826139450073242,144.5520782470703,-145.77798461914062,509.6996154785156,-0.0021917878184467554,-0.007323830388486385,0.004625767003744841,-0.11905106902122498
37.75,31,0.05253152176737785,0.021649649366736412,9.810393333435059,121.26602172851562,-123.71019744873047,444.5880432128906,-0.005089314188808203,-0.0038333218544721603,0.0021891493815928698,-0.09644708782434464
37.7599983215332,30,0.04659620672464371,0.007782378699630499,9.8082857131958,102.80787658691406,-106.04827117919922,388.1976623535156,-0.004502321593463421,-0.0040863873437047005,0.004688359331339598,-0.07880322635173798
37.77000045776367,30,0.035702239722013474,0.026498304679989815,9.804072380065918,87.8514404296875,-91.69808197021484,339.9070129394531,-0.0016970370197668672,-0.006413393188267946,0.008450202643871307,-0.06490664184093475
37.779998779296875,33,0.024604368954896927,0.021777337417006493,9.811653137207031,74.86661529541016,-80.0733413696289,299.3177185058594,-0.0024786952417343855,-0.007496933452785015,0.007046811282634735,-0.05467485636472702
37.790000915527344,34,0.019566938281059265,0.009866783395409584,9.80196475982666,65.21090698242188,-71.61510467529297,262.8916015625,-0.0031779948621988297,-0.007496933452785015,0.004067525267601013,-0.04617764800786972
37.79999923706055,36,0.005335154943168163,0.016932131722569466,9.805545806884766,57.672576904296875,-64.95306396484375,232.02186584472656,-0.0013457400491461158,-0.007991683669388294,0.004388274624943733,-0.03876838460564613
37.810001373291016,37,0.006735857110470533,0.015541379339993,9.805545806884766,51.12363052368164,-59.48881149291992,204.0780487060547,-0.0014760163612663746,-0.009586446918547153,0.0054215011186897755,-0.03288901224732399
37.81999969482422,38,0.013095207512378693,0.016531815752387047,9.805545806884766,45.18364334106445,-54.89763641357422,179.22032165527344,-0.0034352531656622887,-0.011913452297449112,0.004625767003744841,-0.02858026511967182
37.83000183105469,39,0.01978706568479538,0.021905023604631424,9.80244255065918,39.936798095703125,-50.85137176513672,158.25653076171875,-0.005207311362028122,-0.013327624648809433,0.005538600031286478,-0.02584214322268963
37.84000015258789,40,0.02301250398159027,0.012149045243859291,9.79422664642334,36.36838912963867,-46.48869705200195,139.26608276367188,-0.007975460030138493,-0.011923335492610931,0.007825175300240517,-0.023225072771310806
37.849998474121094,41,0.03278845548629761,0.018834784626960754,9.7960844039917,32.707645416259766,-42.98761749267578,121.93653869628906,-0.00833005178719759,-0.009064442478120327,0.0063846479170024395,-0.021091321483254433
37.86000061035156,42,0.040810342878103256,0.024314971640706062,9.805545806884766,29.442293167114258,-39.892757415771484,104.97795104980469,-0.010657057166099548,-0.004271170124411583,0.009078524075448513,-0.018997665494680405
37.869998931884766,42,0.045698318630456924,0.010337269864976406,9.805545806884766,26.573339462280273,-37.17692184448242,89.02179718017578,-0.012531240470707417,-0.008623299188911915,0.004525139927864075,-0.01738758385181427
37.880001068115234,42,0.04679547995328903,0.007365958299487829,9.805545806884766,23.988195419311523,-34.855045318603516,74.8332748413086,-0.004386719781905413,-0.006296293810009956,0.0021981338504701853,-0.016301043331623077
37.88999938964844,43,0.045839663594961166,0.007365958299487829,9.80158805847168,21.574270248413086,-32.89628982543945,62.72825622558594,-0.010046105831861496,-0.00742026511579752,0.002171779051423073,-0.014286557212471962
37.900001525878906,43,0.04665413498878479,0.005343671888113022,9.808148384094238,19.960084915161133,-30.85273551940918,50.41168212890625,-0.010429447516798973,-0.01184427086263895,0.004345448222011328,-0.012676858343183994
37.90999984741211,44,0.043873582035303116,0.006767784710973501,9.807971000671387,18.688339233398438,-28.997447967529297,38.96495056152344,-0.002242700196802616,-0.00933487806469202,0.0025790799409151077,-0.011590700596570969
37.91999816894531,44,0.04822978004813194,0.009986418299376965,9.801497459411621,17.585161209106445,-27.434398651123047,29.1081485748291,-0.000613496929872781,-0.005844369996339083,0.006971041206270456,-0.010543872602283955
37.93000030517578,44,0.046761881560087204,0.007365958299487829,9.820089340209961,16.6435489654541,-26.09888458251953,20.47125244140625,-0.0033025809098035097,-0.010421114042401314,0.00651402585208416,-0.009497045539319515
37.939998626708984,44,0.0320979543030262,0.011971893720328808,9.815421104431152,16.013830184936523,-24.761123657226562,11.634517669677734,-0.00013012654380872846,-0.012404908426105976,0.004187020007520914,-0.008934684097766876
37.95000076293945,44,0.017434023320674896,0.016932131722569466,9.805582046508789,15.384111404418945,-23.336578369140625,4.6380391120910645,0.0010711114155128598,-0.012404908426105976,0.00032125558936968446,-0.008411270566284657
37.959999084472656,44,0.007691671140491962,0.021818747743964195,9.800697326660156,14.920941352844238,-22.47718048095703,-2.0059733390808105,0.000613496929872781,-0.010993131436407566,0.0020202393643558025,-0.007887857034802437
37.970001220703125,43,0.01292953360825777,0.018957868218421936,9.805792808532715,14.560072898864746,-21.56488800048828,-8.682974815368652,-0.003240887075662613,-0.009308523498475552,0.005910561420023441,-0.006879592314362526
37.97999954223633,43,0.009378538466989994,0.017316343262791634,9.81301212310791,14.279829025268555,-20.702037811279297,-15.237569808959961,-0.007906278595328331,-0.009302833117544651,0.006500848103314638,-0.0063177431002259254
37.9900016784668,42,0.01655467599630356,0.013753760606050491,9.804482460021973,14.080209732055664,-20.28304672241211,-21.171443939208984,-0.006109962239861488,-0.009435505606234074,0.006368176080286503,-0.006279435008764267
38,42,0.02393472008407116,0.018261916935443878,9.812416076660156,13.97525691986084,-20.10498046875,-25.50259780883789,-0.002292415127158165,-0.008272002451121807,0.007079754490405321,-0.005794201046228409
38.0099983215332,42,0.0338578075170517,0.01532166451215744,9.816441535949707,13.143014907836914,-19.001449584960938,-28.486995697021484,-0.005398083943873644,-0.005943200085312128,0.006691321264952421,-0.005756148602813482
38.02000045776367,42,0.03810393810272217,0.01595894992351532,9.813297271728516,12.59792709350586,-18.263317108154297,-32.67243576049805,-0.0081548523157835,-0.0032388423569500446,0.004228049423545599,-0.0052706594578921795
38.029998779296875,41,0.0460609495639801,0.018780717626214027,9.8033447265625,12.494330406188965,-17.925678253173828,-36.418060302734375,-0.001840490847826004,-0.003474238095805049,0.0005021450924687088,-0.00474724592640996
38.040000915527344,41,0.05048202723264694,0.02594614587724209,9.80194091796875,12.668390274047852,-17.6259708404541,-38.57151794433594,-0.002434371504932642,0.0019230972975492477,0.0030028526671230793,-0.0047095762565732
38.04999923706055,41,0.05178772658109665,0.02820654958486557,9.818012237548828,12.668390274047852,-16.73563003540039,-42.014225006103516,-0.005252534057945013,-0.0009417852270416915,0.0016171311726793647,-0.0047095762565732
38.060001373291016,41,0.0503406822681427,0.017063269391655922,9.821749687194824,12.569842338562012,-16.096086502075195,-46.60398483276367,-0.003422375535592437,-0.007283999118953943,0.007221710868179798,-0.0047095762565732
38.06999969482422,42,0.05192907154560089,0.008933862671256065,9.80705451965332,11.871143341064453,-16.03949737548828,-49.54057312011719,-0.009179992601275444,-0.0038234388921409845,0.009503793902695179,-0.0042234486900269985
38.08000183105469,42,0.04358162730932236,0.013936663046479225,9.800697326660156,11.425454139709473,-15.963632583618164,-52.183990478515625,-0.005689484067261219,-0.004986941814422607,0.004849782679229975,-0.0041862898506224155
38.09000015258789,42,0.032297223806381226,0.02364317700266838,9.810900688171387,11.453727722167969,-15.520764350891113,-55.15830612182617,-0.004413973074406385,-0.005042945500463247,0.00573326600715518,-0.0041862898506224155
38.099998474121094,42,0.015620873309671879,0.023072611540555954,9.808297157287598,11.249974250793457,-14.813711166381836,-57.6943473815918,-0.0042944783344864845,-0.003998937550932169,0.008984784595668316,-0.0036997792776674032
38.11000061035156,43,0.02423594519495964,0.02171521820127964,9.81263256072998,11.564834594726562,-14.546608924865723,-58.693843841552734,-0.005274995695799589,-0.002835434628650546,0.010514259338378906,-0.0036630036775022745
38.119998931884766,43,0.022238584235310555,0.018149184063076973,9.815241813659668,11.1430025100708,-14.696141242980957,-61.77206802368164,-0.003687420627102256,-0.002588957780972123,0.00984371080994606,-0.0036630036775022745
38.130001068115234,44,0.023449281230568886,0.016932131722569466,9.811555862426758,10.628334045410156,-14.621642112731934,-63.976009368896484,-0.002213949803262949,-0.002588957780972123,0.004412532784044743,-0.004149897489696741
38.13999938964844,44,0.028337256982922554,0.024344880133867264,9.806636810302734,10.50728702545166,-14.43447208404541,-65.5726547241211,-0.001840490847826004,-0.0010088699636980891,0.004541910719126463,-0.0036992684472352266
38.150001525878906,44,0.03322523459792137,0.026498304679989815,9.805545806884766,10.969983100891113,-14.537320137023926,-68.28182220458984,-0.004746702499687672,-0.00376773439347744,0.007305866573005915,-0.0036630036775022745
38.15999984741211,44,0.03423897549510002,0.011111443862318993,9.828939437866211,10.760076522827148,-13.825045585632324,-69.05921173095703,-0.008074590004980564,-0.003617691807448864,0.007643686607480049,-0.0036630036775022745
38.16999816894531,44,0.03423897549510002,0.019116614013910294,9.814783096313477,10.72915267944336,-13.796028137207031,-69.36312103271484,-0.003806316526606679,0.00043674863991327584,0.008278896100819111,-0.003175599267706275
38.18000030517578,44,0.04227013140916824,0.02171521820127964,9.810393333435059,10.66399097442627,-13.663949966430664,-70.82634735107422,0.0013044109800830483,0.00017469839076511562,0.009533742442727089,-0.0031397175043821335
38.189998626708984,44,0.06021858751773834,0.017657991498708725,9.798056602478027,10.395707130432129,-13.362208366394043,-72.52896881103516,0.000613496929872781,-0.00022601382806897163,0.009061153046786785,-0.0031397175043821335
38.20000076293945,45,0.04651510342955589,0.012804735451936722,9.804216384887695,9.986464500427246,-13.06207275390625,-73.41741180419922,-0.00020469863375183195,0.002727815881371498,0.007897650822997093,-0.0031397175043821335
38.209999084472656,45,0.05655637010931969,0.0037539107725024223,9.809800148010254,10.196371078491211,-13.06207275390625,-74.30585479736328,-0.001840490847826004,-0.0002904032589867711,0.007079754490405321,-0.0031397175043821335
38.220001220703125,46,0.058325495570898056,0.015386083163321018,9.814719200134277,10.21202278137207,-13.226862907409668,-74.16654968261719,-0.0026868381537497044,-0.0040980675257742405,0.008208218030631542,-0.0031397175043821335
38.22999954223633,46,0.08453913778066635,0.025607947260141373,9.815241813659668,10.357619285583496,-13.40493106842041,-75.63911437988281,-0.005084223113954067,-0.005042945500463247,0.011769105680286884,-0.0031397175043821335
38.2400016784668,46,0.047272805124521255,0.026498304679989815,9.797369956970215,10.373649597167969,-13.624116897583008,-76.78319549560547,-0.002912350930273533,-0.005663480143994093,0.010760736651718616,-0.0031397175043821335
38.25,46,0.021322160959243774,0.026498304679989815,9.832161903381348,10.187883377075195,-13.645479202270508,-77.15745544433594,-0.0020237762946635485,-0.009584350511431694,0.011035664938390255,-0.0026512914337217808
38.2599983215332,46,0.038110893219709396,0.03559514507651329,9.816193580627441,10.082930564880371,-12.844171524047852,-79.15644836425781,-0.004266326781362295,-0.005014793947339058,0.01430096011608839,-0.0031049849931150675
38.27000045776367,46,0.03905627876520157,0.02220871113240719,9.833967208862305,10.397031784057617,-13.109346389770508,-79.38176727294922,-0.0031028238590806723,-0.003851291025057435,0.008483445271849632,-0.0026510360185056925
38.279998779296875,46,0.020167075097560883,0.01702645979821682,9.806119918823242,10.068414688110352,-13.035276412963867,-79.85921478271484,-0.004195647779852152,-0.004944114945828915,0.010563075542449951,-0.002616431098431349
38.290000915527344,46,0.024580039083957672,0.021691061556339264,9.805638313293457,9.936387062072754,-12.999995231628418,-79.70207977294922,-0.0032298059668391943,-0.002913600532338023,0.0022433558478951454,-0.002616431098431349
38.29999923706055,46,0.024721382185816765,0.021366668865084648,9.814770698547363,9.987411499023438,-13.06207275390625,-79.42904663085938,-0.006071029230952263,-0.003590139327570796,0.0029471481684595346,-0.002616431098431349
38.310001373291016,46,0.029421672224998474,0.007738666608929634,9.796605110168457,9.687445640563965,-13.055755615234375,-80.30172729492188,-0.004873085301369429,-0.003815951757133007,0.005274153780192137,-0.002616431098431349
38.31999969482422,46,0.029421672224998474,0.01667560636997223,9.814982414245605,9.58249282836914,-12.966720581054688,-80.96805572509766,-0.0016718801343813539,-0.004690151195973158,0.0076011596247553825,-0.002616431098431349
38.33000183105469,46,0.029092639684677124,0.012149045243859291,9.810725212097168,9.653681755065918,-12.802973747253418,-80.9820556640625,-0.000613496929872781,-0.005853653885424137,0.009928165934979916,-0.0031058788299560547
38.34000015258789,46,0.02580348029732704,0.01373650599271059,9.814436912536621,9.56740951538086,-12.841200828552246,-81.41058349609375,-0.0013607144355773926,-0.0062699392437934875,0.008519084192812443,-0.0031397175043821335
38.349998474121094,46,0.03999703377485275,0.030347321182489395,9.803651809692383,9.357502937316895,-12.852095603942871,-82.02115631103516,-0.001840490847826004,-0.004902486689388752,0.007079754490405321,-0.0031397175043821335
38.36000061035156,46,0.047608792781829834,0.02010360173881054,9.7888765335083,9.177762985229492,-12.559401512145996,-82.24259185791016,-0.0006000201101414859,-0.006296893116086721,0.007079754490405321,-0.002649886766448617
38.369998931884766,46,0.0378328375518322,0.009188086725771427,9.807315826416016,9.177762985229492,-12.11423110961914,-81.79837036132812,-0.0004999917582608759,-0.0037132278084754944,0.0048527768813073635,-0.002616431098431349
38.380001068115234,46,0.03010406531393528,0.02171521820127964,9.790960311889648,8.986348152160645,-12.643349647521973,-81.96178436279297,-0.0038135042414069176,-0.00014724893844686449,0.0061178058385849,-0.002616431098431349
38.38999938964844,46,0.038004305213689804,0.02321065217256546,9.817815780639648,9.632981300354004,-12.782174110412598,-82.93917846679688,-0.005459179170429707,-0.004245713818818331,0.011128205806016922,-0.002616431098431349
38.400001525878906,45,0.055030543357133865,0.028827732428908348,9.805545806884766,10.117924690246582,-12.533489227294922,-84.62033081054688,-0.00526511250063777,-0.003944131545722485,0.006603572051972151,-0.002616431098431349
38.40999984741211,45,0.03726745769381523,0.014267959631979465,9.810046195983887,9.908018112182617,-12.203960418701172,-86.05723571777344,-0.008007205091416836,-0.002573085017502308,0.0012316927313804626,-0.002616431098431349
38.41999816894531,45,0.027491508051753044,0.008332238532602787,9.82298755645752,9.698111534118652,-12.292994499206543,-85.0577392578125,-0.0013313647359609604,-0.005791360978037119,0.0065706283785402775,-0.002616431098431349
38.43000030517578,44,0.02082282118499279,0.02511100471019745,9.794807434082031,9.798236846923828,-12.294360160827637,-84.49565124511719,-0.004118680022656918,-0.003991750068962574,0.010236935690045357,-0.002616431098431349
38.439998626708984,44,0.02128508687019348,0.0069771455600857735,9.791001319885254,9.824175834655762,-12.093270301818848,-85.11089324951172,-0.00317979184910655,-0.005379867274314165,0.013543260283768177,-0.002616431098431349
38.45000076293945,43,0.014860856346786022,0.015871522948145866,9.793370246887207,9.66011905670166,-12.01173210144043,-85.64747619628906,-0.0043432945385575294,-0.008431029506027699,0.004772215615957975,-0.003107411088421941
38.459999084472656,43,0.026926128193736076,0.00027760289958678186,9.804464340209961,9.436327934265137,-12.152270317077637,-85.75852966308594,-0.005506797693669796,-0.0014500126708298922,0.008262723684310913,-0.0026486096903681755
38.470001220703125,43,0.018468622118234634,0.008675037883222103,9.811261177062988,9.442355155944824,-12.414259910583496,-85.84407043457031,-0.003223816165700555,-0.0036596201825886965,0.009455576539039612,-0.002616431098431349
38.47999954223633,43,0.01913711242377758,0.012149045243859291,9.804891586303711,9.547308921813965,-12.592327117919922,-85.51091003417969,-0.004152821376919746,-0.007071963045746088,0.009533742442727089,-0.002616431098431349
38.4900016784668,42,0.029421672224998474,0.015047885477542877,9.815241813659668,9.219005584716797,-12.255839347839355,-86.27800750732422,-0.00020709434465970844,-0.006475087255239487,0.00851189624518156,-0.002616431098431349
38.5,42,0.0340130552649498,0.023234808817505836,9.815241813659668,9.60937786102295,-12.233621597290039,-86.288330078125,-0.0003448580391705036,-0.00914500467479229,0.008306748233735561,-0.002616431098431349
38.5099983215332,42,0.047075849026441574,0.02490854263305664,9.807185173034668,10.022059440612793,-12.33957290649414,-86.184814453125,-0.003298088675364852,-0.009950920939445496,0.01099134050309658,-0.002616431098431349
38.52000045776367,42,0.04682096838951111,0.020055286586284637,9.799413681030273,9.524620056152344,-12.24264144897461,-87.1744613647461,-0.006788597442209721,-0.0074568018317222595,0.006168120075017214,-0.002616431098431349
38.529998779296875,42,0.03598145395517349,0.018662232905626297,9.806473731994629,9.209760665893555,-12.687813758850098,-88.84029388427734,-0.0056718140840530396,-0.0024305295664817095,0.005702418740838766,-0.002616431098431349
38.540000915527344,42,0.04268258064985275,0.02171521820127964,9.796475410461426,9.272049903869629,-12.653066635131836,-87.61280822753906,-0.0042944783344864845,0.0012738117948174477,0.0077841454185545444,-0.002616431098431349
38.54999923706055,42,0.04869088903069496,0.02171521820127964,9.807441711425781,9.23708724975586,-12.564032554626465,-86.87232208251953,-0.00301267858594656,0.0003963179187849164,0.007665848359465599,-0.002616431098431349
38.560001373291016,42,0.04673639312386513,0.013952767476439476,9.808426856994629,9.22339153289795,-12.552414894104004,-86.6357192993164,-0.0024178996682167053,-0.0030941904988139868,0.005347528029233217,-0.002616431098431349
38.56999969482422,42,0.035772912204265594,0.008615219965577126,9.807583808898926,9.434844970703125,-12.569171905517578,-86.45704650878906,-0.0030674845911562443,-0.006070781499147415,0.0033987730275839567,-0.002616431098431349
38.58000183105469,42,0.022508529946208,0.01277022436261177,9.804065704345703,10.06456470489502,-12.302069664001465,-86.01283264160156,-0.002166630933061242,-0.007496933452785015,0.005650907289236784,-0.002616431098431349
38.59000015258789,42,0.021953577175736427,0.009517082013189793,9.806751251220703,9.87889289855957,-12.034967422485352,-86.75495147705078,-0.001387368538416922,-0.004014511127024889,0.0103076146915555,-0.002616431098431349
38.599998474121094,42,0.026841552928090096,0.01659163273870945,9.813335418701172,9.51379680633545,-12.096991539001465,-86.38285827636719,-0.004684708546847105,0.0025756771210581064,0.010370506905019283,-0.002616431098431349
38.61000061035156,42,0.020190244540572166,0.019423753023147583,9.807868003845215,9.413576126098633,-12.320245742797852,-86.33818054199219,-0.00816263910382986,-0.002214600332081318,0.006112714298069477,-0.002616431098431349
38.619998931884766,42,0.012530988082289696,0.016932131722569466,9.817574501037598,9.478801727294922,-12.489158630371094,-86.88203430175781,-0.004098015371710062,-0.008772144094109535,0.008062068372964859,-0.002616431098431349
38.630001068115234,42,0.017418963834643364,0.016932131722569466,9.805218696594238,9.196191787719727,-12.388400077819824,-87.05052185058594,-0.0029345129150897264,-0.002588957780972123,0.012416893616318703,-0.002616431098431349
38.63999938964844,42,0.01978706568479538,0.019434107467532158,9.786153793334961,9.61600399017334,-12.03226375579834,-86.051025390625,-0.0017710101092234254,-0.002449996303766966,0.005852760747075081,-0.002616431098431349
38.650001525878906,42,0.022377612069249153,0.02428736351430416,9.793974876403809,9.439199447631836,-12.109947204589844,-87.12581634521484,-0.0006075071869418025,-0.0001529392320662737,0.00585875054821372,-0.002616431098431349
38.65999984741211,42,0.035249240696430206,0.01592904143035412,9.814088821411133,9.489750862121582,-12.236351013183594,-88.16504669189453,0.0005559956189244986,-0.0036434477660804987,0.0070222532376646996,-0.002616431098431349
38.66999816894531,42,0.03294602036476135,0.012790931388735771,9.808442115783691,9.585174560546875,-12.294360160827637,-88.48308563232422,0.0017194985412061214,-0.009345958940684795,0.008185756392776966,-0.002616431098431349
38.68000030517578,42,0.03020949475467205,0.014149474911391735,9.798669815063477,9.294801712036133,-12.263200759887695,-88.2535629272461,-0.001287040882743895,-0.005780878942459822,0.01039176993072033,-0.002616431098431349
38.689998626708984,43,0.042858682572841644,0.012149045243859291,9.792022705078125,9.189848899841309,-11.996098518371582,-88.808837890625,-0.0028195101767778397,-0.006021964829415083,0.007823677733540535,-0.002616431098431349
38.70000076293945,43,0.045746978372335434,0.017995039001107216,9.792078971862793,9.2706298828125,-12.438030242919922,-87.9883804321289,0.0005946293822489679,-0.004438882227987051,0.003417640458792448,-0.002616431098431349
38.709999084472656,43,0.049902744591236115,0.02171521820127964,9.798883438110352,9.238507270812988,-12.390809059143066,-88.2217788696289,-0.0015676590846851468,-0.0055200266651809216,0.003875854192301631,-0.002616431098431349
38.720001220703125,43,0.034996677190065384,0.012525204569101334,9.794486999511719,9.133553504943848,-12.372204780578613,-88.59564208984375,-0.0030674845911562443,-0.003904300043359399,0.005414313171058893,-0.002616431098431349
38.72999954223633,44,0.0340721420943737,0.007365958299487829,9.80688190460205,9.128000259399414,-12.598136901855469,-88.45179748535156,-0.0037925399374216795,-0.004764123819768429,0.005852760747075081,-0.002616431098431349
38.7400016784668,44,0.03260308504104614,0.013773315586149693,9.805500030517578,9.547813415527344,-11.885862350463867,-89.11812591552734,-0.0042944783344864845,-0.00560837471857667,0.005852760747075081,-0.0021217481698840857
38.75,44,0.02612440288066864,0.03330137953162193,9.810652732849121,9.26409912109375,-11.59988784790039,-88.6146469116211,-0.0042944783344864845,-0.007435238920152187,0.005852760747075081,-0.0025879554450511932
38.7599983215332,44,0.024604368954896927,0.020783448591828346,9.81185245513916,9.253937721252441,-11.849751472473145,-87.97876739501953,-0.0042944783344864845,-0.009950920939445496,0.0069219255819916725,-0.0021214927546679974
38.77000045776367,44,0.02116575464606285,0.012149045243859291,9.813854217529297,9.04781723022461,-11.98705005645752,-87.86103057861328,-0.005236661061644554,-0.007595464121550322,0.011604388244450092,-0.0025882108602672815
38.779998779296875,45,0.016277778893709183,0.022602126002311707,9.79758358001709,8.79821491241455,-11.808981895446777,-88.50906372070312,-0.005525665357708931,-0.003000750904902816,0.014857703819870949,-0.002616431098431349
38.790000915527344,45,0.01854972168803215,0.01938924379646778,9.816221237182617,9.307044982910156,-11.641728401184082,-89.69020080566406,-0.0027233753353357315,-0.001361963921226561,0.00972840841859579,-0.002616431098431349
38.79999923706055,45,0.01978706568479538,0.0278062354773283,9.795546531677246,9.307044982910156,-11.819796562194824,-89.57914733886719,-0.0026823459193110466,-0.0010813456028699875,0.007640991359949112,-0.002616431098431349
38.810001373291016,45,0.02350836805999279,0.012807035818696022,9.782408714294434,9.139422416687012,-11.784568786621094,-88.75862121582031,-0.005738599691540003,-0.0012206065002828836,0.008665232919156551,-0.002616431098431349
38.81999969482422,45,0.03598029538989067,0.011130999773740768,9.79656982421875,8.988998413085938,-11.897374153137207,-89.08086395263672,-0.006287557538598776,-0.005655393935739994,0.00477940309792757,-0.002616431098431349
38.83000183105469,45,0.06223216652870178,0.01598425768315792,9.8084716796875,9.024656295776367,-12.16447639465332,-90.11595916748047,-0.0033379204105585814,-0.001361963921226561,0.006033051293343306,-0.002616431098431349
38.84000015258789,45,0.048293497413396835,0.013026749715209007,9.814352035522461,9.28539752960205,-12.385669708251953,-90.5601806640625,-0.006535232532769442,-0.001441926695406437,0.008200131356716156,-0.002616431098431349
38.849998474121094,45,0.043873582035303116,0.012149045243859291,9.807183265686035,9.075491905212402,-12.207601547241211,-91.00439453125,0.002772790379822254,-0.004932435229420662,0.0035461203660815954,-0.002616431098431349
38.86000061035156,45,0.04794824868440628,0.016194768249988556,9.809645652770996,9.139927864074707,-11.71922492980957,-90.09391784667969,0.0008141524740494788,-0.008422943763434887,0.006778771057724953,-0.002616431098431349
38.869998931884766,45,0.06112689897418022,0.02104802429676056,9.810393333435059,9.043526649475098,-11.86827564239502,-89.97765350341797,-0.007891903631389141,0.0008446482825092971,0.008142929524183273,-0.002616431098431349
38.880001068115234,45,0.04206274822354317,0.01752915419638157,9.810393333435059,8.919198036193848,-12.148387908935547,-90.19549560546875,-0.008202769793570042,0.0013193335616961122,0.011305801570415497,-0.002616431098431349
38.88999938964844,45,0.017622871324419975,0.021188365295529366,9.801765441894531,8.993037223815918,-12.059353828430176,-90.1821060180664,-0.0004859158652834594,-0.0017165553290396929,0.009179150685667992,-0.002616431098431349
38.900001525878906,45,0.010612407699227333,-0.004243208095431328,9.805083274841309,9.412850379943848,-11.970319747924805,-90.62632751464844,-0.002523018978536129,-0.006079765968024731,0.008306748233735561,-0.002616431098431349
38.90999984741211,45,-0.00313162081874907,0.010602996684610844,9.805545806884766,9.535411834716797,-12.049395561218262,-89.81240844726562,-0.005912900436669588,-0.0058785113506019115,0.009115959517657757,-0.002616431098431349
38.91999816894531,45,0.013695343397557735,0.025549279525876045,9.810072898864746,9.26659107208252,-11.94818115234375,-90.26868438720703,-0.006002746522426605,-0.005042945500463247,0.00804230198264122,-0.002616431098431349
38.93000030517578,45,0.01040039025247097,0.03557213768362999,9.81499195098877,8.94762897491455,-11.898444175720215,-90.25439453125,-0.005521472543478012,-0.006407403387129307,0.009126441553235054,-0.0021193220745772123
38.939998626708984,45,0.005512414965778589,0.03145739436149597,9.796563148498535,8.868204116821289,-11.987479209899902,-89.41997528076172,-0.007377686444669962,-0.007496933452785015,0.008285785093903542,-0.00259038177318871
38.95000076293945,44,0.03359944745898247,0.02660413458943367,9.824294090270996,9.167160034179688,-12.075014114379883,-89.43119812011719,-0.008091960102319717,-0.00916267465800047,0.007518501486629248,-0.002616431098431349
38.959999084472656,44,0.029631370678544044,0.01703796163201332,9.80105209350586,8.53744125366211,-12.075014114379883,-90.09752655029297,-0.005273198708891869,-0.011177915148437023,0.006091450806707144,-0.002118938835337758
38.970001220703125,44,0.05350819230079651,0.02161053754389286,9.824725151062012,8.896414756774902,-11.79543685913086,-90.1535873413086,-0.00349574931897223,-0.009893120266497135,0.0013730500359088182,-0.002590764779597521
38.97999954223633,44,0.053332094103097916,0.017106981948018074,9.814709663391113,8.945515632629395,-11.537810325622559,-90.16541290283203,-0.002835382940247655,-0.00640261173248291,0.002536552958190441,-0.002616431098431349
38.9900016784668,44,0.048937659710645676,0.02098015509545803,9.801939010620117,8.660633087158203,-11.645904541015625,-90.2764663696289,-0.0005916344816796482,-0.004418517462909222,0.0030974901746958494,-0.002616431098431349
39,44,0.05446053296327591,0.007365958299487829,9.82334041595459,8.67944049835205,-12.24649715423584,-90.42732238769531,-0.004532270133495331,-0.005080980248749256,0.0026473626494407654,-0.002616431098431349
39.0099983215332,44,0.06951257586479187,0.007365958299487829,9.801478385925293,8.889347076416016,-11.712291717529297,-90.98259735107422,-0.0051728710532188416,-0.0006578725297003984,0.0056715719401836395,-0.002616431098431349
39.02000045776367,44,0.08447657525539398,0.009643618948757648,9.808084487915039,8.919198036193848,-11.865438461303711,-89.72789764404297,-0.002735055284574628,-0.004148381296545267,0.012430969625711441,-0.002616431098431349
39.029998779296875,44,0.05250139907002449,0.02917858399450779,9.788818359375,9.116292953491211,-12.076807022094727,-88.8683090209961,0.0003295842616353184,-0.007118383422493935,0.016753749921917915,-0.002616431098431349
39.040000915527344,44,0.00713556120172143,0.012744917534291744,9.81220531463623,9.348414421081543,-12.044309616088867,-89.38712310791016,-0.0066514331847429276,0.002189639490097761,0.013263240456581116,-0.002616431098431349
39.04999923706055,44,0.018445448949933052,0.018930261954665184,9.820887565612793,9.41928768157959,-11.803815841674805,-90.93534851074219,-0.004453804809600115,0.00002435645365039818,0.005183410365134478,-0.0021177895832806826
39.060001373291016,44,0.012376898899674416,0.02980896644294262,9.80107307434082,9.31433391571045,-12.159952163696289,-90.15796661376953,-0.0010429596295580268,-0.00013497007603291422,0.008961125276982784,-0.0020931449253112078
39.06999969482422,44,0.022167909890413284,0.02171521820127964,9.822430610656738,9.307044982910156,-12.267537117004395,-90.10397338867188,0.0014272001571953297,-0.003196015954017639,0.005452348385006189,-0.0025920416228473186
39.08000183105469,44,0.0066211591474711895,0.02171521820127964,9.790596008300781,9.160375595092773,-12.294360160827637,-90.4919662475586,0.0008836332126520574,0.000011478442502266262,0.005582624580711126,-0.002616431098431349
39.09000015258789,44,-0.005302767734974623,0.02171521820127964,9.805595397949219,8.901463508605957,-12.294360160827637,-90.7361068725586,-0.0011732361745089293,-0.0024814424104988575,0.008532860316336155,-0.002616431098431349
39.099998474121094,45,0.012200796976685524,0.019681427627801895,9.792338371276855,8.685309410095215,-12.189692497253418,-90.49449920654297,-0.004330117255449295,-0.004645827226340771,0.012853245250880718,-0.0031157112680375576
39.11000061035156,44,0.02197674848139286,0.014323174953460693,9.809732437133789,8.790609359741211,-11.746583938598633,-89.83037567138672,-0.005521472543478012,-0.00580932991579175,0.010609795339405537,-0.0026403097435832024
39.119998931884766,44,0.03058718703687191,0.017086276784539223,9.794520378112793,9.000515937805176,-11.924651145935059,-89.83037567138672,-0.005521472543478012,-0.0034583653323352337,0.008306748233735561,-0.0021168957464396954
39.130001068115234,44,0.03794753551483154,0.00012805958976969123,9.80803394317627,9.129451751708984,-12.24009895324707,-89.91605377197266,-0.004882069770246744,-0.003280171426013112,0.0070279436185956,-0.0025928078684955835
39.13999938964844,45,0.04999775066971779,-0.0030905739404261112,9.809981346130371,9.007837295532227,-12.019628524780273,-90.08704376220703,-0.0048703900538384914,-0.004467034246772528,0.004125026520341635,-0.002616431098431349
39.150001525878906,45,0.059018317610025406,0.007365958299487829,9.794463157653809,8.822227478027344,-11.745940208435059,-90.06980895996094,-0.003471790812909603,-0.003303531324490905,0.0016593586187809706,-0.002616431098431349
39.15999984741211,45,0.07132919877767563,0.010241791605949402,9.789544105529785,8.935165405273438,-12.376943588256836,-89.48919677734375,0.0002843618858605623,-0.004384675528854132,0.00363836158066988,-0.002616431098431349
39.16999816894531,45,0.06340347230434418,0.01844021864235401,9.79532527923584,9.145071983337402,-12.020806312561035,-88.60075378417969,0.001455052406527102,-0.006726056803017855,0.007921310141682625,-0.002616431098431349
39.18000030517578,45,0.05350819230079651,0.020136961713433266,9.808842658996582,9.532193183898926,-11.890172958374023,-89.02494049072266,-0.0003523451741784811,-0.0060087875463068485,0.006757806986570358,-0.002616431098431349
39.189998626708984,45,0.046867311000823975,0.02022898755967617,9.797520637512207,9.82344913482666,-11.801138877868652,-89.2831802368164,-0.0020336592569947243,-0.008723926730453968,0.005335847847163677,-0.002616431098431349
39.20000076293945,45,0.03423897549510002,0.021342510357499123,9.804181098937988,9.953457832336426,-11.678215026855469,-89.62135314941406,0.0010606294963508844,-0.008333995938301086,0.0035937384236603975,-0.002616431098431349
39.209999084472656,45,0.028834279626607895,0.01751535013318062,9.80858039855957,9.85973834991455,-11.592901229858398,-90.34451293945312,-0.002673061564564705,-0.005481093190610409,0.0048887156881392,-0.002616431098431349
39.220001220703125,45,0.012298117391765118,0.028357243165373802,9.811198234558105,9.230018615722656,-12.03807258605957,-90.12240600585938,0.0004095470067113638,0.0011600070865824819,0.007079754490405321,-0.002616431098431349
39.22999954223633,45,0.004403670318424702,0.027423173189163208,9.814224243164062,8.889030456542969,-11.421846389770508,-87.8635025024414,-0.00307646906003356,0.002292064018547535,0.007066277787089348,-0.002616431098431349
39.2400016784668,45,0.012166040018200874,0.017716659232974052,9.813652038574219,9.149489402770996,-11.441656112670898,-88.76850891113281,-0.005403474904596806,-0.004688953515142202,0.003575769253075123,-0.003117498941719532
39.25,45,0.021222524344921112,0.008010145276784897,9.81445026397705,9.293571472167969,-11.676689147949219,-89.60044860839844,-0.006625976413488388,-0.006147449370473623,0.0011897648219019175,-0.002638522069901228
39.2599983215332,45,0.02295689284801483,0.004722491838037968,9.800697326660156,9.094992637634277,-11.76572322845459,-88.66215515136719,-0.003625426907092333,-0.0031469000969082117,0.0009447852498851717,-0.002616431098431349
39.27000045776367,45,0.017195360735058784,0.007365958299487829,9.809656143188477,9.304899215698242,-11.854757308959961,-88.32898712158203,-0.0011124404845759273,0.0003436085535213351,-0.00003273682887083851,-0.002616431098431349
39.279998779296875,45,0.022083336487412453,0.011925879865884781,9.80622386932373,9.722567558288574,-12.031915664672852,-89.64462280273438,-0.0015275280456990004,-0.0025641005486249924,0.0015458535635843873,-0.002616431098431349
39.290000915527344,45,0.04590686038136482,0.016932131722569466,9.802911758422852,9.346868515014648,-11.805073738098145,-88.53617858886719,-0.001840490847826004,-0.0021148715168237686,0.0047233994118869305,-0.002616431098431349
39.29999923706055,45,0.07527294754981995,0.021772734820842743,9.807882308959961,9.048480033874512,-11.58947467803955,-87.52472686767578,-0.0034145887475460768,-0.004510160069912672,0.008213907480239868,-0.002616431098431349
39.310001373291016,44,0.0799037292599678,0.02151736058294773,9.818367004394531,9.048480033874512,-11.631475448608398,-87.66219329833984,-0.0035709203220903873,-0.00554638123139739,0.010257300920784473,-0.002616431098431349
39.31999969482422,44,0.059541985392570496,0.024614060297608376,9.811274528503418,9.05504322052002,-11.943068504333496,-88.5783462524414,0.0008929172181524336,-0.0010825434001162648,0.006140267476439476,-0.002616431098431349
39.33000183105469,44,0.0518224835395813,0.015496515668928623,9.804333686828613,9.15999698638916,-11.586932182312012,-88.24518585205078,0.00011844668188132346,-0.00006728624430252239,0.005751234944909811,-0.002616431098431349
39.34000015258789,44,0.05288488417863846,0.013386803679168224,9.812503814697266,9.439326286315918,-11.67457389831543,-87.72750091552734,-0.0042944783344864845,-0.003122042864561081,0.00846757274121046,-0.002616431098431349
39.349998474121094,43,0.04031795635819435,0.013401757925748825,9.816010475158691,9.628469467163086,-11.745994567871094,-88.90156555175781,-0.0038248845376074314,-0.0024071699008345604,0.004731785040348768,-0.002616431098431349
39.36000061035156,43,0.03137732669711113,0.007365958299487829,9.80569076538086,9.579305648803711,-11.844050407409668,-90.4998779296875,-0.0026613816153258085,-0.0017593817319720984,0.002569196978583932,-0.002113831229507923
39.369998931884766,43,0.020624706521630287,0.010277452878654003,9.795849800109863,9.292844772338867,-12.099105834960938,-90.57760620117188,-0.00012743135448545218,-0.0036724978126585484,0.006880596280097961,-0.0020931449253112078
39.380001068115234,43,0.014969762414693832,0.01811237446963787,9.807938575744629,9.187891960144043,-12.27717399597168,-89.02283477783203,0.002619753126055002,0.00014415080659091473,0.010091984644532204,-0.0025960002094507217
39.38999938964844,43,0.018043428659439087,0.01255971472710371,9.815241813659668,9.272586822509766,-12.213918685913086,-88.27075958251953,-0.003283114405348897,0.0004451341519597918,0.01220336090773344,-0.0021134482230991125
39.400001525878906,50,0.016642726957798004,0.01360996812582016,9.812077522277832,9.37753963470459,-12.184686660766602,-87.75361633300781,-0.0042944783344864845,-0.002588957780972123,0.013214724138379097,-0.00259625562466681
39.40999984741211,43,0.014969762414693832,0.016932131722569466,9.810393333435059,9.436327934265137,-12.184686660766602,-87.50479125976562,-0.004383126273751259,-0.002588957780972123,0.012682837434113026,-0.002616431098431349
39.41999816894531,43,0.014969762414693832,0.02019447833299637,9.813700675964355,9.392655372619629,-12.203210830688477,-87.5510025024414,-0.0054711587727069855,-0.002639271318912506,0.005802446976304054,-0.002616431098431349
39.43000030517578,44,0.031751543283462524,0.01838270202279091,9.811863899230957,9.182748794555664,-12.292245864868164,-87.77311706542969,-0.0031441529281437397,-0.004966277163475752,0.003475441364571452,-0.002616431098431349
39.439998626708984,44,0.045910339802503586,0.023737505078315735,9.8138427734375,9.28022289276123,-12.033601760864258,-87.56155395507812,-0.0008171473164111376,0.0028332346118986607,0.011274954304099083,-0.002616431098431349
39.45000076293945,44,0.04869088903069496,0.009134020656347275,9.808201789855957,9.463308334350586,-11.766499519348145,-87.67013549804688,-0.000613496929872781,0.0014226562343537807,0.00667934212833643,-0.0021126819774508476
39.459999084472656,45,0.04512251168489456,0.006125898566097021,9.805545806884766,9.404204368591309,-11.727603912353516,-87.32295227050781,-0.000613496929872781,-0.0019025361398234963,0.00685094716027379,-0.002597021870315075
39.470001220703125,45,0.05115167424082756,0.021818747743964195,9.809207916259766,9.295654296875,-11.68065071105957,-86.62162780761719,0.0021905896719545126,0.0002151290827896446,0.006145059131085873,-0.002616431098431349
39.47999954223633,46,0.05350819230079651,0.03386504203081131,9.810393333435059,9.689749717712402,-11.122862815856934,-86.4212875366211,0.003938688896596432,0.001092023798264563,0.004981556441634893,-0.002616431098431349
39.4900016784668,46,0.04594741016626358,0.013543249107897282,9.810393333435059,9.584796905517578,-11.835135459899902,-86.64339447021484,0.0026790513657033443,0.0027074511162936687,0.003818053286522627,-0.002616431098431349
39.5,46,0.0477246455848217,0.0150133753195405,9.8065185546875,9.308307647705078,-11.67430591583252,-86.23023223876953,-0.0026248444337397814,0.0028017889708280563,0.0048872181214392185,-0.0021120435558259487
39.5099983215332,46,0.044769152998924255,0.009144374169409275,9.80159854888916,9.239201545715332,-11.735125541687012,-86.52008819580078,-0.00484074093401432,0.0009575546137057245,0.005852760747075081,-0.002597660291939974
39.52000045776367,46,0.027903955429792404,0.007365958299487829,9.804715156555176,9.344154357910156,-11.965340614318848,-86.78026580810547,-0.0042944783344864845,0.0010995109332725406,0.005852760747075081,-0.0021117881406098604
39.529998779296875,47,0.01647821068763733,0.01946861669421196,9.81372356414795,9.487447738647461,-11.954499244689941,-85.94591522216797,-0.004848227836191654,-0.001557228621095419,0.0064065102487802505,-0.002597915707156062
39.540000915527344,47,0.014969762414693832,0.013506438583135605,9.815241813659668,9.90726089477539,-11.865464210510254,-85.50169372558594,-0.003070180071517825,-0.006760197691619396,0.008060271851718426,-0.002616431098431349
39.54999923706055,48,0.019174186512827873,0.020498165860772133,9.811010360717773,10.233670234680176,-12.014141082763672,-85.15630340576172,0.00018672947771847248,-0.00835046824067831,0.007826672866940498,-0.00211140513420105
39.560001373291016,48,0.01978706568479538,0.013225757516920567,9.831905364990234,10.065006256103516,-12.192209243774414,-84.67696380615234,-0.001340049784630537,-0.009587644599378109,0.003172661177814007,-0.0025982987135648727
39.56999969482422,48,0.011095528490841389,0.020778845995664597,9.8040189743042,9.779430389404297,-12.484153747558594,-84.50045776367188,-0.0027676993049681187,-0.007524785120040178,0.0006171476561576128,-0.0021111497189849615
39.58000183105469,48,0.023401780053973198,0.02171521820127964,9.809586524963379,9.715309143066406,-12.75612735748291,-84.76881408691406,-0.002313079545274377,-0.0042885406874120235,0.0048165395855903625,-0.0020931449253112078
39.59000015258789,48,0.03806570917367935,0.02171521820127964,9.819424629211426,9.820262908935547,-12.310956954956055,-84.76881408691406,-0.003776068100705743,-0.005578725598752499,0.010760736651718616,-0.0020931449253112078
39.599998474121094,48,0.04817185178399086,0.017189806327223778,9.820089340209961,9.622095108032227,-12.637219429016113,-83.48583984375,-0.0005041845724917948,-0.0012526515638455749,0.010432799346745014,-0.0025988095439970493
39.61000061035156,48,0.04869088903069496,0.016932131722569466,9.810773849487305,10.256011009216309,-12.472749710083008,-81.66614532470703,0.0005218542064540088,-0.00027243411750532687,0.0068506477400660515,-0.002110638888552785
39.619998931884766,48,0.04869088903069496,0.016932131722569466,9.800934791564941,10.414860725402832,-12.383234024047852,-81.38540649414062,-0.0018051514634862542,-0.0037629427388310432,0.0010331337107345462,-0.0020931449253112078
39.630001068115234,47,0.05806829780340195,0.016932131722569466,9.810275077819824,9.953457832336426,-12.51370620727539,-82.2354507446289,-0.001840490847826004,-0.004961784929037094,0.007819783873856068,-0.00259919255040586
39.63999938964844,47,0.025073587894439697,0.017025308683514595,9.805545806884766,9.960905075073242,-12.52318286895752,-81.43441772460938,-0.004005175083875656,-0.0017959189135581255,0.009389090351760387,-0.0021102558821439743
39.650001525878906,46,0.047868311405181885,0.02171521820127964,9.805048942565918,10.170811653137207,-12.790285110473633,-79.9906997680664,-0.0022567762061953545,-0.00034311276976950467,0.0054583377204835415,-0.0025994479656219482
39.65999984741211,46,0.025309933349490166,0.022182254120707512,9.79052734375,10.296370506286621,-12.91427993774414,-79.0824966430664,-0.0008851306629367173,-0.006822490599006414,0.004625767003744841,-0.002110000466927886
39.66999816894531,46,0.03875041753053665,0.030977705493569374,9.783151626586914,10.101232528686523,-12.952399253845215,-78.74966430664062,-0.0015053660608828068,-0.006940188817679882,0.00730137387290597,-0.0020931449253112078
39.68000030517578,46,0.033485908061265945,0.02575058862566948,9.809635162353516,9.859865188598633,-13.043227195739746,-78.78742980957031,-0.00018373467901255935,-0.002128048799932003,0.006649992428719997,-0.0020931449253112078
39.689998626708984,46,0.024604368954896927,0.015600045211613178,9.8011474609375,9.953457832336426,-13.319966316223145,-78.93453979492188,-0.004740712232887745,-0.0016647442243993282,0.00738253490999341,-0.0020931449253112078
39.70000076293945,45,0.024086492136120796,0.0030970703810453415,9.803461074829102,9.953457832336426,-13.676102638244629,-79.3787612915039,-0.007975460030138493,-0.003991750068962574,0.009709540754556656,-0.002600086387246847
39.709999084472656,45,0.018021415919065475,0.00795032735913992,9.78970718383789,9.86147403717041,-13.79814338684082,-77.97367858886719,-0.006699650082737207,-0.005680850241333246,0.010122830979526043,-0.0016022927593439817
39.720001220703125,44,0.005994376726448536,0.012149045243859291,9.81457805633545,9.824175834655762,-13.887177467346191,-76.9521484375,-0.0032238163985311985,-0.005121111404150724,0.006087258458137512,-0.0020770556293427944
39.72999954223633,44,0.014531824737787247,0.012149045243859291,9.806720733642578,10.084129333496094,-13.939457893371582,-76.5150375366211,-0.0011244199704378843,-0.004326874855905771,0.002682702150195837,-0.0020931449253112078
39.7400016784668,44,0.03905627876520157,0.011354164220392704,9.787764549255371,10.618866920471191,-14.02003288269043,-76.10247039794922,-0.00318278674967587,-0.0054903775453567505,0.00384620507247746,-0.0020931449253112078
39.75,43,0.03818504139780998,0.006500907242298126,9.795849800109863,10.723819732666016,-14.465203285217285,-74.3255844116211,-0.003985708579421043,-0.005502057261765003,0.004625767003744841,-0.0015855650417506695
39.7599983215332,43,0.033297065645456314,0.008194198831915855,9.794901847839355,10.529911994934082,-14.572334289550781,-74.12989044189453,-0.0012543968623504043,-0.003815951757133007,0.005907566752284765,-0.002077566459774971
39.77000045776367,43,0.033472009003162384,0.032286785542964935,9.796096801757812,10.470587730407715,-14.59749698638916,-73.06281280517578,-0.0030674845911562443,-0.003815951757133007,0.01004766020923853,-0.0020931449253112078
39.779998779296875,43,0.04869088903069496,0.03391335532069206,9.815241813659668,10.572511672973633,-14.683960914611816,-71.24161529541016,-0.004034824203699827,-0.004202887415885925,0.011020391248166561,-0.0020931449253112078
39.790000915527344,43,0.04984482005238533,0.02535257302224636,9.8187255859375,10.702520370483398,-14.862029075622559,-69.3868637084961,-0.008812523446977139,-0.005750031676143408,0.006502645090222359,-0.0015850542113184929
39.79999923706055,42,0.05228359252214432,0.018067510798573494,9.821159362792969,10.609085083007812,-15.055730819702148,-68.6119155883789,-0.0053220149129629135,-0.00142844975925982,0.011987730860710144,-0.0015698587521910667
39.810001373291016,42,0.04480506852269173,0.007365958299487829,9.799759864807129,11.028898239135742,-15.946072578430176,-67.94558715820312,-0.0018195267766714096,-0.0026009371504187584,0.011978746391832829,-0.0015698587521910667
39.81999969482422,42,0.03287303075194359,0.012790931388735771,9.813142776489258,11.282855987548828,-16.203269958496094,-67.1915054321289,0.006324992515146732,-0.00725494883954525,0.008488236926496029,-0.0015698587521910667
39.83000183105469,42,0.025111820548772812,0.022219065576791763,9.818643569946289,11.434164047241211,-16.29230499267578,-66.29010772705078,0.004542452748864889,-0.0063939266838133335,0.013821782544255257,-0.0015698587521910667
39.84000015258789,42,0.014969762414693832,0.009155877865850925,9.818275451660156,11.436308860778809,-16.555767059326172,-65.07304382324219,0.002215447137132287,-0.0031513923313468695,0.008204624056816101,-0.0015698587521910667
39.849998474121094,42,0.01654772460460663,0.005716379731893539,9.823349952697754,11.266162872314453,-17.14527702331543,-63.449283599853516,-0.002063607797026634,-0.000636908458545804,-0.0007284426828846335,-0.0015698587521910667
39.86000061035156,42,0.026381604373455048,0.012149045243859291,9.820089340209961,11.476069450378418,-17.412378311157227,-62.22767639160156,-0.004892551805824041,-0.001960037276148796,0.005476606544107199,-0.0015698587521910667
39.869998931884766,42,0.030459744855761528,0.012149045243859291,9.8235502243042,12.22935962677002,-17.756309509277344,-60.431095123291016,-0.002974344650283456,-0.007683213800191879,0.007457705680280924,-0.0010607463773339987
39.880001068115234,43,0.02033969946205616,0.017480840906500816,9.826183319091797,12.605341911315918,-18.112445831298828,-58.683326721191406,-0.0026260423474013805,-0.009165368974208832,0.007079754490405321,-0.001555812545120716
39.88999938964844,42,0.033142976462841034,0.02465086802840233,9.812599182128906,12.794106483459473,-18.6818790435791,-57.5052604675293,0.0005428182194009423,-0.00800186675041914,0.004191512241959572,-0.0015698587521910667
39.900001525878906,43,0.03712495416402817,0.02555043064057827,9.79875373840332,13.126543045043945,-19.497669219970703,-56.59608459472656,-0.0008839326328597963,-0.004862654954195023,0.002830348676070571,-0.0015698587521910667
39.90999984741211,43,0.04024496674537659,0.023330286145210266,9.805923461914062,13.546355247497559,-19.942838668823242,-53.37548065185547,-0.003104321425780654,-0.0037791149225085974,0.0022086158860474825,-0.001060235663317144
39.91999816894531,44,0.044545549899339676,0.020380832254886627,9.813831329345703,13.57336711883545,-20.55462074279785,-53.064353942871094,-0.0034352533984929323,-0.003448182949796319,0.0020079603418707848,-0.0015563232591375709
39.93000030517578,44,0.04119962081313133,0.02276892401278019,9.805545806884766,13.868851661682129,-21.177860260009766,-50.7646484375,-0.002244797069579363,-0.0018300603842362761,0.005271159112453461,-0.0010599802481010556
39.939998626708984,44,0.043873582035303116,0.016545619815587997,9.810002326965332,14.288664817810059,-21.80109977722168,-48.22554016113281,0.0006398517289198935,-0.004611985292285681,0.009520565159618855,-0.0010465724626556039
39.95000076293945,44,0.043873582035303116,0.02171521820127964,9.806044578552246,14.683265686035156,-22.44572639465332,-46.2885856628418,-0.0042944783344864845,-0.007018354255706072,0.009599929675459862,-0.0010465724626556039
39.959999084472656,44,0.043873582035303116,0.01703796163201332,9.802960395812988,14.999009132385254,-23.158000946044922,-43.8463020324707,-0.003739231498911977,-0.0034218281507492065,0.00423164339736104,-0.0005363109521567822
39.970001220703125,44,0.04144755005836487,0.021784238517284393,9.815276145935059,15.418822288513184,-23.87027359008789,-41.51414489746094,-0.002697020536288619,-0.007982999086380005,0.007293886970728636,-0.0005232862313278019
39.97999954223633,44,0.03406287357211113,0.023844486102461815,9.8150634765625,16.083158493041992,-24.58254623413086,-39.3544807434082,-0.006145900581032038,-0.015182042494416237,0.008608031086623669,-0.0005232862313278019
39.9900016784668,44,0.026854297146201134,0.014382992871105671,9.802642822265625,16.360403060913086,-25.39183235168457,-37.304931640625,-0.0019276412203907967,-0.008288174867630005,0.010673586279153824,-0.0005232862313278019
40,44,0.021966321393847466,0.006910426076501608,9.806469917297363,16.616790771484375,-26.365774154663086,-34.993106842041016,-0.0030438252724707127,-0.002494320273399353,0.009462764486670494,-0.000012513921319623478
40.0099983215332,43,0.01436962652951479,0.013340789824724197,9.804337501525879,17.666322708129883,-27.50876235961914,-32.03969192504883,-0.0018803224666044116,0.002159691182896495,0.005972255486994982,0
40.02000045776367,43,0.015711242333054543,0.018955567851662636,9.793052673339844,18.71585464477539,-28.48813819885254,-29.596479415893555,-0.006335175596177578,0.00007167523290263489,0.004729089792817831,0
40.029998779296875,43,0.02548719383776188,0.016932131722569466,9.822551727294922,19.31966781616211,-29.770004272460938,-26.681631088256836,-0.0014475653879344463,0.004105750937014818,0.004625767003744841,0
40.040000915527344,42,0.03234240785241127,0.019832123070955276,9.82375431060791,19.84443473815918,-30.99555015563965,-23.8203067779541,-0.0026068752631545067,-0.00021044042659923434,0.008612523786723614,0.0005112830549478531
40.04999923706055,42,0.031247567385435104,0.012804735451936722,9.80738353729248,20.61211395263672,-32.187339782714844,-20.14430046081543,-0.0049338811077177525,-0.0041615585796535015,0.00580094987526536,0.0005232862313278019
40.060001373291016,42,0.03248375281691551,0.013446621596813202,9.80246353149414,21.653505325317383,-33.40640640258789,-15.275099754333496,0.0005664771888405085,-0.004173238296061754,0.004625767003744841,0.0010348246432840824
40.06999969482422,42,0.046769991517066956,0.007600625976920128,9.807003021240234,22.073318481445312,-34.474815368652344,-11.721333503723145,0.0030674845911562443,-0.003009735606610775,0.006238199304789305,0.0005349062848836184
40.08000183105469,42,0.04389791190624237,0.018486231565475464,9.813617706298828,22.686691284179688,-36.035831451416016,-7.553123950958252,-0.002874316181987524,-0.006302583031356335,0.004851579200476408,0.0010350800585001707
40.09000015258789,41,0.04560447856783867,0.01999662071466446,9.811946868896484,23.38886260986328,-37.57698440551758,-2.643054962158203,-0.006069232244044542,-0.010761628858745098,0.00951187964528799,0.0015584940556436777
40.099998474121094,40,0.04534611850976944,0.013611119240522385,9.807027816772461,24.075414657592773,-39.0905647277832,1.965502381324768,-0.004905729088932276,-0.007478964049369097,0.008900030516088009,0.002081907819956541
40.11000061035156,40,0.054119911044836044,0.005366678815335035,9.805545806884766,24.70513343811035,-40.78580093383789,6.456660270690918,-0.002637722296640277,-0.0009322015685029328,0.002294268924742937,0.002605321817100048
40.119998931884766,40,0.04089491814374924,0.016428286209702492,9.79502010345459,25.334854125976562,-43.10068893432617,13.008915901184082,-0.0015910189831629395,-0.002329303650185466,0.0019223073031753302,0.002616431098431349
40.130001068115234,40,0.03423897549510002,0.02171521820127964,9.805318832397461,26.591073989868164,-44.79552459716797,19.782148361206055,-0.0009411345236003399,-0.007071663159877062,0.0033987730275839567,0.002616431098431349
40.13999938964844,40,0.030611516907811165,0.028918607160449028,9.784839630126953,28.090776443481445,-47.03069305419922,25.96331024169922,0.0019821475725620985,-0.004099265206605196,0.005931226070970297,0.0031289912294596434
40.150001525878906,40,0.025723541155457497,0.03128139302134514,9.802509307861328,29.497798919677734,-49.48191833496094,32.55029296875,-0.0021049368660897017,-0.0003994161088485271,0.011987730860710144,0.0036524052266031504
40.15999984741211,40,0.00952915195375681,0.023797322064638138,9.802807807922363,30.94581413269043,-52.1615104675293,39.55805587768555,-0.006513669155538082,-0.005042945500463247,0.01128333993256092,0.0036630036775022745
40.16999816894531,40,0.024532537907361984,0.010278602130711079,9.796833992004395,32.756874084472656,-55.295772552490234,46.27983474731445,-0.005178860388696194,-0.0038438038900494576,0.00864936038851738,0.004175946582108736
40.18000030517578,40,0.021601375192403793,0.015130709856748581,9.803719520568848,33.491546630859375,-58.679073333740234,52.276817321777344,-0.0031752996146678925,0.0026834921445697546,0.01043729204684496,0.0041862898506224155
40.189998626708984,40,0.01978706568479538,0.0208846777677536,9.801539421081543,35.62980270385742,-62.06237030029297,58.7379150390625,-0.0042944783344864845,-0.0062256152741611,0.00730137387290597,0.005212686490267515
40.20000076293945,40,0.027890052646398544,0.009647069498896599,9.825161933898926,37.72675323486328,-65.44567108154297,66.76594543457031,-0.0042944783344864845,-0.005062112584710121,0.01311888825148344,0.005746188573539257
40.209999084472656,40,0.03354383632540703,0.023737505078315735,9.809043884277344,40.045631408691406,-68.79582977294922,75.30670928955078,-0.0008614712278358638,-0.003898609895259142,0.010926052927970886,0.00729651004076004
40.220001220703125,39,0.04262465238571167,0.034824419766664505,9.818203926086426,43.23664093017578,-72.0650863647461,83.06497955322266,0.00046734779607504606,-0.0016542620724067092,0.009679891169071198,0.00783958937972784
40.22999954223633,40,0.04813709482550621,0.027598023414611816,9.802927017211914,47.32981872558594,-75.18128967285156,90.72779083251953,-0.0004038567712996155,-0.00034461022005416453,0.01156845036894083,0.007849293760955334
40.2400016784668,40,0.04869088903069496,0.009284714236855507,9.805059432983398,50.94619369506836,-78.62106323242188,98.49150085449219,-0.002521222224459052,-0.0029965583235025406,0.010080005042254925,0.007849293760955334
40.25,40,0.053095743060112,0.020486662164330482,9.805545806884766,55.082855224609375,-81.91262817382812,107.09213256835938,-0.005738599691540003,-0.003815951757133007,0.010424114763736725,0.007849293760955334
40.2599983215332,40,0.035606078803539276,0.02171521820127964,9.814554214477539,59.67770004272461,-85.27632904052734,115.59342956542969,-0.0017871821764856577,-0.0029890709556639194,0.004145690705627203,0.008363385684788227
40.27000045776367,40,0.05696997791528702,0.017201310023665428,9.819816589355469,64.46080780029297,-88.72381591796875,123.45468139648438,-0.0016766719054430723,-0.0033523475285619497,0.007051902823150158,0.008372579701244831
40.279998779296875,40,0.049091752618551254,0.026100289076566696,9.810796737670898,69.07875061035156,-91.75098419189453,131.22854614257812,-0.003767383052036166,-0.003815951757133007,0.007961141876876354,0.008886926807463169
40.290000915527344,40,0.0346282534301281,0.026498304679989815,9.800958633422852,73.79969024658203,-95.04026794433594,138.1305389404297,-0.003021663287654519,-0.005725174676626921,0.004579945467412472,0.009410341270267963
40.29999923706055,40,0.015194523148238659,0.01700345240533352,9.80072021484375,79.15193176269531,-98.53473663330078,144.7662353515625,-0.002986324019730091,-0.006924016866832972,0.0045446064323186874,0.008904548361897469
40.310001373291016,40,0.010316974483430386,-0.0019551946315914392,9.810476303100586,84.8774642944336,-101.68123626708984,151.60597229003906,-0.0053133293986320496,-0.0037228113505989313,0.005852760747075081,0.008895865641534328
40.31999969482422,40,0.019939996302127838,0.012149045243859291,9.814780235290527,90.60480499267578,-104.4922103881836,158.80877685546875,-0.004072858951985836,0.0003109644749201834,0.006744629703462124,0.008895865641534328
40.33000183105469,40,0.024380767717957497,0.012593073770403862,9.801597595214844,95.97445678710938,-107.43034362792969,166.19537353515625,-0.00015139013703446835,0.00032713671680539846,0.00945407897233963,0.008895865641534328
40.34000015258789,40,0.01978706568479538,0.021423034369945526,9.819497108459473,101.64193725585938,-110.36846160888672,172.63656616210938,-0.0024783958215266466,-0.0010430114343762398,0.011668778024613857,0.008895865641534328
40.349998474121094,40,0.020881908014416695,0.017294486984610558,9.810760498046875,107.48202514648438,-113.89230346679688,180.72157287597656,-0.003783555468544364,-0.0009013545932248235,0.010249813087284565,0.009411107748746872
40.36000061035156,40,0.034674596041440964,0.02171521820127964,9.815680503845215,113.23545837402344,-117.59527587890625,187.85020446777344,-0.0024164023343473673,-0.0040079220198094845,0.008114777505397797,0.009934521280229092
40.369998931884766,40,0.041081447154283524,0.02171521820127964,9.81754207611084,118.9029312133789,-121.49439239501953,194.70664978027344,-0.005392992869019508,-0.004914465826004744,0.007079754490405321,0.010973433032631874
40.380001068115234,40,0.05601763725280762,0.022288084030151367,9.798752784729004,124.69025421142578,-125.79196166992188,202.75897216796875,-0.004164501558989286,-0.003815951757133007,0.007014765869826078,0.012535884976387024
40.38999938964844,40,0.040999189019203186,0.02714134193956852,9.814874649047852,131.3023223876953,-130.86691284179688,211.1991729736328,-0.0018434857483953238,-0.003817449091002345,0.005851263180375099,0.014106127433478832
40.400001525878906,40,0.054226502776145935,0.03128139302134514,9.787088394165039,138.29013061523438,-135.94186401367188,219.6393585205078,-0.004170491360127926,-0.004980952013283968,0.00468776049092412,0.015160487964749336
40.40999984741211,40,0.05753651633858681,0.028147883713245392,9.814531326293945,146.0181121826172,-141.37112426757812,228.5951690673828,0.002314576879143715,-0.003941436298191547,0.0057272762060165405,0.01723933219909668
40.41999816894531,40,0.0509292297065258,0.013856139965355396,9.7896146774292,154.2353515625,-147.28758239746094,239.0585479736328,0.0030674845911562443,0.0013741393340751529,0.010004834271967411,0.018300717696547508
40.43000030517578,40,0.03719562664628029,0.019867781549692154,9.804609298706055,162.73638916015625,-153.5912322998047,250.85316467285156,0.0011184301692992449,-0.007426254451274872,0.007837154902517796,0.019863806664943695
40.439998626708984,40,0.02641867846250534,0.01413682196289301,9.801704406738281,171.6573944091797,-159.82362365722656,261.4034118652344,-0.0012085754424333572,-0.009950920939445496,0.005257682409137487,0.021950440481305122
40.45000076293945,40,0.017113102599978447,0.02171521820127964,9.812016487121582,180.88316345214844,-168.3826141357422,273.0284729003906,-0.0035355810541659594,-0.00401810510084033,0.008015947416424751,0.024044094607234
40.459999084472656,40,0.030316082760691643,0.01831253245472908,9.830035209655762,191.12327575683594,-177.87081909179688,287.1414489746094,0.0027620093896985054,-0.0021460182033479214,0.008749688044190407,0.026654398068785667
40.470001220703125,39,0.037773750722408295,0.007365958299487829,9.812800407409668,202.4114990234375,-188.51751708984375,301.573974609375,0.008910155855119228,-0.0069123366847634315,0.0054244957864284515,0.02927146852016449
40.47999954223633,39,0.009186217561364174,0.006091388873755932,9.80812931060791,214.69064331054688,-200.46372985839844,316.0608825683594,0.002544582122936845,-0.00666556041687727,0.0027417007368057966,0.03137163817882538
40.4900016784668,39,0.01978706568479538,0.009306570515036583,9.812516212463379,227.8225860595703,-213.6986083984375,332.208984375,-0.005481640808284283,-0.003815951757133007,0.003952522296458483,0.03346529230475426
40.5,38,0.022637128829956055,0.025083394721150398,9.805545806884766,241.25660705566406,-228.30023193359375,349.4225158691406,-0.005688285920768976,-0.003285861574113369,0.00691294064745307,0.03504179045557976
40.5099983215332,38,0.026430264115333557,0.020230138674378395,9.804040908813477,256.47320556640625,-245.566162109375,366.9055480957031,-0.00242808205075562,-0.002588957780972123,0.01017314475029707,0.036094747483730316
40.52000045776367,37,0.026052571833133698,0.021597884595394135,9.805426597595215,272.1112365722656,-264.900390625,383.9396667480469,0.000613496929872781,-0.002185849705711007,0.013214724138379097,0.03662416338920593
40.529998779296875,37,0.03741922974586487,0.026405127719044685,9.813593864440918,288.2926330566406,-286.42626953125,401.51788330078125,0.000953114009462297,-0.001022346899844706,0.012535490095615387,0.03818265721201897
40.540000915527344,37,0.0325312539935112,0.018627723678946495,9.803519248962402,305.6239318847656,-310.291015625,420.375732421875,0.002116616815328598,-0.0006872221129015088,0.009932358749210835,0.038717564195394516
40.54999923706055,37,0.0347568541765213,0.02171521820127964,9.794580459594727,323.8858337402344,-335.5766906738281,435.5903015136719,0.002004309557378292,-0.002588957780972123,0.006867119576781988,0.03768759220838547
40.560001373291016,36,0.04572264850139618,0.025387084111571312,9.81372356414795,343.90557861328125,-362.8245849609375,453.15447998046875,-0.003365772543475032,-0.00214152573607862,0.006747624836862087,0.035086993128061295
40.56999969482422,36,0.0563698410987854,0.01984477788209915,9.823041915893555,364.0933532714844,-391.49310302734375,468.5810546875,-0.005778431426733732,0.0010063708759844303,0.012700806371867657,0.030915770679712296
40.58000183105469,36,0.05999845638871193,0.004559144377708435,9.813557624816895,383.8057556152344,-421.41790771484375,481.9424743652344,-0.009091644547879696,-0.00015713203174527735,0.005830598995089531,0.025692103430628777
40.59000015258789,36,0.05075197294354439,0.013505288399755955,9.81871509552002,402.5361328125,-452.3231506347656,493.7528991699219,-0.0032741299364715815,-0.0013206348521634936,0.004667095839977264,0.022012881934642792
40.599998474121094,36,0.04284941405057907,0.01959860511124134,9.810393333435059,419.64349365234375,-483.6631774902344,503.30364990234375,-0.0008231370011344552,-0.0024841376580297947,0.00799228809773922,0.01938585191965103
40.61000061035156,36,0.03382652625441551,0.016932131722569466,9.810393333435059,434.74774169921875,-514.493408203125,512.5364379882812,-0.0016721797874197364,-0.0036476405803114176,0.00618938310071826,0.01676878333091736
40.619998931884766,36,0.02996388077735901,0.021446039900183678,9.805818557739258,449.8318786621094,-544.3343505859375,520.5504760742188,-0.003830874105915427,-0.000830376404337585,0.009833527728915215,0.013114335015416145
40.630001068115234,36,0.01978706568479538,0.026498304679989815,9.80777359008789,464.1211853027344,-573.1493530273438,526.24951171875,-0.0024310769513249397,-0.0038617730606347322,0.008897334337234497,0.009969254024326801
40.63999938964844,36,0.02220151014626026,0.024101009592413902,9.803092956542969,477.09332275390625,-600.4774780273438,530.1691284179688,-0.00010407141962787136,-0.004174735862761736,0.005702119320631027,0.00475299172103405
40.650001525878906,36,0.022119252011179924,0.02171521820127964,9.808507919311523,488.6806640625,-625.3948364257812,534.422119140625,-0.00019122177036479115,-0.0014017955400049686,0.005430485587567091,-0.003076509339734912
40.65999984741211,36,0.03256601095199585,0.01663994789123535,9.819793701171875,498.0215148925781,-646.6740112304688,535.8658447265625,-0.0013547246344387531,0.0006062575848773122,0.008076444268226624,-0.013004518114030361
40.66999816894531,36,0.038620658218860626,0.014756850898265839,9.81788444519043,505.10882568359375,-665.6166381835938,533.9534912109375,-0.002518227556720376,-0.0022966593969613314,0.006822795607149601,-0.023468710482120514
40.68000030517578,36,0.03423897549510002,0.01157617848366499,9.828232765197754,509.0140075683594,-680.2454223632812,529.0496826171875,-0.0006105020293034613,0.0010995108168572187,0.0058542583137750626,-0.029781345278024673
40.689998626708984,36,0.028703363612294197,0.012862252071499825,9.81513500213623,509.9981994628906,-690.6102294921875,521.8345336914062,0.00018822691345121711,0.0022702014539390802,0.007079754490405321,-0.030866481363773346
40.70000076293945,36,0.03595828264951706,0.011295497417449951,9.80355453491211,509.0538330078125,-697.6715087890625,513.0615234375,-0.00525133591145277,-0.004790478851646185,0.0041561727412045,-0.02671620063483715
40.709999084472656,36,0.043873582035303116,0.010254445485770702,9.808473587036133,507.1646728515625,-700.1644897460938,502.2891540527344,-0.008310584351420403,-0.0062699392437934875,0.0018366542644798756,-0.02044953592121601
40.720001220703125,36,0.046853408217430115,0.015107703395187855,9.813392639160156,505.002197265625,-699.2570190429688,492.3843688964844,-0.0014122257707640529,-0.0062699392437934875,0.006573323626071215,-0.011568737216293812
40.72999954223633,48,0.04869088903069496,0.010874475352466106,9.815241813659668,504.60101318359375,-690.0156860351562,483.4593811035156,0.0046311006881296635,-0.005973148625344038,0.0080099580809474,0.004090520087629557
40.7400016784668,36,0.04869088903069496,0.007365958299487829,9.815241813659668,504.97607421875,-681.84912109375,478.43231201171875,0.001840490847826004,-0.005042945500463247,0.007079754490405321,0.0041862898506224155
40.75,36,0.051882728934288025,0.010535127483308315,9.818453788757324,505.1753234863281,-679.8208618164062,478.73895263671875,0.0013310653157532215,-0.004533519968390465,0.007758988533169031,0.006267687305808067
40.7599983215332,36,0.04698316752910614,0.018627723678946495,9.80695629119873,506.3298034667969,-668.068359375,480.5158386230469,-0.001840490847826004,-0.0011493288911879063,0.012094047851860523,0.004718003794550896
40.77000045776367,36,0.0338740274310112,0.02171521820127964,9.807406425476074,507.08935546875,-654.3893432617188,480.62109375,-0.0020117966923862696,0.0010063708759844303,0.013129071332514286,0.0010653433855623007
40.779998779296875,36,0.02261395938694477,0.018335537984967232,9.796690940856934,506.2614440917969,-641.0309448242188,481.4871520996094,-0.0066658081486821175,-0.0013206348521634936,0.010802065953612328,-0.00416075112298131
40.790000915527344,37,0.023261595517396927,0.020381981506943703,9.794498443603516,504.191162109375,-627.4714965820312,481.43701171875,-0.0021771129686385393,-0.004790478851646185,0.0073322211392223835,-0.009394890628755093
40.79999923706055,36,0.02105916664004326,0.025235239416360855,9.810121536254883,500.9216613769531,-613.6023559570312,479.9115295410156,-0.005078532733023167,-0.002884250832721591,0.009238448925316334,-0.01358705386519432
40.810001373291016,36,0.02340293861925602,0.015727732330560684,9.793408393859863,495.95758056640625,-600.1065063476562,478.0970764160156,-0.006537328939884901,-0.0005572452209889889,0.007502029649913311,-0.015689903870224953
40.81999969482422,36,0.024604368954896927,0.019469767808914185,9.800993919372559,488.7158203125,-589.3333740234375,473.5438537597656,-0.0019866400398314,-0.005849161650985479,0.0051750242710113525,-0.01674107275903225
40.83000183105469,36,0.020847151055932045,0.010523623786866665,9.805545806884766,481.7201843261719,-579.0474243164062,467.6015625,0.000275377300567925,-0.006608059164136648,0.0055146412923932076,-0.016223788261413574
40.84000015258789,36,0.03509862720966339,0.0187680646777153,9.782432556152344,475.08184814453125,-570.0725708007812,463.5920715332031,-0.00021188629034440964,-0.0021430233027786016,0.008328910917043686,-0.015178875997662544
40.849998474121094,36,0.035157714039087296,0.02171521820127964,9.796074867248535,469.18048095703125,-562.8525390625,460.704833984375,-0.0013753891689702868,-0.0016587545396760106,0.006486173719167709,-0.014132048934698105
40.86000061035156,36,0.046146683394908905,0.025656260550022125,9.808686256408691,464.4703674316406,-557.4476318359375,456.122802734375,-0.0011420896044000983,-0.0039857602678239346,0.004625767003744841,-0.011519959196448326
40.869998931884766,48,0.04869088903069496,0.014464667066931725,9.814459800720215,461.00689697265625,-553.2630615234375,451.23638916015625,-0.000613496929872781,-0.0031382148154079914,0.004625767003744841,-0.008381007239222527
40.880001068115234,36,0.04869088903069496,0.012149045243859291,9.815241813659668,459.6957702636719,-550.1435546875,444.45208740234375,-0.000613496929872781,-0.001361963921226561,0.004625767003744841,-0.008372579701244831
40.88999938964844,36,0.04032837972044945,0.007997491396963596,9.811033248901367,460.3849792480469,-549.4229736328125,439.557373046875,0.0019261438865214586,-0.001361963921226561,0.00564162340015173,-0.006284032016992569
40.900001525878906,36,0.03055243007838726,0.032696302980184555,9.80611515045166,462.9256896972656,-550.3245849609375,436.22064208984375,0.0037437239661812782,-0.00047308969078585505,0.005302005913108587,-0.003668111516162753
40.90999984741211,36,0.05103465914726257,0.018896901980042458,9.796845436096191,467.1261291503906,-551.6600952148438,433.681396484375,0.00023255082487594336,-0.0015745990676805377,0.002171779051423073,-0.0020958264358341694
40.91999816894531,36,0.05350819230079651,0.02129419706761837,9.826799392700195,473.0035095214844,-552.99560546875,433.5703430175781,-0.000613496929872781,-0.00781438872218132,0.003441599430516362,-0.0005255847354419529
40.93000030517578,36,0.0311884805560112,-0.00044595691724680364,9.807323455810547,479.7567443847656,-554.9090576171875,431.7087097167969,-0.0008674610289745033,-0.00796203501522541,0.006317862309515476,0.0015673048328608274
40.939998626708984,35,0.047560133039951324,0.020311811938881874,9.805545806884766,487.0166320800781,-556.9296875,430.40478515625,-0.001840490847826004,-0.004281053319573402,0.0035892461892217398,0.0026154094375669956
40.95000076293945,35,0.030269740149378777,0.03086037002503872,9.810179710388184,494.2250061035156,-558.7297973632812,428.7874450683594,-0.0015865267487242818,-0.00013497007603291422,0.004498784895986319,0.0036622374318540096
40.959999084472656,34,0.020069755613803864,0.02663864567875862,9.810393333435059,501.2005920410156,-559.9957275390625,427.1761169433594,0.0004230238846503198,-0.00019846108625642955,0.0033987730275839567,0.0036630036775022745
