Time (s),Signal strength,Ax (m/s²),Ay (m/s²),Az (m/s²),Bx (µT),By (µT),Bz (µT),ωx (rad/s),ωy (rad/s),ωz (rad/s),Voltage (mV)
0.009999999776482582,42,0.048343461006879807,0.0264293123036623,9.824868202209473,896.0556030273438,-357.8745422363281,901.6881103515625,-1.138036847114563,-1.7976809740066528,-0.16592638194561005,-0.03244374692440033
0.019999999552965164,41,0.02488231100142002,0.02143925055861473,9.820089340209961,890.5254516601562,-362.02197265625,895.4971923828125,-1.1358308792114258,-1.738120198249817,-0.21997219324111938,-0.030873887240886688
0.029999999329447746,41,0.03403051942586899,0.012976949103176594,9.819669723510742,884.0226440429688,-367.6764831542969,887.4085693359375,-1.147033452987671,-1.6210808753967285,-0.346801221370697,-0.030873887240886688
0.03999999910593033,40,0.030255500227212906,0.03045349009335041,9.808714866638184,878.7478637695312,-373.3289489746094,879.0902099609375,-1.051184058189392,-1.3987177610397339,-0.4134124219417572,-0.031397175043821335
0.05000000074505806,40,0.044568438082933426,0.016242211684584618,9.784102439880371,874.9700317382812,-378.4210510253906,870.0963745117188,-0.8338212370872498,-1.0722897052764893,-0.39272889494895935,-0.03035060130059719
0.05999999865889549,43,0.05225745216012001,0.00819386262446642,9.818830490112305,872.6663208007812,-382.5961608886719,859.1268920898438,-0.5789151191711426,-0.7390380501747131,-0.3348556458950043,-0.027734169736504555
0.07000000029802322,40,0.039542678743600845,0.016449186950922012,9.807014465332031,870.8821411132812,-385.5224609375,851.0894775390625,-0.3290107250213623,-0.4211924970149994,-0.23985718190670013,-0.026164311915636063
0.07999999821186066,39,0.04276181012392044,0.013804853893816471,9.817852020263672,869.516845703125,-387.1351013183594,844.0594482421875,-0.10074102133512497,-0.12608464062213898,-0.08064595609903336,-0.023547880351543427
0.09000000357627869,39,0.03486434370279312,0.024635519832372665,9.801326751708984,868.477294921875,-388.40472412109375,836.5870361328125,-0.005299810785800219,-0.005711857695132494,0.0017245282651856542,-0.019884876906871796
0.10000000149011612,38,0.03905627876520157,0.012838965281844139,9.803447723388672,867.7427368164062,-390.34808349609375,828.27001953125,0.0005739345215260983,-0.007483745459467173,0.0033987730275839567,-0.015175300650298595
0.10999999940395355,38,0.03829193860292435,0.01389648299664259,9.794078826904297,867.7427368164062,-392.21356201171875,823.062255859375,0.003204690059646964,-0.005999456159770489,0.003943667281419039,-0.012035583145916462
0.11999999731779099,38,0.035906627774238586,0.0027672091964632273,9.810393333435059,868.3009643554688,-395.1050720214844,820.315673828125,0.00039183557964861393,-0.004037613049149513,0.0022113414015620947,-0.010465724393725395
0.12999999523162842,44,0.043873582035303116,0.026498304679989815,9.810393333435059,873.6536254882812,-400.5649108886719,814.9075927734375,-0.001840490847826004,-0.0062699392437934875,-0.0015092025278136134,-0.003663003444671631
0.14000000059604645,37,0.04484638199210167,0.022634752094745636,9.810393333435059,878.214599609375,-404.48565673828125,810.8536376953125,-0.0021993578411638737,-0.006987673230469227,0.0006439991993829608,-0.0036630036775022745
0.15000000596046448,37,0.04660632088780403,0.00943571887910366,9.806198120117188,879.413330078125,-405.3057556152344,810.3421630859375,-0.003958058077841997,-0.007833353243768215,0.007040192373096943,0.001569858519360423
0.1599999964237213,43,0.03905627876520157,0.016932131722569466,9.791001319885254,885.9057006835938,-409.7473449707031,807.5720825195312,-0.006748466286808252,-0.005042945500463247,0.010760736651718616,0.01726844348013401
0.17000000178813934,36,0.04023753106594086,0.016932131722569466,9.798133850097656,896.9741821289062,-415.79241943359375,808.591552734375,-0.005711427889764309,-0.005388624966144562,0.010587897151708603,0.01726844534277916
0.18000000715255737,36,0.043873582035303116,0.0156902763992548,9.81253719329834,900.192626953125,-417.5367431640625,808.9384155273438,0.000613496929872781,-0.007053610868752003,0.009533742442727089,0.025117740035057068
0.1899999976158142,36,0.03991290554404259,0.014770741574466228,9.794987678527832,907.1908569335938,-420.8254699707031,810.00390625,0.0007111401646398008,-0.002588957780972123,0.009533742442727089,0.031397175043821335
0.20000000298023224,36,0.033590804785490036,0.018955538049340248,9.805545806884766,922.3907470703125,-428.0373229980469,812.7927856445312,0.0030411097686737776,-0.002588957780972123,0.009533742442727089,0.04133961349725723
0.20999999344348907,36,0.043873582035303116,0.013597877696156502,9.79967212677002,939.6161499023438,-436.4060363769531,817.3331909179688,-0.0003879073483403772,-0.0037407551426440477,0.008381945081055164,0.04971219226717949
0.2199999988079071,36,0.04540226608514786,0.013896483927965164,9.795384407043457,961.2921142578125,-446.3551940917969,821.6544799804688,-0.004972650203853846,-0.008175104856491089,0.005037383642047644,0.058084771037101746
0.23000000417232513,36,0.04709271714091301,0.01688685640692711,9.808808326721191,985.3275756835938,-456.5804748535156,830.108154296875,-0.001410355675034225,-0.006668368354439735,0.0035979875829070807,0.06802721321582794
0.23999999463558197,36,0.043873582035303116,0.027785437181591988,9.797528266906738,1011.8008422851562,-466.740478515625,839.8682250976562,-0.000613496929872781,-0.003372628940269351,0.0014672327088192105,0.07430664449930191
0.25,36,0.04213644191622734,0.012149045243859291,9.807690620422363,1040.1785888671875,-477.0791931152344,850.4457397460938,-0.000613496929872781,-0.007107763085514307,0.0009447852498851717,0.07849293202161789
0.25999999046325684,36,0.040862902998924255,0.013942836783826351,9.816452980041504,1069.75146484375,-488.2892150878906,862.6988525390625,-0.000613496929872781,-0.006198670715093613,0.0009447852498851717,0.07953950762748718
0.27000001072883606,36,0.043873582035303116,0.015069347806274891,9.808505058288574,1102.52734375,-501.9693298339844,875.7736206054688,-0.002952725626528263,-0.0042632026597857475,0.0009447852498851717,0.07796964794397354
0.2800000011920929,36,0.03803679347038269,0.01408082153648138,9.801630020141602,1134.864013671875,-517.2881469726562,889.4987182617188,-0.0042944783344864845,-0.0009450162178836763,0.0038157207891345024,0.07587650418281555
0.28999999165534973,35,0.029421672224998474,0.012930594384670258,9.797877311706543,1166.041259765625,-533.6736450195312,902.7468872070312,-0.0023273038677871227,-0.004153774585574865,0.003885586280375719,0.07849293202161789
0.30000001192092896,34,0.031506240367889404,0.011505478993058205,9.804892539978027,1195.778564453125,-550.1580810546875,915.272705078125,-0.000613496929872781,-0.008723926730453968,0.003952926490455866,0.08791209012269974
0.3100000023841858,33,0.027776818722486496,0.008377122692763805,9.810393333435059,1223.6968994140625,-565.6591186523438,927.537841796875,-0.00008179024007404223,-0.009787340648472309,0.005321054253727198,0.09262166172266006
0.3199999928474426,31,0.030904754996299744,0.00663076201453805,9.80815601348877,1247.9908447265625,-579.16162109375,941.7206420898438,0.0020225897897034883,-0.01399610098451376,0.003686371725052595,0.09209837764501572
0.33000001311302185,30,0.04616660624742508,0.02376234158873558,9.800930976867676,1269.268798828125,-589.4659423828125,960.490966796875,0.0030714126769453287,-0.017724500969052315,0.002171779051423073,0.08843537420034409
0.3400000035762787,31,0.05105339735746384,0.028935665264725685,9.802982330322266,1286.7276611328125,-597.2279052734375,980.876708984375,-0.0011149006895720959,-0.010555018670856953,0.0025174585171043873,0.08163265138864517
0.3499999940395355,31,0.038916222751140594,0.024083584547042847,9.805498123168945,1300.2694091796875,-604.4261474609375,1002.4390869140625,-0.006088813301175833,0.004964363761246204,0.004533454775810242,0.08110936731100082
0.36000001430511475,32,0.017099928110837936,0.0068129440769553185,9.805732727050781,1309.9024658203125,-612.6459350585938,1024.712646484375,-0.0070888143964111805,0.007021044380962849,0.007863425649702549,0.0852956548333168
0.3700000047683716,34,0.04100404679775238,0.008332923986017704,9.807806015014648,1315.242919921875,-622.1510009765625,1046.540771484375,-0.0027481799479573965,-0.006320164073258638,0.0047351946122944355,0.08686551451683044
0.3799999952316284,35,0.057398296892642975,0.02171521820127964,9.802887916564941,1319.2744140625,-629.2642211914062,1068.9017333984375,-0.0007111401646398008,-0.014077750965952873,-0.0019550505094230175,0.08267922699451447
0.38999998569488525,36,0.03785113990306854,0.019024530425667763,9.814332962036133,1323.101318359375,-634.4736938476562,1091.606201171875,-0.0018761249957606196,-0.004936043173074722,0.007151023019105196,0.07692307978868484
0.4000000059604645,36,0.023862827569246292,0.014172451570630074,9.819343566894531,1326.45849609375,-638.3480224609375,1115.85009765625,-0.0030411097686737776,-0.001441088505089283,0.009480992332100868,0.07273678481578827
0.4099999964237213,37,0.03403160348534584,0.023463735356926918,9.818108558654785,1329.174560546875,-640.927734375,1140.699462890625,0.0026255648117512465,-0.0036391839385032654,0.0027020827401429415,0.06907378137111664
0.41999998688697815,38,0.04971037060022354,0.03128139302134514,9.79659366607666,1331.1961669921875,-641.7025756835938,1163.06640625,-0.0023155193775892258,-0.010275556705892086,-0.0010580235393717885,0.067503921687603
0.4300000071525574,38,0.05350819230079651,0.03128139302134514,9.802353858947754,1330.1490478515625,-641.43603515625,1184.7838134765625,-0.000023709386368864216,-0.012192506343126297,0.003563756588846445,0.06384091824293137
0.4399999976158142,38,0.04127873107790947,0.019138798117637634,9.802934646606445,1327.5330810546875,-639.90869140625,1208.59814453125,-0.003196833888068795,-0.008594578132033348,0.0027206013910472393,0.0565149150788784
0.44999998807907104,39,0.031112125143408775,0.012149045243859291,9.805289268493652,1322.93017578125,-638.043212890625,1232.9747314453125,-0.0042944783344864845,-0.006606359500437975,0.002171779051423073,0.042909473180770874
0.46000000834465027,40,0.039010677486658096,0.018496310338377953,9.80717658996582,1315.49462890625,-636.2344970703125,1257.3514404296875,-0.003465913934633136,-0.0062699392437934875,0.003000343684107065,0.025641025975346565
0.4699999988079071,40,0.05693686753511429,0.02820046804845333,9.802258491516113,1304.141357421875,-634.7197265625,1281.7093505859375,-0.0007678181282244623,-0.007803050335496664,0.0049318838864564896,0.010465724393725395
0.47999998927116394,40,0.04980156943202019,0.02465815842151642,9.81076717376709,1286.6539306640625,-635.0750122070312,1305.8643798828125,-0.006431967485696077,0.0004351769166532904,0.0037391213700175285,0.011512297205626965
0.49000000953674316,40,0.006420866586267948,0.0014315666630864143,9.808388710021973,1263.8255615234375,-636.8651733398438,1325.6866455078125,-0.011013904586434364,0.00851206760853529,0.002171779051423073,0.012558870017528534
0.5,42,-0.002168199745938182,-0.006983302533626556,9.802048683166504,1241.40869140625,-636.2293090820312,1344.881103515625,-0.00810733437538147,0.0015535848215222359,0.002171779051423073,-0.0094191525131464
0.5099999904632568,40,0.02886795811355114,0.010609660297632217,9.807829856872559,1222.9083251953125,-628.0328369140625,1364.11865234375,-0.005521472543478012,-0.007496933452785015,0.00424585584551096,-0.02459445409476757
0.5199999809265137,40,0.03905627876520157,0.024107299745082855,9.806757926940918,1209.997314453125,-609.0712280273438,1382.1370849609375,-0.004151941742748022,-0.004757872316986322,0.009362305514514446,-0.027734169736504555
0.5299999713897705,41,0.053787220269441605,0.0301548819988966,9.794426918029785,1200.5728759765625,-583.1322631835938,1393.43896484375,-0.0014459897065535188,0.0002595310506876558,0.011242218315601349,-0.026164311915636063
0.5400000214576721,40,0.06207771599292755,0.03128139302134514,9.806105613708496,1192.9622802734375,-560.5946044921875,1400.8013916015625,-0.0002810048754326999,0.00009454762766836211,0.005749786272644997,-0.021978022530674934
0.550000011920929,40,0.05549938604235649,0.012308589182794094,9.798855781555176,1186.8037109375,-542.7167358398438,1402.60595703125,0.000613496929872781,-0.003129923716187477,0.0024422621354460716,-0.03035060130059719
0.5600000023841858,40,0.045725807547569275,0.007365958299487829,9.78018569946289,1183.1068115234375,-528.9088745117188,1401.3529052734375,-0.000011924800674023572,-0.004625997506082058,0.0036072470247745514,-0.018315019086003304
0.5699999928474426,40,0.043873582035303116,0.015231047756969929,9.808344841003418,1182.7464599609375,-518.1810302734375,1398.345458984375,-0.0035068790894001722,-0.0028818873688578606,0.00447930209338665,-0.006802720949053764
0.5799999833106995,40,0.047903746366500854,0.024935204535722733,9.815241813659668,1186.2021484375,-509.5643005371094,1391.4755859375,-0.006157275754958391,-0.004705122206360102,0.0036521402653306723,-0.0005232862313278019
0.5899999737739563,40,0.03639194369316101,0.010216190479695797,9.811115264892578,1196.4854736328125,-504.3191223144531,1385.468505859375,0.0018629375845193863,-0.0002696503943298012,0.007102201227098703,-0.0015698587521910667
0.6000000238418579,40,0.03006984293460846,0.011505478993058205,9.827177047729492,1210.282470703125,-501.1351013183594,1376.620849609375,0.0030279222410172224,-0.007259559351950884,0.008267185650765896,-0.006279435008764267
0.6100000143051147,40,0.03789890930056572,0.007940532639622688,9.812723159790039,1225.8900146484375,-500.1251525878906,1367.9320068359375,0.0008166396874003112,0.0003810242342296988,0.002679636003449559,-0.010989011265337467
0.6200000047683716,40,0.047672491520643234,0.007365958299487829,9.806057929992676,1240.315673828125,-500.7607116699219,1359.7408447265625,0.000613496929872781,0.001092023798264563,0.0011083657154813409,-0.01726844534277916
0.6299999952316284,39,0.03555811569094658,0.0030194614082574844,9.801139831542969,1249.659423828125,-501.881591796875,1349.9185791015625,0.0016149013536050916,-0.003914997912943363,0.004950402304530144,-0.019884876906871796
0.6399999856948853,39,0.0164506733417511,0.011413848958909512,9.81412410736084,1253.847900390625,-502.0592346191406,1344.2677001953125,-0.00003829965862678364,-0.006921736057847738,0.010549738071858883,-0.02093144878745079
0.6499999761581421,38,0.024002885445952415,0.021118005737662315,9.815241813659668,1253.8472900390625,-498.6831359863281,1341.808349609375,-0.005000427830964327,-0.005742161069065332,0.010232958011329174,-0.019884876906871796
0.6600000262260437,38,0.03377646207809448,0.02171521820127964,9.824472427368164,1251.79345703125,-491.5558166503906,1340.208984375,-0.00022544930106960237,-0.005042945500463247,0.009533742442727089,0.0020931449253112078
0.6700000166893005,37,0.0435500405728817,0.02633768320083618,9.796826362609863,1249.728515625,-482.0815124511719,1339.5009765625,0.0008073804783634841,-0.008056418038904667,0.0042601656168699265,0.027734169736504555
0.6800000071525574,37,0.024973511695861816,0.017115391790866852,9.819624900817871,1250.021484375,-472.5665588378906,1340.7542724609375,-0.0019962149672210217,-0.008568203076720238,0.005784298293292522,0.06436420977115631
0.6899999976158142,37,0.03889450803399086,0.016885777935385704,9.819901466369629,1257.9798583984375,-465.4599914550781,1344.41064453125,-0.0018087847856804729,-0.007496933452785015,0.007016342598944902,0.06802721321582794
0.699999988079071,37,0.029654014855623245,0.012033699080348015,9.800697326660156,1274.2392578125,-464.47686767578125,1349.117431640625,-0.000613496929872781,-0.008064273744821548,0.004625767003744841,0.03035060130059719
0.7099999785423279,37,0.03961325064301491,0.007365958299487829,9.801071166992188,1292.6849365234375,-467.4290771484375,1357.6055908203125,-0.0011188287753611803,-0.008723926730453968,0.004625767003744841,0.0036630036775022745
0.7200000286102295,37,0.052742764353752136,0.007365958299487829,9.809109687805176,1306.666015625,-471.3353576660156,1366.41650390625,-0.0022838134318590164,-0.007837281562387943,0.0037391213700175285,-0.016745159402489662
0.7300000190734863,44,0.03905627876520157,0.007365958299487829,9.786153793334961,1310.6187744140625,-473.0750427246094,1372.260009765625,-0.0030674845911562443,-0.0062699392437934875,0.002171779051423073,-0.05860805884003639
0.7400000095367432,37,0.03945039212703705,0.008148586377501488,9.788137435913086,1302.1368408203125,-469.8770751953125,1377.35693359375,-0.0030674845911562443,-0.0049927206709980965,0.0028103883378207684,-0.05860805884003639
0.75,37,0.043409984558820724,0.016471825540065765,9.810860633850098,1257.9822998046875,-455.60772705078125,1386.0340576171875,-0.003324780147522688,-0.00213385047391057,0.005912244785577059,-0.07901622354984283
0.7599999904632568,38,0.04012244939804077,0.012678343802690506,9.812560081481934,1220.5228271484375,-447.5742492675781,1387.150390625,-0.0035133324563503265,-0.005238231737166643,0.009393731132149696,-0.08948194980621338
0.7699999809265137,38,0.04748574644327164,0.018128711730241776,9.79403305053711,1187.623046875,-442.0111083984375,1381.392822265625,0.00034694213536567986,-0.005736829712986946,0.0020385016687214375,-0.09157509356737137
0.7799999713897705,38,0.03905627876520157,0.025163739919662476,9.812536239624023,1156.23828125,-435.1950988769531,1371.5206298828125,-0.0020542959682643414,-0.0015045006293803453,0.001158590312115848,-0.09052851796150208
0.7900000214576721,45,0.03905627876520157,0.016932131722569466,9.795849800109863,1129.4312744140625,-427.2001953125,1361.2159423828125,-0.005521472543478012,-0.003815951757133007,0.004625767003744841,-0.06488749384880066
0.800000011920929,38,0.04067833349108696,0.01612686552107334,9.80074691772461,1105.4085693359375,-420.5174865722656,1348.5107421875,-0.005521472543478012,-0.003815951757133007,0.004625767003744841,-0.06488749384880066
0.8100000023841858,38,0.04252730309963226,0.014771819114685059,9.82493782043457,1099.4169921875,-418.8528137207031,1345.326904296875,-0.0010725324973464012,-0.007152657024562359,0.004625767003744841,-0.050758764147758484
0.8199999928474426,38,0.017819756641983986,0.023668555542826653,9.821113586425781,1089.75390625,-417.70794677734375,1340.0716552734375,-0.0027139487210661173,-0.010647611692547798,0.0025253149215132,-0.03610675036907196
0.8299999833106995,38,0.03146063908934593,0.011136803776025772,9.805545806884766,1073.216064453125,-416.4104309082031,1330.3135986328125,-0.004055701196193695,-0.009201481007039547,0.005136429797858,-0.02302459441125393
0.8399999737739563,38,0.03470040485262871,0.007365958299487829,9.808833122253418,1062.5875244140625,-417.53399658203125,1321.7325439453125,-0.0015158549649640918,-0.005945303477346897,0.0040003452450037,-0.016221873462200165
0.8500000238418579,38,0.02210397459566593,0.010816636495292187,9.817757606506348,1057.351806640625,-419.8436279296875,1314.41943359375,0.001114900573156774,-0.0033145479392260313,0.002534574130550027,-0.015698587521910667
0.8600000143051147,38,0.030649611726403236,0.019276781007647514,9.810393333435059,1054.9208984375,-423.73956298828125,1307.1065673828125,-0.0021704575046896935,-0.005797716788947582,0.00698491744697094,-0.020408162847161293
0.8700000047683716,38,0.035536400973796844,0.013437255285680294,9.806476593017578,1054.8931884765625,-427.7471923828125,1301.0084228515625,-0.0042944783344864845,-0.004536210559308529,0.008793561719357967,-0.024071166291832924
0.8799999952316284,39,0.0404231883585453,0.012860524468123913,9.798601150512695,1056.00634765625,-431.0193786621094,1294.32080078125,-0.002259963657706976,-0.001232614740729332,0.005594062153249979,-0.029827315360307693
0.8899999856948853,39,0.04818277433514595,0.008287647739052773,9.805545806884766,1056.8328857421875,-433.048583984375,1284.6842041015625,0.0000026655479814508,-0.0025996200274676085,0.0003179606865160167,-0.03610675036907196
0.8999999761581421,39,0.05230196565389633,0.020220031961798668,9.805545806884766,1057.5657958984375,-433.49273681640625,1274.1578369140625,0.0017218037974089384,-0.003934638574719429,0.002805337542667985,-0.040816325694322586
0.9100000262260437,39,0.03905627876520157,0.013803775422275066,9.802374839782715,1056.65283203125,-433.00604248046875,1264.1153564453125,0.0025753402151167393,-0.002096813404932618,0.010025886818766594,-0.04186289757490158
0.9200000166893005,39,0.04070113226771355,0.01063229888677597,9.79916000366211,1053.227294921875,-431.7601623535156,1253.4354248046875,0.002270626137033105,-0.001792099210433662,0.008610060438513756,-0.04395604506134987
0.9300000071525574,38,0.03701622411608696,0.022038618102669716,9.812446594238281,1047.5421142578125,-430.52008056640625,1243.026611328125,0.0015949797816574574,-0.00295708398334682,0.0020488835871219635,-0.05389848351478577
0.9399999976158142,39,0.026388192549347878,0.025967929512262344,9.814167022705078,1039.250732421875,-429.8846740722656,1234.096435546875,-0.001840490847826004,-0.004122069105505943,-0.0027387214358896017,-0.06959707289934158
0.949999988079071,39,0.03498160094022751,0.016932131722569466,9.793984413146973,1025.218994140625,-429.6181640625,1227.55908203125,-0.002572815166786313,-0.006019377615302801,0.002409433713182807,-0.08686551451683044
0.9599999785423279,38,0.04002799093723297,0.015022993087768555,9.800676345825195,1004.6287841796875,-429.7668762207031,1219.0537109375,-0.0047930763103067875,-0.009040425531566143,0.00812464952468872,-0.10308738797903061
0.9700000286102295,38,0.024277567863464355,0.008192784152925014,9.813237190246582,978.2288818359375,-430.2555236816406,1206.7647705078125,-0.0012139467289671302,-0.003695861902087927,0.007680204231292009,-0.11669283360242844
0.9800000190734863,38,0.020461292937397957,0.006677116267383099,9.806243896484375,946.9531860351562,-429.8020935058594,1192.346923828125,-0.006632304284721613,-0.0024727960117161274,0.013156643137335777,-0.12715855240821838
0.9900000095367432,38,0.02997647039592266,0.012149045243859291,9.804986953735352,911.7681884765625,-427.56036376953125,1176.3309326171875,-0.004302334506064653,-0.0001428264076821506,0.011991659179329872,-0.1329147070646286
1,38,0.02900584414601326,0.00996393896639347,9.81260871887207,873.4425659179688,-423.4740905761719,1157.1619873046875,-0.0008113085641525686,0.0010260865092277527,0.013148786500096321,-0.13657771050930023
1.0099999904632568,38,0.04331986978650093,0.009620056487619877,9.810672760009766,832.1956176757812,-416.2016296386719,1132.4732666015625,-0.003910639323294163,-0.0033041664864867926,0.0022242479026317596,-0.135007843375206
1.0199999809265137,37,0.04882877320051193,0.01911831647157669,9.807900428771973,790.5391235351562,-407.5640869140625,1107.0889892578125,-0.0022204015403985977,-0.00277891312725842,0.006129977758973837,-0.13239142298698425
1.0299999713897705,44,0.043873582035303116,0.026498304679989815,9.810393333435059,748.8130493164062,-398.0818176269531,1081.43505859375,-0.001840490847826004,-0.003563987324014306,0.007079754490405321,-0.1229722648859024
1.0399999618530273,37,0.036437541246414185,0.024037230759859085,9.805404663085938,696.23291015625,-383.8304443359375,1047.5941162109375,-0.001840490847826004,-0.003815951757133007,0.007079754490405321,-0.1229722648859024
1.0499999523162842,37,0.03706616908311844,0.02171521820127964,9.79813289642334,621.8474731445312,-360.39703369140625,997.1737060546875,-0.00013846826914232224,-0.0029649403877556324,0.0045267208479344845,-0.11773940175771713
1.059999942779541,37,0.04125593230128288,0.01911615952849388,9.795849800109863,621.8474731445312,-360.39703369140625,997.1737060546875,-0.00017550529446452856,-0.002588957780972123,0.010499793104827404,-0.11459968239068985
1.0700000524520874,37,0.03905627876520157,0.016932131722569466,9.793145179748535,593.2263793945312,-349.7197265625,972.1793823242188,-0.000613496929872781,0.0017730012768879533,0.010079759173095226,-0.10936682671308517
1.0800000429153442,36,0.03905627876520157,0.019669173285365105,9.799324035644531,559.570556640625,-336.4888000488281,943.6456298828125,-0.003273433307185769,0.00144808494951576,0.00774473836645484,-0.10361067205667496
1.090000033378601,36,0.03340406343340874,0.018909184262156487,9.811233520507812,528.2471313476562,-322.886474609375,915.2112426757812,-0.007330397609621286,-0.003170889103785157,0.005291873123496771,-0.09785452485084534
1.100000023841858,36,0.026526078581809998,0.016932131722569466,9.81232738494873,500.0772399902344,-309.0459289550781,884.9339599609375,-0.005956658162176609,-0.0028790817596018314,0.004876608960330486,-0.09105180203914642
1.1100000143051147,36,0.030534526333212852,0.016932131722569466,9.816361427307129,474.212646484375,-295.9876403808594,856.9008178710938,-0.0008825770346447825,-0.0006139269680716097,0.009743619710206985,-0.08581894636154175
1.1200000047683716,36,0.031204411759972572,0.016932131722569466,9.810928344726562,450.7570495605469,-284.02972412109375,828.4754638671875,-0.00022039873874746263,-0.001361963921226561,0.009069095365703106,-0.08110936731100082
1.1299999952316284,36,0.032525721937417984,0.007686124183237553,9.799298286437988,429.0448303222656,-273.19696044921875,799.2066040039062,-0.0007756745326332748,-0.0020718416199088097,0.0030438341200351715,-0.07692307978868484
1.1399999856948853,36,0.03741251304745674,0.015186849050223827,9.795849800109863,408.8851623535156,-262.6709289550781,770.294189453125,0.0009617017349228263,-0.004108881577849388,0.0030505682807415724,-0.07326007634401321
1.149999976158142,36,0.032570235431194305,0.02171521820127964,9.799113273620605,389.94073486328125,-251.84950256347656,742.9237670898438,-0.0020714113488793373,-0.005042945500463247,0.005621840246021748,-0.06959707289934158
1.159999966621399,36,0.029421672224998474,0.02171521820127964,9.800697326660156,371.51092529296875,-241.100830078125,717.5498657226562,-0.0034053076524287462,-0.005042945500463247,0.004456855356693268,-0.06593406945466995
1.1699999570846558,36,0.04294964298605919,0.028431160375475883,9.800697326660156,354.56756591796875,-230.18402099609375,691.7565307617188,-0.005521472543478012,-0.00536365294829011,0.0035056755878031254,-0.06227106228470802
1.1799999475479126,37,0.04178792983293533,0.017573542892932892,9.814591407775879,338.7518615722656,-219.5105743408203,666.8858032226562,-0.005431685596704483,-0.008634139783680439,0.004625767003744841,-0.05913134664297104
1.190000057220459,36,0.042577240616083145,0.026132864877581596,9.813002586364746,323.6585388183594,-209.0243377685547,643.03271484375,-0.0031017158180475235,-0.006304170470684767,0.004625767003744841,-0.055991627275943756
1.2000000476837158,36,0.043873582035303116,0.017021605744957924,9.803166389465332,309.376220703125,-199.04031372070312,620.0092163085938,-0.008806831203401089,-0.0039742011576890945,0.0011821594089269638,-0.05337519571185112
1.2100000381469727,36,0.03289377689361572,0.012149045243859291,9.811747550964355,296.599365234375,-190.33969116210938,597.4229125976562,-0.0016014330321922898,0.0005274886498227715,0.003116505453363061,-0.05128205195069313
1.2200000286102295,36,0.029421672224998474,0.012149045243859291,9.80398178100586,283.61468505859375,-182.2559814453125,577.03515625,-0.003685049945488572,-0.003003380261361599,0.009541879408061504,-0.04971219226717949
1.2300000190734863,36,0.040818389505147934,0.015920966863632202,9.819812774658203,271.11590576171875,-174.5844268798828,555.6192626953125,-0.005256320349872112,-0.007663319353014231,0.0069133685901761055,-0.0476190485060215
1.2400000095367432,36,0.05161036550998688,0.02077304571866989,9.801579475402832,258.8159484863281,-167.17726135253906,534.6777954101562,-0.006421305239200592,-0.007824094034731388,0.008552259765565395,-0.04447932913899422
1.25,42,0.0338188074529171,0.01389540545642376,9.799812316894531,246.81900024414062,-160.00106811523438,514.8724975585938,-0.002559347078204155,-0.004983461927622557,0.0070202709175646305,-0.039246466010808945
1.2599999904632568,36,0.029421672224998474,0.012149045243859291,9.800697326660156,234.78689575195312,-152.76986694335938,495.01556396484375,-0.000613496929872781,-0.003815951757133007,0.005852760747075081,-0.039246466010808945
1.2699999809265137,37,0.02534482441842556,0.012149045243859291,9.813006401062012,214.47218322753906,-141.4882049560547,460.0018005371094,-0.002041108440607786,-0.002388340188190341,0.00513895507901907,-0.0387231819331646
1.2799999713897705,36,0.03289703652262688,0.02861657738685608,9.802722930908203,211.1169891357422,-139.62490844726562,454.2189025878906,-0.0037192811723798513,-0.0026655574329197407,0.00788475014269352,-0.037153322249650955
1.2899999618530273,36,0.04267061501741409,0.01872376725077629,9.809183120727539,205.4602508544922,-136.3724365234375,444.8414306640625,-0.0019353280076757073,-0.0032261640299111605,0.011940311640501022,-0.03610675036907196
1.2999999523162842,36,0.03958827629685402,0.012677265331149101,9.810393333435059,196.03590393066406,-130.88873291015625,429.21820068359375,-0.002025395864620805,-0.0010056222090497613,0.010048053227365017,-0.03401360660791397
1.309999942779541,37,0.047765862196683884,0.01647290401160717,9.797245979309082,186.7487335205078,-125.31558990478516,413.5804443359375,-0.004124164115637541,-0.0012368233874440193,0.00445545231923461,-0.033490318804979324
1.3200000524520874,37,0.030993783846497536,0.025717832148075104,9.81365966796875,178.37155151367188,-119.89683532714844,397.8464050292969,-0.0014367303811013699,-0.004639185033738613,0.003786820685490966,-0.03192045912146568
1.3300000429153442,37,0.056384243071079254,0.026498304679989815,9.788107872009277,169.33729553222656,-114.95584869384766,382.4103698730469,0.00007000570622039959,-0.00723346509039402,0.006738003343343735,-0.030873887240886688
1.340000033378601,37,0.02638276480138302,0.02196747064590454,9.809115409851074,161.197265625,-110.36402130126953,367.00872802734375,0.0015607485547661781,-0.013008725829422474,0.00725147221237421,-0.029827315360307693
1.350000023841858,42,0.04776803404092789,0.0079157380387187,9.805731773376465,153.55307006835938,-106.0362548828125,352.4117126464844,0.000613496929872781,-0.002588957780972123,0.011987730860710144,-0.027210883796215057
1.3600000143051147,38,0.04869088903069496,0.007365958299487829,9.805545806884766,144.79994201660156,-101.39933776855469,336.0775451660156,0.0003020486910827458,-0.0029004060197621584,0.010741937905550003,-0.027210883796215057
1.3700000047683716,38,0.029580185189843178,0.016841579228639603,9.815150260925293,131.39642333984375,-94.82576751708984,307.93359375,-0.0024027812760323286,-0.00494923023506999,0.0024529241491109133,-0.02668759785592556
1.3799999952316284,38,0.024884482845664024,0.01674671471118927,9.815147399902344,130.83258056640625,-94.54924011230469,306.7496643066406,-0.00917074829339981,-0.0038793636485934258,0.0059161726385355,-0.025641025975346565
1.3899999856948853,38,0.03873056545853615,0.007365958299487829,9.810229301452637,126.13654327392578,-91.97908020019531,297.6931457519531,-0.008005763404071331,-0.006209332961589098,0.008246142417192459,-0.02459445409476757
1.399999976158142,38,0.029886357486248016,0.007596650160849094,9.805545806884766,119.90009307861328,-88.03508758544922,284.8475036621094,-0.00003268830187153071,-0.004000576213002205,0.006037385202944279,-0.023547880351543427
1.409999966621399,39,0.038754452019929886,0.012149045243859291,9.804027557373047,114.06437683105469,-83.88545989990234,272.4220886230469,-0.0004591757315210998,-0.004888624418526888,0.00907077919691801,-0.02302459441125393
1.4199999570846558,39,0.035724226385354996,0.012517721392214298,9.783547401428223,108.60491943359375,-80.33390808105469,262.1915283203125,-0.004656151402741671,0.00001037235779222101,0.012565732933580875,-0.022501308470964432
1.4299999475479126,39,0.05042259767651558,0.01649446412920952,9.810393333435059,102.4267349243164,-76.86946105957031,250.11399841308594,-0.0026755088474601507,0.0020406784024089575,0.013214724138379097,-0.021978022530674934
1.440000057220459,40,0.021317917853593826,0.012655705213546753,9.810393333435059,97.48136138916016,-73.5444564819336,238.03646850585938,-0.0009538453305140138,0.0032056632917374372,0.011441433802247047,-0.02093144878745079
1.4500000476837158,40,0.035398516803979874,0.016932131722569466,9.8109769821167,92.2977066040039,-70.64871215820312,226.99542236328125,-0.001438133418560028,0.002721375087276101,0.012410009279847145,-0.019884876906871796
1.4600000381469727,40,0.043873582035303116,0.020155351608991623,9.812627792358398,86.61004638671875,-68.10062408447266,216.76657104492188,-0.001840490847826004,0.002319017658010125,0.008638960309326649,-0.0193615909665823
1.4700000286102295,40,0.04315483942627907,0.037279386073350906,9.794403076171875,80.85919952392578,-65.62052154541016,206.55166625976562,-0.004642963875085115,0.0009177811443805695,0.0030502877198159695,-0.018315019086003304
1.4800000190734863,40,0.03905627876520157,0.018497388809919357,9.789326667785645,75.20459747314453,-63.22206497192383,197.35501098632812,-0.0010009832913056016,-0.002050797687843442,0.0009447852498851717,-0.01726844534277916
1.4900000095367432,40,0.03991398960351944,0.02564668469130993,9.805545806884766,70.43630981445312,-61.12435531616211,187.68943786621094,0.002564677968621254,-0.0020861513912677765,0.004980986472219229,-0.016745159402489662
1.5,40,0.042946383357048035,0.018032768741250038,9.80461311340332,66.02104949951172,-59.298606872558594,179.15896606445312,0.00009890586079563946,-0.0027079253923147917,0.00747537799179554,-0.016221873462200165
1.5099999904632568,41,0.04005296155810356,0.0025828713551163673,9.803706169128418,62.004215240478516,-57.74482345581055,171.19378662109375,0.0007442490314133465,-0.004912193398922682,0.00507834879681468,-0.015175300650298595
1.5199999809265137,41,0.04493975266814232,0.004700063727796078,9.806658744812012,58.443904876708984,-56.3616828918457,162.86776733398438,-0.000057098903198493645,-0.003370103659108281,0.00624333368614316,-0.014652014710009098
1.5299999713897705,41,0.044148270040750504,0.013276633806526661,9.785600662231445,54.88359832763672,-54.67387390136719,154.4467315673828,-0.005105646792799234,-0.005700073204934597,0.00806544627994299,-0.0141287287697196
1.5399999618530273,41,0.0282165315002203,0.019325291737914085,9.815241813659668,51.418365478515625,-53.5506591796875,147.03175354003906,-0.0011466065188869834,-0.006963823921978474,0.009427962824702263,-0.0141287287697196
1.5499999523162842,41,0.029702872037887573,0.021436017006635666,9.80882740020752,48.244808197021484,-52.24541473388672,141.2109375,-0.0026583930011838675,-0.0052474914118647575,0.005034858360886574,-0.0141287287697196
1.559999942779541,41,0.04252947121858597,0.008700522594153881,9.791001319885254,45.162132263183594,-51.057945251464844,134.55838012695312,-0.0016112537123262882,-0.0062699392437934875,0.007079754490405321,-0.013082155957818031
1.5700000524520874,44,0.03905627876520157,0.012149045243859291,9.791001319885254,42.10618209838867,-50.04269790649414,126.41331481933594,-0.00920245423913002,-0.0062699392437934875,0.007079754490405321,-0.012558870017528534
1.5800000429153442,41,0.0375731959939003,0.01362159289419651,9.796971321105957,39.38359451293945,-48.532554626464844,120.20834350585938,-0.009109861217439175,-0.006232901941984892,0.007024198770523071,-0.012558870017528534
1.590000033378601,41,0.0357915423810482,0.02309829369187355,9.808831214904785,34.63056182861328,-45.1276969909668,106.48365783691406,-0.003284937236458063,-0.0039029328618198633,0.0035292445681989193,-0.012035583145916462
1.600000023841858,41,0.0325680635869503,0.02962234988808632,9.80064868927002,31.660585403442383,-43.034175872802734,98.5481948852539,-0.006431967485696077,-0.00718043465167284,0.0033987730275839567,-0.011512297205626965
1.6100000143051147,41,0.024861682206392288,0.020291179418563843,9.797810554504395,29.2520809173584,-41.70184326171875,92.28754425048828,-0.006748466286808252,-0.009615903720259666,0.005517743527889252,-0.010989011265337467
1.6200000047683716,41,0.03423897549510002,0.02125275693833828,9.808621406555176,27.044937133789062,-40.61226272583008,85.88179779052734,-0.0017610857030376792,-0.006958492565900087,0.003857808420434594,-0.010989011265337467
1.6299999952316284,41,0.03789999708533287,0.013966553844511509,9.800019264221191,25.683643341064453,-39.44916915893555,80.49718475341797,-0.003419897984713316,-0.00533447228372097,0.004334240220487118,-0.010465724393725395
1.6399999856948853,42,0.043873582035303116,0.016932131722569466,9.798649787902832,24.322349548339844,-38.027854919433594,76.5082778930664,-0.0016741043655201793,-0.00416948739439249,0.002878850791603327,-0.009942438453435898
1.649999976158142,42,0.03993462026119232,0.013021147809922695,9.81237506866455,23.211252212524414,-37.10178756713867,71.19564056396484,-0.004670741502195597,-0.0013816048158332705,0.002171779051423073,-0.009942438453435898
1.659999966621399,42,0.03831690922379494,0.005341473501175642,9.811138153076172,21.869943618774414,-36.102664947509766,65.669189453125,-0.003001266857609153,0.0006144698127172887,0.00367065891623497,-0.0094191525131464
1.6699999570846558,41,0.043873582035303116,0.010956776328384876,9.805545806884766,20.19642448425293,-34.802513122558594,60.92871856689453,-0.001988358562812209,0.002466885605826974,0.0053131976164877415,-0.0094191525131464
1.6799999475479126,41,0.037339769303798676,0.017390280961990356,9.814312934875488,18.418222427368164,-33.22821807861328,57.54306411743164,-0.004318328108638525,0.001669746357947588,0.0021002301946282387,-0.008895865641534328
1.690000057220459,43,0.029421672224998474,0.012149045243859291,9.82493782043457,17.685216903686523,-31.89573860168457,53.55415344238281,-0.005521472543478012,-0.00013497007603291422,-0.0015092025278136134,-0.007849293760955334
1.7000000476837158,41,0.03637240082025528,0.005247687920928001,9.81094741821289,17.042057037353516,-31.477861404418945,50.32578659057617,-0.002513050800189376,-0.002140584634616971,-0.0000049916220632439945,-0.007849293760955334
1.7100000381469727,41,0.043873582035303116,0.007277562282979488,9.795849800109863,16.80542755126953,-31.377492904663086,49.157318115234375,-0.0007958765490911901,-0.007239918224513531,0.0026111735496670008,-0.007849293760955334
1.7200000286102295,41,0.031594183295965195,0.024247441440820694,9.803263664245605,16.561172485351562,-30.928543090820312,47.47734832763672,-0.003257159609347582,-0.007781445514410734,0.0022666165605187416,-0.007326007355004549
1.7300000190734863,41,0.032413892447948456,0.018744250759482384,9.818017959594727,15.965166091918945,-29.869579315185547,43.66844177246094,0.0005789851420558989,-0.001396475825458765,0.0016100498614832759,-0.006802720949053764
1.7400000095367432,41,0.04646843671798706,0.015095219016075134,9.82493782043457,15.546307563781738,-29.33658790588379,42.67121124267578,-0.0025607498828321695,-0.004789578262716532,0.007333121728152037,-0.006802720949053764
1.75,41,0.03536920249462128,0.02436063066124916,9.814212799072266,14.838579177856445,-28.395174026489258,39.84000778198242,-0.000613496929872781,-0.003815951757133007,0.006967240013182163,-0.006802720949053764
1.7599999904632568,41,0.024604368954896927,0.02378389984369278,9.813798904418945,14.535905838012695,-27.904767990112305,38.21437454223633,-0.00035479848156683147,-0.003945300821214914,0.00023518830130342394,-0.006279435008764267
1.7699999809265137,41,0.021801061928272247,0.02171521820127964,9.820089340209961,14.478344917297363,-27.55826759338379,36.61840057373047,0.0017731506377458572,-0.005177625920623541,0.004827787633985281,-0.006279435008764267
1.7799999713897705,41,0.02553265169262886,0.018862830474972725,9.820089340209961,14.297651290893555,-27.133268356323242,34.6500358581543,0.0006188280531205237,-0.0074756089597940445,0.008306748233735561,-0.005756148602813482
1.7899999618530273,41,0.03530623018741608,0.011089370585978031,9.808245658874512,13.459931373596191,-26.77794075012207,33.9852180480957,0.0017838128842413425,-0.0028156694024801254,0.008306748233735561,-0.005232862196862698
1.7999999523162842,41,0.05411510542035103,0.004375585820525885,9.815852165222168,13.444085121154785,-26.074005126953125,33.10298538208008,-0.002592736389487982,-0.002588957780972123,0.008306748233735561,-0.005232862196862698
1.809999942779541,41,0.06006154790520668,0.01176096498966217,9.81873607635498,13.365918159484863,-25.89383316040039,31.885713577270508,-0.005160080268979073,-0.002588957780972123,0.008306748233735561,-0.0047095762565732
1.8200000524520874,41,0.048873286694288254,0.02006048709154129,9.808899879455566,13.314802169799805,-25.711956024169922,30.95308494567871,-0.007490049581974745,-0.002588957780972123,0.007322459481656551,-0.0047095762565732
1.8300000429153442,41,0.043873582035303116,0.0185178704559803,9.812026977539062,13.05351734161377,-25.627538681030273,30.521947860717773,-0.0005972229992039502,-0.0016666781157255173,0.007079754490405321,-0.0047095762565732
1.840000033378601,41,0.04716329276561737,0.023464811965823174,9.818552017211914,12.146796226501465,-26.200130462646484,30.406421661376953,0.0009802201529964805,-0.0030825051944702864,0.004498942755162716,-0.0047095762565732
1.850000023841858,41,0.045331694185733795,0.019827639684081078,9.816709518432617,12.042080879211426,-25.667139053344727,30.184814453125,-0.000983026111498475,-0.002219428541138768,0.007390080485492945,-0.0047095762565732
1.8600000143051147,41,0.03358754888176918,0.016932131722569466,9.822142601013184,12.191200256347656,-25.923704147338867,29.515554428100586,-0.0025767432525753975,-0.00283446884714067,0.009533742442727089,-0.0047095762565732
1.8700000047683716,42,0.029421672224998474,0.020405447110533714,9.803814888000488,12.34058666229248,-26.11318016052246,30.13770294189453,-0.0010447545209899545,-0.003815951757133007,0.006836769171059132,-0.0041862898506224155
1.8799999952316284,42,0.018718725070357323,0.007545983884483576,9.810211181640625,12.480778694152832,-26.14327621459961,31.161582946777344,-0.002447674749419093,-0.002591483062133193,0.002176829846575856,-0.0041862898506224155
1.8899999856948853,42,0.018606897443532944,0.009805472567677498,9.80426025390625,12.64657211303711,-26.2506160736084,31.020780563354492,-0.004971247166395187,-0.0024624145589768887,0.0024689175188541412,-0.0041862898506224155
1.899999976158142,42,0.01978706568479538,0.012149045243859291,9.800697326660156,12.437142372131348,-26.517112731933594,31.57479476928711,-0.004782694857567549,-0.006745249032974243,0.006340976804494858,-0.0041862898506224155
1.909999966621399,42,0.023563170805573463,0.004650475922971964,9.793096542358398,12.50088119506836,-26.706363677978516,31.936111450195312,-0.005521472543478012,-0.01032550074160099,0.00835837610065937,-0.0041862898506224155
1.9199999570846558,42,0.039986733347177505,0.01785597763955593,9.8219633102417,12.206663131713867,-26.996835708618164,32.5499382019043,-0.002972086425870657,-0.00690293638035655,0.010032339952886105,-0.0041862898506224155
1.9299999475479126,42,0.03995850682258606,0.017827950417995453,9.806145668029785,12.144224166870117,-27.316600799560547,33.591712951660156,0.0021609177347272635,-0.0010780129814520478,0.008306748233735561,-0.0041862898506224155
1.940000057220459,42,0.0470254048705101,0.009019610472023487,9.796688079833984,12.616328239440918,-27.641983032226562,35.068878173828125,0.00010704277519835159,0.0025852920953184366,0.008066568523645401,-0.0036630036775022745
1.9500000476837158,42,0.044636838138103485,0.003340705530717969,9.816248893737793,12.302183151245117,-28.26380729675293,36.73092269897461,0.0027111428789794445,-0.0010056222090497613,0.005654387641698122,-0.0036630036775022745
1.9600000381469727,42,0.047997117042541504,0.018959850072860718,9.803489685058594,11.988039016723633,-28.96834373474121,38.18662643432617,0.0007296586991287768,0.0000465677585452795,-0.0021553875412791967,-0.0036630036775022745
1.9700000286102295,42,0.05707692727446556,0.02171521820127964,9.81757640838623,12.33029842376709,-29.307771682739258,40.012939453125,0.0017863381654024124,-0.00978846289217472,0.00372368935495615,-0.0036630036775022745
1.9800000190734863,42,0.06258799880743027,0.02594744600355625,9.81151008605957,12.716756820678711,-29.731616973876953,41.853858947753906,0.0006213532178662717,-0.0062935082241892815,0.010713598690927029,-0.0031397175043821335
1.9900000095367432,42,0.05014682933688164,0.013594643212854862,9.806034088134766,12.797672271728516,-30.422082901000977,43.5662727355957,-0.00632927380502224,-0.00048429713933728635,0.010760736651718616,-0.0031397175043821335
2,42,0.04428941011428833,0.012149045243859291,9.801115989685059,12.797672271728516,-31.043909072875977,45.449920654296875,-0.006748466286808252,-0.001230089459568262,0.014046095311641693,-0.0031397175043821335
2.009999990463257,42,0.02598973736166954,0.016588250175118446,9.818695068359375,12.381887435913086,-31.665733337402344,47.77353286743164,-0.004682245664298534,-0.006527515593916178,0.010309277102351189,-0.002616431098431349
2.0199999809265137,42,0.02914481610059738,0.0079157380387187,9.806381225585938,12.439299583435059,-32.220218658447266,50.520362854003906,-0.005265580024570227,-0.0016703257570043206,0.007591539993882179,-0.002616431098431349
2.0299999713897705,42,0.029421672224998474,0.025674711912870407,9.79626750946045,12.758352279663086,-32.98569869995117,52.29928207397461,-0.0073396568186581135,-0.0037713388446718454,0.009807031601667404,-0.002616431098431349
2.0399999618530273,42,0.03410109132528305,0.017205944284796715,9.805268287658691,13.025993347167969,-33.83456802368164,53.842952728271484,-0.0028929614927619696,-0.005042945500463247,0.007372403983026743,-0.0020931449253112078
2.049999952316284,42,0.029490072280168533,0.01693321019411087,9.810321807861328,12.932631492614746,-34.401268005371094,57.301876068115234,-0.0021836450323462486,-0.004257871303707361,0.008207983337342739,-0.0020931449253112078
2.059999942779541,41,0.02935110032558441,0.02157507836818695,9.800484657287598,13.037345886230469,-35.55608367919922,61.17998123168945,-0.0008982897270470858,-0.003815951757133007,0.004472287371754646,-0.0015698587521910667
2.069999933242798,41,0.025024540722370148,0.012288106605410576,9.786857604980469,12.970414161682129,-36.346866607666016,62.696937561035156,-0.002030726755037904,-0.005138063337653875,0.006233233027160168,-0.0010465724626556039
2.0799999237060547,41,0.03884673863649368,0.017348239198327065,9.809971809387207,13.417004585266113,-37.265384674072266,66.15723419189453,-0.0036954316310584545,-0.008666126988828182,0.0101616894826293,-0.0010465724626556039
2.0899999141693115,41,0.03451800346374512,0.025390122085809708,9.801539421081543,14.144658088684082,-38.30024337768555,70.3167953491211,-0.0030674845911562443,-0.010640877299010754,0.010607818141579628,-0.0005232862313278019
2.0999999046325684,40,0.0404503308236599,0.007365958299487829,9.815592765808105,14.61974811553955,-39.3493766784668,73.02023315429688,-0.0021174270659685135,-0.0066257198341190815,0.010562644340097904,-0.0005232862313278019
2.109999895095825,40,0.0570714995265007,0.00944110844284296,9.819668769836426,14.72446346282959,-40.9483528137207,79.4468002319336,-0.0026785952504724264,-0.0030140425078570843,0.007893729023635387,-6.971419969081794e-17
2.119999885559082,40,0.04289861395955086,0.029345303773880005,9.813769340515137,15.475058555603027,-42.31250762939453,84.50652313232422,-0.006397455930709839,-0.004865896888077259,0.007079754490405321,-0.0005232862313278019
2.130000114440918,40,0.03368200361728668,0.013255073688924313,9.800697326660156,16.10967445373535,-43.759849548339844,89.02366638183594,-0.005521472543478012,-0.001361963921226561,0.006212749984115362,-9.302454639925628e-17
2.140000104904175,40,0.03192749619483948,0.019849199801683426,9.800066947937012,16.633249282836914,-45.087039947509766,93.52754974365234,-0.005748465191572905,-0.00158895633649081,0.0038527578581124544,0.0005232862313278019
2.1500000953674316,40,0.049386829137802124,0.009438952431082726,9.802153587341309,17.212522506713867,-46.20027542114258,98.31172943115234,-0.006088532507419586,-0.002588957780972123,0.005852760747075081,1.1622647289044608e-16
2.1600000858306885,40,0.05044648423790932,0.020955227315425873,9.834859848022461,18.050241470336914,-47.53275680541992,103.18706512451172,-0.0019434652058407664,-0.0026919320225715637,0.005749786272644997,0
2.1700000762939453,40,0.03423897549510002,0.016103150323033333,9.80871295928955,18.493106842041016,-49.283939361572266,108.1668472290039,-0.0028626583516597748,-0.0037749866023659706,0.004625767003744841,0
2.180000066757202,40,0.03243017941713333,0.014842967502772808,9.802517890930176,18.763673782348633,-50.93478012084961,113.07453155517578,0.0029622656293213367,-0.002610001480206847,0.004625767003744841,0.0005232862313278019
2.190000057220459,39,0.02655213698744774,0.026498304679989815,9.808433532714844,19.220996856689453,-52.65993118286133,118.26463317871094,0.005355366971343756,-0.001445016823709011,0.003481825813651085,1.6273874609007422e-16
2.200000047683716,39,0.03110886923968792,0.023390430957078934,9.800697326660156,19.878969192504883,-54.46175003051758,123.8841781616211,-0.0009701192611828446,-0.0035258280113339424,0.006644568871706724,0.0005232862313278019
2.2100000381469727,39,0.01978706568479538,0.0143589461222291,9.796217918395996,20.299158096313477,-56.06147766113281,129.75064086914062,-0.0038803364150226116,-0.001776105840690434,0.006059831939637661,0.0005232862313278019
2.2200000286102295,39,0.02096940577030182,0.02171521820127964,9.789634704589844,21.032163619995117,-57.83811950683594,134.18276977539062,-0.001420737011358142,-0.001361963921226561,0.0029790191911160946,0.0005232862313278019
2.2300000190734863,40,0.028359847143292427,0.015500547364354134,9.813982009887695,21.120441436767578,-59.47802734375,139.5529327392578,0.0011783125810325146,-0.005841488018631935,0.0003799695987254381,0.0005232862313278019
2.240000009536743,39,0.04037759080529213,0.008295194245874882,9.8130521774292,21.29584503173828,-61.55226135253906,145.08531188964844,0.0026743863709270954,-0.006663037464022636,0.0005516870296560228,0.0005232862313278019
2.25,39,0.04665517807006836,0.025017132982611656,9.818690299987793,21.651792526245117,-63.85276412963867,151.01393127441406,-0.0007919483468867838,-0.003954279702156782,0.006347991991788149,0.0005232862313278019
2.259999990463257,39,0.05350819230079651,0.005049335304647684,9.810832977294922,21.861221313476562,-65.71823120117188,157.9376983642578,-0.0016477295430377126,-0.0018790801987051964,0.009533742442727089,0.0005232862313278019
2.2699999809265137,39,0.04738911986351013,0.02171521820127964,9.802237510681152,22.07065200805664,-67.58370971679688,162.48062133789062,-0.0019092338625341654,-0.003305569291114807,0.008885873481631279,0.0005232862313278019
2.2799999713897705,39,0.03423897549510002,0.02171521820127964,9.799107551574707,22.01897430419922,-68.93234252929688,168.9575653076172,-0.002481625182554126,-0.003285367274656892,0.009478467516601086,0.0010465724626556039
2.2899999618530273,39,0.04425141215324402,0.02502899058163166,9.806305885314941,22.351537704467773,-70.70591735839844,175.8273468017578,0.0007787608192302287,-0.001361963921226561,0.010760736651718616,0.0010465724626556039
2.299999952316284,38,0.05271345004439354,0.02092612348496914,9.826836585998535,22.90402603149414,-72.45206451416016,181.89505004882812,0.0038326370995491743,-0.0036711704451590776,0.008451529778540134,0.0020931449253112078
2.309999942779541,38,0.030623555183410645,0.000788001052569598,9.80130672454834,23.322885513305664,-73.5859146118164,186.7886199951172,0.0002686592342797667,-0.005097940098494291,0.004625767003744841,0.0020931449253112078
2.319999933242798,38,0.026481565088033676,0.003391371574252844,9.806614875793457,23.741744995117188,-75.18489074707031,193.3260040283203,-0.005859295837581158,-0.0011484395945444703,0.003612297587096691,0.002616431098431349
2.3299999237060547,38,0.025528309866786003,0.023746170103549957,9.794819831848145,24.347566604614258,-77.10107421875,199.07205200195312,-0.006196837872266769,-0.0035401375498622656,0.00011734299187082797,0.002616431098431349
2.3399999141693115,38,0.027851732447743416,0.034842029213905334,9.798328399658203,24.70020294189453,-79.69844055175781,205.81680297851562,-0.004080673214048147,-0.002588957780972123,-0.0014533662470057607,0.0036630036775022745
2.3499999046325684,38,0.03905627876520157,0.022356627508997917,9.817340850830078,25.087017059326172,-82.5546646118164,213.41134643554688,-0.0032192806247621775,-0.00243716174736619,0.005384746938943863,0.0041862898506224155
2.359999895095825,43,0.03905627876520157,0.016932131722569466,9.820089340209961,25.675750732421875,-85.29167938232422,221.2217559814453,-0.0042944783344864845,-0.001361963921226561,0.010760736651718616,0.0047095762565732
2.369999885559082,38,0.04573015123605728,0.012514486908912659,9.813373565673828,26.0946102142334,-87.95663452148438,228.31314086914062,-0.004238922614604235,-0.001361963921226561,0.010399624705314636,0.0047095762565732
2.380000114440918,39,0.04891997203230858,0.005088143981993198,9.807853698730469,27.91242790222168,-93.58851623535156,244.709228515625,-0.0019089533016085625,-0.001361963921226561,-0.0047451769933104515,0.005232862196862698
2.390000104904175,38,0.04860077425837517,0.004929678048938513,9.803257942199707,28.44085121154785,-95.20728302001953,249.430908203125,-0.0007097371853888035,0.0008995431708171964,0.0038558444939553738,0.005232862196862698
2.4000000953674316,38,0.06324051320552826,0.021860748529434204,9.80319595336914,28.796384811401367,-96.71531677246094,253.94537353515625,0.003661480965092778,0.00002327931724721566,0.006763255689293146,0.005756148602813482
2.4100000858306885,38,0.05776200816035271,0.02861010655760765,9.80031967163086,29.60805892944336,-99.77994537353516,263.141845703125,0.0012742722174152732,-0.00013497007603291422,0.008086489513516426,0.006279435008764267
2.4200000762939453,38,0.043873582035303116,0.008946306072175503,9.79876708984375,30.646930694580078,-102.72825622558594,271.997314453125,0.003447675844654441,0.0008097562822513282,0.010196201503276825,0.006279435008764267
2.430000066757202,38,0.038590509444475174,0.008290882222354412,9.805545806884766,31.170507431030273,-106.72570037841797,280.30755615234375,-0.002767259953543544,-0.0033215624280273914,0.008112584240734577,0.006802720949053764
2.440000057220459,38,0.039661020040512085,0.02500743232667446,9.802817344665527,32.02129364013672,-111.07011413574219,289.4833984375,-0.0038800558540970087,-0.0034015290439128876,0.011183295398950577,0.007326007355004549
2.450000047683716,38,0.029971042647957802,0.025759875774383545,9.803495407104492,32.96372985839844,-115.41460418701172,299.50726318359375,-0.0015500863082706928,0.0012045379262417555,0.011697325855493546,0.007326007355004549
2.4600000381469727,38,0.025487052276730537,0.016055718064308167,9.799809455871582,33.9388313293457,-119.84481811523438,309.7915954589844,0.0014765732921659946,-0.0020275090355426073,0.00797397643327713,0.008372579701244831
2.4700000286102295,38,0.029421672224998474,0.026642758399248123,9.80466365814209,35.01028060913086,-124.6142578125,319.6536865234375,0.0017981225391849875,-0.0062699392437934875,0.0033140366431325674,0.008372579701244831
2.4800000190734863,38,0.029421672224998474,0.02716127596795559,9.801369667053223,36.37157440185547,-129.0558624267578,330.8448181152344,0.0029041848611086607,-0.003979251254349947,0.0043808170594275,0.008895865641534328
2.490000009536743,38,0.029421672224998474,0.0034948596730828285,9.820473670959473,37.46812438964844,-133.7220458984375,340.3551025390625,0.0019468324026092887,-0.001872626831755042,0.007796085439622402,0.008372579701244831
2.5,38,0.026293735951185226,-0.0007718653650954366,9.815746307373047,38.32423400878906,-138.2140655517578,350.7646484375,-0.0030674845911562443,-0.002588957780972123,0.008425716310739517,0.008895865641534328
2.509999990463257,38,0.02140694670379162,0.0057575819082558155,9.80876350402832,39.37014389038086,-142.66636657714844,361.3349304199219,-0.001907550380565226,-0.0033622472546994686,0.011147381737828255,0.008895865641534328
2.5199999809265137,38,0.03285469114780426,0.010609661228954792,9.810393333435059,40.868141174316406,-147.3596649169922,370.98712158203125,-0.0013343172613531351,-0.004069038201123476,0.010689187794923782,0.0094191525131464
2.5299999713897705,38,0.03905627876520157,0.008836350403726101,9.807036399841309,41.91529083251953,-152.5119171142578,381.4026184082031,-0.0054353331215679646,-0.0016245906008407474,0.0065545011311769485,0.010465724393725395
2.5399999618530273,39,0.04246215522289276,0.010747645050287247,9.815828323364258,43.90937042236328,-158.1461639404297,392.11871337890625,-0.00041287936619482934,-0.0027895753737539053,0.004826384596526623,0.010465724393725395
2.549999952316284,39,0.03692285344004631,0.01905040256679058,9.795607566833496,46.003665924072266,-164.00987243652344,401.9761657714844,0.000613496929872781,-0.004370385780930519,0.0057141524739563465,0.010989011265337467
2.559999942779541,39,0.03423897549510002,0.01819554716348648,9.811125755310059,47.68794631958008,-170.23214721679688,412.503173828125,0.0008432952454313636,-0.008417529053986073,0.004855565261095762,0.011512297205626965
2.569999933242798,39,0.045081980526447296,0.013343469239771366,9.801902770996094,48.96575164794922,-176.75230407714844,424.35882568359375,0.004221526440232992,-0.003830542089417577,0.008306748233735561,0.012035583145916462
2.5799999237060547,39,0.0523747093975544,0.01946435496211052,9.806971549987793,50.745906829833984,-183.05938720703125,435.7715759277344,-0.0016033974243327975,-0.004995526745915413,0.008306748233735561,0.012558870017528534
2.5899999141693115,39,0.034741662442684174,0.025441864505410194,9.810393333435059,52.93061447143555,-189.366455078125,446.86322021484375,0.003747339593246579,-0.0016902470961213112,0.003836484160274267,0.013605441898107529
2.5999999046325684,39,0.03706725314259529,0.018907027319073677,9.802699089050293,55.1296272277832,-195.67352294921875,457.781494140625,0.0011278073070570827,-0.0034730781335383654,0.0002321018255315721,0.014652014710009098
2.609999895095825,39,0.04294855520129204,0.005338239949196577,9.800697326660156,57.22463607788086,-201.84825134277344,469.6306457519531,-0.005347791127860546,-0.00282240379601717,0.0017048873705789447,0.015698587521910667
2.619999885559082,39,0.035950057208538055,0.018317362293601036,9.816645622253418,59.62574768066406,-207.95864868164062,482.5999450683594,-0.007680004928261042,-0.005383574403822422,-0.0006228377460502088,0.01726844534277916
2.630000114440918,39,0.02617648057639599,0.0097073744982481,9.816032409667969,63.14590835571289,-214.2608642578125,495.908447265625,-0.002758281072601676,-0.00453087966889143,0.005447036121040583,0.019884876906871796
2.640000104904175,39,0.02870510332286358,0.0032943515107035637,9.806987762451172,65.24020385742188,-220.3902587890625,509.64801025390625,0.0001940238435054198,-0.005430993158370256,0.010729311034083366,0.021454736590385437
2.6500000953674316,39,0.021081233397126198,0.00672347005456686,9.818136215209961,68.74576568603516,-227.1534881591797,523.9146728515625,-0.0023685498163104057,-0.004033404402434826,0.009005683474242687,0.02302459441125393
2.6600000858306885,39,0.0028282462153583765,-0.01789158768951893,9.790223121643066,72.73711395263672,-234.92529296875,538.3190307617188,-0.0015604677610099316,-0.00463946582749486,0.007079754490405321,0.02459445409476757
2.6700000762939453,39,0.04791894555091858,0.05140334367752075,9.794827461242676,76.88875579833984,-243.24937438964844,554.085693359375,0.0018564841011539102,-0.007512926124036312,0.004593780264258385,0.026164311915636063
2.680000066757202,38,0.05350819230079651,-0.0008861336391419172,9.8134765625,81.2286376953125,-251.40419006347656,572.4443969726562,0.00027006209711544216,-0.006485988851636648,0.0016122945817187428,0.026164311915636063
2.690000057220459,38,0.06685267388820648,0.037182364612817764,9.792859077453613,86.04552459716797,-260.2873840332031,588.178466796875,-0.0030674845911562443,-0.0023235254921019077,0.0029346870724111795,0.027210883796215057
2.700000047683716,38,0.022783629596233368,0.018419772386550903,9.804640769958496,90.77295684814453,-269.17059326171875,605.3323974609375,-0.0021965517662465572,-0.00013497007603291422,0.006288227159529924,0.0282574575394392
2.7100000381469727,38,0.05648412927985191,0.0032684793695807457,9.791696548461914,95.67980194091797,-278.38409423828125,623.1404418945312,-0.00024003961880225688,-0.002002256689593196,0.006706297397613525,0.0287807434797287
2.7200000286102295,38,0.06298211216926575,0.039571214467287064,9.805060386657715,100.50450134277344,-287.7318420410156,641.2013549804688,0.0012363934656605124,-0.0050241462886333466,0.005852760747075081,0.03035060130059719
2.7300000190734863,38,0.0584166944026947,0.007999822497367859,9.815058708190918,105.14905548095703,-297.05059814453125,659.2288818359375,0.002069727750495076,-0.0018608423415571451,0.00709995673969388,0.03192045912146568
2.740000009536743,38,0.04849546030163765,0.040459487587213516,9.796369552612305,110.59423065185547,-306.8221130371094,677.0682373046875,-0.0014656306011602283,-0.003815951757133007,0.010863150469958782,0.032967034727334976
2.75,38,0.024721626192331314,0.01623358763754368,9.838301658630371,115.9435043334961,-317.65130615234375,697.03857421875,0.0003626548277679831,-0.0039413729682564735,0.0052528721280395985,0.033490318804979324
2.759999990463257,38,0.02998190000653267,-0.011210140772163868,9.792129516601562,121.14129638671875,-329.2433166503906,716.978271484375,-0.0019039028557017446,-0.004979533609002829,0.01057050097733736,0.032967034727334976
2.7699999809265137,38,0.04233621433377266,0.0020740553736686707,9.819573402404785,126.45941162109375,-341.6229248046875,736.3666381835938,-0.0030674845911562443,-0.0038131459150463343,0.007085366174578667,0.03192045912146568
2.7799999713897705,38,0.015621189959347248,-0.004719502292573452,9.810065269470215,131.7872772216797,-354.63006591796875,755.5320434570312,-0.0030674845911562443,-0.0014831761363893747,0.01174530666321516,0.03244374692440033
2.7899999618530273,38,0.024604368954896927,0.026105912402272224,9.805545806884766,136.29002380371094,-367.7772216796875,775.9197998046875,0.00024565125931985676,0.0008467933512292802,0.008674593642354012,0.031397175043821335
2.799999952316284,37,0.025533737614750862,0.02171521820127964,9.805078506469727,141.30450439453125,-381.01116943359375,794.2498779296875,0.002698236145079136,-0.0020350851118564606,0.004137270152568817,0.030873887240886688
2.809999942779541,37,0.034773144870996475,0.02065446600317955,9.800159454345703,146.0974884033203,-392.9934387207031,811.9562377929688,0.0011067636078223586,-0.0006282367394305766,0.0033987730275839567,0.029304029420018196
2.819999933242798,37,0.03905627876520157,0.012149045243859291,9.794634819030762,150.8628692626953,-404.13531494140625,830.1387939453125,0.0024501997977495193,-0.0010533215245231986,0.005235475953668356,0.027734169736504555
2.8299999237060547,37,0.03770999610424042,0.01348576508462429,9.788863182067871,155.8516387939453,-414.39794921875,847.459716796875,-0.001214227289892733,0.00035072086029686034,0.005852760747075081,0.02668759785592556
2.8399999141693115,37,0.030906924977898598,0.025401977822184563,9.804798126220703,161.28457641601562,-423.3699645996094,860.8855590820312,-0.0022731514181941748,-0.0004966428386978805,0.0018810941837728024,0.026164311915636063
2.8499999046325684,37,0.04068050533533096,0.04482430964708328,9.801514625549316,166.41561889648438,-432.3420104980469,877.5060424804688,-0.001108166528865695,-0.0035589367616921663,0.002647088374942541,0.026164311915636063
2.859999895095825,36,0.04780929163098335,0.035595547407865524,9.804657936096191,170.87283325195312,-440.45660400390625,891.7201538085938,-0.000613496929872781,-0.0030319998040795326,0.003955451771616936,0.02668759785592556
2.869999885559082,36,0.044824663549661636,0.011204717680811882,9.801654815673828,175.7030792236328,-449.0205993652344,904.78076171875,-0.000005190804131416371,-0.00197026995010674,0.005831997375935316,0.026164311915636063
2.880000114440918,36,0.04971145838499069,0.00837927870452404,9.802464485168457,181.14938354492188,-458.6768493652344,917.15234375,-0.002117988420650363,-0.004227848723530769,0.005028965882956982,0.026164311915636063
2.890000104904175,36,0.04696786403656006,0.005655171815305948,9.794292449951172,187.05552673339844,-469.5143737792969,929.1085205078125,-0.005521472543478012,-0.005301363300532103,0.0014290731633082032,0.025117740035057068
2.9000000953674316,36,0.029242530465126038,-0.009641650132834911,9.800877571105957,193.33840942382812,-480.35186767578125,941.961669921875,-0.005099193658679724,-0.005927346181124449,0.0034386159386485815,0.024071166291832924
2.9100000858306885,36,0.043873582035303116,0.012149045243859291,9.797285079956055,199.34930419921875,-491.18939208984375,953.3756713867188,-0.006095827557146549,-0.006708492059260607,0.006573300343006849,0.02302459441125393
2.9200000762939453,36,0.03997804597020149,0.012149045243859291,9.824559211730957,205.05364990234375,-500.79315185546875,964.9864501953125,-0.008639882318675518,0.001092023798264563,0.007113704923540354,0.021454736590385437
2.930000066757202,36,0.025317681953310966,0.013507325202226639,9.807640075683594,210.6450653076172,-508.76019287109375,975.87548828125,-0.0025949811097234488,-0.00008923484710976481,0.004343779757618904,0.021454736590385437
2.940000057220459,36,0.017844727262854576,0.016932131722569466,9.800697326660156,216.24876403808594,-515.0890502929688,985.65283203125,-0.000613496929872781,-0.005217188037931919,0.007609777618199587,0.021978022530674934
2.950000047683716,36,0.020083464682102203,0.013939603231847286,9.808279991149902,221.5892333984375,-520.1524658203125,997.287109375,-0.0007257305551320314,-0.006045471876859665,0.002949838526546955,0.022501308470964432
2.9600000381469727,36,0.01803472638130188,0.007365958299487829,9.821764945983887,226.05563354492188,-524.7216186523438,1006.5579223632812,-0.001639592694118619,-0.0037657271604985,-0.0015092025278136134,0.024071166291832924
2.9700000286102295,36,0.03259303793311119,0.017171448096632957,9.81358528137207,230.81642150878906,-529.8059692382812,1016.7952880859375,0.003020346397534013,-0.00260074227117002,-0.0015092025278136134,0.027210883796215057
2.9800000190734863,36,0.031137095764279366,0.025845037773251534,9.810393333435059,235.7860107421875,-536.1127319335938,1027.340087890625,0.0007610840839333832,-0.006048558279871941,0.004256799351423979,0.03035060130059719
2.990000009536743,36,0.030669154599308968,0.009138191118836403,9.810393333435059,241.11671447753906,-544.1307983398438,1037.743896484375,-0.0015688855201005936,-0.008452321402728558,0.008990531787276268,0.03401360660791397
3,36,0.04685711860656738,0.006625371985137463,9.802928924560547,247.50433349609375,-554.0799560546875,1048.4918212890625,-0.0008113086223602295,-0.005636380519717932,0.0043878317810595036,0.03663003817200661
3.009999990463257,36,0.0670209601521492,0.001620217110030353,9.804553985595703,254.30618286132812,-567.806884765625,1060.5546875,-0.005449362099170685,-0.00310859945602715,0.01210333127528429,0.0387231819331646
3.0199999809265137,36,0.0458669513463974,0.007365958299487829,9.82092571258545,261.8236083984375,-582.6480712890625,1072.8829345703125,-0.00041231850627809763,-0.0016837937291711569,0.012631390243768692,0.04186289757490158
3.0299999713897705,36,0.04869088903069496,-0.0008268429082818329,9.813165664672852,270.0623474121094,-598.5770874023438,1085.9840087890625,-0.0032184389419853687,-0.0022051187697798014,0.013674040324985981,0.04343275725841522
3.0399999618530273,36,0.046558551490306854,0.0030539571307599545,9.810393333435059,278.6342468261719,-615.1886596679688,1099.7867431640625,0.0007276944234035909,-0.0018078119028359652,0.012879426591098309,0.04552590101957321
3.049999952316284,37,0.04607540741562843,0.008598112501204014,9.803746223449707,286.9861145019531,-631.8451538085938,1113.8487548828125,0.0035753415431827307,-0.004238510970026255,0.006234636064618826,0.04918890818953514
3.059999942779541,36,0.04641957953572273,0.008802931755781174,9.802706718444824,296.8293151855469,-649.3450317382812,1129.804443359375,0.0030674845911562443,-0.003641428193077445,0.001514651346951723,0.05285191163420677
3.069999933242798,36,0.039191991090774536,0.01952579990029335,9.817461013793945,305.989013671875,-666.4825439453125,1146.1217041015625,0.0012821286218240857,-0.003742438741028309,0.0021350225433707237,0.0565149150788784
3.0799999237060547,36,0.02941841632127762,0.01693536527454853,9.812808990478516,315.9075622558594,-683.5382690429688,1163.615478515625,-0.0011466066353023052,-0.006803049240261316,0.0028656632639467716,0.06122449040412903
3.0899999141693115,36,0.024604368954896927,0.024177370592951775,9.808184623718262,326.8105163574219,-700.7172241210938,1181.3985595703125,-0.0037248930893838406,-0.007025832775980234,0.003113980172201991,0.06436420977115631
3.0999999046325684,36,0.03480137512087822,0.031560592353343964,9.804980278015137,338.446533203125,-718.2178955078125,1198.290283203125,-0.005930283106863499,-0.005451756529510021,0.003398492466658354,0.0664573535323143
3.109999895095825,36,0.025542424991726875,0.025663932785391808,9.827474594116211,351.0123596191406,-736.428466796875,1215.57568359375,-0.00325323105789721,-0.002080539707094431,0.0037214448675513268,0.06593406945466995
3.119999885559082,36,0.01821712590754032,0.008924745954573154,9.813445091247559,364.77264404296875,-755.4964599609375,1234.2220458984375,-0.0017537903040647507,0.0014637975255027413,0.011330883018672466,0.06331763416528702
3.130000114440918,36,0.03563519939780235,0.013535353355109692,9.806282997131348,378.43048095703125,-775.0267944335938,1252.9873046875,-0.004852279555052519,-0.001361963921226561,0.010314888320863247,0.058084771037101746
3.140000104904175,36,0.043873582035303116,0.01329388190060854,9.807866096496582,391.8104553222656,-795.0014038085938,1271.0797119140625,-0.002484711818397045,-0.001361963921226561,-0.0020919754169881344,0.050758764147758484
3.1500000953674316,36,0.026493508368730545,0.015994271263480186,9.804594993591309,404.7499694824219,-815.1588134765625,1287.79248046875,-0.006748466286808252,-0.0017581485444679856,0.002369871363043785,0.046572476625442505
3.1600000858306885,36,0.038699083030223846,0.02171521820127964,9.816363334655762,416.4780578613281,-834.4353637695312,1302.3077392578125,-0.006711428984999657,-0.0061958651058375835,0.004847989417612553,0.04343275725841522
3.1700000762939453,36,0.032258640974760056,0.015687040984630585,9.820089340209961,425.1579284667969,-853.5450439453125,1315.4703369140625,-0.005546444561332464,-0.0038658957928419113,0.011837898753583431,0.04238618537783623
3.180000066757202,36,0.03531274572014809,0.015232125297188759,9.804465293884277,432.9759826660156,-871.2047729492188,1329.7158203125,-0.003241446800529957,-0.006095977034419775,0.0142677566036582,0.04343275725841522
3.190000057220459,36,0.04704820364713669,0.007475913967937231,9.802239418029785,439.8267517089844,-888.4691772460938,1342.73486328125,-0.0030674845911562443,-0.001957924338057637,0.007973695173859596,0.04552590101957321
3.200000047683716,36,0.03895856440067291,0.009025000967085361,9.8120756149292,446.19573974609375,-905.7183227539062,1354.5447998046875,-0.002051489893347025,-0.0003459692234173417,0.001999781234189868,0.045002616941928864
3.2100000381469727,36,0.037552569061517715,0.015439101494848728,9.798567771911621,453.5258483886719,-922.1507568359375,1368.7269287109375,-0.000886505120433867,-0.0049048978835344315,0.002852756530046463,0.04343275725841522
3.2200000286102295,36,0.03905627876520157,0.027009278535842896,9.811429023742676,460.9606018066406,-936.008544921875,1381.8017578125,0.002062432700768113,-0.0053779627196490765,0.002506796270608902,0.0387231819331646
3.2300000190734863,36,0.03905627876520157,0.020997270941734314,9.788818359375,468.0745544433594,-948.0972900390625,1395.81005859375,0.0014075496001169086,-0.004212978295981884,0.0038317141588777304,0.03453689068555832
3.240000009536743,36,0.028490131720900536,0.016932131722569466,9.797724723815918,474.4784240722656,-959.3150634765625,1408.33740234375,0.0021494138054549694,-0.005351868458092213,0.0053937253542244434,0.03244374692440033
3.25,36,0.03537897393107414,0.0026680331211537123,9.809160232543945,479.9074401855469,-970.2413940429688,1419.0767822265625,0.0009496365673840046,-0.007681837771087885,0.00797060877084732,0.03401360660791397
3.259999990463257,36,0.03173423931002617,0.012339850887656212,9.806709289550781,484.1949157714844,-981.2063598632812,1429.4908447265625,-0.002545317867770791,-0.005504225380718708,0.009533742442727089,0.03663003817200661
3.2699999809265137,36,0.014499648474156857,0.020636139437556267,9.813054084777832,486.8127746582031,-992.7545166015625,1443.23046875,-0.006040272302925587,-0.0037528201937675476,0.010115673765540123,0.04186289757490158
3.2799999713897705,36,0.01775244250893593,0.02926122024655342,9.792296409606934,489.6039733886719,-1006.5814208984375,1454.494384765625,-0.008495382033288479,-0.0055628675036132336,0.005561514757573605,0.04814233258366585
3.2899999618530273,36,0.015917588025331497,0.02743939869105816,9.8134126663208,492.74169921875,-1022.305419921875,1467.7386474609375,-0.008744540624320507,-0.00489619979634881,0.0016961890505626798,0.05180533602833748
3.299999952316284,36,0.030725611373782158,0.02258731983602047,9.80026912689209,496.8428955078125,-1039.2286376953125,1481.744384765625,-0.00560003612190485,-0.002588957780972123,0.007871562615036964,0.0565149150788784
3.309999942779541,36,0.038247425109148026,0.01375526562333107,9.807950973510742,502.4305114746094,-1056.6497802734375,1494.48193359375,-0.000613496929872781,-0.0029228527564555407,0.008532057516276836,0.06122449040412903
3.319999933242798,36,0.03905627876520157,0.004051107447594404,9.826809883117676,509.0275573730469,-1074.771484375,1510.3267822265625,-0.0008853828767314553,-0.0032721799798309803,0.006940304301679134,0.06541077792644501
3.3299999237060547,36,0.055645957589149475,0.014936753548681736,9.808917045593262,517.0210571289062,-1093.7618408203125,1525.1865234375,-0.0020503676496446133,-0.0019915944430977106,0.010131105780601501,0.06959707289934158
3.3399999141693115,36,0.045674778521060944,0.029492991045117378,9.805545806884766,524.9832153320312,-1113.616455078125,1539.995849609375,-0.002919616876170039,-0.005042945500463247,0.00722762243822217,0.07012035697698593
3.3499999046325684,36,0.04815997555851936,0.03128139302134514,9.792604446411133,533.3643798828125,-1134.1685791015625,1555.8203125,-0.0016687734751030803,-0.004785369150340557,0.008306748233735561,0.06855049729347229
3.359999895095825,37,0.03562325984239578,0.018306581303477287,9.804152488708496,542.5910034179688,-1155.90625,1572.5843505859375,0.0006373465876094997,-0.0014096632366999984,0.008330597542226315,0.06541077792644501
3.369999885559082,37,0.03423897549510002,0.025719989091157913,9.805545806884766,552.3294677734375,-1181.045654296875,1587.542724609375,0.0018023315351456404,-0.0037396331317722797,0.009495583362877369,0.058084771037101746
3.380000114440918,37,0.047723520547151566,0.00864662230014801,9.81006908416748,560.8734741210938,-1206.6917724609375,1602.395751953125,-0.001539985416457057,-0.002689126180484891,0.010660568252205849,0.0575614869594574
3.390000104904175,37,0.03043355606496334,0.016429783776402473,9.819580078125,569.3554077148438,-1232.0462646484375,1615.418701171875,-0.001840490847826004,-0.002588957780972123,0.008631103672087193,0.052328623831272125
3.4000000953674316,37,0.029421672224998474,0.012331226840615273,9.806099891662598,577.333251953125,-1255.5213623046875,1628.677978515625,0.0001651236234465614,-0.003591765183955431,0.006301133893430233,0.04133961349725723
3.4100000858306885,37,0.015311761759221554,0.012149045243859291,9.800811767578125,584.71630859375,-1276.208740234375,1641.4677734375,-0.0012680994113907218,-0.003815951757133007,0.0002079715341096744,0.027734169736504555
3.4200000762939453,37,0.0055490401573479176,0.021552439779043198,9.805476188659668,591.916259765625,-1294.0762939453125,1649.679443359375,-0.001840490847826004,-0.001179584302008152,0.0011271649273112416,0.0193615909665823
3.430000066757202,37,0.029610587283968925,0.007647316437214613,9.800602912902832,597.0472412109375,-1305.71337890625,1658.8759765625,-0.0010237107053399086,-0.0009517501457594335,0.007072459440678358,0.007849293760955334
3.440000057220459,37,0.038728393614292145,0.02106410637497902,9.796674728393555,601.5269775390625,-1316.7977294921875,1664.109619140625,-0.0028778098057955503,-0.001361963921226561,0.005759887397289276,-0.002093144692480564
3.450000047683716,37,0.02988852933049202,0.00304641155526042,9.818445205688477,605.1380615234375,-1326.759521484375,1666.22412109375,-0.002908954629674554,-0.002747487975284457,0.006169820204377174,-0.009942438453435898
3.4600000381469727,37,0.04057084769010544,0.012449807487428188,9.787373542785645,607.496826171875,-1335.2244873046875,1667.077392578125,-0.003732749493792653,-0.007600469049066305,0.008937501348555088,-0.019884876906871796
3.4700000286102295,37,0.06239800155162811,0.01767163909971714,9.80329704284668,608.280517578125,-1342.0093994140625,1668.4420166015625,-0.0032464973628520966,-0.008334196172654629,0.00896499864757061,-0.03035060130059719
3.4800000190734863,37,0.05439196154475212,0.02518206648528576,9.779570579528809,608.38525390625,-1346.9840087890625,1664.6746826171875,-0.0016269664047285914,-0.0030160066671669483,0.008813482709228992,-0.03819989413022995
3.490000009536743,37,0.06263142824172974,0.011133569292724133,9.807820320129395,607.1719970703125,-1350.169677734375,1656.630615234375,-0.0008438563672825694,-0.001024421420879662,0.006865388248115778,-0.04133961349725723
3.5,38,0.0571637824177742,0.003736331593245268,9.788491249084473,604.8198852539062,-1350.810791015625,1649.0389404296875,0.0011539016850292683,-0.003354390850290656,0.004850795492529869,-0.03976975381374359
3.509999990463257,38,0.04869088903069496,0.012149045243859291,9.805545806884766,601.6942138671875,-1349.3214111328125,1641.7471923828125,-0.002746777143329382,-0.004080822691321373,0.010760736651718616,-0.0376766100525856
3.5199999809265137,38,0.04653140902519226,0.012149045243859291,9.806994438171387,598.3094482421875,-1346.260009765625,1633.278076171875,-0.001840490847826004,-0.0008445670246146619,0.009984641335904598,-0.03610675036907196
3.5299999713897705,38,0.03423897549510002,0.012932751327753067,9.812064170837402,595.3773803710938,-1340.66357421875,1623.084228515625,-0.0024305591359734535,0.00030526623595505953,0.007669822778552771,-0.037153322249650955
3.5399999618530273,38,0.03423897549510002,0.015226734802126884,9.794120788574219,593.4827270507812,-1332.5870361328125,1612.8902587890625,-0.005117431748658419,-0.003815951757133007,0.010760736651718616,-0.0387231819331646
3.549999952316284,38,0.03609554097056389,0.006444268394261599,9.78989028930664,591.9118041992188,-1324.769287109375,1605.5006103515625,-0.001695148297585547,-0.0037432804238051176,0.010542722418904305,-0.04029304161667824
3.559999942779541,38,0.03788696601986885,0.003573553403839469,9.805545806884766,589.8585205078125,-1315.9156494140625,1598.131103515625,0.0006454834947362542,-0.0025676332879811525,0.007015781477093697,-0.04133961349725723
3.569999933242798,38,0.016037017107009888,0.005246609915047884,9.802323341369629,587.13427734375,-1305.2222900390625,1588.498291015625,0.004140437580645084,-0.0002376638149144128,0.000025872794140013866,-0.04029304161667824
3.5799999237060547,38,0.022060547024011612,0.0023144492879509926,9.79443359375,584.83056640625,-1294.0294189453125,1577.085693359375,0.0042944783344864845,-0.002362245926633477,0.008626895025372505,-0.040816325694322586
3.5899999141693115,38,0.03183412551879883,0.01573447324335575,9.811614990234375,581.821533203125,-1279.417724609375,1569.08447265625,-0.0020152945071458817,-0.004692215472459793,0.008482113480567932,-0.03976975381374359
3.5999999046325684,39,0.041607704013586044,0.01594899594783783,9.825934410095215,579.0133666992188,-1264.3485107421875,1561.3787841796875,-0.006036343984305859,-0.007022185251116753,0.006327508948743343,-0.04343275725841522
3.609999895095825,38,0.05541687458753586,0.02516266331076622,9.81253433227539,575.7230224609375,-1248.5013427734375,1552.750244140625,-0.0011828017886728048,-0.0047141010873019695,0.007707981858402491,-0.04814233258366585
3.619999885559082,38,0.06570399552583694,0.02031058445572853,9.804121971130371,571.8485717773438,-1231.2442626953125,1544.16943359375,-0.0011177064152434468,-0.003815951757133007,0.010037952102720737,-0.05128205195069313
3.630000114440918,38,0.05759590119123459,0.015458505600690842,9.793229103088379,567.94677734375,-1211.8388671875,1538.5294189453125,0.0013738794950768352,-0.006226729601621628,0.009957144036889076,-0.05494505539536476
3.640000104904175,38,0.06516548246145248,0.01369166374206543,9.795220375061035,562.9204711914062,-1190.7857666015625,1528.7786865234375,0.0008427340653724968,-0.008238516747951508,0.011016909964382648,-0.058084771037101746
3.6500000953674316,38,0.052041396498680115,0.016932131722569466,9.80849838256836,557.3157348632812,-1168.0501708984375,1518.1536865234375,-0.000613496929872781,-0.006685203406959772,0.008589858189225197,-0.060177918523550034
3.6600000858306885,38,0.058975838124752045,0.025335144251585007,9.772396087646484,550.6273803710938,-1144.5694580078125,1508.5238037109375,0.0000040684681152924895,-0.0056605106219649315,0.0021473681554198265,-0.06227106228470802
3.6700000762939453,47,0.033414922654628754,0.02510121650993824,9.798924446105957,542.55615234375,-1120.7376708984375,1499.278564453125,0.0028357221744954586,-0.005714382976293564,0.0007130227750167251,-0.06279435008764267
3.680000066757202,38,0.04319610074162483,-0.00038162924465723336,9.792162895202637,533.212158203125,-1096.5809326171875,1488.7711181640625,0.0025601887609809637,-0.003562303725630045,0.006853604223579168,-0.06384091824293137
3.690000057220459,38,0.02663465030491352,0.0006952930125407875,9.803373336791992,524.730224609375,-1071.5302734375,1478.466552734375,-0.003566643688827753,-0.0004988875007256866,0.011987730860710144,-0.06488749384880066
3.700000047683716,38,0.022852029651403427,-0.00024364519049413502,9.811938285827637,514.2886352539062,-1044.96826171875,1468.538818359375,-0.006378937046974897,-0.0003860927536152303,0.01014008466154337,-0.06488749384880066
3.7100000381469727,38,0.021998660638928413,0.00865955837070942,9.80257797241211,503.115966796875,-1017.7579956054688,1458.3360595703125,-0.0030613120179623365,-0.004123471677303314,0.004007640294730663,-0.0664573535323143
3.7200000286102295,38,0.017992382869124413,0.016932131722569466,9.82069206237793,491.662109375,-990.3427734375,1447.7938232421875,0.0020848792046308517,-0.004306412301957607,0.000945907668210566,-0.06593406945466995
3.7300000190734863,47,0.027701904997229576,0.02125922404229641,9.81962776184082,480.0358581542969,-962.9303588867188,1436.9808349609375,-0.0065649645403027534,-0.0019124697428196669,0.01057723443955183,-0.0664573535323143
3.740000009536743,38,0.01529004704207182,0.0287308432161808,9.818148612976074,467.7842102050781,-935.2147827148438,1425.789794921875,-0.005521472543478012,-0.004921452607959509,0.009655235335230827,-0.06698063760995865
3.75,38,0.0194244384765625,0.024376802146434784,9.8057279586792,456.0101623535156,-908.3905639648438,1414.29541015625,-0.005461988504976034,-0.004053886979818344,0.01064176857471466,-0.06855049729347229
3.759999990463257,38,0.02703419141471386,0.014561609365046024,9.810308456420898,444.35302734375,-880.6890869140625,1403.0721435546875,-0.004297003615647554,-0.008713825605809689,0.008311798796057701,-0.07221350073814392
3.7699999809265137,38,0.03443223237991333,0.012149045243859291,9.827507019042969,432.77606201171875,-852.25390625,1390.3721923828125,-0.001969559583812952,-0.005236548371613026,0.0036569104995578527,-0.07587650418281555
3.7799999713897705,47,0.043873582035303116,0.012149045243859291,9.834633827209473,420.9737548828125,-823.15771484375,1375.5430908203125,-0.0007400402682833374,-0.006143395788967609,0.002298322506248951,-0.08215594291687012
3.7899999618530273,47,0.04906545951962471,0.019881540909409523,9.811120986938477,408.09381103515625,-792.865966796875,1360.363037109375,-0.000613496929872781,-0.0062699392437934875,0.002171779051423073,-0.08215594291687012
3.799999952316284,38,0.042846500873565674,0.02914479561150074,9.80173110961914,380.12298583984375,-736.9703369140625,1326.517333984375,-0.002566361567005515,-0.008222803473472595,0.007053940556943417,-0.08320251107215881
3.809999942779541,38,0.03697388246655464,0.014988497830927372,9.796631813049316,372.7200927734375,-722.2088012695312,1317.5567626953125,-0.0030674845911562443,-0.006895080208778381,0.011964441277086735,-0.08267922699451447
3.819999933242798,38,0.033447492867708206,0.005367346107959747,9.794620513916016,364.9540100097656,-708.3602905273438,1307.4384765625,-0.0005102420109324157,-0.005417525302618742,0.0038381677586585283,-0.08058608323335648
3.8299999237060547,38,0.0380433090031147,0.007365958299487829,9.803589820861816,349.7870178222656,-681.1509399414062,1287.4130859375,0.003775117453187704,0.000489890284370631,0.0005081965355202556,-0.07953950762748718
3.8399999141693115,38,0.043873582035303116,0.010288417339324951,9.793697357177734,335.2242431640625,-654.5839233398438,1267.4019775390625,0.0033362843096256256,0.0020892194006592035,0.0024015773087739944,-0.07849293202161789
3.8499999046325684,46,0.03182218223810196,0.009157594293355942,9.7982816696167,320.4594421386719,-627.8455200195312,1245.5738525390625,0.002506877761334181,-0.0009071372915059328,0.0020659989677369595,-0.07849293202161789
3.859999895095825,37,0.030769040808081627,0.010426401160657406,9.793137550354004,306.3653564453125,-600.9647827148438,1222.9471435546875,-0.0005587830091826618,-0.001984579721465707,0.003966675139963627,-0.07692307978868484
3.869999885559082,37,0.03423897549510002,0.01840791292488575,9.80201244354248,292.55682373046875,-575.6074829101562,1199.870849609375,-0.00483684753999114,-0.001361963921226561,0.005995017010718584,-0.07482992857694626
3.880000114440918,37,0.02457505464553833,0.015318365767598152,9.803909301757812,279.0473937988281,-551.4746704101562,1176.7122802734375,-0.004560752771794796,-0.001361963921226561,0.0065472060814499855,-0.07221350073814392
3.890000104904175,46,0.023077858611941338,0.021951301023364067,9.804009437561035,265.9580383300781,-527.6248779296875,1153.722412109375,-0.0030674845911562443,-0.001361963921226561,0.009533742442727089,-0.0664573535323143
3.9000000953674316,37,0.024604368954896927,0.026498304679989815,9.805545806884766,252.86866760253906,-505.86102294921875,1130.232177734375,-0.0012857761466875672,-0.0010056222090497613,0.00846471730619669,-0.0664573535323143
3.9100000858306885,36,0.028034131973981857,0.03330910950899124,9.802093505859375,230.93109130859375,-467.55303955078125,1086.67919921875,0.0030674845911562443,-0.0007236353121697903,0.00526409549638629,-0.06331763416528702
3.9200000762939453,36,0.0399194210767746,0.025641294196248055,9.811262130737305,222.23529052734375,-452.3031311035156,1069.2667236328125,0.0028351610526442528,-0.003053604857996106,0.004560390952974558,-0.05913134664297104
3.930000066757202,36,0.040304847061634064,0.025258604437112808,9.808058738708496,218.12001037597656,-445.3209533691406,1060.427001953125,0.0023514344356954098,-0.005042945500463247,0.00885248463600874,-0.05546833947300911
3.940000057220459,36,0.03905627876520157,0.01927354745566845,9.812868118286133,207.9304656982422,-427.6671142578125,1038.337646484375,0.004763334523886442,-0.004718029405921698,0.004300850909203291,-0.05337519571185112
3.950000047683716,36,0.061302512884140015,0.005888019688427448,9.807779312133789,199.23912048339844,-410.61138916015625,1018.39306640625,-0.003021188313141465,-0.0013156675267964602,0.0011762670474126935,-0.050758764147758484
3.9600000381469727,36,0.06796009838581085,0.013833959586918354,9.790340423583984,191.128173828125,-394.8686218261719,995.7872924804688,-0.0018562035402283072,-0.00015068276843521744,0.007001190911978483,-0.048665620386600494
3.9700000286102295,36,0.052573394030332565,0.020751485601067543,9.809380531311035,183.78677368164062,-380.21368408203125,974.870849609375,-0.001840490847826004,-0.004732058383524418,0.003631938248872757,-0.046572476625442505
3.9800000190734863,36,0.056523215025663376,0.017826871946454048,9.819182395935059,176.72328186035156,-366.8081359863281,956.0242919921875,-0.001840490847826004,-0.00395568273961544,0.0055732992477715015,-0.04447932913899422
3.990000009536743,35,0.05035419762134552,-0.002854561898857355,9.824100494384766,169.8790283203125,-354.4302673339844,938.0189819335938,-0.007992015220224857,-0.0017654435941949487,0.004827506840229034,-0.042909473180770874
4,34,0.044635750353336334,0.009122020564973354,9.792289733886719,164.01498413085938,-342.2602844238281,917.8528442382812,-0.0034229846205562353,-0.002325208857655525,0.005589011590927839,-0.04238618537783623
4.010000228881836,34,0.027375105768442154,0.020339690148830414,9.81520938873291,158.56365966796875,-331.0531005859375,898.8875732421875,-0.0036429623141884804,0.0001147497896454297,0.009457704611122608,-0.04238618537783623
4.019999980926514,34,0.012022053822875023,0.038372475653886795,9.807427406311035,153.82595825195312,-319.5268249511719,879.9403076171875,-0.0017767981626093388,0.0002527970355004072,0.009082282893359661,-0.04343275725841522
4.03000020980835,34,0.01015245821326971,0.032380953431129456,9.8184175491333,148.8368377685547,-307.7064514160156,861.6220092773438,0.003272591857239604,-0.002466623205691576,0.010638401843607426,-0.04447932913899422
4.039999961853027,33,0.014485535211861134,0.014072197489440441,9.80264663696289,143.4506072998047,-295.5390930175781,843.020263671875,0.002660637954249978,-0.006676786113530397,0.006266061216592789,-0.04552590101957321
4.050000190734863,33,0.0237748846411705,0.029634209349751472,9.809558868408203,138.2443084716797,-282.9374694824219,822.1685180664062,0.0019198961090296507,-0.004151530098170042,0.002824978670105338,-0.04604918882250786
4.059999942779541,32,0.024604368954896927,0.02240082621574402,9.805892944335938,133.63685607910156,-270.58978271484375,800.894287109375,0.0012939131120219827,0.002229791833087802,0.0039899637922644615,-0.04604918882250786
4.070000171661377,44,0.024604368954896927,-0.0008311553974635899,9.810115814208984,128.26390075683594,-258.6750793457031,780.610107421875,-0.000613496929872781,0.004773005377501249,0.004625767003744841,-0.04395604506134987
4.079999923706055,34,0.024604368954896927,-0.0022002155892550945,9.810393333435059,122.65351104736328,-247.0143585205078,758.9546508789062,-0.0024821863044053316,0.0033714883029460907,0.006961628794670105,-0.04395604506134987
4.090000152587891,31,0.057367898523807526,0.007094302214682102,9.800972938537598,116.9629898071289,-235.83184814453125,736.7753295898438,-0.004305982496589422,0.0002816971973516047,0.011976226232945919,-0.042909473180770874
4.099999904632568,31,0.05357767641544342,0.016789836809039116,9.800705909729004,111.82804870605469,-226.486083984375,718.1039428710938,-0.0028699536342173815,-0.002048272406682372,0.013069101609289646,-0.04133961349725723
4.110000133514404,30,0.05825383961200714,-0.0019867715891450644,9.819872856140137,111.82804870605469,-226.486083984375,718.1039428710938,-0.005521472543478012,-0.0035348066594451666,0.009814887307584286,-0.04029304161667824
4.119999885559082,30,0.05322590842843056,0.011868764646351337,9.805261611938477,107.52755737304688,-217.9477081298828,698.4495849609375,-0.005521472543478012,-0.002588957780972123,0.010322464630007744,-0.03976975381374359
4.130000114440918,30,0.04429484158754349,0.002373739378526807,9.795849800109863,103.14141082763672,-208.2897491455078,675.95654296875,-0.00473583722487092,-0.002746084937825799,0.008149621076881886,-0.0387231819331646
4.139999866485596,30,0.052947964519262314,-0.0008095954544842243,9.796695709228516,98.93042755126953,-198.62400817871094,653.77734375,0.0008037328952923417,-0.0034354799427092075,0.007079754490405321,-0.037153322249650955
4.150000095367432,30,0.043873582035303116,0.022756565362215042,9.809338569641113,94.656982421875,-188.9581756591797,632.2105712890625,0.0029019401408731937,0.000992697081528604,0.006980427540838718,-0.03610675036907196
4.159999847412109,30,0.04219724237918854,0.03356783092021942,9.797536849975586,90.99195861816406,-179.80848693847656,611.379638671875,-0.002922983840107918,-0.0025022574700415134,0.00348547357134521,-0.035060178488492966
4.170000076293945,30,0.025092938914895058,0.008821258321404457,9.815241813659668,87.5228271484375,-170.74188232421875,588.7867431640625,-0.005339654162526131,-0.0037250425666570663,-0.001145565533079207,-0.033490318804979324
4.179999828338623,30,0.030537784099578857,0.022823402658104897,9.812433242797852,84.28736877441406,-162.61471557617188,567.0038452148438,-0.00015109435480553657,-0.001667800359427929,0.006009326316416264,-0.03192045912146568
4.190000057220459,30,0.037801194936037064,0.030658308416604996,9.794158935546875,81.24353790283203,-155.01055908203125,546.4452514648438,0.000613496929872781,-0.0074343630112707615,0.010115954093635082,-0.03035060130059719
4.199999809265137,30,0.029421672224998474,0.02511415258049965,9.815241813659668,78.45697021484375,-147.56922912597656,526.7561645507812,-0.005086848046630621,0.0007766475318931043,0.006960506550967693,-0.0287807434797287
4.210000038146973,30,0.026355622336268425,0.016171064227819443,9.81292724609375,76.15324401855469,-140.19618225097656,506.8116149902344,-0.0023082245606929064,0.0008818664355203509,0.003188615432009101,-0.027210883796215057
4.21999979019165,30,0.012660452164709568,0.012149045243859291,9.800697326660156,73.32756042480469,-133.7972412109375,488.08209228515625,-0.0014395363396033645,-0.0017870486481115222,0.0005197004065848887,-0.025641025975346565
4.230000019073486,30,0.028226302936673164,0.013048097491264343,9.802519798278809,70.50025939941406,-127.87533569335938,471.2990417480469,-0.001840490847826004,-0.006409109104424715,0.002009882126003504,-0.02459445409476757
4.239999771118164,30,0.04289861395955086,0.016932131722569466,9.81137466430664,67.83871459960938,-122.47624969482422,454.5956115722656,-0.004648575559258461,-0.0073198843747377396,0.004100794438272715,-0.023547880351543427
4.25,30,0.03905627876520157,0.017969168722629547,9.814190864562988,65.54036712646484,-117.43885803222656,437.875732421875,-0.003548405831679702,-0.006909951567649841,0.0033457425888627768,-0.022501308470964432
4.260000228881836,30,0.03682839870452881,0.013973020948469639,9.808151245117188,63.74797439575195,-112.47464752197266,422.3236999511719,-0.001191499992273748,-0.006918930448591709,0.005061794072389603,-0.021454736590385437
4.269999980926514,30,0.032971952110528946,-0.007066308055073023,9.805460929870605,61.758392333984375,-107.67771911621094,407.9193420410156,-0.003904466750100255,-0.0062699392437934875,0.008306748233735561,-0.020408162847161293
4.28000020980835,31,0.04763231799006462,0.008609971031546593,9.815045356750488,60.02760696411133,-102.36851501464844,393.1498107910156,-0.00584049616008997,-0.0049079847522079945,0.006490808911621571,-0.0193615909665823
4.289999961853027,31,0.05964789167046547,0.016088057309389114,9.802027702331543,58.105369567871094,-97.63019561767578,379.6732177734375,-0.00311855087056756,-0.002588957780972123,0.003790749004110694,-0.0188383050262928
4.300000190734863,31,0.053399618715047836,0.02511630952358246,9.811148643493652,56.12247085571289,-93.36625671386719,367.27032470703125,-0.000613496929872781,-0.003908825106918812,0.0052857003174722195,-0.018315019086003304
4.309999942779541,31,0.032344408333301544,0.02171521820127964,9.817584037780762,54.31718444824219,-89.17693328857422,355.12188720703125,-0.00007758147694403306,-0.007228975649923086,0.006811796687543392,-0.01726844534277916
4.320000171661377,31,0.03599457070231438,0.02171521820127964,9.802237510681152,52.327598571777344,-85.53482055664062,343.2659606933594,0.0016345421317964792,-0.005652093328535557,0.006058709230273962,-0.01726844534277916
4.329999923706055,32,0.029421672224998474,0.02489316277205944,9.805545806884766,50.98699951171875,-82.36460876464844,331.8024597167969,0.0003256177296862006,-0.002588957780972123,0.007223694119602442,-0.016745159402489662
4.340000152587891,32,0.029421672224998474,0.02464953437447548,9.803865432739258,49.38969802856445,-79.19767761230469,321.9039611816406,-0.0017585603054612875,-0.002588957780972123,0.007897095754742622,-0.016221873462200165
4.349999904632568,32,0.01724649965763092,0.015602957457304,9.805948257446289,47.65312194824219,-75.99972534179688,312.0803527832031,-0.0007330257212743163,-0.002489350503310561,0.00223154341802001,-0.015698587521910667
4.360000133514404,33,0.00836211908608675,0.0181233212351799,9.813421249389648,45.93966293334961,-72.70501708984375,301.2820129394531,-0.007722934242337942,0.0033355734776705503,0.005726498086005449,-0.015175300650298595
4.369999885559082,46,0.029421672224998474,0.012149045243859291,9.810393333435059,44.05479431152344,-68.97407531738281,290.7557067871094,-0.004606768488883972,0.008037599734961987,-0.0008846226264722645,-0.013605441898107529
4.380000114440918,34,0.039160508662462234,0.010215112939476967,9.806472778320312,42.169921875,-66.58900451660156,281.1737060546875,-0.0042944783344864845,0.00845398660749197,-0.0015092025278136134,-0.013605441898107529
4.389999866485596,34,0.04543917998671532,0.005363034084439278,9.806787490844727,40.583412170410156,-64.0262680053711,273.6177978515625,-0.006292236503213644,0.003459591418504715,0.005482950713485479,-0.013605441898107529
4.400000095367432,34,0.03423897549510002,0.008798620663583279,9.815241813659668,38.217010498046875,-60.38530731201172,262.2538757324219,-0.0039378562942147255,-0.003302202560007572,0.00895349495112896,-0.013082155957818031
4.409999847412109,34,0.036395199596881866,0.021213948726654053,9.808732032775879,35.324310302734375,-56.325016021728516,248.14443969726562,-0.0013177627697587013,-0.0041680848225951195,0.010408603586256504,-0.012558870017528534
4.420000076293945,34,0.05463624373078346,0.022078504785895348,9.800697326660156,33.859188079833984,-54.28413772583008,241.16384887695312,-0.0063034603372216225,-0.005441655404865742,0.00994788482785225,-0.012558870017528534
4.429999828338623,34,0.07048220932483673,0.014653239399194717,9.803007125854492,32.49789047241211,-52.50749588012695,234.18325805664062,-0.004697397351264954,-0.005519096739590168,0.009533742442727089,-0.012035583145916462
4.440000057220459,34,0.05613669380545616,0.016844814643263817,9.800786018371582,30.974529266357422,-50.524627685546875,227.11692810058594,-0.0039069922640919685,-0.005731779150664806,0.005400740075856447,-0.011512297205626965
4.449999809265137,34,0.03413691744208336,0.014464588835835457,9.810547828674316,29.855539321899414,-48.529396057128906,220.86203002929688,-0.003014173824340105,-0.0037626405246555805,0.007186376955360174,-0.011512297205626965
4.460000038146973,35,0.03461897373199463,0.004880089778453112,9.812339782714844,28.963037490844727,-46.656272888183594,215.0518341064453,-0.000613496929872781,-0.003056410700082779,0.009728468023240566,-0.010989011265337467
4.46999979019165,35,0.046446722000837326,0.007692592218518257,9.798108100891113,27.728452682495117,-44.97468566894531,208.62527465820312,-0.00011069038737332448,-0.0030317192431539297,0.0055713350884616375,-0.010989011265337467
4.480000019073486,35,0.03812039643526077,0.017396749928593636,9.809146881103516,26.78601837158203,-43.375709533691406,202.1986846923828,-0.001590490574017167,0.001628219848498702,0.005161962937563658,-0.010465724393725395
4.489999771118164,36,0.01857323944568634,0.013636684976518154,9.809171676635742,25.581146240234375,-41.776729583740234,196.42007446289062,-0.005521472543478012,0.0028790633659809828,0.00792795978486538,-0.009942438453435898
4.5,36,0.029623614624142647,0.01288963109254837,9.80909538269043,24.63912582397461,-40.28449249267578,191.63450622558594,-0.0042543550953269005,-0.0019955227617174387,0.007079754490405321,-0.008895865641534328
4.510000228881836,42,0.043873582035303116,0.016932131722569466,9.815241813659668,23.637710571289062,-38.79812240600586,186.97769165039062,-0.000613496929872781,-0.003815951757133007,0.007079754490405321,-0.007849293760955334
4.519999980926514,36,0.04095301777124405,0.011132490821182728,9.815241813659668,22.226806640625,-37.093963623046875,181.2130584716797,-0.000613496929872781,-0.003237668192014098,0.006694232113659382,-0.007849293760955334
4.53000020980835,36,0.03606622666120529,0.013303583487868309,9.806214332580566,21.179658889770508,-34.695499420166016,173.23524475097656,-0.0008750012493692338,-0.00013497007603291422,0.005671784281730652,-0.007849293760955334
4.539999961853027,36,0.025060368701815605,0.010856522247195244,9.809934616088867,21.07175064086914,-34.448341369628906,172.4131317138672,-0.002792512299492955,-0.00020371316350065172,0.013823030516505241,-0.007849293760955334
4.550000190734863,36,0.044819239526987076,0.022899940609931946,9.818389892578125,21.1411075592041,-33.7422981262207,169.9912872314453,0.0018068207427859306,-0.001355229876935482,0.003425709204748273,-0.006802720949053764
4.559999942779541,36,0.06472250819206238,0.024929815903306007,9.80721378326416,21.111454010009766,-32.56232833862305,166.33477783203125,-0.004018103238195181,-0.00019024510402232409,0.008085647597908974,-0.007326007355004549
4.570000171661377,37,0.06142411381006241,0.015225657261908054,9.810564041137695,21.043575286865234,-31.452856063842773,162.5926971435547,0.00014436064520850778,-0.0012446797918528318,0.012745588086545467,-0.007326007355004549
4.579999923706055,37,0.03830062597990036,0.02540413662791252,9.801806449890137,21.56715202331543,-31.275192260742188,158.4929962158203,0.0016611977480351925,-0.004505066201090813,0.005880819633603096,-0.007849293760955334
4.590000152587891,37,0.02601470798254013,0.010984805412590504,9.812993049621582,20.88629722595215,-30.842092514038086,156.51736450195312,-0.0011165840551257133,-0.003071562387049198,0.00659715011715889,-0.007849293760955334
4.599999904632568,37,0.0419866181910038,0.012938140891492367,9.80959415435791,20.91130828857422,-30.269323348999023,154.31288146972656,0.0009305569110438228,-0.007207370363175869,0.008003436960279942,-0.007849293760955334
4.610000133514404,38,0.045144952833652496,0.016932131722569466,9.809113502502441,20.918048858642578,-29.647499084472656,151.38967895507812,0.001840490847826004,-0.008723926730453968,0.006583401467651129,-0.008372579701244831
4.619999885559082,38,0.033027321100234985,0.024111611768603325,9.814032554626465,20.470569610595703,-29.11616325378418,148.32366943359375,-0.0029574958607554436,-0.0063249338418245316,0.009051418863236904,-0.008372579701244831
4.630000114440918,38,0.014682048000395298,0.019180839881300926,9.804116249084473,19.641246795654297,-28.846105575561523,146.6127471923828,-0.00035788529203273356,-0.007993566803634167,0.009285425767302513,-0.008372579701244831
4.639999866485596,38,0.013906850479543209,-0.0017064916901290417,9.819589614868164,19.222387313842773,-28.401945114135742,142.51304626464844,-0.00031074677826836705,-0.005897043272852898,0.008306748233735561,-0.007849293760955334
4.650000095367432,38,0.030265269801020622,0.01959371380507946,9.805696487426758,19.05026626586914,-28.097328186035156,138.15225219726562,-0.0006129356916062534,-0.0056571438908576965,0.0070794736966490746,-0.008372579701244831
4.659999847412109,39,0.03423897549510002,0.018766887485980988,9.816370010375977,18.426441192626953,-27.63511085510254,134.14735412597656,0.001840490847826004,-0.00541415810585022,0.003646248020231724,-0.008895865641534328
4.670000076293945,39,0.018387584015727043,0.016932131722569466,9.804137229919434,17.80974006652832,-26.900930404663086,130.455810546875,0.002330109942704439,-0.001361963921226561,0.002413642592728138,-0.008895865641534328
4.679999828338623,40,0.03513143211603165,0.016932131722569466,9.808813095092773,18.021358489990234,-25.996259689331055,126.68851470947266,0.0022122645750641823,-0.001789573929272592,0.004198156762868166,-0.008895865641534328
4.690000057220459,40,0.022649001330137253,0.004714077804237604,9.80213737487793,17.07892417907715,-25.907426834106445,122.92120361328125,0.0017102997517213225,-0.003320159623399377,0.004129975102841854,-0.008895865641534328
4.699999809265137,40,0.04481489583849907,0.006724548060446978,9.796500205993652,16.757328033447266,-25.216684341430664,118.12157440185547,0.003990886267274618,-0.004739353433251381,0.007067128550261259,-0.008895865641534328
4.710000038146973,40,0.057172469794750214,0.015787295997142792,9.812920570373535,16.41965103149414,-24.7979793548584,114.01751708984375,0.0028259018436074257,-0.002849620534107089,0.01027757115662098,-0.008895865641534328
4.71999979019165,40,0.045394666492938995,0.0040931496769189835,9.810903549194336,15.921679496765137,-24.452533721923828,110.34624481201172,0.001122195739299059,-0.0005241401377134025,0.008306748233735561,-0.008895865641534328
4.730000019073486,40,0.03949382156133652,0.006931524258106947,9.814801216125488,15.248422622680664,-23.8179931640625,106.42056274414062,-0.0025972258299589157,-0.00948066171258688,0.00807161908596754,-0.008372579701244831
4.739999771118164,40,0.052404023706912994,0.01620124839246273,9.792853355407715,14.305988311767578,-23.107337951660156,102.21004486083984,0.002118268981575966,-0.005098501220345497,0.005908316466957331,-0.008895865641534328
4.75,40,0.06254565715789795,0.016932131722569466,9.804644584655762,13.45868968963623,-22.719505310058594,96.99285125732422,0.00794319249689579,-0.00626348564401269,0.007073300890624523,-0.008372579701244831
4.760000228881836,40,0.07231923192739487,0.030599018558859825,9.805545806884766,12.83267593383789,-22.064851760864258,94.13847351074219,-0.001292790868319571,-0.007428470999002457,0.0047626919113099575,-0.008372579701244831
4.769999980926514,40,0.03085806965827942,0.022032150998711586,9.810233116149902,12.3551025390625,-21.57755470275879,90.91880798339844,-0.004033535253256559,-0.010786500759422779,0.009011856280267239,-0.008372579701244831
4.78000020980835,40,0.005785725545138121,0.007634380366653204,9.810393333435059,11.95767593383789,-21.397809982299805,86.05126190185547,0.0008780877105891705,-0.006005348637700081,0.009533742442727089,-0.007849293760955334
4.789999961853027,40,0.0009293361217714846,0.021896321326494217,9.800887107849121,11.643531799316406,-20.864818572998047,82.50556182861328,-0.003994534257799387,-0.005042945500463247,0.004671221598982811,-0.007326007355004549
4.800000190734863,40,0.03905627876520157,0.04539564996957779,9.814765930175781,11.227806091308594,-19.987133026123047,77.8849868774414,-0.0037004821933805943,-0.005042945500463247,0.005219763144850731,-0.007849293760955334
4.809999942779541,40,0.03755365312099457,0.03513200953602791,9.796606063842773,10.423876762390137,-19.55613899230957,74.37213897705078,-0.005612942855805159,-0.005042945500463247,0.008398219011723995,-0.007849293760955334
4.820000171661377,40,0.0018044199096038938,0.011893559247255325,9.813688278198242,9.743673324584961,-19.022695541381836,71.2696533203125,-0.0036025585141032934,-0.005042945500463247,0.007174311671406031,-0.007326007355004549
4.829999923706055,40,0.024604368954896927,0.006717002019286156,9.786482810974121,9.241177558898926,-18.388757705688477,68.19667053222656,-0.0011160228168591857,-0.00649188132956624,0.002954889088869095,-0.007326007355004549
4.840000152587891,41,0.026982078328728676,-0.0014132754877209663,9.792197227478027,8.521416664123535,-18.202667236328125,65.18396759033203,0.0013738794950768352,-0.00418463908135891,0.0022697029635310173,-0.007849293760955334
4.849999904632568,40,0.05350819230079651,0.007365958299487829,9.804608345031738,8.20727252960205,-17.758506774902344,61.527469635009766,0.0030674845911562443,-0.0025628635194152594,0.0064010219648480415,-0.007326007355004549
4.860000133514404,41,0.05136716738343239,0.006303050089627504,9.798005104064941,7.642751693725586,-17.809946060180664,58.57745361328125,0.0036059252452105284,-0.003277511103078723,0.009533742442727089,-0.006802720949053764
4.869999885559082,41,0.0372626818716526,0.00020156882237643003,9.8146333694458,7.426699638366699,-17.438064575195312,56.4305305480957,0.002865183399990201,-0.004018252715468407,0.009533742442727089,-0.007326007355004549
4.880000114440918,41,0.0569770410656929,0.01760157011449337,9.811750411987305,7.325472831726074,-16.81328010559082,53.89682388305664,-0.0014586161123588681,-0.007098784204572439,0.010777010582387447,-0.007326007355004549
4.889999866485596,41,0.04869088903069496,0.02319207973778248,9.816347122192383,6.782386302947998,-16.55506134033203,49.761322021484375,-0.004111818503588438,-0.007666686084121466,0.012509897351264954,-0.006802720949053764
4.900000095367432,41,0.04706449434161186,0.03128139302134514,9.79666805267334,6.049381256103516,-16.377397537231445,47.4344596862793,0.00025771636865101755,-0.004462136421352625,0.010470332577824593,-0.006802720949053764
4.909999847412109,41,0.03817359358072281,0.028652150183916092,9.803362846374512,6.035604476928711,-16.047199249267578,45.48811721801758,0.002610693918541074,-0.00281735323369503,0.00976213812828064,-0.006279435008764267
4.920000076293945,41,0.030430298298597336,0.01787753775715828,9.815241813659668,5.682967662811279,-15.69187068939209,43.120521545410156,0.000447110622189939,-0.003316792892292142,0.010760736651718616,-0.006802720949053764
4.929999828338623,41,0.014969762414693832,0.019686423242092133,9.815241813659668,5.258520126342773,-15.163619041442871,41.02205276489258,-0.0009266286506317556,-0.00023934732598718256,0.010551981627941132,-0.006279435008764267
4.940000057220459,41,0.01715204305946827,0.015399215742945671,9.815241813659668,5.202408313751221,-14.487823486328125,39.37464904785156,-0.00425211014226079,-0.0014467003056779504,0.008094907738268375,-0.006279435008764267
4.949999809265137,41,0.02576499618589878,0.02188877761363983,9.81407356262207,5.411838054656982,-14.487823486328125,35.385738372802734,-0.0030871254857629538,-0.0037766702007502317,0.00226998352445662,-0.006279435008764267
4.960000038146973,40,0.03065178357064724,0.01103008072823286,9.80048942565918,5.043177604675293,-14.569558143615723,33.02803039550781,0.00265923491679132,-0.0003799199184868485,0.004462467040866613,-0.006279435008764267
4.96999979019165,40,0.032939378172159195,0.017844120040535927,9.783380508422852,4.83966064453125,-14.29302978515625,30.963878631591797,0.005234154406934977,-0.008801649324595928,0.005709101911634207,-0.005756148602813482
4.980000019073486,40,0.03079075552523136,0.0114440331235528,9.811108589172363,4.5460920333862305,-13.888921737670898,29.568923950195312,0.0014361693756654859,-0.004844292066991329,0.002788783283904195,-0.005756148602813482
4.989999771118164,41,0.03567754477262497,0.018858518451452255,9.803592681884766,4.090454578399658,-13.62964916229248,28.640518188476562,-0.00226445309817791,-0.004775268491357565,0.006968362722545862,-0.005756148602813482
5,40,0.048104602843523026,0.013646387495100498,9.805840492248535,3.8810245990753174,-13.718481063842773,26.756864547729492,0.0023163610603660345,-0.00324833020567894,0.007409440819174051,-0.005756148602813482
5.010000228881836,40,0.05849486216902733,0.021631134673953056,9.808550834655762,4.082767963409424,-13.196900367736816,24.65567398071289,-0.002387910382822156,-0.004259555134922266,0.010420949198305607,-0.005232862196862698
5.019999980926514,40,0.03246818110346794,0.028010739013552666,9.82966136932373,4.057520866394043,-13.128433227539062,23.129833221435547,-0.003201603889465332,-0.0042696562595665455,0.011987730860710144,-0.005232862196862698
5.03000020980835,40,0.03351914882659912,0.025123855099081993,9.813179969787598,3.8991472721099854,-13.171745300292969,22.5950870513916,0.001004630932584405,-0.003815951757133007,0.009142608381807804,-0.005232862196862698
5.039999961853027,40,0.05475350469350815,0.025961462408304214,9.804291725158691,3.5733542442321777,-13.147067070007324,22.293397903442383,0.001119670458137989,-0.0051144943572580814,0.005781211890280247,-0.005232862196862698
5.050000190734863,40,0.057968296110630035,0.02430134080350399,9.806658744812012,2.9993436336517334,-13.058235168457031,20.655282974243164,-0.000026234603865304962,-0.002746365498751402,0.0040385047905147076,-0.0047095762565732
5.059999942779541,40,0.051602765917778015,0.03224189206957817,9.800697326660156,3.6276333332061768,-12.969403266906738,19.547252655029297,0.00008824367250781506,-0.0015342424158006907,0.006550292484462261,-0.0047095762565732
5.070000171661377,40,0.02577042393386364,0.022537732496857643,9.806718826293945,4.001911163330078,-12.808743476867676,19.693531036376953,-0.0010767411440610886,-0.0045797014608979225,0.011687224730849266,-0.0047095762565732
5.079999923706055,40,0.03217503800988197,0.016932131722569466,9.815241813659668,3.8352303504943848,-12.835026741027832,19.24637794494629,-0.002642960986122489,-0.0030134813860058784,0.01160978339612484,-0.0047095762565732
5.090000152587891,40,0.03582194074988365,0.01905040256679058,9.81094741821289,3.5604052543640137,-12.922253608703613,18.777576446533203,-0.003616026369854808,-0.001022737822495401,0.0072890701703727245,-0.0047095762565732
5.099999904632568,40,0.039467763155698776,0.01296616904437542,9.798894882202148,3.660153388977051,-12.861334800720215,19.425533294677734,-0.002672141883522272,-0.0017982721328735352,0.005457418039441109,-0.0041862898506224155
5.110000133514404,40,0.018332211300730705,0.0025828713551163673,9.80700969696045,2.8224337100982666,-13.038999557495117,18.98232078552246,-0.004875848535448313,-0.007066517602652311,0.008306748233735561,-0.0036630036775022745
5.119999885559082,40,0.0052016121335327625,0.00025762495351955295,9.815510749816895,3.533679485321045,-13.371253967285156,19.98530387878418,-0.0016872920095920563,-0.0048897466622292995,0.008153549395501614,-0.0036630036775022745
5.130000114440918,40,0.017386555671691895,0.004982499871402979,9.812826156616211,3.8771812915802,-13.500764846801758,20.99288558959961,-0.0007958765490911901,-0.003998331259936094,0.007079754490405321,-0.0036630036775022745
5.139999866485596,40,0.03204692155122757,0.014612275175750256,9.81759262084961,3.835200786590576,-13.536377906799316,21.390674591064453,-0.003125846153125167,-0.006240758579224348,0.006992212496697903,-0.0036630036775022745
5.150000095367432,40,0.02375425584614277,0.021996576339006424,9.81010913848877,3.852377414703369,-13.610438346862793,21.33464813232422,-0.005455815698951483,-0.005075773689895868,0.003497258061543107,-0.0031397175043821335
5.159999847412109,40,0.023251572623848915,0.018694661557674408,9.810818672180176,4.4806671142578125,-13.610438346862793,22.664283752441406,0.0012714664917439222,-0.005042945500463247,-0.0011298528406769037,-0.0031397175043821335
5.170000076293945,40,0.028860360383987427,0.01748945750296116,9.807122230529785,5.108956813812256,-13.52767562866211,22.858362197875977,0.0007703433511778712,-0.003972798120230436,0.008122124709188938,-0.0031397175043821335
5.179999828338623,40,0.030121956020593643,0.016236821189522743,9.80625057220459,5.299288749694824,-13.810372352600098,24.90008544921875,-0.00039464139263145626,-0.003815951757133007,0.010541881434619427,-0.002616431098431349
5.190000057220459,41,0.054036930203437805,0.023381806910037994,9.80470085144043,5.444565296173096,-14.295613288879395,27.06359100341797,-0.000613496929872781,-0.0066543398424983025,0.009814606979489326,-0.002616431098431349
5.199999809265137,41,0.05636904016137123,0.025527026504278183,9.800697326660156,5.734852313995361,-14.727408409118652,28.342737197875977,-0.004149977583438158,-0.004844572860747576,0.010417862795293331,-0.002616431098431349
5.210000038146973,41,0.03978913649916649,0.02171521820127964,9.806669235229492,5.944282054901123,-14.816241264343262,29.450769424438477,-0.003877250012010336,-0.0046380627900362015,0.007472291588783264,-0.002616431098431349
5.21999979019165,41,0.03423897549510002,0.02171521820127964,9.804281234741211,5.9457011222839355,-14.816843032836914,31.43921661376953,-0.000027076297556050122,-0.002002537250518799,0.0073729646392166615,-0.002616431098431349
5.230000019073486,41,0.04355764389038086,0.024799376726150513,9.810075759887695,6.263453006744385,-15.288565635681152,33.43367385864258,0.00253858370706439,-0.005021621007472277,0.006910562515258789,-0.0020931449253112078
5.239999771118164,41,0.042339473962783813,0.013885702937841415,9.821633338928223,6.572571754455566,-15.677651405334473,36.47321701049805,0.0024314008187502623,-0.007451759185642004,0.005852760747075081,-0.0020931449253112078
5.25,41,0.0325658954679966,0.007365958299487829,9.821671485900879,6.751698970794678,-15.932435035705566,39.78876495361328,-0.0027521082665771246,-0.006844014395028353,0.004704610910266638,-0.0020931449253112078
5.260000228881836,41,0.022792315110564232,0.004074823576956987,9.796738624572754,6.890826225280762,-16.366865158081055,41.51150131225586,-0.006951328366994858,-0.007496933452785015,0.003910839091986418,-0.0015698587521910667
5.269999980926514,42,0.026555392891168594,0.009303124621510506,9.816805839538574,7.623830795288086,-16.633359909057617,44.281578063964844,-0.005521472543478012,-0.0047965929843485355,0.003725653514266014,-0.0015698587521910667
5.28000020980835,42,0.022514374926686287,0.015578163787722588,9.788077354431152,8.185070037841797,-16.972713470458984,46.77902603149414,-0.005521472543478012,0.0010291730286553502,0.004888113122433424,-0.0010465724626556039
5.289999961853027,42,0.030356470495462418,0.006437799893319607,9.792882919311523,8.769960403442383,-17.432069778442383,50.77381896972656,-0.006173549685627222,0.0009377027163282037,0.011086774989962578,-0.0010465724626556039
5.300000190734863,42,0.02705373428761959,0.013284179382026196,9.826005935668945,9.43499755859375,-17.746845245361328,55.09307098388672,-0.006655312143266201,-0.005213820841163397,0.011195641942322254,-0.0010465724626556039
5.309999942779541,42,0.03192858025431633,0.009659943170845509,9.812520980834961,10.082740783691406,-17.83367156982422,58.10283660888672,-0.0012344294227659702,-0.001361963921226561,0.007498666178435087,-0.0010465724626556039
5.320000171661377,42,0.03050738386809826,0.018481217324733734,9.82056713104248,10.082740783691406,-19.25498390197754,62.09174346923828,0.0014204565668478608,-0.0015019753482192755,0.004098830278962851,-0.0015698587521910667
5.329999923706055,42,0.03702382743358612,0.02171521820127964,9.813461303710938,10.636707305908203,-19.73641014099121,65.29908752441406,-0.0016064838273450732,-0.002588957780972123,0.009689747355878353,-0.0010465724626556039
5.340000152587891,42,0.0429268404841423,0.014029077254235744,9.82597541809082,10.993955612182617,-20.206703186035156,68.83177185058594,0.0018564841011539102,-0.002572964411228895,0.011987730860710144,-0.0005232862313278019
5.349999904632568,42,0.04781363159418106,0.01997317001223564,9.813924789428711,11.332963943481445,-20.849618911743164,73.10181427001953,0.003021468874067068,-0.001407979754731059,0.011987730860710144,-0.0005232862313278019
5.360000133514404,42,0.03666228428483009,0.02171521820127964,9.81442928314209,11.931038856506348,-21.601707458496094,77.65437316894531,0.0019485156517475843,-0.0035999021492898464,0.006392884999513626,-0.0005232862313278019
5.369999885559082,41,0.03831799328327179,0.01766517199575901,9.815241813659668,12.87347412109375,-22.13469886779785,80.20284271240234,-0.0034443088807165623,-0.00170203170273453,0.011137560941278934,-0.0005232862313278019
5.380000114440918,42,0.03905627876520157,0.02105117030441761,9.798542022705078,13.519591331481934,-22.83527374267578,83.69195556640625,-0.0013096258044242859,-0.005341767333447933,0.009997828863561153,-0.0005232862313278019
5.389999866485596,42,0.055928245186805725,0.009151126258075237,9.817073822021484,14.073675155639648,-23.357080459594727,87.7087631225586,-0.00341232237406075,-0.00253817206248641,0.010466684587299824,-0.0005232862313278019
5.400000095367432,42,0.049750544130802155,0.0031089354306459427,9.8114595413208,14.597249984741211,-24.053892135620117,91.44657135009766,-0.001681680092588067,-0.0004910311545245349,0.00988980382680893,-3.718162930321789e-15
5.409999847412109,41,0.026906078681349754,0.006908886134624481,9.819162368774414,15.120824813842773,-24.988510131835938,94.79249572753906,0.00019542676454875618,0.0022918011527508497,0.0006355817895382643,0
5.420000076293945,41,0.020177921280264854,0.01176096498966217,9.80672550201416,15.642891883850098,-25.789276123046875,98.5704345703125,-0.0008803323144093156,-0.0024293053429573774,-0.003963190130889416,0
5.429999828338623,41,0.028778931125998497,0.012149045243859291,9.801020622253418,15.85232162475586,-26.855260848999023,104.55380249023438,-0.0025253964122384787,-0.006954845041036606,0.003570771077647805,0.0005232862313278019
5.440000057220459,41,0.04311792552471161,0.012149045243859291,9.814481735229492,16.46500015258789,-27.989662170410156,111.04920196533203,-0.0011987951584160328,-0.0031366576440632343,0.01077953539788723,0.0005232862313278019
5.449999809265137,41,0.025333967059850693,0.0075470623560249805,9.810576438903809,16.973674774169922,-29.192054748535156,116.0951156616211,0.000613496929872781,-0.000029751059628324583,0.008622406050562859,0.0005232862313278019
5.460000038146973,41,0.03871753811836243,0.012036933563649654,9.810393333435059,17.382366180419922,-30.54264259338379,119.95170593261719,-0.0013820165768265724,-0.0008630855591036379,0.004625767003744841,0.0010465724626556039
5.46999979019165,41,0.0344126895070076,0.031057167798280716,9.810393333435059,17.98981285095215,-32.10036087036133,124.43475341796875,-0.0029838704504072666,-0.0010087087284773588,0.008120722137391567,0.0010465724626556039
5.480000019073486,41,0.0582299530506134,0.02199980989098549,9.810105323791504,18.303956985473633,-33.0775146484375,131.19374084472656,-0.0013632173649966717,-0.0018392372876405716,0.01406685821712017,0.0010465724626556039
5.489999771118164,41,0.053343161940574646,0.03622833639383316,9.796015739440918,18.966482162475586,-34.719627380371094,136.4781951904297,-0.0030674845911562443,-0.0010735236573964357,0.01102476567029953,0.0010465724626556039
5.5,41,0.04798734933137894,0.03991617262363434,9.801169395446777,19.574432373046875,-35.80670166015625,141.46432495117188,-0.0038200109265744686,-0.003815951757133007,0.004374925047159195,0.0015698587521910667
5.510000228881836,41,0.03393497318029404,0.022318899631500244,9.810393333435059,20.249847412109375,-36.8471565246582,146.49061584472656,-0.005993134342133999,-0.003627118654549122,0.0037764389999210835,0.0010465724626556039
5.519999980926514,41,0.029421672224998474,0.02942723222076893,9.810769081115723,21.13871192932129,-38.57835388183594,151.54505920410156,-0.002094138879328966,-0.0022084859665483236,0.006360056810081005,0.0015698587521910667
5.53000020980835,41,0.028978701680898666,0.00692613422870636,9.816133499145508,21.66228675842285,-39.999664306640625,156.30958557128906,-0.0039704036898911,0.0009623939986340702,0.010631106793880463,0.0015698587521910667
5.539999961853027,41,0.02409191243350506,0.0036005035508424044,9.822875022888184,22.092321395874023,-41.73838424682617,162.1628875732422,0.0018376850057393312,-0.0013703814474865794,0.008289913646876812,0.0010465724626556039
5.550000190734863,41,0.0221148319542408,0.00983781274408102,9.805545806884766,22.649126052856445,-43.16395950317383,167.27044677734375,0.0006727001164108515,-0.004865335766226053,0.0013000046601518989,0.0015698587521910667
5.559999942779541,41,0.035799141973257065,-0.005689702462404966,9.808168411254883,23.23301124572754,-44.44527816772461,172.76992797851562,0.000613496929872781,-0.007254508789628744,0.0009447852498851717,0.0010465724626556039
5.570000171661377,41,0.018574325367808342,0.0025828713551163673,9.821310043334961,23.657400131225586,-45.794586181640625,179.14523315429688,0.0027010419871658087,-0.0012342982226982713,0.008251192979514599,0.0020931449253112078
5.579999923706055,41,0.038265880197286606,0.0025828713551163673,9.802288055419922,23.657400131225586,-47.21589660644531,184.3529815673828,0.0050310115329921246,-0.0030802604742348194,0.005606688559055328,0.0015698587521910667
5.590000152587891,42,0.03337909281253815,0.0059979758225381374,9.811258316040039,24.05733871459961,-48.637210845947266,190.3013153076172,0.0064412266947329044,-0.004735705908387899,0.005545521154999733,0.0015698587521910667
5.599999904632568,42,0.031280409544706345,0.02079245075583458,9.811500549316406,24.777868270874023,-50.31443405151367,195.64627075195312,0.004175230395048857,-0.005042945500463247,0.0024217795580625534,0.000523286173120141
5.610000133514404,42,0.03905627876520157,0.018915651366114616,9.797860145568848,25.56473731994629,-52.00480270385742,201.11984252929688,-0.004889877513051033,-0.0026557366363704205,0.006514939479529858,0.0005232862313278019
5.619999885559082,42,0.04119295999407768,0.022255297750234604,9.80124568939209,26.113767623901367,-53.64836883544922,206.82554626464844,-0.005533818155527115,-0.0006282367394305766,0.008066288195550442,3.997019729085061e-15
5.630000114440918,42,0.04869088903069496,0.01414442341774702,9.793024063110352,26.106908798217773,-55.4177360534668,212.03329467773438,-0.001052330364473164,-0.0014784062514081597,0.007079754490405321,0
5.639999866485596,42,0.046276263892650604,0.03726321458816528,9.812811851501465,25.68804931640625,-56.75021743774414,217.24102783203125,0.0018329150043427944,-0.001979248831048608,0.008299172855913639,0
5.650000095367432,42,0.04033307731151581,0.03831211104989052,9.811970710754395,25.187326431274414,-58.56881332397461,221.92904663085938,0.0036151844542473555,-0.001361963921226561,0.00843834225088358,0.0005232862313278019
5.659999847412109,42,0.04656614735722542,0.02860795147716999,9.828431129455566,24.950223922729492,-60.13428497314453,226.7751007080078,0.0042944783344864845,-0.0008762730285525322,0.004651300143450499,0.0005232862313278019
5.670000076293945,42,0.04784512147307396,0.018903793767094612,9.819238662719727,24.884769439697266,-61.51675033569336,231.7335205078125,0.0013287054607644677,-0.0005586519255302846,0.000521103385835886,0.0005232862313278019
5.679999828338623,42,0.040179990231990814,0.012149045243859291,9.80405044555664,24.642702102661133,-63.21840286254883,236.39588928222656,-0.003932805731892586,-0.0017236367566511035,0.0026111735496670008,0.0010465724626556039
5.690000057220459,42,0.044179756194353104,0.00751795619726181,9.800697326660156,24.01441192626953,-65.08386993408203,241.16041564941406,-0.002767820842564106,-0.0031882852781563997,0.010432733222842216,0.0015698587521910667
5.699999809265137,42,0.026228593662381172,-0.0022002155892550945,9.803966522216797,23.915964126586914,-66.57477569580078,246.85935974121094,-0.001840490847826004,-0.004567636176943779,0.011551141738891602,0.0020931449253112078
5.710000038146973,42,0.020953118801116943,0.0011631450615823269,9.810393333435059,24.362140655517578,-67.94202423095703,251.5178985595703,-0.001840490847826004,-0.0034671856556087732,0.004801412578672171,0.0031397175043821335
5.71999979019165,42,0.012387938797473907,0.005615286063402891,9.7997465133667,24.742597579956055,-69.73973083496094,256.2664489746094,-0.001840490847826004,-0.008496653288602829,0.00596639746800065,0.0031397175043821335
5.730000019073486,42,0.026437051594257355,0.00804186426103115,9.796060562133789,24.796051025390625,-72.22913360595703,262.3941650390625,-0.0020986280869692564,-0.005908546969294548,0.007286264561116695,0.0036630036775022745
5.739999771118164,42,0.023715171962976456,0.016932131722569466,9.816261291503906,26.47148895263672,-74.18343353271484,268.04510498046875,-0.007923551835119724,0.002246346091851592,0.011946204118430614,0.0036630036775022745
5.75,42,0.020884720608592033,0.024762725457549095,9.808409690856934,27.104656219482422,-76.70040130615234,275.90179443359375,-0.0010478411568328738,-0.0022993951570242643,0.008523920550942421,0.0036630036775022745
5.760000228881836,42,0.033503949642181396,0.03606447950005531,9.809654235839844,28.119522094726562,-79.45514678955078,281.39117431640625,-0.000613496929872781,-0.0036815518978983164,0.002843777649104595,0.0036630036775022745
5.769999980926514,42,0.04749877378344536,0.038160111755132675,9.813117980957031,29.467336654663086,-81.98818969726562,286.7601318359375,-0.000613496929872781,-0.007938291877508163,0.005263534374535084,0.0036630036775022745
5.78000020980835,42,0.05614538863301277,0.027859820052981377,9.806005477905273,30.870197296142578,-84.227294921875,293.607666015625,0.0022922309581190348,-0.0029124710708856583,0.007789912633597851,0.0041862898506224155
5.789999961853027,41,0.04226021468639374,0.014382661320269108,9.793905258178711,32.02206039428711,-86.89225769042969,300.36663818359375,0.0012543507618829608,-0.003175097983330488,0.0028673468623310328,0.0041862898506224155
5.800000190734863,41,0.03637891262769699,0.012326914817094803,9.800156593322754,33.477516174316406,-89.21382141113281,306.483154296875,-0.0019201765535399318,-0.00803874060511589,0.007701248861849308,0.0041862898506224155
5.809999942779541,41,0.0414850153028965,0.01685236021876335,9.812837600708008,34.48374938964844,-91.39344024658203,312.8205871582031,0.0016278079710900784,-0.005255627911537886,0.010760736651718616,0.0047095762565732
5.820000171661377,41,0.03659822791814804,0.021617120131850243,9.822761535644531,35.6859016418457,-93.8345718383789,319.41241455078125,0.002853398909792304,-0.002588957780972123,0.01004019659012556,0.005232862196862698
5.829999923706055,41,0.03676651418209076,0.01442254800349474,9.821915626525879,37.394100189208984,-96.5650405883789,326.0550231933594,0.001181960105895996,-0.002588957780972123,0.007558150216937065,0.005756148602813482
5.840000152587891,41,0.03645925596356392,0.014727621339261532,9.805166244506836,39.4708366394043,-99.23744201660156,332.3831787109375,0.000613496929872781,-0.0037820010911673307,0.0070458040572702885,0.005756148602813482
5.849999904632568,41,0.03423897549510002,0.011636994779109955,9.811431884765625,40.93684768676758,-102.16889953613281,339.1421813964844,0.000613496929872781,-0.0034394077956676483,0.009910286404192448,0.006279435008764267
5.860000133514404,41,0.03150298073887825,0.020948760211467743,9.814582824707031,43.06745147705078,-105.73462677001953,346.3406677246094,0.0010860004695132375,0.000055546523071825504,0.010570219717919827,0.007326007355004549
5.869999885559082,41,0.03222715109586716,0.014568077400326729,9.793453216552734,44.961631774902344,-109.06851196289062,353.52984619140625,-0.0006224756361916661,0.0027295120526105165,0.005433287471532822,0.008372579701244831
5.880000114440918,41,0.03136400878429413,0.01971013844013214,9.795771598815918,46.87174987792969,-112.5782470703125,361.1599426269531,-0.004127531312406063,0.0011066143633797765,0.002157188719138503,0.009942438453435898
5.889999866485596,40,0.03236612305045128,0.03712846338748932,9.817399024963379,49.48025131225586,-117.0132827758789,369.9034729003906,-0.000613496929872781,-0.005902374163269997,0.009166177362203598,0.010989011265337467
5.900000095367432,41,0.025197166949510574,0.04084756597876549,9.815837860107422,51.993408203125,-120.47772979736328,378.5461120605469,-0.00038902973756194115,-0.007826058194041252,0.012212198227643967,0.012035583145916462
5.909999847412109,41,0.02903733029961586,0.03166300430893898,9.819703102111816,54.59608840942383,-124.70159149169922,386.9992980957031,0.0001261225261259824,-0.004140867851674557,0.013214724138379097,0.013082155957818031
5.920000076293945,40,0.03739188238978386,0.026498304679989815,9.818592071533203,57.53872299194336,-129.4951629638672,397.3446960449219,-0.002866586437448859,-0.006069041322916746,0.013516071252524853,0.014652014710009098
5.929999828338623,40,0.03261149302124977,0.020099295303225517,9.805512428283691,60.92247772216797,-134.62710571289062,408.398193359375,-0.0008441369864158332,-0.003815951757133007,0.016588184982538223,0.015698587521910667
5.940000057220459,40,0.026129793375730515,0.013663635589182377,9.804010391235352,64.7080307006836,-140.04261779785156,418.98736572265625,-0.007834045216441154,-0.003815951757133007,0.0072683063335716724,0.016221873462200165
5.949999809265137,46,0.03132709488272667,0.015486533753573895,9.819076538085938,68.58248138427734,-146.4385223388672,431.17572021484375,0.0011558658443391323,-0.0003917044377885759,0.004796923138201237,0.01726844534277916
5.960000038146973,40,0.0376698262989521,0.006712689995765686,9.807673454284668,72.64887237548828,-152.67161560058594,443.77020263671875,0.0007610840839333832,-0.00013497007603291422,0.005705173593014479,0.018315019086003304
5.96999979019165,40,0.04255661368370056,-0.0008926013251766562,9.804220199584961,76.87554168701172,-159.07154846191406,455.7973937988281,-0.003456093603745103,-0.004204560536891222,0.007887556217610836,0.018315019086003304
5.980000019073486,40,0.04744340479373932,0.015522107481956482,9.819915771484375,81.12202453613281,-165.6357421875,467.5920715332031,-0.0033390899188816547,-0.0021767797879874706,0.010217525996267796,0.0193615909665823
5.989999771118164,41,0.0341336615383625,0.000034478449379093945,9.821274757385254,85.37741088867188,-172.4303436279297,480.0604553222656,-0.00038734625559300184,-0.005828861612826586,0.010760736651718616,0.0193615909665823
6,41,0.025712881237268448,0.004064043518155813,9.805159568786621,89.8801498413086,-179.7145538330078,494.7972412109375,-0.00603746622800827,-0.005834192503243685,0.0057725138030946255,0.020408162847161293
6.010000228881836,41,0.024604368954896927,0.011117398738861084,9.78548812866211,94.99735260009766,-186.7381591796875,507.3667907714844,-0.0030475633684545755,-0.0035042227245867252,0.005706856958568096,0.020408162847161293
6.019999980926514,41,0.01690884307026863,0.015969477593898773,9.808411598205566,99.73918151855469,-194.21812438964844,521.9467163085938,0.004857610445469618,0.0009478035499341786,0.004957697819918394,0.02093144878745079
6.03000020980835,41,0.014969762414693832,0.020821556448936462,9.823125839233398,104.50646209716797,-202.21922302246094,535.602783203125,0.0015220280038192868,0.0003192956210114062,0.0033987730275839567,0.021454736590385437
6.039999961853027,41,0.018956495448946953,0.02171521820127964,9.812901496887207,109.4854736328125,-210.52073669433594,548.3181762695312,-0.0031278100796043873,-0.005505628418177366,0.002815438900142908,0.02093144878745079
6.050000190734863,41,0.04818060249090195,0.029770037159323692,9.818557739257812,114.62478637695312,-218.73190307617188,562.7488403320312,-0.00027651555137708783,-0.007681276649236679,0.0032144293654710054,0.02093144878745079
6.059999942779541,41,0.04113107547163963,0.014895789325237274,9.811785697937012,119.96525573730469,-227.88162231445312,577.8180541992188,0.00046254275366663933,-0.005351307336241007,0.006463031284511089,0.02093144878745079
6.070000171661377,41,0.03905627876520157,0.028810616582632065,9.814615249633789,124.63142395019531,-237.38882446289062,592.0845336914062,-0.0010458769975230098,-0.0010348032228648663,0.009136435575783253,0.02093144878745079
6.079999923706055,41,0.04332095384597778,0.02704700641334057,9.798074722290039,129.0147247314453,-246.6280517578125,606.0933837890625,0.00027819903334602714,0.0030965160112828016,0.006965556647628546,0.021454736590385437
6.090000152587891,41,0.05687607079744339,0.013588175177574158,9.795849800109863,133.2377471923828,-255.65972900390625,620.426513671875,-0.0014333634171634912,-0.0019085416570305824,0.004218639340251684,0.021454736590385437
6.099999904632568,41,0.04951820150017738,0.016521412879228592,9.795849800109863,137.26870727539062,-264.8812561035156,635.3836669921875,-0.0038719188887625933,-0.003393392311409116,0.007502314168959856,0.02093144878745079
6.110000133514404,41,0.026325222104787827,-0.0008333112928085029,9.804853439331055,140.82901000976562,-274.7416076660156,649.3449096679688,-0.002139032119885087,-0.0016605053097009659,0.009533742442727089,0.02093144878745079
6.119999885559082,41,0.03823222219944,0.00682049011811614,9.814688682556152,143.9356689453125,-284.14013671875,662.3460083007812,-0.003945431672036648,-0.003466905327513814,0.009882789105176926,0.02093144878745079
6.130000114440918,41,0.0344441756606102,0.011945303529500961,9.80131721496582,147.10472106933594,-293.6920166015625,677.2994995117188,0.000613496929872781,0.0009910135995596647,0.014315455220639706,0.022501308470964432
6.139999866485596,41,0.0389205664396286,0.012149045243859291,9.814831733703613,150.18450927734375,-303.30413818359375,692.6404418945312,0.000613496929872781,-0.0036689257249236107,0.008490530773997307,0.024071166291832924
6.150000095367432,41,0.024803053587675095,-0.002006175462156534,9.79135799407959,153.14804077148438,-312.8091735839844,706.9286499023438,-0.0005147313349880278,-0.003815951757133007,0.006050291936844587,0.02668759785592556
6.159999847412109,41,0.024604368954896927,-0.006405494175851345,9.82457160949707,156.8130645751953,-322.3141784667969,722.3302612304688,-0.000613496929872781,-0.007014609407633543,0.006918979808688164,0.029304029420018196
6.170000076293945,41,0.02446214109659195,0.03099895641207695,9.800983428955078,160.47808837890625,-332.0665283203125,736.9093017578125,-0.004630337469279766,-0.003480092389509082,0.010092385113239288,0.031397175043821335
6.179999828338623,41,0.019998779520392418,0.02213563770055771,9.810179710388184,165.37745666503906,-342.39239501953125,752.346435546875,-0.0017526681767776608,-0.0007045555976219475,0.00793413259088993,0.033490318804979324
6.190000057220459,41,0.025166766718029976,0.031002191826701164,9.806111335754395,170.8706817626953,-353.2486877441406,767.2254638671875,-0.001493689022026956,-0.005416122265160084,0.006199562456458807,0.035060178488492966
6.199999809265137,41,0.03318692371249199,0.027194693684577942,9.815241813659668,176.77267456054688,-364.66058349609375,782.2069702148438,-0.004295039921998978,-0.0066787502728402615,0.00912549253553152,0.03663003817200661
6.210000038146973,41,0.020627407357096672,0.035230107605457306,9.813973426818848,183.89329528808594,-376.8305358886719,801.4866943359375,-0.005521472543478012,-0.0032452435698360205,0.00924838799983263,0.0387231819331646
6.21999979019165,41,0.0328492633998394,0.025525948032736778,9.801189422607422,190.80667114257812,-388.9126281738281,818.5735473632812,-0.002050648210570216,-0.0006677990895695984,0.009000913240015507,0.04029304161667824
6.230000019073486,41,0.058669667690992355,0.016376961022615433,9.805545806884766,199.21987915039062,-401.6643981933594,835.3026123046875,0.0012456527911126614,-0.001399281551130116,0.009533742442727089,0.04186289757490158
6.239999771118164,41,0.025861622765660286,0.011524883098900318,9.804280281066895,208.33859252929688,-415.2347717285156,852.3265991210938,0.0012703441316261888,-0.002588957780972123,0.007823302410542965,0.04186289757490158
6.25,40,0.03703142702579498,0.00805911235511303,9.797957420349121,217.7180633544922,-429.4098205566406,869.6593627929688,0.0016297722468152642,-0.0036052330397069454,0.005852760747075081,0.04186289757490158
6.260000228881836,40,0.05197299271821976,0.012911191210150719,9.811938285827637,227.31668090820312,-443.6663818359375,886.78857421875,0.0021752275060862303,-0.0037045597564429045,0.004068246576935053,0.04029304161667824
6.269999980926514,40,0.0447106659412384,0.016100993379950523,9.818405151367188,238.20704650878906,-457.08001708984375,903.0765991210938,0.0025340944994241,-0.0002096053649438545,0.002097143791615963,0.03976975381374359
6.28000020980835,40,0.046877749264240265,0.010348784737288952,9.810393333435059,248.4989013671875,-470.71124267578125,919.5455932617188,0.004815803375095129,0.0019969071727246046,0.007846871390938759,0.0387231819331646
6.289999961853027,40,0.03905627876520157,0.005490237846970558,9.806464195251465,258.47344970703125,-484.08123779296875,935.5394287109375,-0.000613496929872781,0.0005718210595659912,0.015335097908973694,0.03663003817200661
6.300000190734863,41,0.03696519881486893,0.014855903573334217,9.79836654663086,268.389404296875,-496.95074462890625,950.7393798828125,-0.00041540461825206876,-0.0023524255957454443,0.009137557819485664,0.03401360660791397
6.309999942779541,40,0.028306646272540092,0.008473064750432968,9.815960884094238,278.2297058105469,-509.19830322265625,965.0938720703125,0.000613496929872781,-0.006680434104055166,0.007079754490405321,0.029304029420018196
6.320000171661377,40,0.03171143680810928,0.013325143605470657,9.790922164916992,286.3974609375,-520.6576538085938,979.0551147460938,0.0005394227337092161,-0.0003571926208678633,0.007005680352449417,0.02459445409476757
6.329999923706055,40,0.052254196256399155,0.019422313198447227,9.811856269836426,294.2893981933594,-531.8049926757812,990.8759155273438,-0.0006014318205416203,-0.003755626268684864,0.005913086235523224,0.019884876906871796
6.340000152587891,40,0.04604392126202583,0.02518422342836857,9.823126792907715,301.1324157714844,-542.7374877929688,1001.6151733398438,0.0005635529523715377,0.0020692977122962475,0.011738010682165623,0.016745159402489662
6.349999904632568,40,0.03766331076622009,0.02448136731982231,9.801340103149414,307.286865234375,-553.32080078125,1011.4668579101562,-0.001616584719158709,0.002319017658010125,0.011987730860710144,0.015698587521910667
6.360000133514404,40,0.03423897549510002,0.028377259150147438,9.79688835144043,312.98199462890625,-563.4900512695312,1020.7021484375,-0.0060526179149746895,0.005478112958371639,0.0056695397943258286,0.015698587521910667
6.369999885559082,40,0.031175097450613976,0.02019415982067585,9.816560745239258,317.3800354003906,-573.439208984375,1030.120361328125,-0.0017933528870344162,0.0059999991208314896,0.009580880403518677,0.016745159402489662
6.380000114440918,41,0.027807218953967094,0.020112231373786926,9.815281867980957,320.794189453125,-581.46875,1035.790771484375,-0.0015425106976181269,0.00507098576053977,0.011689750477671623,0.01726844534277916
6.389999866485596,41,0.03758079558610916,0.024839261546730995,9.799606323242188,325.0309143066406,-590.4393920898438,1041.923095703125,0.0007605229620821774,0.00043798255501315,0.0050516934134066105,0.017791731283068657
6.400000095367432,40,0.042133186012506485,0.016531115397810936,9.812677383422852,330.0323791503906,-599.730224609375,1047.7242431640625,0.002645486267283559,0.00024802712141536176,0.005391761194914579,0.017791731283068657
6.409999847412109,40,0.037246398627758026,0.007365958299487829,9.805573463439941,335.82318115234375,-608.90087890625,1052.8211669921875,0.0023244982585310936,-0.00039394909981638193,0.00559378182515502,0.0188383050262928
6.420000076293945,40,0.030480241402983665,0.0036339217331260443,9.818437576293945,342.7331848144531,-618.1386108398438,1057.9180908203125,0.001840490847826004,-0.0020429412834346294,0.0032638120464980602,0.0188383050262928
6.429999828338623,40,0.03045092709362507,0.003604815574362874,9.810503959655762,348.5971984863281,-626.6664428710938,1062.9041748046875,-0.0006353824282996356,-0.001969989389181137,0.005885588936507702,0.0188383050262928
6.440000057220459,40,0.037037938833236694,0.01415304746478796,9.818843841552734,355.263916015625,-634.7858276367188,1069.164306640625,-0.0019535659812390804,-0.004146760329604149,0.010647661052644253,0.018315019086003304
6.449999809265137,40,0.03006332740187645,0.012786143459379673,9.804089546203613,361.2282409667969,-642.54443359375,1075.1641845703125,-0.000613496929872781,-0.005517132580280304,0.010997829958796501,0.0188383050262928
6.460000038146973,40,0.026761678978800774,0.00950794480741024,9.798020362854004,366.6394348144531,-650.8081665039062,1080.4947509765625,0.000685326405800879,-0.002588957780972123,0.008234919048845768,0.019884876906871796
6.46999979019165,40,0.03164846822619438,0.018781980499625206,9.796215057373047,372.67352294921875,-660.7684936523438,1085.647216796875,0.0026965525466948748,-0.003330821869894862,0.006223692558705807,0.021454736590385437
6.480000019073486,40,0.03653525561094284,0.017378423362970352,9.811800003051758,378.11871337890625,-670.8953857421875,1091.6304931640625,0.001840490847826004,-0.0044250995852053165,0.008624369278550148,0.02302459441125393
6.489999771118164,40,0.03669051080942154,0.012063883244991302,9.817967414855957,384.4309997558594,-681.6106567382812,1097.430419921875,0.0006059212610125542,-0.002342043910175562,0.011980154551565647,0.022501308470964432
6.5,40,0.02936847321689129,0.024185996502637863,9.80314826965332,390.3019104003906,-691.552001953125,1103.52099609375,-0.004479383118450642,-0.001731773721985519,0.007449564058333635,0.021978022530674934
6.510000228881836,40,0.019594894722104073,0.023820552974939346,9.805545806884766,396.160400390625,-700.65625,1110.3536376953125,-0.005275681149214506,-0.003201472805812955,0.010271117091178894,0.020408162847161293
6.519999980926514,40,0.03041509911417961,0.014376193284988403,9.8107271194458,402.65338134765625,-709.2183227539062,1117.9447021484375,-0.0033719183411449194,0.002319017658010125,0.016408611088991165,0.0188383050262928
6.53000020980835,40,0.04651729390025139,0.014773976057767868,9.799278259277344,408.4126892089844,-716.76904296875,1124.3712158203125,-0.009196843020617962,0.002319017658010125,0.007088732905685902,0.017791731283068657
6.539999961853027,40,0.035124920308589935,0.016932131722569466,9.797076225280762,414.1720275878906,-724.0827026367188,1130.10791015625,-0.0033831417094916105,-0.003500294638797641,0.004752029664814472,0.017791731283068657
6.550000190734863,40,0.024604368954896927,0.016932131722569466,9.808345794677734,419.3140563964844,-731.8905639648438,1135.9039306640625,0.0013399289455264807,-0.0005103914882056415,0.00903318077325821,0.01726844534277916
6.559999942779541,40,0.03030869923532009,0.014100225642323494,9.819005012512207,424.17498779296875,-740.2730102539062,1142.288818359375,-0.0002391978050582111,-0.00013497007603291422,0.007454053498804569,0.017791731283068657
6.570000171661377,40,0.04008227586746216,0.017950842157006264,9.80435562133789,429.1549377441406,-749.1004028320312,1148.5980224609375,0.0013421735493466258,-0.0040463111363351345,0.005124084185808897,0.016745159402489662
6.579999923706055,40,0.03789130970835686,0.02171521820127964,9.81207275390625,434.3906555175781,-758.0723876953125,1151.4788818359375,0.0009246645495295525,-0.005042945500463247,0.009204898029565811,0.016745159402489662
6.590000152587891,48,0.03423897549510002,0.02171521820127964,9.82493782043457,439.4272155761719,-767.5513916015625,1156.572998046875,0.002321131294593215,-0.006750579923391342,0.010760736651718616,0.018315019086003304
6.599999904632568,40,0.02797876112163067,0.015499469824135303,9.802886962890625,444.22845458984375,-778.2022094726562,1161.22509765625,0.0030674845911562443,-0.007496933452785015,0.010760736651718616,0.018315019086003304
6.610000133514404,40,0.021404776722192764,0.012149045243859291,9.81676197052002,451.4134216308594,-794.2294311523438,1168.5941162109375,0.0030674845911562443,-0.0038479382637888193,0.007111741229891777,0.018315019086003304
6.619999885559082,40,0.02959430031478405,0.015394903719425201,9.810046195983887,460.0394287109375,-813.0885009765625,1177.722900390625,-0.0016070447163656354,-0.0020297537557780743,0.0032901871018111706,0.017791731283068657
6.630000114440918,40,0.037577539682388306,0.02024698257446289,9.81077766418457,464.95037841796875,-824.4736938476562,1182.6009521484375,-0.0049156914465129375,-0.0007716151303611696,0.006412245333194733,0.01726844534277916
6.639999866485596,40,0.028832130134105682,0.0183313749730587,9.79809284210205,469.0342712402344,-836.9989624023438,1187.6978759765625,-0.004838250111788511,-0.0010830634273588657,0.009129420854151249,0.015698587521910667
6.650000095367432,40,0.03155943751335144,0.02729063667356968,9.811999320983887,472.9552001953125,-850.353759765625,1192.36376953125,-0.004557947162538767,-0.0052612400613725185,0.007561517413705587,0.014652014710009098
6.659999847412109,40,0.04133301600813866,0.03128139302134514,9.805810928344727,476.6020202636719,-863.896728515625,1197.08740234375,-0.0022279771510511637,-0.007916687056422234,0.007047487422823906,0.014652014710009098
6.670000076293945,40,0.043873582035303116,0.0169181190431118,9.79705810546875,479.7988586425781,-878.0028076171875,1202.1337890625,-0.0013289861381053925,-0.008366182446479797,0.005699000786989927,0.016745159402489662
6.679999828338623,40,0.051245566457509995,0.026788288727402687,9.825525283813477,482.47894287109375,-893.3936157226562,1207.4150390625,-0.002771749161183834,-0.006313991267234087,0.007123806048184633,0.020408162847161293
6.690000057220459,40,0.04224175587296486,0.00890857633203268,9.793060302734375,485.9345397949219,-907.9620361328125,1210.8499755859375,-0.00230794376693666,-0.002822684356942773,0.004333678632974625,0.02302459441125393
6.699999809265137,40,0.03523131459951401,0.010178460739552975,9.80825138092041,490.8847961425781,-925.2902221679688,1216.4246826171875,-0.004122761078178883,-0.004502821248024702,0.007104726508259773,0.024071166291832924
6.710000038146973,40,0.04202787205576897,0.008282258175313473,9.803483963012695,496.56402587890625,-943.3604125976562,1221.201416015625,-0.0031771929934620857,-0.008614218793809414,0.0007051665452308953,0.02459445409476757
6.71999979019165,40,0.02801784686744213,0.011301737278699875,9.832612037658691,502.7655334472656,-961.7684326171875,1225.764892578125,-0.00419907970353961,-0.007258437108248472,0.010522239841520786,0.02459445409476757
6.730000019073486,40,0.032671209424734116,0.004139503929764032,9.82730484008789,509.3199157714844,-980.7411499023438,1231.1243896484375,-0.0018691103905439377,-0.0014335127780213952,0.004697315860539675,0.025641025975346565
6.739999771118164,40,0.03834187984466553,-0.001490891445428133,9.791905403137207,515.602783203125,-1001.1725463867188,1235.3349609375,0.00046085918438620865,0.002090061316266656,0.0023244167678058147,0.027210883796215057
6.75,40,0.03488389030098915,0.001942539238370955,9.802949905395508,522.7350463867188,-1019.1221923828125,1240.2445068359375,-0.0015638349577784538,0.0012303517432883382,0.002171779051423073,0.029304029420018196
6.760000228881836,39,0.04272272810339928,0.011006364598870277,9.81408405303955,529.9603881835938,-1035.26025390625,1246.0430908203125,0.002266136696562171,-0.00301460362970829,0.0031984359957277775,0.029827315360307693
6.769999980926514,40,0.048184946179389954,0.012149045243859291,9.815241813659668,537.3666381835938,-1050.0909423828125,1251.7694091796875,-0.0007911066641099751,-0.005745247006416321,0.008222011849284172,0.029304029420018196
6.78000020980835,39,0.026786649599671364,0.025198236107826233,9.779972076416016,545.1348266601562,-1064.0224609375,1256.8226318359375,-0.001840490847826004,-0.005367300473153591,0.011339020915329456,0.027734169736504555
6.789999961853027,40,0.04240569844841957,0.01766085997223854,9.84363842010498,553.4072875976562,-1077.1695556640625,1261.697998046875,0.0006813982618041337,-0.0025210564490407705,0.010306471027433872,0.027210883796215057
6.800000190734863,39,0.021274490281939507,0.02590756118297577,9.803690910339355,561.2765502929688,-1091.2574462890625,1266.679931640625,0.00028324962477199733,-0.002919205231592059,0.0064192600548267365,0.02668759785592556
6.809999942779541,39,0.03355497866868973,0.03561171889305115,9.819171905517578,569.35888671875,-1105.640380859375,1270.8592529296875,-0.0034799431450664997,-0.0009495055419392884,0.0074922130443155766,0.02302459441125393
6.820000171661377,39,0.03423897549510002,0.02681308053433895,9.815401077270508,577.3716430664062,-1121.829833984375,1274.4093017578125,-0.003557665040716529,-0.0015263861278072,0.007569934707134962,0.016745159402489662
6.829999923706055,40,0.038967251777648926,0.031192997470498085,9.786691665649414,584.9541625976562,-1139.8428955078125,1276.9627685546875,-0.004210864659398794,-0.0014455780619755387,0.0052601671777665615,0.010989011265337467
6.840000152587891,39,0.03895639628171921,0.01689116656780243,9.81985092163086,591.7199096679688,-1158.06640625,1277.6007080078125,-0.004095544572919607,0.0005614394322037697,0.005156351253390312,0.0041862898506224155
6.849999904632568,39,0.029421672224998474,0.007247378583997488,9.810513496398926,596.8510131835938,-1176.8099365234375,1277.1575927734375,0.00032365365768782794,-0.0015406960155814886,0.005852760747075081,-0.0015698587521910667
6.860000133514404,39,0.029610585421323776,0.0025828713551163673,9.814291000366211,600.410888671875,-1193.3087158203125,1276.014404296875,0.0026536232326179743,-0.003815951757133007,0.007072459440678358,-0.005232862196862698
6.869999885559082,39,0.034755777567625046,0.002839435590431094,9.793601989746094,603.1454467773438,-1207.3853759765625,1273.82373046875,0.0032608069013804197,-0.0062278518453240395,0.009189184755086899,-0.005756148602813482
6.880000114440918,39,0.042234156280756,0.006714846473187208,9.835522651672363,605.4532470703125,-1219.06005859375,1271.120361328125,0.0014611411606892943,-0.009861975908279419,0.007176556158810854,-0.0041862898506224155
6.889999866485596,39,0.020184436812996864,-0.0022002155892550945,9.782904624938965,607.547607421875,-1228.529296875,1268.783935546875,0.0034123221412301064,-0.0011414248729124665,0.00472200708463788,-0.0020931449253112078
6.900000095367432,39,0.02647179365158081,0.00011748469842132181,9.800697326660156,609.6419067382812,-1235.7247314453125,1266.34619140625,-0.0007720268913544714,-0.0006105600041337311,0.010126616805791855,-0.002616431098431349
6.909999847412109,39,0.04333724081516266,0.0227802824229002,9.801237106323242,612.9840698242188,-1239.8199462890625,1265.3233642578125,-0.001840490847826004,-0.004298556130379438,0.00614232337102294,-0.0047095762565732
6.920000076293945,39,0.03905627876520157,0.031882915645837784,9.805545806884766,615.898681640625,-1242.4420166015625,1263.932861328125,-0.001771467155776918,-0.009847385808825493,0.009568254463374615,-0.0094191525131464
6.929999828338623,39,0.03905627876520157,0.03606447950005531,9.806904792785645,618.2518310546875,-1244.4512939453125,1262.5408935546875,0.0005585023900493979,-0.0063524311408400536,0.010733239352703094,-0.012558870017528534
6.940000057220459,39,0.03831148147583008,0.03532497212290764,9.815991401672363,620.284423828125,-1246.628173828125,1261.046875,-0.0027989656664431095,-0.00513245165348053,0.0027983232866972685,-0.012035583145916462
6.949999809265137,39,0.03261040896177292,0.028047392144799232,9.818449974060059,621.9598388671875,-1250.092529296875,1255.3958740234375,0.0012344294227659702,-0.003967467229813337,0.006473693065345287,-0.008372579701244831
6.960000038146973,39,0.02637190744280815,0.015659013763070107,9.810393333435059,623.9220581054688,-1255.421875,1252.1722412109375,0.0008270213147625327,-0.0028024823404848576,0.007079754490405321,-0.003663003444671631
6.96999979019165,38,0.032332465052604675,0.028441939502954483,9.812312126159668,627.3318481445312,-1260.929443359375,1247.978271484375,-0.0012894237879663706,-0.010200641117990017,0.003273912938311696,-0.0015698587521910667
6.980000019073486,38,0.028695331886410713,0.015916654840111732,9.819060325622559,632.01953125,-1266.7916259765625,1242.968017578125,-0.001840490847826004,-0.007068200968205929,0.0039506820030510426,-0.0010465724626556039
6.989999771118164,38,0.043873582035303116,0.012149045243859291,9.815241813659668,637.5084838867188,-1272.6533203125,1237.8577880859375,-0.003495375160127878,-0.005042945500463247,0.005453209392726421,-0.003663003444671631
7,48,0.04271187260746956,0.006381744518876076,9.81290340423584,643.1630859375,-1276.828369140625,1233.5364990234375,-0.0012327457079663873,-0.0035120791289955378,0.008149060420691967,-0.007849293760955334
7.010000228881836,38,0.040287476032972336,-0.008099032565951347,9.809263229370117,652.1845092773438,-1284.29248046875,1225.652587890625,0.000613496929872781,-0.002588957780972123,0.009533742442727089,-0.007849293760955334
7.019999980926514,38,0.04517426714301109,-1.7163642951345537e-8,9.813544273376465,654.555908203125,-1286.2579345703125,1223.575927734375,-0.005159237887710333,-0.005154618062078953,0.010816573165357113,-0.011512297205626965
7.03000020980835,38,0.04732071980834007,-0.0015415572561323643,9.802743911743164,655.9839477539062,-1286.4373779296875,1221.5052490234375,-0.005794199649244547,-0.006338121369481087,0.011987730860710144,-0.012558870017528534
7.039999961853027,38,0.036675311625003815,0.016437329351902008,9.817192077636719,658.0748901367188,-1286.8408203125,1216.8961181640625,-0.000613496929872781,-0.003490754636004567,0.010435539297759533,-0.010989011265337467
7.050000190734863,39,0.01978706568479538,0.027996726334095,9.807355880737305,658.232177734375,-1287.376953125,1211.1072998046875,-0.0024350483436137438,-0.0009065760532394052,0.0073959724977612495,-0.009942438453435898
7.059999942779541,38,0.029258817434310913,0.029713980853557587,9.800697326660156,659.8028564453125,-1287.998779296875,1210.5533447265625,-0.005128093529492617,0.0006517875008285046,0.005459382198750973,-0.011512297205626965
7.070000171661377,38,0.04704277589917183,0.02813471108675003,9.800697326660156,660.6184692382812,-1288.2646484375,1207.9573974609375,-0.0033003692515194416,0.0016562782693654299,0.0056198760867118835,-0.012035583145916462
7.079999923706055,39,0.03872079402208328,0.03128139302134514,9.811068534851074,661.721435546875,-1288.8953857421875,1204.1014404296875,-0.000613496929872781,-0.0017511340556666255,0.008576109074056149,-0.011512297205626965
7.090000152587891,39,0.029421672224998474,0.03128139302134514,9.824390411376953,663.2570190429688,-1289.253173828125,1199.4486083984375,-0.0008208485087379813,-0.007911636494100094,0.00932639092206955,-0.012035583145916462
7.099999904632568,39,0.03313480690121651,0.027594631537795067,9.815241813659668,664.850830078125,-1288.6590576171875,1194.5028076171875,-0.0027125459164381027,-0.009224208071827888,0.007870720699429512,-0.009942438453435898
7.110000133514404,38,0.03135206922888756,0.025539962574839592,9.799735069274902,665.6885986328125,-1290.791015625,1190.95703125,-0.009035787545144558,-0.003649284830316901,0.004959100857377052,-0.007326007355004549
7.119999885559082,38,0.01978706568479538,0.021374572068452835,9.788507461547852,667.9718627929688,-1294.7623291015625,1189.03662109375,-0.006705817300826311,-0.0014472614275291562,0.009363147430121899,-0.0036630036775022745
7.130000114440918,38,0.025982137769460678,0.009416314773261547,9.811779975891113,669.6956787109375,-1299.528564453125,1185.982421875,-0.004375847522169352,-0.0061072008684277534,0.00004326901398599148,-0.0010465725790709257
7.139999866485596,38,0.03850799426436424,0.010029696859419346,9.81579303741455,671.2819213867188,-1305.7457275390625,1182.9764404296875,-0.003170178271830082,-0.004021339118480682,0.0019663916900753975,-1.1433345589728638e-14
7.150000095367432,38,0.043873582035303116,0.009554298594594002,9.803739547729492,673.2430419921875,-1313.6842041015625,1181.8956298828125,0.0001193884527310729,0.0004332124372012913,0.006420943420380354,0.0010465724626556039
7.159999847412109,38,0.04842054471373558,0.009891713038086891,9.793561935424805,674.4996337890625,-1321.32373046875,1183.89013671875,-0.0013870670227333903,0.003092587925493717,0.009080318734049797,0.002616431098431349
7.170000076293945,39,0.044136326760053635,0.012018606998026371,9.79335880279541,676.1433715820312,-1331.0159912109375,1182.40234375,-0.002778763649985194,-0.0011453528422862291,0.006718923803418875,0.005232862196862698
7.179999828338623,38,0.03906387835741043,0.012141499668359756,9.800705909729004,678.179931640625,-1341.1827392578125,1183.0750732421875,-0.0030674845911562443,-0.005217749159783125,-0.0002810859587043524,0.006802720949053764
7.190000057220459,38,0.05131939798593521,0.017223192378878593,9.810541152954102,680.5219116210938,-1352.25537109375,1184.6966552734375,-0.001438974984921515,-0.010341213084757328,0.001335077453404665,0.006279435008764267
7.199999809265137,38,0.04811980202794075,0.021431704983115196,9.815241813659668,682.80419921875,-1364.404296875,1186.1614990234375,0.00089099450269714,-0.009395926259458065,0.0018942815950140357,0.005756148602813482
7.210000038146973,38,0.041677188128232956,0.01953442394733429,9.807329177856445,684.2702026367188,-1377.1072998046875,1187.7127685546875,-0.0023009292781352997,-0.0012848033802583814,0.0023252584505826235,0.0031397175043821335
7.21999979019165,38,0.03849279507994652,0.027057787403464317,9.811527252197266,686.9750366210938,-1392.0872802734375,1186.9698486328125,-0.0030085621401667595,-0.0014798090560361743,0.005283455830067396,-0.002616431098431349
7.230000019073486,38,0.03147909790277481,0.025800839066505432,9.800646781921387,687.9669189453125,-1405.298095703125,1186.8602294921875,-0.000047278404963435605,-0.0051375022158026695,0.005947317462414503,-0.008372579701244831
7.239999771118164,38,0.029421672224998474,0.030143024399876595,9.789000511169434,688.548095703125,-1417.9581298828125,1186.684814453125,0.0011177064152434468,-0.0023033232428133488,0.00563418585807085,-0.013605441898107529
7.25,38,0.029421672224998474,0.013038394972682,9.799753189086914,688.3950805664062,-1430.10986328125,1186.0540771484375,-0.0012549117673188448,-0.0014615713153034449,0.009290756657719612,-0.016221873462200165
7.260000228881836,38,0.02645333670079708,0.0036942895967513323,9.80853271484375,686.0263061523438,-1440.9385986328125,1184.9776611328125,-0.004467318300157785,-0.004196143243461847,0.012074150145053864,-0.0141287287697196
7.269999980926514,38,0.03675565496087074,0.010382202453911304,9.807336807250977,684.4556274414062,-1453.3751220703125,1184.534423828125,0.000613496929872781,-0.00536112766712904,0.010170106776058674,-0.011512297205626965
7.28000020980835,38,0.04076627641916275,0.0028933354187756777,9.811800003051758,683.3104858398438,-1465.667236328125,1181.029052734375,0.0008696701261214912,-0.005501419771462679,0.010706864297389984,-0.005232862196862698
7.289999961853027,38,0.042233072221279144,0.0072624702006578445,9.812044143676758,683.5953369140625,-1480.1346435546875,1177.9075927734375,0.001646326738409698,-0.002783122006803751,0.004881940316408873,0.002093144692480564
7.300000190734863,38,0.0471198633313179,0.00892582442611456,9.810393333435059,685.8233642578125,-1496.12158203125,1175.1239013671875,0.000613496929872781,-0.003815951757133007,0.0005107217584736645,0.010465724393725395
7.309999942779541,38,0.03874359652400017,0.020534807816147804,9.810393333435059,689.8958740234375,-1512.2918701171875,1172.083251953125,0.0004030589188914746,-0.003675659652799368,0.00722004659473896,0.016221873462200165
7.320000171661377,38,0.04100947454571724,0.023137100040912628,9.806986808776855,693.875,-1531.3907470703125,1174.07763671875,-0.0030918954871594906,-0.0013538269558921456,0.00955001637339592,0.0188383050262928
7.329999923706055,38,0.036964111030101776,0.011424629017710686,9.798592567443848,697.1217041015625,-1548.2371826171875,1176.2659912109375,-0.006586849689483643,-0.00018884219753090292,0.01187998615205288,0.019884876906871796
7.340000152587891,38,0.044811639934778214,0.017863523215055466,9.806489944458008,699.8612060546875,-1562.9412841796875,1180.8922119140625,-0.006748466286808252,-0.006801646202802658,0.006432166788727045,0.0193615909665823
7.349999904632568,38,0.037909768521785736,0.01814703829586506,9.799544334411621,700.9319458007812,-1574.210205078125,1187.0101318359375,-0.0025520517956465483,-0.006447829771786928,0.010049175471067429,0.016745159402489662
7.360000133514404,38,0.03423897549510002,0.009657787159085274,9.810595512390137,699.4562377929688,-1580.726806640625,1193.8360595703125,-0.002827585209161043,-0.003308655694127083,0.003851074492558837,0.012558870017528534
7.369999885559082,38,0.037971653044223785,0.011072123423218727,9.800215721130371,695.8959350585938,-1581.3486328125,1203.1435546875,0.0006328572635538876,-0.002588957780972123,0.00402195006608963,0.008372579701244831
7.380000114440918,38,0.03905627876520157,0.012149045243859291,9.803503036499023,690.571533203125,-1574.6541748046875,1211.72509765625,0.0027035672683268785,-0.002588957780972123,0.004625767003744841,0.0047095762565732
7.389999866485596,38,0.03518462926149368,0.015993192791938782,9.793856620788574,683.8045043945312,-1562.350341796875,1221.033935546875,-0.003341054078191519,-0.0009868231136351824,0.0038246996700763702,-0.0015698587521910667
7.400000095367432,39,0.02241557464003563,0.02084527164697647,9.794967651367188,677.0120239257812,-1545.217529296875,1229.1741943359375,-0.002314116572961211,-0.0030912032816559076,0.004137831274420023,-0.008895865641534328
7.409999847412109,39,0.03582954406738281,0.0137509535998106,9.816030502319336,670.7609252929688,-1524.41357421875,1235.600830078125,-0.00006355227378662676,-0.004365896340459585,0.0086880624294281,-0.015175300650298595
7.420000076293945,39,0.059456806629896164,0.012149045243859291,9.799559593200684,664.2686157226562,-1501.494873046875,1242.0274658203125,-0.0018435772508382797,-0.004430992063134909,0.010142609477043152,-0.020408162847161293
7.429999828338623,40,0.02994607202708721,0.008028928190469742,9.795849800109863,657.9851684570312,-1471.13330078125,1245.69091796875,-0.0008553602965548635,-0.00393688352778554,0.008306748233735561,-0.027210883796215057
7.440000057220459,39,0.02882344461977482,-0.0010122592793777585,9.817079544067383,650.5040893554688,-1438.78759765625,1246.0509033203125,0.000858446815982461,-0.0040620239451527596,0.005851638037711382,-0.035583462566137314
7.449999809265137,40,0.03799879550933838,0.014832187443971634,9.820089340209961,641.931396484375,-1403.7193603515625,1245.971435546875,-0.0019005357753485441,-0.0062699392437934875,0.003458817955106497,-0.042909473180770874
7.460000038146973,40,0.04341432452201843,0.016932131722569466,9.811317443847656,632.2860107421875,-1365.9566650390625,1246.121826171875,-0.0042944783344864845,-0.007003947161138058,0.005852760747075081,-0.04971219226717949
7.46999979019165,40,0.052728649228811264,0.012536047026515007,9.819304466247559,621.5308837890625,-1326.10205078125,1245.4893798828125,-0.004904468078166246,-0.007503947708755732,0.007377734873443842,-0.055991627275943756
7.480000019073486,40,0.022029060870409012,0.007683968171477318,9.81103801727295,609.5934448242188,-1283.90673828125,1243.605712890625,-0.006262494716793299,-0.0035729659721255302,0.011015787720680237,-0.06122449040412903
7.489999771118164,40,0.024353569373488426,0.007365958299487829,9.824180603027344,597.137939453125,-1241.4918212890625,1236.515380859375,-0.003932524938136339,-0.003131887875497341,0.007803661283105612,-0.06593406945466995
7.5,40,0.04778432101011276,0.016572080552577972,9.806275367736816,583.70751953125,-1198.2967529296875,1228.577392578125,-0.0019594584591686726,-0.005675101187080145,0.011868762783706188,-0.06855049729347229
7.510000228881836,40,0.0581018403172493,0.03562034294009209,9.796074867248535,569.6013793945312,-1154.3704833984375,1220.3095703125,-0.0031244431156665087,-0.000305845751427114,0.010589861311018467,-0.07064364105463028
7.519999980926514,40,0.04400061070919037,0.050125911831855774,9.800626754760742,555.41064453125,-1109.8612060546875,1210.7254638671875,-0.004289427772164345,-0.0038008003029972315,0.00709490617737174,-0.07221350073814392
7.53000020980835,40,0.04377695173025131,0.02133144997060299,9.796141624450684,541.5882568359375,-1064.02392578125,1198.315673828125,-0.001974609913304448,-0.004975886084139347,0.005919820163398981,-0.07378336042165756
7.539999961853027,40,0.039554622024297714,0.0030776734929531813,9.810226440429688,528.229736328125,-1019.5245361328125,1185.7093505859375,-0.0007425655494444072,-0.0017491697799414396,0.012440312653779984,-0.07482992857694626
7.550000190734863,40,0.053036995232105255,0.01646427996456623,9.80530834197998,515.2719116210938,-976.990966796875,1171.6343994140625,0.004566084127873182,-0.002397879958152771,0.00907105952501297,-0.07430664449930191
7.559999942779541,41,0.04204307496547699,0.00857763085514307,9.800390243530273,501.9730224609375,-936.6021118164062,1155.44775390625,0.004547565244138241,-0.002588957780972123,0.005385027267038822,-0.07482992857694626
7.570000171661377,41,0.01571890339255333,0.025382574647665024,9.796980857849121,488.1510009765625,-898.1625366210938,1137.7298583984375,0.003382580354809761,-0.007148447912186384,0.00280197081156075,-0.07378336042165756
7.579999923706055,41,0.025048425421118736,0.011708143167197704,9.80994701385498,475.27105712890625,-861.0308227539062,1121.5526123046875,0.0013677066890522838,-0.007874038070440292,0.0004720011493191123,-0.07221350073814392
7.590000152587891,41,0.028908131644129753,0.006346170324832201,9.805545806884766,461.5973815917969,-825.4140625,1102.855712890625,-0.0025380225852131844,-0.005921173375099897,0.003657190827652812,-0.06907378137111664
7.599999904632568,41,0.026936477050185204,-0.0016213294584304094,9.806719779968262,448.1783142089844,-791.08447265625,1085.677978515625,-0.0042944783344864845,-0.0021394621580839157,0.006578631699085236,-0.06488749384880066
7.610000133514404,41,0.04061101749539375,0.005174383521080017,9.812615394592285,435.3803405761719,-757.536865234375,1068.7445068359375,-0.005622202064841986,-0.0034542789217084646,0.005752031225711107,-0.06070120260119438
7.619999885559082,41,0.016899071633815765,0.024582698941230774,9.798028945922852,423.5624084472656,-724.5084838867188,1051.1864013671875,-0.004341055639088154,-0.0044643813744187355,0.005227619782090187,-0.05703819915652275
7.630000114440918,41,0.006058238912373781,0.04006170481443405,9.810393333435059,413.0946960449219,-692.1129150390625,1033.1544189453125,-0.00022095991880632937,-0.002588957780972123,0.004233229905366898,-0.05389848351478577
7.639999866485596,42,0.037682853639125824,0.03349991515278816,9.805194854736328,403.04205322265625,-662.7982788085938,1018.306884765625,0.002318325452506542,-0.0035446269903331995,0.003127448260784149,-0.05180533602833748
7.650000095367432,42,0.05536910146474838,0.01986752636730671,9.785051345825195,393.80035400390625,-635.478759765625,1003.0302124023438,0.000988357118330896,-0.004627120215445757,0.0033782904502004385,-0.050235480070114136
7.659999847412109,41,0.06014297902584076,0.00917053036391735,9.800697326660156,384.85137939453125,-609.9391479492188,987.3295288085938,-0.005190383177250624,-0.0027545024640858173,0.004129133652895689,-0.04918890818953514
7.670000076293945,42,0.04334375634789467,0.003108935197815299,9.803926467895508,376.3341064453125,-585.9637451171875,971.7120361328125,-0.00955402571707964,-0.0015940068988129497,0.010820501483976841,-0.0476190485060215
7.679999828338623,42,0.025743279606103897,0.0228460393846035,9.809511184692383,368.6751403808594,-563.3982543945312,956.8644409179688,-0.006288869772106409,-0.005350746214389801,0.007079754490405321,-0.04604918882250786
7.690000057220459,42,0.0342552624642849,0.02769811823964119,9.793434143066406,360.821533203125,-543.1445922851562,942.016845703125,-0.0037911105901002884,-0.0010263854637742043,0.007583122234791517,-0.04447932913899422
7.699999809265137,42,0.04485723748803139,0.024937361478805542,9.79941177368164,353.31805419921875,-523.4849243164062,927.0765991210938,-0.0009308374137617648,0.0008804634562693536,0.010760736651718616,-0.04395604506134987
7.710000038146973,42,0.031544238328933716,0.006028160452842712,9.794493675231934,345.56842041015625,-504.9568786621094,912.9844360351562,-0.004163165111094713,-0.00131819280795753,0.01067319419234991,-0.04447932913899422
7.71999979019165,42,0.02602122165262699,-0.001637499313801527,9.796704292297363,337.6868896484375,-487.49261474609375,899.3851928710938,-0.0006682107341475785,-0.00015320802049245685,0.008343224413692951,-0.04552590101957321
7.730000019073486,42,0.02793533354997635,-0.0029116955120116472,9.804409980773926,329.8273010253906,-470.715087890625,885.411376953125,0.0016799967270344496,-0.00013497007603291422,0.0071600014343857765,-0.04604918882250786
7.739999771118164,42,0.03238349407911301,0.015387357212603092,9.80352783203125,321.2406921386719,-454.0146789550781,869.89892578125,0.0029252285603433847,0.0009497677092440426,0.009249229915440083,-0.04709576070308685
7.75,42,0.03731371462345123,0.020217876881361008,9.818336486816406,313.21795654296875,-437.31427001953125,854.983154296875,-0.0020461587700992823,-0.001976162428036332,0.010556471534073353,-0.048665620386600494
7.760000228881836,42,0.018359355628490448,0.025967929512262344,9.804377555847168,304.0101318359375,-421.20269775390625,839.768310546875,-0.0030674845911562443,0.0022146403789520264,0.008839297108352184,-0.04918890818953514
7.769999980926514,42,0.03519006073474884,0.0056142075918614864,9.811211585998535,294.30145263671875,-405.4667053222656,823.7972412109375,-0.002168774139136076,-0.0009475411497987807,0.006509327329695225,-0.04918890818953514
7.78000020980835,42,0.04800688847899437,0.0007621289696544409,9.803231239318848,284.6912841796875,-390.1419677734375,807.1517944335938,0.0015063151950016618,-0.0017522562993690372,0.010872970335185528,-0.04918890818953514
7.789999961853027,42,0.03905627876520157,-0.0003104811767116189,9.813326835632324,274.74334716796875,-376.10650634765625,790.86376953125,0.0007434073486365378,-0.0005872714682482183,0.007791877258569002,-0.04814233258366585
7.800000190734863,42,0.035110801458358765,0.014335229992866516,9.810393333435059,265.598876953125,-362.58221435546875,772.0253295898438,-0.0034642303362488747,-0.0029857035260647535,0.006763816811144352,-0.0476190485060215
7.809999942779541,42,0.0335061214864254,0.03128139302134514,9.810393333435059,257.1714172363281,-349.7232971191406,754.6834106445312,-0.0029187751933932304,-0.005693619605153799,0.010909445583820343,-0.046572476625442505
7.820000171661377,42,0.04116798937320709,0.027087971568107605,9.80189323425293,248.43942260742188,-337.1961975097656,737.1380004882812,0.0017411640146747231,-0.00744726974517107,0.010271397419273853,-0.04604918882250786
7.829999923706055,42,0.048235975205898285,0.017383813858032227,9.799781799316406,239.17324829101562,-325.0771179199219,718.8861083984375,0.0006078852456994355,-0.00714395847171545,0.008133066818118095,-0.04552590101957321
7.840000152587891,42,0.049006830900907516,0.014383738860487938,9.808128356933594,230.08462524414062,-313.8568115234375,701.0491333007812,-0.0038298312574625015,-0.0031843569595366716,0.009069095365703106,-0.045002616941928864
7.849999904632568,42,0.036913082003593445,0.007717386353760958,9.807880401611328,222.02157592773438,-301.33148193359375,683.3206176757812,-0.002262208377942443,-0.0005376081098802388,0.009112024679780006,-0.04343275725841522
7.860000133514404,42,0.03659062832593918,0.00729049788787961,9.810393333435059,213.71160888671875,-289.50439453125,664.7212524414062,-0.0036791579332202673,-0.0023838509805500507,0.010420107282698154,-0.04238618537783623
7.869999885559082,42,0.046332720667123795,0.024257143959403038,9.802968978881836,205.33441162109375,-277.5735168457031,646.4345703125,-0.00998472236096859,-0.0053215655498206615,0.008697882294654846,-0.040816325694322586
7.880000114440918,42,0.04363364353775978,0.028770729899406433,9.806028366088867,197.0898895263672,-265.76934814453125,628.9813232421875,-0.0042944783344864845,-0.0062699392437934875,0.006285982206463814,-0.039246466010808945
7.889999866485596,42,0.04425249993801117,0.013600032776594162,9.812626838684082,189.208984375,-254.7395782470703,612.4064331054688,-0.0038306729402393103,-0.0065791429951786995,0.008152146823704243,-0.037153322249650955
7.900000095367432,42,0.03268532454967499,-0.0027144216001033783,9.810393333435059,182.1930694580078,-243.5467529296875,596.3399658203125,-0.00042831149767152965,-0.008168370462954044,0.006987161934375763,-0.03453689068555832
7.909999847412109,42,0.008838746696710587,-0.0015480255242437124,9.807639122009277,175.26593017578125,-232.9562225341797,580.3674926757812,0.0015652378788217902,-0.0014537149108946323,0.005883344449102879,-0.03244374692440033
7.920000076293945,42,0.011744111776351929,0.010942762717604637,9.81966781616211,168.5472869873047,-223.18185424804688,564.4118041992188,-0.008919625543057919,-0.004948669578880072,0.007048328872770071,-0.03035060130059719
7.929999828338623,42,0.03704337030649185,0.022643376141786575,9.812419891357422,162.58409118652344,-213.82089233398438,549.3364868164062,-0.005801775958389044,-0.003909386228770018,0.004812635947018862,-0.0282574575394392
7.940000057220459,42,0.04869088903069496,0.026498304679989815,9.797733306884766,157.72268676757812,-204.55787658691406,535.7713623046875,-0.005521472543478012,-0.004887502174824476,0.0024826661683619022,-0.02668759785592556
7.949999809265137,42,0.04266084358096123,0.026498304679989815,9.792815208435059,153.21994018554688,-196.20767211914062,522.5858154296875,-0.0024928487837314606,0.000004760677711601602,0.006209943909198046,-0.025641025975346565
7.960000038146973,42,0.04214078560471535,0.026498304679989815,9.800313949584961,149.38356018066406,-187.69595336914062,507.6878662109375,-0.001840490847826004,0.001092023798264563,0.007079754490405321,-0.024071166291832924
7.96999979019165,42,0.03756559640169144,0.020235123112797737,9.79919719696045,145.61383056640625,-180.00689697265625,495.45855712890625,0.0008160786237567663,0.00020650067017413676,0.006194231566041708,-0.022501308470964432
7.980000019073486,42,0.03423897549510002,0.013731549493968487,9.802337646484375,141.70590209960938,-172.5272979736328,484.8923034667969,-0.0014535654336214066,0.002335572149604559,0.009146817028522491,-0.02093144878745079
7.989999771118164,42,0.040824901312589645,0.015418619848787785,9.805545806884766,137.6649932861328,-165.0177001953125,474.8121032714844,-0.004590494558215141,-0.000261513254372403,0.011522241868078709,-0.0193615909665823
8,42,0.04723603278398514,0.026947831735014915,9.795393943786621,133.79054260253906,-158.3553009033203,465.1722717285156,-0.004122480750083923,-0.002588957780972123,0.011987730860710144,-0.016745159402489662
8.010000228881836,42,0.03496314585208893,0.017651157453656197,9.804816246032715,130.62757873535156,-153.07247924804688,457.6833801269531,-0.0037049714010208845,-0.0006764971185475588,0.010712756775319576,-0.015698587521910667
8.020000457763672,42,0.03292309120297432,0.012149045243859291,9.799822807312012,128.33392333984375,-147.8967742919922,449.851806640625,-0.0037190006114542484,0.001092023798264563,0.006656353361904621,-0.0141287287697196
8.029999732971191,42,0.03423897549510002,-0.002033125376328826,9.80663013458252,126.13433074951172,-142.83360290527344,442.8184509277344,-0.001013609697110951,-0.0025022574700415134,0.004425710532814264,-0.0141287287697196
8.039999961853027,42,0.030598584562540054,0.007474836427718401,9.80306625366211,123.89350891113281,-138.0723114013672,436.6947326660156,0.001840490847826004,-0.007496933452785015,0.006304220296442509,-0.0141287287697196
8.050000190734863,42,0.03684142604470253,0.008465518243610859,9.815631866455078,122.13020324707031,-133.88291931152344,430.4576721191406,-0.0012751140166074038,-0.00671803206205368,0.006690303795039654,-0.015175300650298595
8.0600004196167,42,0.03527691587805748,0.007365958299487829,9.804875373840332,120.87362670898438,-129.26365661621094,423.2554626464844,-0.007975460030138493,-0.005042945500463247,0.0061802021227777,-0.015698587521910667
8.069999694824219,42,0.02654127962887287,0.018830489367246628,9.816190719604492,119.2829818725586,-124.502685546875,415.96490478515625,-0.006913729943335056,-0.004512080457061529,0.006548889447003603,-0.016745159402489662
8.079999923706055,42,0.028522701933979988,0.025605719536542892,9.804316520690918,117.25383758544922,-119.6057357788086,409.08856201171875,-0.0030674845911562443,-0.002792381215840578,0.004625767003744841,-0.017791731283068657
8.09000015258789,42,0.033409491181373596,0.01857931539416313,9.796684265136719,114.74381256103516,-114.83531188964844,402.2237243652344,-0.003208898939192295,-0.003815951757133007,0.004201523959636688,-0.017791731283068657
8.100000381469727,42,0.03018167056143284,0.02901759184896946,9.787683486938477,111.7823486328125,-110.49087524414062,394.59564208984375,-0.004135667812079191,-0.003577735973522067,0.000865379988681525,-0.017791731283068657
8.109999656677246,42,0.041802044957876205,0.027183912694454193,9.80691909790039,108.53617858886719,-106.22693634033203,386.0638122558594,-0.0018230946734547615,-0.00020455490448512137,-0.00021262378140818328,-0.01726844534277916
8.119999885559082,42,0.060658689588308334,0.030664777383208275,9.806170463562012,105.91975402832031,-101.96299743652344,377.6271667480469,-0.0006581097259186208,-0.004864494316279888,0.004447315353900194,-0.017791731283068657
8.130000114440918,42,0.04607974737882614,0.022810466587543488,9.801252365112305,102.9488296508789,-98.08739471435547,369.82891845703125,-0.003974612802267075,-0.003922573756426573,0.007986882701516151,-0.017791731283068657
8.140000343322754,42,0.043873582035303116,0.02171521820127964,9.835600852966309,99.62100982666016,-94.34137725830078,362.3619079589844,0.000997335882857442,-0.003815951757133007,0.007248385343700647,-0.017791731283068657
8.149999618530273,42,0.03506411612033844,0.008594878949224949,9.786288261413574,96.24671936035156,-90.54312133789062,354.3971862792969,-0.00015221675857901573,-0.003815951757133007,0.0020979854743927717,-0.01726844534277916
8.15999984741211,42,0.03423897549510002,0.011808397248387337,9.80381965637207,93.314697265625,-87.34516906738281,344.0924987792969,-0.0024821863044053316,-0.004750296473503113,0.005616508889943361,-0.01726844534277916
8.170000076293945,42,0.05241379514336586,-0.010408109053969383,9.791827201843262,89.9970474243164,-84.310791015625,337.46026611328125,-0.0013228132156655192,-0.002425938379019499,0.007079754490405321,-0.016221873462200165
8.180000305175781,42,0.035055432468652725,0.020296569913625717,9.809571266174316,87.00537109375,-80.68106842041016,331.1445007324219,-0.0022341501899063587,-0.0021722905803471804,0.006269427947700024,-0.016221873462200165
8.1899995803833,42,0.038921650499105453,0.02171521820127964,9.819818496704102,83.94170379638672,-77.65470886230469,323.1780090332031,-0.0038158020470291376,-0.0040855929255485535,0.004356125835329294,-0.015698587521910667
8.199999809265137,42,0.020060664042830467,0.012278405018150806,9.791434288024902,80.681640625,-75.488525390625,313.6862487792969,-0.0036081699654459953,-0.00847448781132698,0.004771389998495579,-0.015698587521910667
8.210000038146973,42,0.033796004951000214,0.01236895751208067,9.833890914916992,77.74962615966797,-72.55706787109375,305.9300537109375,-0.004316083621233702,-0.008680717088282108,0.007101359311491251,-0.015175300650298595
8.220000267028809,42,0.005908410530537367,0.026356009766459465,9.788028717041016,76.05184173583984,-69.80011749267578,298.5003356933594,-0.004959181882441044,-0.0062699392437934875,0.00437071593478322,-0.014652014710009098
8.229999542236328,42,0.024604368954896927,0.022137794643640518,9.845751762390137,73.43698120117188,-67.37837982177734,291.4906921386719,-0.003794196993112564,-0.003268251661211252,0.0032197602558881044,-0.0141287287697196
8.239999771118164,42,0.02573350816965103,0.0318419523537159,9.774450302124023,71.09585571289062,-64.886474609375,285.24615478515625,-0.003944029100239277,0.0006537516019307077,0.009621565230190754,-0.013082155957818031
8.25,42,0.04422535374760628,0.03979974985122681,9.817965507507324,69.25740051269531,-62.27096939086914,279.2867431640625,-0.0051452093757689,-0.0005112332291901112,0.012363993562757969,-0.013082155957818031
8.260000228881836,41,0.049112144857645035,0.02524351328611374,9.791001319885254,67.29072570800781,-59.81476974487305,272.55682373046875,-0.0030374620109796524,-0.001990472199395299,0.012271962128579617,-0.012035583145916462
8.270000457763672,42,0.053017452359199524,0.011174533516168594,9.795940399169922,65.82471466064453,-58.03813171386719,266.4626770019531,-0.00039548316271975636,-0.004572686739265919,0.008020272478461266,-0.011512297205626965
8.279999732971191,42,0.04701020568609238,0.005364111624658108,9.8321533203125,64.44343566894531,-56.18960952758789,260.8168029785156,-0.0048651862889528275,-0.006545753683894873,0.002171779051423073,-0.011512297205626965
8.289999961853027,42,0.03549840301275253,0.023997344076633453,9.784062385559082,62.84149169921875,-54.579322814941406,255.27664184570312,-0.007334325462579727,-0.0014901908580213785,0.0024282329250127077,-0.010989011265337467
8.300000190734863,42,0.043873582035303116,0.010142886079847813,9.827597618103027,61.20371627807617,-53.15801239013672,250.07545471191406,-0.0017742729978635907,-0.0027213934808969498,0.004956856369972229,-0.010465724393725395
8.3100004196167,41,0.04156753048300743,0.023445408791303635,9.793889045715332,59.90858459472656,-51.64315414428711,245.53253173828125,-0.0006092881667427719,-0.00503873685374856,0.010760736651718616,-0.010465724393725395
8.319999694824219,41,0.028583502396941185,0.009862606413662434,9.827042579650879,59.17557907104492,-49.33352279663086,240.98960876464844,0.0005556966061703861,-0.00387375196442008,0.010760736651718616,-0.010465724393725395
8.329999923706055,41,0.025512024760246277,0.019011592492461205,9.794654846191406,58.16905212402344,-48.029380798339844,235.6748809814453,0.000613496929872781,-0.004923135973513126,0.01186792179942131,-0.010465724393725395
8.34000015258789,41,0.03235309198498726,0.008336158469319344,9.811376571655273,57.32172393798828,-46.76155471801758,230.9503173828125,-0.003567204810678959,0.0001829315151553601,0.013032905757427216,-0.010989011265337467
8.350000381469727,42,0.040733702480793,0.016305813565850258,9.808921813964844,55.95812225341797,-45.357749938964844,226.85142517089844,0.0016045196680352092,-0.002840641653165221,0.010265224613249302,-0.010465724393725395
8.359999656677246,41,0.03388611972332001,0.03349776193499565,9.796262741088867,53.86406326293945,-43.951358795166016,222.73284912109375,-0.0006171445711515844,-0.002894794335588813,0.008612585254013538,-0.010465724393725395
8.369999885559082,41,0.04513409733772278,0.04202474281191826,9.821434020996094,52.81690979003906,-43.06304168701172,216.86029052734375,-0.0026996389497071505,-0.00430725421756506,0.0065884520299732685,-0.009942438453435898
8.380000114440918,41,0.03423897549510002,0.03690747544169426,9.798376083374023,51.47690200805664,-41.5122184753418,212.6404571533203,-0.0030674845911562443,-0.001854388858191669,0.0074470387771725655,-0.0094191525131464
8.390000343322754,41,0.036888111382722855,0.01083388552069664,9.798880577087402,50.33476257324219,-40.161128997802734,208.308837890625,-0.002332354662939906,-0.0008701001643203199,0.010512138716876507,-0.0094191525131464
8.399999618530273,41,0.039691418409347534,0.008750110864639282,9.786916732788086,49.48155212402344,-39.040870666503906,203.72280883789062,-0.0004942487576045096,-0.00405444810166955,0.007275883108377457,-0.0094191525131464
8.40999984741211,41,0.027958132326602936,0.015055333264172077,9.794805526733398,48.78151321411133,-38.12458801269531,199.23666381835938,-0.0012198388576507568,-0.00260326755233109,0.004009885247796774,-0.0094191525131464
8.420000076293945,41,0.029203444719314575,0.017148809507489204,9.792105674743652,47.83907699584961,-37.4139289855957,195.6909637451172,-0.001420175889506936,-0.0011043878039345145,0.005723972804844379,-0.0094191525131464
8.430000305175781,41,0.03585125878453255,0.008957087062299252,9.813629150390625,46.896644592285156,-36.52671432495117,191.4845733642578,-0.0008477845112793148,-0.002841763896867633,0.006105566862970591,-0.008895865641534328
8.4399995803833,41,0.031093668192625046,0.008828804828226566,9.807027816772461,46.03370666503906,-35.77327346801758,188.61996459960938,-0.002217315137386322,-0.001361963921226561,0.005475936457514763,-0.008895865641534328
8.449999809265137,42,0.03946342319250107,0.004311983939260244,9.805954933166504,45.25091552734375,-34.922821044921875,184.61297607421875,0.0004757301358040422,-0.0006358125247061253,0.006353603210300207,-0.008895865641534328
8.460000038146973,42,0.04687992110848427,0.007365958299487829,9.811596870422363,44.51791000366211,-34.04869842529297,179.7619171142578,0.0018632180290296674,0.0007909571868367493,0.004926833789795637,-0.008372579701244831
8.470000267028809,41,0.043873582035303116,0.0036317657213658094,9.805545806884766,43.79069900512695,-33.377716064453125,176.31475830078125,-0.001840490847826004,0.00010408749949419871,0.00609181821346283,-0.008372579701244831
8.479999542236328,41,0.030224014073610306,0.011352403089404106,9.801620483398438,43.16240692138672,-31.867572784423828,172.65826416015625,-0.001840490847826004,0.0009149753022938967,0.007256803102791309,-0.007849293760955334
8.489999771118164,42,0.02024957910180092,0.02927631326019764,9.799914360046387,41.932525634765625,-31.23230743408203,169.82020568847656,-0.0021856091916561127,-0.0007101672817952931,0.007961629889905453,-0.008895865641534328
8.5,42,0.03423897549510002,0.020276088267564774,9.799239158630371,40.75535583496094,-30.68401527404785,166.77127075195312,-0.005521472543478012,-0.0063760001212358475,0.004837888292968273,-0.008372579701244831
8.510000228881836,42,0.025605395436286926,0.010005980730056763,9.799690246582031,39.74501037597656,-30.15586280822754,163.33033752441406,-0.005521472543478012,-0.008705968968570232,0.009497827850282192,-0.007849293760955334
8.520000457763672,42,0.010514001362025738,0.009578014723956585,9.81263542175293,38.80257797241211,-29.738237380981445,159.77745056152344,-0.006677478551864624,-0.00409990269690752,0.0106897484511137,-0.007849293760955334
8.529999732971191,42,0.014524620026350021,0.009867996908724308,9.815241813659668,37.860145568847656,-28.849918365478516,157.00738525390625,-0.0034664750564843416,-0.0005339605268090963,0.007478745188564062,-0.007849293760955334
8.539999961853027,42,0.02933807298541069,0.012066039256751537,9.810478210449219,36.64054870605469,-28.58858871459961,154.13954162597656,-0.004099472425878048,0.0008970178896561265,0.008111742325127125,-0.007326007355004549
8.550000190734863,42,0.036675311625003815,0.016932131722569466,9.810449600219727,35.65524673461914,-28.353391647338867,152.33509826660156,-0.00041456270264461637,-0.002787891775369644,0.009276727214455605,-0.007326007355004549
8.5600004196167,42,0.03905627876520157,0.01195608265697956,9.807676315307617,34.94728088378906,-28.050203323364258,150.33822631835938,0.002429436659440398,-0.002000011969357729,0.013165622018277645,-0.007326007355004549
8.569999694824219,42,0.03390566259622574,0.007365958299487829,9.800697326660156,34.367652893066406,-27.742427825927734,147.25550842285156,0.0005296023446135223,-0.003899846225976944,0.008519992232322693,-0.007326007355004549
8.579999923706055,42,0.0320664681494236,0.01261797547340393,9.806020736694336,33.52993392944336,-27.653594970703125,144.26382446289062,-0.000613496929872781,-0.002691090339794755,0.006636712234467268,-0.006802720949053764
8.59000015258789,42,0.05052465572953224,0.014237131923437119,9.810393333435059,32.69221496582031,-27.31324005126953,142.42250061035156,0.00010844571806956083,-0.0006400212878361344,0.009245582856237888,-0.006802720949053764
8.600000381469727,42,0.046440206468105316,0.006621059961616993,9.804790496826172,31.780229568481445,-26.70591163635254,139.8638458251953,-0.002686171093955636,-0.003434638027101755,0.006801134906709194,-0.006279435008764267
8.609999656677246,42,0.03994547575712204,0.00824884045869112,9.809311866760254,31.235368728637695,-26.374685287475586,138.50796508789062,-0.0037276989314705133,-0.0044761658646166325,0.006388395559042692,-0.006279435008764267
8.619999885559082,42,0.040950845927000046,0.017952997237443924,9.809359550476074,30.954748153686523,-26.399564743041992,138.1756134033203,-0.00023274443810805678,-0.008484028279781342,0.008461911231279373,-0.005756148602813482
8.630000114440918,42,0.03606405854225159,0.02171521820127964,9.790489196777344,30.117029190063477,-26.219993591308594,135.7462615966797,0.003262209938839078,-0.010399014689028263,0.0051841288805007935,-0.005756148602813482
8.640000343322754,42,0.03117726929485798,0.012595337815582752,9.79362964630127,29.27931022644043,-25.687002182006836,134.85984802246094,0.0034619858488440514,-0.001361963921226561,0.0029955736827105284,-0.005232862196862698
8.649999618530273,42,0.029421672224998474,0.010474910959601402,9.807000160217285,29.167972564697266,-25.496347427368164,134.1442108154297,-0.0013132734457030892,-0.002411628607660532,0.002876325510442257,-0.0047095762565732
8.65999984741211,42,0.02622099407017231,0.012149045243859291,9.816835403442383,29.104263305664062,-25.598020553588867,133.77642822265625,-0.0019159677904099226,-0.004755066242069006,0.0005059516988694668,-0.0047095762565732
8.670000076293945,42,0.024604368954896927,0.012149045243859291,9.810216903686523,28.736961364746094,-25.784160614013672,133.33152770996094,0.0011628804495558143,-0.0033642114140093327,0.008434975519776344,-0.0047095762565732
8.680000305175781,42,0.03796296566724777,0.0187809020280838,9.808906555175781,28.02497673034668,-25.778217315673828,132.18682861328125,-0.002332074102014303,-0.0020174081437289715,0.014113996177911758,-0.0047095762565732
8.6899995803833,42,0.043873582035303116,0.02171521820127964,9.806962966918945,27.606117248535156,-25.68938446044922,132.07603454589844,-0.005317768547683954,-0.005862531252205372,0.011478470638394356,-0.0041862898506224155
8.699999809265137,42,0.05430944636464119,0.01480739377439022,9.798543930053711,27.79733657836914,-25.674488067626953,132.0574493408203,-0.0030674845911562443,-0.001361963921226561,0.0059324465692043304,-0.0041862898506224155
8.710000038146973,42,0.04058496281504631,0.015671949833631516,9.806561470031738,28.361827850341797,-25.568300247192383,131.9250030517578,-0.0030674845911562443,-0.001361963921226561,0.00826241634786129,-0.0047095762565732
8.720000267028809,42,0.0378565676510334,0.013340235687792301,9.828597068786621,28.67662239074707,-25.358383178710938,131.7838592529297,-0.0030674845911562443,-0.00021914526587352157,0.016306478530168533,-0.0047095762565732
8.729999542236328,42,0.03905627876520157,0.03045348823070526,9.786396026611328,28.3519229888916,-25.20599937438965,131.6699981689453,-0.007390723098069429,0.00310745881870389,0.015814896672964096,-0.0041862898506224155
8.739999771118164,42,0.04281284287571907,0.0024955528788268566,9.798072814941406,28.66606903076172,-25.827823638916016,130.7835693359375,-0.000843856658320874,-0.0015479909488931298,0.011593510396778584,-0.0047095762565732
8.75,42,0.03622148558497429,0.0006144429789856076,9.801694869995117,28.79301643371582,-25.09981346130371,131.58082580566406,0.002527079777792096,-0.003545749234035611,0.010760736651718616,-0.0047095762565732
8.760000228881836,42,0.04203004390001297,0.021922193467617035,9.82029914855957,29.03579330444336,-24.9727840423584,132.5780487060547,0.00038313749246299267,-0.0020263867918401957,0.012550300918519497,-0.0047095762565732
8.770000457763672,42,0.043873582035303116,0.014687735587358475,9.816957473754883,29.083154678344727,-25.201560974121094,132.3520050048828,-0.000613496929872781,-0.0021947373170405626,0.013214724138379097,-0.0047095762565732
8.779999732971191,41,0.03580457344651222,0.008143196813762188,9.79900074005127,28.987871170043945,-25.244197845458984,130.69993591308594,-0.0013842612970620394,-0.00490125035867095,0.01090243086218834,-0.0047095762565732
8.789999961853027,42,0.030134985223412514,0.0032911174930632114,9.824761390686035,29.825590133666992,-24.711204528808594,130.03512573242188,-0.0025492459535598755,-0.005561184138059616,0.01307751890271902,-0.005232862196862698
8.800000190734863,41,0.025248195976018906,0.027445867657661438,9.800385475158691,29.762914657592773,-24.178213119506836,128.94686889648438,-0.0030674845911562443,-0.004396199248731136,0.011788235045969486,-0.005756148602813482
8.8100004196167,41,0.016118446364998817,0.027068566530942917,9.804389953613281,29.507247924804688,-24.09341812133789,127.83883666992188,-0.0030674845911562443,-0.00440068868920207,0.007722011301666498,-0.005756148602813482
8.819999694824219,41,0.027907105162739754,0.013652855530381203,9.796866416931152,29.75309944152832,-24.052688598632812,126.89241027832031,0.00006888333155075088,-0.003474761499091983,0.007079754490405321,-0.005756148602813482
8.829999923706055,41,0.025039739906787872,0.020850662142038345,9.813488960266113,30.380088806152344,-23.897369384765625,125.78231048583984,0.0015301647363230586,-0.003665558760985732,0.008461911231279373,-0.006279435008764267
8.84000015258789,41,0.02905578725039959,0.012875617481768131,9.797322273254395,30.371219635009766,-23.80703353881836,123.69019317626953,-0.0018713549943640828,-0.007098223548382521,0.009963316842913628,-0.006279435008764267
8.850000381469727,41,0.006817151792347431,0.016637837514281273,9.818597793579102,29.847644805908203,-23.629369735717773,122.36055755615234,-0.00039660546462982893,-0.0062699392437934875,0.008306748233735561,-0.006279435008764267
8.859999656677246,41,0.03746788203716278,0.016932131722569466,9.820089340209961,29.65175437927246,-23.799182891845703,121.89775848388672,-0.0011446424759924412,-0.005995247513055801,0.008581439964473248,-0.006279435008764267
8.869999885559082,41,0.03439640253782272,0.021558908745646477,9.834158897399902,29.719100952148438,-23.43317222595215,120.34101104736328,0.004245376214385033,-0.004404897335916758,0.009746424853801727,-0.006279435008764267
8.880000114440918,42,0.05315642058849335,0.017019448801875114,9.782279014587402,29.994104385375977,-22.878610610961914,118.23681640625,-0.001991164404898882,-0.002115332055836916,0.009706021286547184,-0.005756148602813482
8.890000343322754,41,0.04870934784412384,0.011964707635343075,9.814957618713379,30.355432510375977,-22.986555099487305,117.3416976928711,-0.0029788201209157705,-0.007142275106161833,0.0024377726949751377,-0.006279435008764267
8.899999618530273,41,0.04905243217945099,-0.006743986159563065,9.800939559936523,30.04128646850586,-22.275897979736328,116.34447479248047,-0.001840490847826004,-0.0025623023975640535,0.005852760747075081,-0.006279435008764267
8.90999984741211,41,0.06200280040502548,0.003148821648210287,9.810201644897461,29.37367820739746,-22.015018463134766,115.16024017333984,-0.001840490847826004,-0.0013973175082355738,0.005852760747075081,-0.006279435008764267
8.920000076293945,40,0.03397949039936066,0.016416847705841064,9.804240226745605,28.832067489624023,-21.729110717773438,113.60386657714844,0.0015484029427170753,0.0008972985087893903,0.004723129794001579,-0.005756148602813482
8.930000305175781,41,0.02909270115196705,0.008345860987901688,9.786271095275879,28.530902862548828,-21.573467254638672,112.45369720458984,0.0071786013431847095,-0.003178464714437723,0.0024905225727707148,-0.005756148602813482
8.9399995803833,41,0.025002824142575264,0.02092396654188633,9.849615097045898,28.411523818969727,-21.688934326171875,112.34288787841797,-0.00006944459892110899,-0.0048215645365417,0.004183005541563034,-0.005232862196862698
8.949999809265137,41,0.03410109132528305,0.013078281655907631,9.800697326660156,28.20209503173828,-21.422439575195312,112.23209381103516,-0.002784094773232937,-0.003155737416818738,0.006512974854558706,-0.0047095762565732
8.960000038146973,41,0.07705727964639664,0.02171521820127964,9.800697326660156,28.277097702026367,-20.995080947875977,109.81385040283203,0.0013404900673776865,-0.002588957780972123,0.004434969741851091,-0.0047095762565732
8.970000267028809,41,0.07217048853635788,0.02292042225599289,9.801918983459473,28.24132537841797,-20.848867416381836,109.23574829101562,0.0022478988394141197,-0.00013020006008446217,0.004218359012156725,-0.0047095762565732
8.979999542236328,41,0.06796009838581085,0.0339677669107914,9.80903148651123,28.273639678955078,-21.0426082611084,109.29230499267578,0.004113221541047096,0.0018496005795896053,0.0068984972313046455,-0.0041862898506224155
8.989999771118164,42,0.06497655808925629,0.04819197952747345,9.800697326660156,28.335308074951172,-21.397233963012695,109.09478759765625,0.0020436334889382124,-0.00046325335279107094,0.009697884321212769,-0.0041862898506224155
9,41,0.04542940855026245,0.03363574668765068,9.802338600158691,27.81173324584961,-21.397233963012695,109.87040710449219,-0.000613496929872781,-0.0006882816669531167,0.006325825583189726,-0.0036630036775022745
9.010000228881836,41,0.02411254122853279,0.012929516844451427,9.805940628051758,28.401973724365234,-21.912620544433594,111.82460021972656,-0.0017565961461514235,-0.0011941746342927217,0.0067441766150295734,-0.0036630036775022745
9.020000457763672,41,0.002426532795652747,-0.021377839148044586,9.789995193481445,28.7235107421875,-22.38055419921875,112.4395523071289,-0.0010293223895132542,-0.0033064112067222595,0.009440028108656406,-0.0036630036775022745
9.029999732971191,41,0.013223936781287193,0.001866001170128584,9.806575775146484,28.932941436767578,-22.82471466064453,113.15702056884766,0.0022880223114043474,-0.0021414263173937798,0.004957697819918394,-0.002616431098431349
9.039999961853027,42,0.019137809053063393,0.015846585854887962,9.812594413757324,29.059709548950195,-23.385746002197266,114.48665618896484,0.0022964398376643658,-0.0009764414862729609,0.005711907520890236,-0.002616431098431349
9.050000190734863,42,0.006331838201731443,0.013303583487868309,9.814238548278809,28.960966110229492,-24.25633430480957,115.85736846923828,0.001260523684322834,-0.00013497007603291422,0.011731277219951153,-0.0020931449253112078
9.0600004196167,42,0.025836652144789696,0.013261540792882442,9.79336929321289,29.06568145751953,-24.522830963134766,118.62744903564453,0.001759963110089302,-0.0006579786422662437,0.012872692197561264,-0.0015698587521910667
9.069999694824219,42,0.032025210559368134,0.007752960082143545,9.795324325561523,29.00412940979004,-25.56509017944336,122.27719116210938,-0.0028679894749075174,-0.0017909768503159285,0.005683287978172302,-0.000523286173120141
9.079999923706055,42,0.034942515194416046,0.02171521820127964,9.814569473266602,28.95798110961914,-26.957786560058594,125.90740966796875,-0.001840490847826004,0.0019065591040998697,-0.0012342302361503243,-7.901123331988114e-15
9.09000015258789,42,0.030367327854037285,0.02600673772394657,9.80214786529541,29.19597053527832,-28.294879913330078,129.70205688476562,-0.001840490847826004,-0.0017393494490534067,0.0011712166015058756,0
9.100000381469727,42,0.04991448298096657,0.04056297242641449,9.810105323791504,29.919544219970703,-29.328035354614258,134.3048553466797,-0.0018135547870770097,-0.007416125386953354,0.004666171036660671,0.0005232862313278019
9.109999656677246,42,0.06630221754312515,0.03943430632352829,9.816909790039062,30.547832489013672,-30.927011489868164,139.51258850097656,0.0005164148169569671,-0.00042621628381311893,0.008161124773323536,0.0010465724626556039
9.119999885559082,42,0.06618062406778336,0.013657167553901672,9.808733940124512,31.086545944213867,-32.44999694824219,144.62554931640625,-0.0038522782269865274,-0.0034843015018850565,0.007190304808318615,0.0020931449253112078
9.130000114440918,42,0.05007082596421242,0.0005400610971264541,9.80208683013916,32.13020706176758,-34.01529312133789,149.0345916748047,-0.006403347942978144,-0.0017070821486413479,0.0018075811676681042,0.0020931449253112078
9.140000343322754,42,0.04566175118088722,-0.011766389012336731,9.797649383544922,33.531944274902344,-35.751502990722656,154.178955078125,-0.0017863382818177342,0.0026077385991811752,0.003922062460333109,0.0020931449253112078
9.149999618530273,42,0.03940262272953987,-0.006233013700693846,9.796957969665527,34.855072021484375,-37.678871154785156,160.82357788085938,-0.0015439136186614633,0.004476428031921387,0.0036953503731638193,0.002616431098431349
9.15999984741211,42,0.024604368954896927,0.006409772206097841,9.798758506774902,35.37864685058594,-39.45551300048828,165.58810424804688,-0.0009720832458697259,0.003904598066583276,0.008609218522906303,0.0031397175043821335
9.170000076293945,42,0.026600992307066917,0.016113929450511932,9.810393333435059,36.670406341552734,-42.128196716308594,172.2831573486328,-0.001419895444996655,-0.0012923791073262691,0.007535142824053764,0.0036630036775022745
9.180000305175781,42,0.027355562895536423,0.0237666517496109,9.806234359741211,38.10315704345703,-44.700138092041016,179.83343505859375,-0.0010961013613268733,-0.003815951757133007,0.005852760747075081,0.0041862898506224155
9.1899995803833,42,0.024604368954896927,0.011655320413410664,9.811443328857422,39.61605453491211,-47.34653854370117,187.3531494140625,-0.0012958772713318467,0.00027833020430989563,0.006535140797495842,0.0041862898506224155
9.199999809265137,42,0.02019420824944973,0.006153207737952471,9.82493782043457,41.27606201171875,-50.09449005126953,194.704345703125,-0.0005997483967803419,0.00044415550655685365,0.007700125686824322,0.0041862898506224155
9.210000038146973,42,0.014969762414693832,0.023973628878593445,9.818070411682129,43.265647888183594,-52.492950439453125,203.0145721435547,0.00005513475844054483,-0.0031473198905587196,0.006631661672145128,0.0047095762565732
9.220000267028809,42,0.024345969781279564,0.03813531622290611,9.810393333435059,45.05029296875,-55.76067352294922,210.56582641601562,-0.0016062031500041485,-0.006297717336565256,0.00710753258317709,0.0041862898506224155
9.229999542236328,42,0.04147958755493164,0.038431767374277115,9.820109367370605,46.207244873046875,-58.51877975463867,218.6774444580078,-0.002198796486482024,-0.007344856392592192,0.009892048314213753,0.0047095762565732
9.239999771118164,42,0.04372484236955643,0.024032918736338615,9.817292213439941,47.46967697143555,-61.321128845214844,226.08473205566406,-0.0013581669190898538,-0.002588957780972123,0.006817408371716738,0.0047095762565732
9.25,42,0.044161297380924225,0.01157770399004221,9.815820693969727,48.98286819458008,-64.48783111572266,233.23086547851562,-0.0024468328338116407,-0.002588957780972123,0.0046400767751038074,0.0047095762565732
9.260000228881836,42,0.0513128824532032,-0.000020499146557995118,9.819660186767578,50.3399658203125,-68.01261901855469,241.90878295898438,0.00013145357661414891,-0.0030855913646519184,0.008058431558310986,0.0047095762565732
9.270000457763672,42,0.05889115110039711,0.0004721469013020396,9.80711555480957,51.5965461730957,-70.8552474975586,248.77857971191406,0.0013907145475968719,-0.005974484607577324,0.00633452320471406,0.005232862196862698
9.279999732971191,42,0.06590376049280167,0.005324225872755051,9.806254386901855,53.527889251708984,-74.12718200683594,256.0946044921875,-0.007602564059197903,-0.010805019177496433,0.002171779051423073,0.005232862196862698
9.289999961853027,42,0.05663829669356346,0.01017630472779274,9.793302536010742,55.323299407958984,-77.2492446899414,263.4551696777344,-0.003983030095696449,-0.006998616270720959,0.002420937642455101,0.005232862196862698
9.300000190734863,42,0.04869088903069496,0.020787060260772705,9.801734924316406,56.999656677246094,-80.598876953125,270.9544677734375,0.001840490847826004,0.0023184565361589193,0.007081718649715185,0.005232862196862698
9.3100004196167,43,0.030874354764819145,0.02060164324939251,9.806276321411133,58.8313102722168,-84.72883605957031,278.7426452636719,0.001840490847826004,-0.00001151309879787732,0.01523661334067583,0.005232862196862698
9.319999694824219,42,0.022825973108410835,0.013914809562265873,9.806814193725586,60.192604064941406,-88.45978546142578,285.83404541015625,-0.0025725343730300665,-0.0012382264249026775,0.0068426611833274364,0.005756148602813482
9.329999923706055,43,0.01217079721391201,0.02449430339038372,9.804137229919434,62.09864044189453,-92.49880981445312,293.5979309082031,-0.0009849900379776955,-0.004485705867409706,0.006894007790833712,0.005756148602813482
9.34000015258789,43,0.011690912768244743,0.024970779195427895,9.800697326660156,64.22067260742188,-96.6412582397461,301.8853759765625,-0.006488925777375698,-0.005042945500463247,0.01491366047412157,0.005756148602813482
9.350000381469727,43,0.001980305416509509,0.024939516559243202,9.797430038452148,66.46134185791016,-100.78102111816406,309.57977294921875,-0.004306543618440628,-0.003208487294614315,0.014144018292427063,0.006279435008764267
9.359999656677246,42,0.022235345095396042,0.03308488801121712,9.80920124053955,68.86759948730469,-104.88179016113281,316.0605773925781,-0.0005018245428800583,-0.005154618062078953,0.009793844074010849,0.006279435008764267
9.369999885559082,43,0.02407997101545334,0.015890784561634064,9.811833381652832,71.79962158203125,-109.05689239501953,322.8195495605469,-0.0009729250450618565,-0.007063150405883789,0.012272804044187069,0.006279435008764267
9.380000114440918,42,0.02324288710951805,0.003934683743864298,9.803437232971191,74.43993377685547,-113.1495132446289,329.9901123046875,-0.0003780870174523443,-0.01042174082249403,0.010785708203911781,0.006279435008764267
9.390000343322754,42,0.02812967449426651,0.006083138287067413,9.807792663574219,77.8571548461914,-116.86591339111328,336.73095703125,-0.0007248887559399009,-0.01106652244925499,0.008975941687822342,0.005756148602813482
9.399999618530273,42,0.050990425050258636,0.014504475519061089,9.810393333435059,81.57878875732422,-120.7456283569336,343.3192138671875,-0.0030548584181815386,-0.006915002129971981,0.007712190970778465,0.006279435008764267
9.40999984741211,42,0.05466121807694435,0.024208631366491318,9.799330711364746,85.26734924316406,-124.94967651367188,349.6187744140625,-0.0032041289377957582,-0.002180427545681596,0.0069431099109351635,0.006279435008764267
9.420000076293945,42,0.04977443069219589,0.019083820283412933,9.810879707336426,89.0370864868164,-128.94711303710938,354.7157287597656,-0.001840490847826004,-0.0011013014009222388,0.008789913728833199,0.007326007355004549
9.430000305175781,42,0.04869088903069496,0.009379662573337555,9.807586669921875,92.28842163085938,-133.12046813964844,363.7621765136719,-0.004367430694401264,-0.0034312710631638765,0.010376055724918842,0.007849293760955334
9.4399995803833,42,0.03707268461585045,0.015056411735713482,9.801648139953613,95.85103607177734,-137.16134643554688,370.08551025390625,-0.008125011809170246,-0.003606355283409357,0.011269435286521912,0.008372579701244831
9.449999809265137,42,0.04606563597917557,0.020846350118517876,9.812600135803223,100.06151580810547,-141.6677703857422,376.4383239746094,-0.0028472263365983963,-0.0004321085289120674,0.008048050105571747,0.0094191525131464
9.460000038146973,42,0.0446791797876358,0.025698428973555565,9.807167053222656,104.47390747070312,-146.5915069580078,383.76739501953125,0.004110696259886026,-0.0011268345406278968,0.0033987730275839567,0.0094191525131464
9.470000267028809,42,0.035711199045181274,0.022446101531386375,9.813759803771973,108.17680358886719,-151.3838348388672,391.42425537109375,-0.0021867314353585243,0.0003843909362331033,0.003571893321350217,0.0094191525131464
9.479999542236328,42,0.03423897549510002,0.017594024538993835,9.80688762664795,112.5748291015625,-156.09194946289062,399.2912902832031,-0.003738922066986561,0.0029904553666710854,0.004959100857377052,0.008895865641534328
9.489999771118164,42,0.025798652321100235,0.021122317761182785,9.805545806884766,117.05841827392578,-160.800048828125,406.343505859375,0.001840490847826004,-0.0024907533079385757,0.008061237633228302,0.008372579701244831
9.5,42,0.02889401651918888,0.013196861371397972,9.814179420471191,121.56116485595703,-165.97378540039062,413.79412841796875,0.001840490847826004,-0.00016078379121609032,0.002236313419416547,0.007849293760955334
9.510000228881836,42,0.011985139921307564,0.012149045243859291,9.793306350708008,125.62683868408203,-171.2650909423828,420.9288635253906,-0.00391989853233099,-0.0012870479840785265,0.002171779051423073,0.007849293760955334
9.520000457763672,42,0.019009696319699287,-0.0010424433276057243,9.822199821472168,128.92042541503906,-176.2011260986328,426.8160705566406,-0.0021143408957868814,0.0019082428188994527,0.008712192066013813,0.008372579701244831
9.529999732971191,42,0.024285169318318367,0.02013055793941021,9.82041072845459,132.58544921875,-181.5310516357422,433.68585205078125,-0.0008124309242703021,0.00026289807283319533,0.005421503446996212,0.008372579701244831
9.539999961853027,42,0.03373954817652702,0.012644925154745579,9.801702499389648,136.34246826171875,-186.39268493652344,440.7503662109375,0.002284655114635825,-0.003033122280612588,0.005591817665845156,0.008895865641534328
9.550000190734863,42,0.0481502041220665,0.021357322111725807,9.810030937194824,139.9773406982422,-191.53285217285156,448.6266784667969,0.0021634430158883333,-0.004719993565231562,0.004948718938976526,0.0094191525131464
9.5600004196167,42,0.03457120433449745,0.026388349011540413,9.805657386779785,143.75198364257812,-197.08096313476562,456.43792724609375,0.00015642563812434673,-0.0042009130120277405,0.004625767003744841,0.010989011265337467
9.569999694824219,42,0.058119211345911026,0.012327993288636208,9.805517196655273,147.8358612060547,-203.1301727294922,463.41314697265625,0.0001665266026975587,-0.0022559044882655144,0.006965837441384792,0.011512297205626965
9.579999923706055,42,0.0582277812063694,0.021618198603391647,9.801090240478516,151.9197540283203,-210.05906677246094,469.8397216796875,0.000613496929872781,-0.001361963921226561,0.010460792109370232,0.012035583145916462
9.59000015258789,42,0.053675390779972076,0.017098143696784973,9.819080352783203,156.49588012695312,-217.0714874267578,479.1830749511719,-0.0013545192778110504,-0.002673974959179759,0.011331724934279919,0.012035583145916462
9.600000381469727,42,0.05761544033885002,0.022185225039720535,9.792430877685547,161.54661560058594,-223.9638671875,487.226806640625,-0.0024734882172197104,-0.008567922748625278,0.008978747762739658,0.012035583145916462
9.609999656677246,42,0.04326124116778374,0.030673399567604065,9.819781303405762,166.53579711914062,-230.9712677001953,495.798583984375,-0.0002445289574097842,-0.009376004338264465,0.005483792629092932,0.011512297205626965
9.619999885559082,42,0.03236069530248642,0.020596254616975784,9.814863204956055,171.37168884277344,-238.08270263671875,504.9530944824219,0.0023104690480977297,-0.0033459735568612814,0.005278685595840216,0.010989011265337467
9.630000114440918,42,0.012823309749364853,0.006923978216946125,9.809049606323242,176.60797119140625,-244.9232177734375,511.8245849609375,0.0014356080209836364,-0.002588957780972123,0.009122686460614204,0.010989011265337467
9.640000343322754,42,0.03802702575922012,0.0025828713551163673,9.796367645263672,182.15786743164062,-252.02976989746094,519.6915283203125,-0.0011485706781968474,-0.0015510774683207273,0.010414776392281055,0.010989011265337467
9.649999618530273,42,0.029421672224998474,0.004322763532400131,9.803048133850098,188.10939025878906,-259.2044677734375,526.36865234375,0.0008974479860626161,0.0013759748544543982,0.008965840563178062,0.010989011265337467
9.65999984741211,42,0.026807278394699097,0.016932131722569466,9.81877326965332,193.95982360839844,-267.06207275390625,532.8024291992188,0.0009527230286039412,0.0018751337192952633,0.007967522367835045,0.010989011265337467
9.670000076293945,42,0.012321710586547852,0.019085975363850594,9.80966567993164,199.6768035888672,-275.6598815917969,539.372802734375,-0.0025876860599964857,-0.00029490297310985625,0.011667865328490734,0.010989011265337467
9.680000305175781,42,0.02381180040538311,0.030494453385472298,9.805545806884766,205.52760314941406,-284.64312744140625,546.0350341796875,0.000613496929872781,-0.0012640401255339384,0.0093378946185112,0.010989011265337467
9.6899995803833,42,0.020649120211601257,0.026498304679989815,9.806413650512695,211.18222045898438,-293.7928466796875,552.90478515625,0.0006494116969406605,-0.000027225814847042784,0.007115669082850218,0.010989011265337467
9.699999809265137,42,0.025535911321640015,0.022798607125878334,9.809455871582031,217.09713745117188,-303.3105773925781,560.9681396484375,0.0018143965862691402,0.003467728616669774,0.00828065350651741,0.010989011265337467
9.710000038146973,42,0.030422698706388474,0.009353790432214737,9.8035306930542,223.12808227539062,-312.1129150390625,567.6329345703125,-0.002715070964768529,0.002407121006399393,0.010584529489278793,0.010465724393725395
9.720000267028809,42,0.03638000041246414,0.017995039001107216,9.795849800109863,229.0133819580078,-320.3423767089844,572.4164428710938,-0.001990603283047676,-0.003065389348194003,0.011837618425488472,0.009942438453435898
9.729999542236328,42,0.04501358047127724,0.01945141889154911,9.7969970703125,234.5763397216797,-328.4816589355469,576.1831665039062,-0.004885108210146427,-0.003815951757133007,0.008943112567067146,0.008895865641534328
9.739999771118164,42,0.0462719202041626,0.01575172133743763,9.805566787719727,240.23094177246094,-336.3876953125,582.27734375,-0.000757155823521316,-0.0028630883898586035,0.005448158830404282,0.008372579701244831
9.75,42,0.042893186211586,0.021418767049908638,9.81494140625,245.88555908203125,-343.3448486328125,587.8783569335938,-0.0002773572923615575,-0.0016981036169454455,0.010861746035516262,0.008895865641534328
9.760000228881836,42,0.0508112832903862,0.00870483461767435,9.802054405212402,251.67745971679688,-350.0684509277344,592.8373413085938,-0.0014423421816900373,-0.007992724888026714,0.008241653442382812,0.008895865641534328
9.770000457763672,42,0.04245564341545105,0.016372648999094963,9.805545806884766,257.4092712402344,-356.2821044921875,597.3978271484375,-0.001840490847826004,-0.00964424293488264,0.007386432960629463,0.008895865641534328
9.779999732971191,42,0.036081429570913315,0.026498304679989815,9.805545806884766,263.19329833984375,-361.9116516113281,601.6028442382812,-0.0011356637114658952,-0.008019099943339825,0.005487440619617701,0.0094191525131464
9.789999961853027,43,0.027864761650562286,0.026498304679989815,9.807112693786621,269.999755859375,-367.68572998046875,604.8161010742188,0.0013149569276720285,-0.004925661254674196,0.007255680859088898,0.0094191525131464
9.800000190734863,42,0.02135157585144043,0.02165377326309681,9.810393333435059,276.60693359375,-372.5298156738281,608.767578125,0.0024866757448762655,-0.0008465310675092041,0.011922353878617287,0.0094191525131464
9.8100004196167,42,0.011577998287975788,0.010465208441019058,9.810393333435059,283.95489501953125,-377.7726745605469,612.3591918945312,0.0023592906072735786,-0.0004643757420126349,0.011658324860036373,0.009942438453435898
9.819999694824219,42,0.01063125766813755,0.007365958299487829,9.808616638183594,291.5990905761719,-383.1485595703125,615.5802612304688,0.0021539030130952597,-0.003959329798817635,0.00770657928660512,0.0094191525131464
9.829999923706055,42,0.01978706568479538,0.011009599082171917,9.803699493408203,299.34710693359375,-388.7427062988281,618.7367553710938,0.00021871522767469287,-0.006664720829576254,0.0034414217807352543,0.010465724393725395
9.84000015258789,42,0.017882727086544037,0.016932131722569466,9.804530143737793,307.40875244140625,-395.1633605957031,622.412353515625,-0.001944587449543178,-0.006831387989223003,0.0019431031541898847,0.010989011265337467
9.850000381469727,42,0.01891740970313549,0.011052719317376614,9.814366340637207,315.3670959472656,-403.42474365234375,627.50927734375,-0.0060629998333752155,-0.004501418210566044,0.004896530415862799,0.010989011265337467
9.859999656677246,42,0.028690988197922707,0.008669259957969189,9.820089340209961,323.6515808105469,-410.7177429199219,631.2257690429688,-0.006096669472754002,-0.001962694339454174,0.006270269863307476,0.011512297205626965
9.869999885559082,42,0.046915747225284576,0.014834343455731869,9.817963600158691,332.08575439453125,-418.3154296875,634.4293212890625,0.0030674845911562443,0.001092023798264563,0.008453493937849998,0.012558870017528534
9.880000114440918,42,0.0631427988409996,0.01864938624203205,9.815241813659668,341.02130126953125,-426.37164306640625,637.7374877929688,0.0024743301328271627,0.0009225510875694454,0.00936426967382431,0.013082155957818031
9.890000343322754,42,0.05638749897480011,0.02202676050364971,9.808443069458008,350.91436767578125,-434.37982177734375,641.46337890625,-0.005498745013028383,-0.0014074185164645314,0.0071252090856432915,0.0141287287697196
9.899999618530273,42,0.05101213976740837,0.010017838329076767,9.80536937713623,360.1293029785156,-442.5523681640625,644.6766357421875,-0.0043337601236999035,-0.0037373884115368128,0.009455178864300251,0.0141287287697196
9.90999984741211,42,0.05111745372414589,0.0073303841054439545,9.807988166809082,370.48797607421875,-450.87420654296875,649.286376953125,-0.006545884534716606,-0.0071930610574781895,0.00840803887695074,0.013605441898107529
9.920000076293945,42,0.04623066261410713,0.014591793529689312,9.808021545410156,381.1275939941406,-459.0630187988281,653.02099609375,0.0006973911658860743,-0.005369545426219702,0.006179360672831535,0.013082155957818031
9.930000305175781,42,0.041343871504068375,0.01442039106041193,9.818031311035156,391.6919860839844,-467.1796875,656.46484375,-0.00016287896141875535,-0.005042945500463247,0.010861186310648918,0.012558870017528534
9.9399995803833,42,0.036457084119319916,0.009568313136696815,9.811859130859375,401.8445739746094,-475.30377197265625,660.6451416015625,-0.0015531728276982903,-0.0012842421419918537,0.008229026570916176,0.011512297205626965
9.949999809265137,42,0.02623293735086918,-0.0005832152673974633,9.798011779785156,410.6406555175781,-483.1209716796875,664.6340942382812,-0.001840490847826004,0.0007426966913044453,0.008835088461637497,0.010465724393725395
9.960000038146973,43,0.01978706568479538,0.006610279902815819,9.804116249084473,419.0589904785156,-491.0984191894531,667.1242065429688,-0.001840490847826004,-0.0029862646479159594,0.007086769212037325,0.009942438453435898
9.970000267028809,42,0.016979414969682693,0.022507548332214355,9.810393333435059,426.7375793457031,-498.44140625,670.7816772460938,-0.00033319357316941023,-0.004289296921342611,0.009621004574000835,0.009942438453435898
9.979999542236328,42,0.020724033936858177,0.015071502886712551,9.80749797821045,433.6600036621094,-505.7665100097656,674.8154296875,-0.002153061330318451,-0.0024326725397258997,0.009221171960234642,0.009942438453435898
9.989999771118164,42,0.02165774628520012,-0.004336811602115631,9.805545806884766,440.0476379394531,-513.424560546875,678.4500122070312,-0.0042944783344864845,-0.001361963921226561,0.008339015766978264,0.011512297205626965
10,42,0.0228031724691391,0.0032070335000753403,9.796439170837402,446.43524169921875,-520.797607421875,681.9957275390625,-0.000888749782461673,-0.0030648282263427973,0.010668985545635223,0.013605441898107529
10.010000228881836,42,0.03694674000144005,0.018276397138834,9.797211647033691,453.32720947265625,-527.31494140625,686.7155151367188,0.002561872359365225,-0.0030204958748072386,0.012998955324292183,0.016221873462200165
10.020000457763672,42,0.043873582035303116,0.018582548946142197,9.807047843933105,459.78057861328125,-533.6702270507812,691.23779296875,0.002284094225615263,-0.000578573381062597,0.015328925102949142,0.0188383050262928
10.029999732971191,48,0.043873582035303116,0.016932131722569466,9.810393333435059,467.04644775390625,-540.372314453125,696.4910888671875,0.0015411075437441468,-0.0028883409686386585,0.016895705834031105,0.024071166291832924
10.039999961853027,42,0.05046168342232704,0.026744090020656586,9.817023277282715,478.0901794433594,-549.78369140625,704.712646484375,-0.001840490847826004,-0.0062699392437934875,0.016895705834031105,0.024071166291832924
10.050000190734863,42,0.05350819230079651,0.021262459456920624,9.806549072265625,496.8146667480469,-565.5792236328125,718.879638671875,-0.001325338613241911,-0.0057547870092093945,0.014319945126771927,0.02668759785592556
10.0600004196167,42,0.06037423387169838,0.013523495756089687,9.800697326660156,506.55316162109375,-573.7517700195312,728.0762939453125,0.00022236282529775053,-0.0034248176962137222,0.004430199973285198,0.029827315360307693
10.069999694824219,43,0.04563026502728462,0.012149045243859291,9.783073425292969,516.7881469726562,-583.3283081054688,736.5724487304688,-0.001840490847826004,-0.001896195812150836,0.004333679098635912,0.03244374692440033
10.079999923706055,42,0.04620026424527168,0.019242286682128906,9.798026084899902,527.1549682617188,-593.4749145507812,746.6680297851562,-0.0014111973578110337,-0.005840645637363195,0.01191618200391531,0.035583462566137314
10.09000015258789,43,0.03048349916934967,0.01448399294167757,9.809209823608398,537.7906494140625,-603.9219970703125,758.4049682617188,0.005483312997967005,0.0010634042555466294,0.010732117109000683,0.0387231819331646
10.100000381469727,42,0.032026294618844986,0.012149045243859291,9.795454978942871,549.0856323242188,-614.7550659179688,770.8134765625,0.0008233739645220339,-0.002431550296023488,0.007237161975353956,0.04238618537783623
10.109999656677246,42,0.0228976309299469,0.008395448327064514,9.813828468322754,561.3372192382812,-626.4808959960938,785.55029296875,-0.0038365654181689024,-0.007039020769298077,0.008192270062863827,0.04343275725841522
10.119999885559082,42,0.012087197043001652,0.003543369472026825,9.816215515136719,573.3213500976562,-638.4337158203125,797.833251953125,-0.003243971848860383,-0.0022444005589932203,0.0072562419809401035,0.04395604506134987
10.130000114440918,42,0.01799129880964756,0.014257613569498062,9.8034086227417,584.418701171875,-649.6585083007812,811.330322265625,-0.004055981989949942,-0.0033389590680599213,0.008068251423537731,0.042909473180770874
10.140000343322754,43,0.015798160806298256,0.012971559539437294,9.796683311462402,594.914794921875,-659.9653930664062,825.4216918945312,-0.0042944783344864845,-0.00010999820369761437,0.009233237244188786,0.040816325694322586
10.149999618530273,42,0.019028153270483017,0.028267303481698036,9.81627082824707,604.9717407226562,-669.2175903320312,838.5173950195312,-0.0017010404262691736,0.001092023798264563,0.0078047835268080235,0.037153322249650955
10.15999984741211,42,0.015659188851714134,0.023084279149770737,9.81178092956543,613.2442016601562,-676.5018310546875,849.8192749023438,-0.000613496929872781,-0.002117857336997986,0.003067403333261609,0.032967034727334976
10.170000076293945,43,0.048548661172389984,0.009212572127580643,9.801944732666016,619.3170166015625,-681.0275268554688,862.4368286132812,-0.0013539581559598446,-0.0015945681370794773,0.004647091031074524,0.029304029420018196
10.180000305175781,42,0.05350819230079651,0.02431211993098259,9.800697326660156,624.3992309570312,-684.3870849609375,873.374267578125,-0.0025189428124576807,-0.0008134222007356584,0.0050443983636796474,0.025117740035057068
10.1899995803833,42,0.04049919173121452,0.017887240275740623,9.796334266662598,627.90234375,-686.6478881835938,883.6541748046875,-0.0012181554920971394,-0.0019784069154411554,0.00709743145853281,0.021978022530674934
10.199999809265137,42,0.0654911920428276,0.030055707320570946,9.795849800109863,630.0235595703125,-688.199462890625,893.6697998046875,-0.0004953710595145822,-0.003143391804769635,0.011315170675516129,0.02093144878745079
10.210000038146973,43,0.05900949239730835,0.017950842157006264,9.818368911743164,632.6414184570312,-690.2426147460938,901.7584228515625,-0.001840490847826004,-0.003815951757133007,0.012480155564844608,0.0193615909665823
10.220000267028809,42,0.04469112306833267,0.021444641053676605,9.806368827819824,634.9530029296875,-690.7269287109375,910.8192138671875,-0.0027013225480914116,-0.0033855359070003033,0.013214724138379097,0.019884876906871796
10.229999542236328,42,0.062330685555934906,0.007970716804265976,9.796257972717285,637.4893188476562,-692.157470703125,918.0185546875,-0.0031892580445855856,-0.0022205510176718235,0.01358313113451004,0.020408162847161293
10.239999771118164,42,0.030356470495462418,0.007365958299487829,9.814703941345215,640.16015625,-693.9341430664062,926.1807250976562,-0.0003070991951972246,-0.0010555661283433437,0.013828922994434834,0.021454736590385437
10.25,42,0.038922734558582306,0.02150285243988037,9.810441017150879,642.8259887695312,-695.9515380859375,935.6611328125,0.0011022742837667465,-0.0008681361214257777,0.011010175570845604,0.022501308470964432
10.260000228881836,43,0.03393932059407234,0.0028060174081474543,9.796075820922852,645.3658447265625,-698.5517578125,944.467041015625,0.002520345849916339,-0.003815951757133007,0.007444513961672783,0.023547880351543427
10.270000457763672,43,0.015114162117242813,0.016502009704709053,9.810684204101562,648.6119995117188,-699.4400634765625,954.660888671875,-0.0003727558651007712,-0.003575210692360997,0.009172630496323109,0.02459445409476757
10.279999732971191,43,0.019573180004954338,0.003007603343576193,9.819013595581055,651.942138671875,-701.468017578125,964.854736328125,0.0017237679567188025,-0.001595409819856286,0.005969483871012926,0.026164311915636063
10.289999961853027,43,0.014969762414693832,0.013274477794766426,9.796420097351074,655.8275146484375,-703.87841796875,974.7972412109375,-0.0006062017055228353,-0.0062553491443395615,0.008299453184008598,0.0287807434797287
10.300000190734863,43,0.015322619117796421,0.03163174167275429,9.805901527404785,660.5039672851562,-707.3997802734375,985.2112426757812,0.0017091775080189109,-0.00046325335279107094,0.004822737071663141,0.03192045912146568
10.3100004196167,43,0.02232111617922783,0.03606447950005531,9.811668395996094,666.0619506835938,-713.1702270507812,996.6741333007812,0.001840490847826004,-0.0023336263839155436,0.004625767003744841,0.03453689068555832
10.319999694824219,43,0.04869088903069496,0.03606447950005531,9.82493782043457,672.6589965820312,-720.5432739257812,1005.5383911132812,0.001840490847826004,-0.001551638706587255,0.005663086194545031,0.035583462566137314
10.329999923706055,48,0.04756826162338257,0.03383517637848854,9.82098388671875,689.3815307617188,-736.3526000976562,1023.5862426757812,-0.002060749102383852,-0.001361963921226561,0.006828070618212223,0.035583462566137314
10.34000015258789,43,0.039687078446149826,0.016932131722569466,9.79481029510498,696.1848754882812,-742.7177124023438,1030.8262939453125,-0.0030674845911562443,-0.001361963921226561,0.007079754490405321,0.035583462566137314
10.350000381469727,43,0.04597443714737892,0.016236821189522743,9.819384574890137,699.8167114257812,-745.9737548828125,1033.6212158203125,-0.004770068451762199,-0.0005106720491312444,0.008782338351011276,0.03453689068555832
10.359999656677246,43,0.056785956025123596,0.012149045243859291,9.815241813659668,709.2822265625,-754.4334716796875,1040.5888671875,-0.003942906856536865,-0.0025028185918927193,0.007165893912315369,0.032967034727334976
10.369999885559082,43,0.04869088903069496,0.012149045243859291,9.811863899230957,720.06787109375,-763.9385375976562,1046.9046630859375,-0.002340210834518075,-0.004543225280940533,0.003670939477160573,0.033490318804979324
10.380000114440918,43,0.04869088903069496,0.013051331043243408,9.795849800109863,730.3692626953125,-772.9505615234375,1054.860107421875,-0.001175226061604917,-0.005042945500463247,0.009489690884947777,0.03453689068555832
10.390000343322754,43,0.04869088903069496,0.017903409898281097,9.795849800109863,740.77587890625,-783.2716064453125,1062.8721923828125,-0.001216752571053803,-0.0038364343345165253,0.014462200924754143,0.035583462566137314
10.399999618530273,43,0.049738600850105286,0.017554137855768204,9.799012184143066,751.1519165039062,-794.6837158203125,1070.6480712890625,-0.004546723328530788,-0.0042126975022256374,0.01267347764223814,0.03663003817200661
10.40999984741211,43,0.0501566007733345,0.008129182271659374,9.810393333435059,761.7149047851562,-806.8724365234375,1077.9132080078125,-0.007496222387999296,-0.004832226783037186,0.011029255576431751,0.03453689068555832
10.420000076293945,43,0.03905627876520157,0.022963540628552437,9.809199333190918,773.3382568359375,-819.7530517578125,1084.22900390625,-0.008000151254236698,-0.005092328414320946,0.006613143254071474,0.03244374692440033
10.430000305175781,43,0.0352877713739872,0.01090179942548275,9.80681037902832,783.6188354492188,-833.42236328125,1090.763427734375,-0.009008570574223995,-0.007464385591447353,0.0023656627163290977,0.03192045912146568
10.4399995803833,43,0.017976097762584686,0.012630910612642765,9.809059143066406,794.353271484375,-847.7703857421875,1095.051513671875,-0.005814682692289352,-0.0007755433325655758,0.0064391810446977615,0.031397175043821335
10.449999809265137,43,0.007493549957871437,0.025113074108958244,9.805545806884766,805.3519287109375,-862.2469482421875,1099.34228515625,-0.0065172649919986725,0.001323224976658821,0.008769150823354721,0.03192045912146568
10.460000038146973,43,0.021675119176506996,0.023169441148638725,9.804071426391602,816.4813232421875,-876.7130126953125,1103.576904296875,-0.005183088127523661,0.0009654804016463459,0.010253160260617733,0.031397175043821335
10.470000267028809,43,0.016503874212503433,0.021928662434220314,9.799153327941895,827.6607055664062,-891.3191528320312,1105.9833984375,-0.0029603014700114727,-0.0071753840893507,0.007294120732694864,0.0287807434797287
10.479999542236328,43,0.02620145119726658,0.015333456918597221,9.795849800109863,838.3416137695312,-904.910400390625,1109.972412109375,-0.001840490847826004,-0.0037707777228206396,0.00935304630547762,0.02459445409476757
10.489999771118164,43,0.04407552629709244,0.01839282177388668,9.807636260986328,849.107666015625,-917.7068481445312,1112.2489013671875,-0.001840490847826004,-0.00260579283349216,0.004693107213824987,0.020408162847161293
10.5,43,0.051765624433755875,0.012149045243859291,9.824524879455566,858.7418212890625,-929.4984130859375,1114.2608642578125,0.005048407707363367,-0.001440808060579002,0.0023294673301279545,0.01726844534277916
10.510000228881836,43,0.05050294101238251,0.01754659228026867,9.81159496307373,867.177490234375,-940.5689697265625,1115.603515625,0.0022630502935498953,-0.002448104554787278,0.009774764068424702,0.015698587521910667
10.520000457763672,43,0.055389732122421265,0.02463013119995594,9.797971725463867,874.9149169921875,-951.396728515625,1115.6383056640625,-0.00020777240570168942,0.002531700301915407,0.011784868314862251,0.0141287287697196
10.529999732971191,43,0.06027652323246002,0.017840884625911713,9.799898147583008,882.5591430664062,-962.1453857421875,1116.8570556640625,-0.000613496929872781,-0.002226723823696375,0.011987730860710144,0.0141287287697196
10.539999961853027,43,0.05708126723766327,0.010142887011170387,9.813989639282227,889.1954956054688,-974.6817016601562,1117.78515625,-0.0033138373401015997,-0.0011156111722812057,0.01108761690557003,0.015175300650298595
10.550000190734863,43,0.04660089313983917,0.011516259051859379,9.805545806884766,895.9560546875,-987.5872802734375,1118.8843994140625,-0.0017801651265472174,-0.0018111789831891656,0.01327504962682724,0.018315019086003304
10.5600004196167,44,0.039554622024297714,0.012643846683204174,9.805545806884766,903.3345947265625,-1001.6739501953125,1120.5078125,0.0032669801730662584,-0.003365053329616785,0.011337336152791977,0.020408162847161293
10.569999694824219,43,0.03201000764966011,0.007365958299487829,9.805545806884766,911.6484375,-1017.1084594726562,1122.3258056640625,0.0012369545875117183,-0.001673692837357521,0.011676001362502575,0.022501308470964432
10.579999923706055,43,0.022526316344738007,0.01649446412920952,9.812484741210938,921.177490234375,-1031.1439208984375,1122.2149658203125,-0.002492567989975214,-0.00013497007603291422,0.012562647461891174,0.022501308470964432
10.59000015258789,44,0.014969762414693832,0.03120054118335247,9.82247257232666,931.000732421875,-1045.0130615234375,1122.8304443359375,-0.0007072119042277336,0.0004550980811472982,0.010807594284415245,0.022501308470964432
10.600000381469727,44,0.007657492998987436,0.026384038850665092,9.820032119750977,941.21142578125,-1059.1202392578125,1122.7176513671875,0.0013124316465109587,-0.0010202126577496529,0.010589861311018467,0.0188383050262928
10.609999656677246,43,0.0030247599352151155,0.019421234726905823,9.805150032043457,950.599609375,-1073.1673583984375,1122.792236328125,-0.0003186031535733491,-0.003349901642650366,0.011055630631744862,0.0141287287697196
10.619999885559082,44,0.028522703796625137,0.026831407099962234,9.806221008300781,959.895263671875,-1090.3109130859375,1122.529052734375,-0.002244531875476241,-0.0038010806310921907,0.008321619592607021,0.009942438453435898
10.630000114440918,48,0.04869088903069496,0.03128139302134514,9.815241813659668,972.5657958984375,-1118.29296875,1119.2049560546875,-0.0010152931790798903,-0.004559779539704323,0.007220888510346413,0.002093144692480564
10.640000343322754,43,0.045975521206855774,0.03397747129201889,9.80431079864502,972.5908203125,-1118.3482666015625,1119.1983642578125,0.0042944783344864845,-0.00013497007603291422,0.010760736651718616,0.0020931449253112078
10.649999618530273,44,0.043873582035303116,0.03053433820605278,9.798651695251465,976.2681274414062,-1129.469970703125,1116.9990234375,0.0029863957315683365,0.00008304369839606807,0.010324709117412567,-0.000523286173120141
10.65999984741211,43,0.049582257866859436,0.01799611747264862,9.803569793701172,980.9188842773438,-1143.521728515625,1113.2979736328125,-0.003535498632118106,0.0004680049605667591,0.008930766955018044,0.001569858635775745
10.670000076293945,44,0.05350819230079651,0.015052099712193012,9.817316055297852,985.3292236328125,-1156.69482421875,1110.1044921875,-0.006372483912855387,-0.00400394294410944,0.01312072854489088,0.000523286173120141
10.680000305175781,44,0.050514884293079376,0.008015992119908333,9.806863784790039,989.611328125,-1168.8013916015625,1109.7177734375,-0.0018724774708971381,-0.006365898996591568,0.011827797628939152,-0.001569858635775745
10.6899995803833,44,0.04869088903069496,0.0025828713551163673,9.789685249328613,995.3706665039062,-1179.9052734375,1106.72607421875,-0.0030374620109796524,-0.009860853664577007,0.006002873182296753,-0.002616431098431349
10.699999809265137,43,0.02676493674516678,0.015022993087768555,9.827133178710938,999.7478637695312,-1190.349853515625,1103.3687744140625,-0.004202446900308132,-0.0008712224662303925,0.010392609983682632,-0.006279435008764267
10.710000038146973,44,0.04698740690946579,0.012178150936961174,9.804067611694336,1002.5953979492188,-1200.8641357421875,1099.9339599609375,0.0010702877771109343,0.0009379831608384848,0.010760736651718616,-0.006279435008764267
10.720000267028809,43,0.05660029873251915,0.004117943346500397,9.771429061889648,1004.6221923828125,-1211.302734375,1096.9720458984375,-0.004225174430757761,-0.003962696995586157,0.00772790377959609,-0.006279435008764267
10.729999542236328,43,0.04014524817466736,0.019167903810739517,9.803743362426758,1006.8179321289062,-1221.2547607421875,1094.7593994140625,-0.0007767967181280255,-0.011685490608215332,0.00518188439309597,-0.0041862898506224155
10.739999771118164,43,0.03423897549510002,0.033270303159952164,9.806361198425293,1009.75,-1230.58203125,1091.7677001953125,0.004161200951784849,-0.013631902635097504,0.007286544889211655,-0.002616431098431349
10.75,43,0.0272795632481575,0.02569950744509697,9.783187866210938,1013.2389526367188,-1237.783203125,1087.40087890625,0.003046721452847123,-0.0062076495960354805,0.009956582449376583,-0.0031397175043821335
10.760000228881836,43,0.03525194525718689,0.0287631843239069,9.812175750732422,1017.5501708984375,-1245.3489990234375,1084.88037109375,-0.00044823295320384204,-0.004877681378275156,0.012286552228033543,-0.005756148602813482
10.770000457763672,43,0.02458157017827034,0.027688417583703995,9.80672836303711,1022.2186889648438,-1251.6612548828125,1082.4227294921875,-0.0011395919136703014,-0.0062699392437934875,0.011112027801573277,-0.006802720949053764
10.779999732971191,43,0.027163391932845116,0.026498304679989815,9.80440902709961,1026.52001953125,-1255.2120361328125,1078.8482666015625,-0.0012523867189884186,-0.007547718472778797,0.010811522603034973,-0.0047095762565732
10.789999961853027,43,0.02566402405500412,0.02276734635233879,9.809327125549316,1029.4520263671875,-1256.3668212890625,1076.6322021484375,-0.00010984863911289722,-0.008147045969963074,0.009680207818746567,-0.0031397175043821335
10.800000190734863,44,0.03225863724946976,0.010315366089344025,9.79883861541748,1029.207275390625,-1254.82666015625,1077.4625244140625,-0.00021899575949646533,-0.008011804893612862,0.005535139702260494,-0.001046572346240282
10.8100004196167,48,0.03423897549510002,0.007365958299487829,9.795849800109863,1026.2484130859375,-1245.9139404296875,1080.3570556640625,-0.004426072351634502,-0.00736533896997571,0.005663085728883743,-1.970645868709653e-14
10.819999694824219,44,0.054069504141807556,0.015241827815771103,9.81181526184082,1024.174560546875,-1239.7564697265625,1082.2626953125,-0.006748466286808252,-0.005042945500463247,0.009533742442727089,0
10.829999923706055,44,0.05428990349173546,0.012925205752253532,9.79493522644043,1022.7169189453125,-1236.91455078125,1083.291015625,-0.0064196218736469746,-0.006029478739947081,0.008547209203243256,-0.0020931449253112078
10.84000015258789,44,0.032982807606458664,-0.00415463000535965,9.824051856994629,1016.7320556640625,-1225.2476806640625,1087.52587890625,-0.006588813848793507,-0.005521902348846197,0.003984913229942322,-0.0047095762565732
10.850000381469727,44,0.06699272990226746,0.0013065191451460123,9.791975021362305,1009.0878295898438,-1210.501708984375,1094.284912109375,-0.010019795037806034,0.007024130783975124,-0.0015072383685037494,-0.007849293760955334
10.859999656677246,44,0.04306906834244728,0.0025828713551163673,9.81605052947998,1000.6321411132812,-1193.690185546875,1100.5286865234375,-0.007975460030138493,0.010849612765014172,0.005339853465557098,-0.010989011265337467
10.869999885559082,44,0.030429212376475334,0.015431555919349194,9.820089340209961,990.5261840820312,-1175.0311279296875,1107.1617431640625,-0.00781384389847517,0.000930407433770597,0.010922352783381939,-0.015698587521910667
10.880000114440918,44,0.03818770870566368,0.02563590370118618,9.806857109069824,978.3524780273438,-1154.4140625,1113.8126220703125,-0.005465075373649597,-0.001512356917373836,0.013101929798722267,-0.021454736590385437
10.890000343322754,44,0.047961290925741196,0.01765654794871807,9.814507484436035,964.1116943359375,-1131.3194580078125,1119.4005126953125,-0.001970120705664158,-0.010832235217094421,0.0061120204627513885,-0.027210883796215057
10.899999618530273,43,0.007992977276444435,0.012442260980606079,9.815241813659668,948.5090942382812,-1102.4490966796875,1124.1650390625,0.0015248338459059596,-0.0022037161979824305,0.004730985965579748,-0.03192045912146568
10.90999984741211,44,0.009926630184054375,0.007590182591229677,9.810620307922363,931.329833984375,-1073.2071533203125,1130.597900390625,-0.0023985723964869976,-0.001361963921226561,0.009924596175551414,-0.0376766100525856
10.920000076293945,44,0.024135341867804527,0.021249521523714066,9.83853816986084,913.0861206054688,-1042.0211181640625,1135.5562744140625,-0.006060754880309105,-0.0033574774861335754,0.0037764389999210835,-0.04395604506134987
10.930000305175781,44,0.024604368954896927,0.031108912080526352,9.791875839233398,893.8805541992188,-1009.4669189453125,1138.6317138671875,-0.00206972798332572,-0.002880204003304243,0.005914769601076841,-0.05285191163420677
10.9399995803833,44,0.019960779696702957,0.007452198304235935,9.805388450622559,873.7549438476562,-976.5228881835938,1140.2213134765625,-0.0014872356550768018,0.000032258089049719274,0.005332277622073889,-0.06070120260119438
10.949999809265137,44,0.03423897549510002,0.007848902605473995,9.79633903503418,852.8119506835938,-942.500244140625,1139.888916015625,0.001406427239999175,-0.0037783533334732056,0.005437496583908796,-0.0664573535323143
10.960000038146973,44,0.03519440442323685,0.026118850335478783,9.814664840698242,830.0821533203125,-908.1585083007812,1137.86474609375,0.0008183232857845724,-0.0002721755299717188,0.00960136391222477,-0.07169021666049957
10.970000267028809,44,0.05806492269039154,0.017449570819735527,9.80122184753418,806.454833984375,-873.780517578125,1133.516845703125,-0.000613496929872781,0.0007951660081744194,0.005110616330057383,-0.07587650418281555
10.979999542236328,43,0.0521879643201828,0.025842878967523575,9.810393333435059,782.43017578125,-839.631103515625,1127.5648193359375,-0.0012391993077471852,-0.001987666357308626,0.0015948984073475003,-0.07796964794397354
10.989999771118164,44,0.0350380577147007,0.016535427421331406,9.810393333435059,758.4271240234375,-806.0621948242188,1121.024169921875,-0.0007131043239496648,-0.002588957780972123,0.0028350797947496176,-0.08110936731100082
11,43,0.044811636209487915,0.011683349497616291,9.809450149536133,734.7615356445312,-773.6384887695312,1114.9300537109375,0.000613496929872781,-0.004595694597810507,0.002171779051423073,-0.0852956548333168
11.010000228881836,43,0.05189265310764313,0.00897002313286066,9.799613952636719,709.6891479492188,-740.6181030273438,1102.9876708984375,0.000613496929872781,-0.007936608046293259,0.0043701548129320145,-0.08895865827798843
11.020000457763672,43,0.037840280681848526,0.02171521820127964,9.791613578796387,683.722412109375,-707.8946533203125,1090.3173828125,0.000613496929872781,-0.007213262375444174,0.009439746849238873,-0.09052851796150208
11.029999732971191,43,0.029421672224998474,0.023060563951730728,9.799259185791016,657.3875732421875,-676.3388061523438,1077.3555908203125,0.0009291539900004864,-0.004762922879308462,0.010725102387368679,-0.09105180203914642
11.039999961853027,43,0.02867470122873783,0.02979806438088417,9.817082405090332,631.2672729492188,-646.0057373046875,1064.1390380859375,0.001840490847826004,-0.00597504572942853,0.007840698584914207,-0.08948194980621338
11.050000190734863,43,0.02705373615026474,0.020093904808163643,9.802340507507324,605.9683837890625,-616.1351928710938,1050.5032958984375,0.0022237685043364763,0.00005666879951604642,0.009610903449356556,-0.0852956548333168
11.0600004196167,43,0.03728439658880234,0.01302869338542223,9.809501647949219,582.616943359375,-589.3079223632812,1036.5421142578125,0.003516699420288205,0.0014809132553637028,0.004435811657458544,-0.08058608323335648
11.069999694824219,43,0.02751081995666027,0.017880771309137344,9.805545806884766,559.9244384765625,-564.3671875,1020.750732421875,-0.003337967675179243,0.0044349017553031445,0.012876620516180992,-0.0763997882604599
11.079999923706055,43,0.020811978727579117,0.020697586238384247,9.803483009338379,538.5088500976562,-541.0170288085938,1004.82958984375,-0.00798107124865055,-0.00135074055287987,0.0070741428062319756,-0.07273678481578827
11.09000015258789,43,0.027887560427188873,0.013672258704900742,9.802457809448242,518.6492919921875,-519.19091796875,989.3821411132812,-0.009146057069301605,0.000979228992946446,0.005909157916903496,-0.06802721321582794
11.100000381469727,43,0.03789239376783371,0.006049720104783773,9.81908130645752,500.29742431640625,-498.9653015136719,974.3862915039062,-0.0025509295519441366,-0.0011251510586589575,0.006961348000913858,-0.06436420977115631
11.109999656677246,43,0.03177223727107048,0.016932131722569466,9.804421424865723,482.8100280761719,-481.021240234375,960.2034912109375,-0.001840490847826004,-0.0003153855795972049,0.017545539885759354,-0.06070120260119438
11.119999885559082,43,0.02590722218155861,0.013051331043243408,9.81261920928955,465.1449890136719,-464.1319274902344,946.5845336914062,-0.0008559214766137302,-0.0030886780004948378,0.009503999724984169,-0.05860805884003639
11.130000114440918,43,0.034911032766103745,0.005308055784553289,9.806926727294922,448.7972717285156,-448.0854797363281,933.4064331054688,-0.004303738009184599,-0.006583632435649633,0.008924875408411026,-0.05703819915652275
11.140000343322754,43,0.04724906384944916,0.012149045243859291,9.80458927154541,432.8233642578125,-432.35009765625,920.5684204101562,-0.007242574822157621,-0.006636382080614567,0.00867319107055664,-0.0565149150788784
11.149999618530273,43,0.04538489505648613,0.006146739702671766,9.79404354095459,416.22003173828125,-416.7311096191406,907.8729248046875,0.000009960638635675423,-0.003874313086271286,0.008306748233735561,-0.055991627275943756
11.15999984741211,43,0.04236770421266556,0.0024341067764908075,9.803878784179688,400.5127868652344,-402.78448486328125,894.7981567382812,0.0006118133314885199,-0.00037935865111649036,0.011252881027758121,-0.055991627275943756
11.170000076293945,43,0.029421672224998474,0.02171521820127964,9.810393333435059,384.99603271484375,-388.99945068359375,881.0178833007812,-0.0025150147266685963,-0.0009315481293015182,0.008493056520819664,-0.054421767592430115
11.180000305175781,43,0.03286120668053627,0.02342277020215988,9.815585136413574,369.7809753417969,-376.07000732421875,866.943115234375,-0.0018424547743052244,0.00047361658653244376,0.00707582663744688,-0.052328623831272125
11.1899995803833,43,0.03726702556014061,0.017615582793951035,9.810532569885254,355.02484130859375,-363.8185729980469,853.78515625,-0.0011640028096735477,0.0029955056961625814,0.010084248147904873,-0.050235480070114136
11.199999809265137,43,0.030521497130393982,0.006273943930864334,9.801117897033691,340.7651062011719,-352.0247497558594,841.9747924804688,-0.001840490847826004,0.0018305209232494235,0.010272239334881306,-0.04814233258366585
11.210000038146973,43,0.020747920498251915,0.014063573442399502,9.815235137939453,326.8380432128906,-340.654296875,830.3404541015625,-0.0009875154355540872,-0.0006139269680716097,0.009533742442727089,-0.04709576070308685
11.220000267028809,43,0.014969762414693832,0.020899172872304916,9.798686981201172,313.72454833984375,-330.2327880859375,815.1549682617188,-0.0008444175473414361,-0.004180430434644222,0.009898221120238304,-0.04552590101957321
11.229999542236328,43,0.01910415291786194,0.02444579266011715,9.795849800109863,301.63787841796875,-319.11968994140625,801.7413330078125,-0.003084600204601884,-0.0038330673705786467,0.011365675367414951,-0.04552590101957321
11.239999771118164,43,0.02674105018377304,0.02171521820127964,9.800149917602539,289.8046875,-307.9721374511719,788.33154296875,0.000613496929872781,-0.00013497007603291422,0.012733803130686283,-0.04604918882250786
11.25,43,0.029421672224998474,0.01295323297381401,9.80776596069336,277.9511413574219,-296.8320617675781,773.7855224609375,0.0007919483468867838,0.00022193278709892184,0.011296090669929981,-0.046572476625442505
11.260000228881836,43,0.03624862805008888,0.004842360038310289,9.80581283569336,266.33465576171875,-285.14404296875,757.9806518554688,0.0014911637408658862,0.0025519023183733225,0.013859506696462631,-0.04709576070308685
11.270000457763672,43,0.043873582035303116,0.00503747770562768,9.817217826843262,254.9207305908203,-274.57305908203125,743.3546142578125,-0.0017316242447122931,0.00466413889080286,0.00825231522321701,-0.04604918882250786
11.279999732971191,43,0.04145895689725876,0.007377816364169121,9.812763214111328,243.7575225830078,-263.64752197265625,727.3136596679688,0.0005983453593216836,0.0023341691121459007,0.007087330333888531,-0.04447932913899422
11.289999961853027,43,0.04154038801789284,0.022014902904629707,9.806000709533691,233.48387145996094,-252.78253173828125,711.2269897460938,0.0017709060339257121,-0.0023106185253709555,0.0024501183070242405,-0.04186289757490158
11.300000190734863,43,0.048980772495269775,0.02874593622982502,9.817519187927246,224.26339721679688,-242.3260498046875,696.0745849609375,0.00293589080683887,-0.005875157658010721,0.002171779051423073,-0.03819989413022995
11.3100004196167,43,0.04826202988624573,0.021289408206939697,9.812602043151855,216.14292907714844,-232.55783081054688,682.2096557617188,-0.001066079013980925,-0.005236548371613026,0.010438906960189342,-0.03453689068555832
11.319999694824219,43,0.03848845139145851,0.014258691109716892,9.815813064575195,210.48831176757812,-223.67462158203125,667.1404418945312,-0.001840490847826004,-0.004071563947945833,0.006159439217299223,-0.030873887240886688
11.329999923706055,42,0.04252513125538826,0.025861207395792007,9.811750411987305,205.55389404296875,-215.24961853027344,653.1190185546875,-0.0009311179746873677,-0.005634697154164314,0.005535139702260494,-0.0282574575394392
11.34000015258789,42,0.026038596406579018,0.0248187817633152,9.81124496459961,201.45700073242188,-207.7322998046875,640.5845336914062,0.0019285940797999501,-0.0028804843313992023,0.005005396902561188,-0.026164311915636063
11.350000381469727,42,0.021756546571850777,0.016932131722569466,9.809402465820312,198.1190643310547,-201.13079833984375,628.8826904296875,-0.0008592884987592697,-0.0005766092799603939,0.008552540093660355,-0.025117740035057068
11.359999656677246,42,0.026451164856553078,0.0110333152115345,9.802556037902832,195.35704040527344,-195.1513671875,617.3692626953125,-0.0016207934822887182,-0.001581661170348525,0.0071440087631344795,-0.025117740035057068
11.369999885559082,42,0.04284432902932167,0.01038435846567154,9.80987548828125,192.94859313964844,-189.02195739746094,606.5106201171875,-0.0012748334556818008,0.00005638823131448589,0.005948439706116915,-0.025641025975346565
11.380000114440918,42,0.03174183890223503,-0.00020052520267199725,9.802724838256836,190.926025390625,-182.48338317871094,593.6104125976562,-0.001840490847826004,-0.0012769470922648907,0.008278409019112587,-0.027210883796215057
11.390000343322754,42,0.02614499442279339,0.005642236210405827,9.815045356750488,187.71414184570312,-175.72682189941406,580.6878051757812,-0.00076585408532992,-0.00343099026940763,0.006309831980615854,-0.029304029420018196
11.399999618530273,42,0.013179423287510872,0.021825173869729042,9.795515060424805,184.03907775878906,-168.68600463867188,567.4339599609375,0.000613496929872781,-0.0004113453032914549,0.0002705418155528605,-0.030873887240886688
11.40999984741211,42,0.015288961119949818,0.01661519892513752,9.80801773071289,180.20559692382812,-161.4017791748047,553.357177734375,-0.00021310355805326253,-0.0005611771484836936,-0.001496295677497983,-0.03244374692440033
11.420000076293945,42,0.03333674743771553,0.00878568459302187,9.789408683776855,175.3887176513672,-154.11753845214844,538.06640625,-0.0014891995815560222,-0.002410787157714367,0.0034038235899060965,-0.03401360660791397
11.430000305175781,42,0.04251318424940109,0.0176630150526762,9.804288864135742,169.74851989746094,-146.5714111328125,522.9933471679688,-0.000613496929872781,-0.0003543867205735296,0.009533742442727089,-0.035060178488492966
11.4399995803833,42,0.043873582035303116,0.011211184784770012,9.801046371459961,164.40728759765625,-139.41946411132812,506.0174560546875,0.0002955952368211001,-0.004588399548083544,0.008397377096116543,-0.035583462566137314
11.449999809265137,42,0.043873582035303116,0.02164730429649353,9.795849800109863,158.41867065429688,-132.44735717773438,489.02569580078125,0.0036334223113954067,-0.0022584297694265842,0.0038945649284869432,-0.03610675036907196
11.460000038146973,42,0.05120431259274483,0.019219648092985153,9.817981719970703,151.8629608154297,-125.6175765991211,472.53411865234375,-0.00030373220215551555,-0.00044473481830209494,0.006563480012118816,-0.035060178488492966
11.470000267028809,42,0.04977334290742874,0.028057094663381577,9.798626899719238,145.6615753173828,-119.08731842041016,455.827392578125,0.0030262386426329613,-0.0036922141443938017,0.001068522804416716,-0.035060178488492966
11.479999542236328,42,0.05249522253870964,0.012394829653203487,9.825458526611328,138.95980834960938,-113.49089813232422,439.6501770019531,0.001861254102550447,-0.00019725970923900604,0.004563477355986834,-0.03453689068555832
11.489999771118164,42,0.04963437095284462,0.015058567747473717,9.791749954223633,132.25804138183594,-108.11026000976562,422.93463134765625,-0.0015921739395707846,-0.00013497007603291422,0.005769988521933556,-0.033490318804979324
11.5,42,0.02897435985505581,0.013016835786402225,9.817021369934082,125.8573989868164,-102.93360900878906,406.3474426269531,-0.002922703279182315,0.004193880129605532,0.008017185144126415,-0.032967034727334976
11.510000228881836,42,0.020591577515006065,0.02410191111266613,9.808784484863281,119.53660583496094,-97.96092224121094,390.4767761230469,-0.0030674845911562443,0.0027325984556227922,0.018508782610297203,-0.03192045912146568
11.520000457763672,41,0.03611617162823677,0.018391743302345276,9.813762664794922,112.96173858642578,-93.25804138183594,375.44146728515625,0.0026816814206540585,0.0004026288806926459,0.012911132536828518,-0.03035060130059719
11.529999732971191,41,0.0307527557015419,0.021054403856396675,9.819419860839844,106.57412719726562,-89.34943389892578,358.8210144042969,0.006086849141865969,-0.00013497007603291422,0.00986455101519823,-0.029827315360307693
11.539999961853027,41,0.020979177206754684,0.025906482711434364,9.811593055725098,99.54786682128906,-85.67301177978516,344.32440185546875,0.003411761252209544,-0.005140027962625027,0.007031213492155075,-0.029827315360307693
11.550000190734863,42,0.01978706568479538,0.013717534951865673,9.806076049804688,92.96058654785156,-81.9743423461914,329.1540222167969,-0.0012481778394430876,-0.009041267447173595,0.006624927744269371,-0.029304029420018196
11.5600004196167,42,0.024147285148501396,0.012149045243859291,9.801156997680664,86.67768859863281,-78.3862533569336,313.8654479980469,-0.0023573264479637146,-0.0056899720802903175,0.007789912633597851,-0.0282574575394392
11.569999694824219,42,0.03789348155260086,0.025343766435980797,9.831903457641602,80.32466888427734,-75.01063537597656,299.3136291503906,0.00010395637946203351,-0.001292659668251872,0.005066003184765577,-0.02668759785592556
11.579999923706055,42,0.03905627876520157,0.01309660729020834,9.79841136932373,73.62290954589844,-71.63502502441406,285.130859375,-0.002262488938868046,-0.0013072500005364418,0.0015856390818953514,-0.025117740035057068
11.59000015258789,42,0.03905627876520157,0.007612820249050856,9.823436737060547,67.80025482177734,-68.09367370605469,271.8782653808594,-0.003603680757805705,-0.0010165650164708495,0.0025171779561787844,-0.02459445409476757
11.600000381469727,42,0.04369444027543068,0.007365958299487829,9.80159854888916,62.114044189453125,-65.4707260131836,259.1568603515625,0.001075618783943355,0.002016267506405711,0.0032394013833254576,-0.02302459441125393
11.609999656677246,42,0.043873582035303116,0.0213885847479105,9.800697326660156,56.75069808959961,-63.00284194946289,246.6875,0.002640716265887022,0.0027457859832793474,0.004945913329720497,-0.02093144878745079
11.619999885559082,42,0.04390289634466171,0.007514722179621458,9.805624008178711,51.91619110107422,-60.47278594970703,235.16551208496094,0.003618270857259631,0.00007771258242428303,0.011186101473867893,-0.0193615909665823
11.630000114440918,42,0.04829568788409233,0.012247143313288689,9.824341773986816,47.72759246826172,-58.696144104003906,226.6336669921875,0.001288301544263959,-0.002036768477410078,0.004196192603558302,-0.018315019086003304
11.640000343322754,42,0.029085101559758186,0.01726631075143814,9.795849800109863,43.74724197387695,-56.212860107421875,217.00006103515625,-0.00039941133582033217,-0.0003490556846372783,-0.000010603411283227615,-0.016745159402489662
11.649999618530273,42,0.02050037682056427,0.026262221857905388,9.7963285446167,40.48407745361328,-54.19799041748047,207.36019897460938,0.00046142039354890585,-0.001361963921226561,0.007231831084936857,-0.016221873462200165
11.65999984741211,42,0.03393171727657318,0.0214101430028677,9.805854797363281,37.77727508544922,-52.19257354736328,199.11679077148438,-0.000613496929872781,-0.001452031428925693,0.008306748233735561,-0.015698587521910667
11.670000076293945,42,0.03055189736187458,0.015809932723641396,9.8096342086792,35.33841323852539,-50.267059326171875,191.3958282470703,-0.0006976721342653036,-0.002645074622705579,0.008362865075469017,-0.014652014710009098
11.680000305175781,42,0.04342735558748245,0.004798161331564188,9.801146507263184,32.825252532958984,-48.82588577270508,182.0711669921875,-0.004192626569420099,-0.004975044168531895,0.010692834854125977,-0.0141287287697196
11.6899995803833,42,0.03699342533946037,0.02291395328938961,9.804508209228516,30.312091827392578,-47.04924392700195,176.1986083984375,-0.0009013760718517005,-0.0005188089562579989,0.0073676337487995625,-0.013605441898107529
11.699999809265137,42,0.025053853169083595,-0.00524017633870244,9.796438217163086,27.884933471679688,-45.345558166503906,168.96102905273438,-0.000613496929872781,-0.006549120880663395,0.008148779161274433,-0.013082155957818031
11.710000038146973,42,0.061178747564554214,0.008666026405990124,9.80003833770752,25.53792381286621,-43.8140983581543,161.88145446777344,-0.0026275289710611105,-0.005482901353389025,0.00729973241686821,-0.012035583145916462
11.720000267028809,42,0.04651837795972824,0.016932131722569466,9.797307014465332,23.639720916748047,-42.45533752441406,155.4735565185547,-0.00023246387718245387,-0.005987952463328838,0.007079754490405321,-0.011512297205626965
11.729999542236328,42,0.0334453210234642,0.013780059292912483,9.806344985961914,22.438661575317383,-41.22211837768555,149.84193420410156,0.003262490499764681,-0.003620945615693927,0.008845750242471695,-0.010989011265337467
11.739999771118164,41,0.030284812673926353,0.0003708148724399507,9.811262130737305,20.867937088012695,-40.06730270385742,145.18820190429688,0.00018953440303448588,-0.0009469802025705576,0.006249787285923958,-0.010465724393725395
11.75,42,0.0361042283475399,0.013075047172605991,9.814303398132324,19.759441375732422,-39.30460739135742,138.77369689941406,-0.0033584502525627613,-0.0024119094014167786,0.006143726408481598,-0.010465724393725395
11.760000228881836,41,0.04487569257616997,0.021907102316617966,9.810393333435059,18.6444149017334,-38.24845504760742,133.8493194580078,-0.00359750771895051,-0.0010280690621584654,0.00917066726833582,-0.010465724393725395
11.770000457763672,42,0.0476192906498909,0.03765561059117317,9.810393333435059,17.709104537963867,-37.00480651855469,130.04373168945312,-0.002432523062452674,0.0023619472049176693,0.008855851367115974,-0.009942438453435898
11.779999732971191,41,0.04501466453075409,0.023099370300769806,9.809245109558105,17.080814361572266,-35.90426254272461,126.18069458007812,-0.001840490847826004,0.00010829627717612311,0.008225659839808941,-0.0094191525131464
11.789999961853027,42,0.047480322420597076,0.012149045243859291,9.809200286865234,16.452526092529297,-35.46010208129883,120.86215209960938,-0.0013295473763719201,-0.0033050081692636013,0.011066572740674019,-0.008895865641534328
11.800000190734863,41,0.0477137453854084,0.017232894897460938,9.81107234954834,15.923127174377441,-34.76426696777344,117.42713165283203,-0.0010624313727021217,-0.0021400232799351215,0.012316855601966381,-0.008895865641534328
11.8100004196167,41,0.05697595700621605,0.02860148437321186,9.794302940368652,15.176582336425781,-33.73836135864258,113.15930938720703,-0.001840490847826004,-0.0025227400474250317,0.010760736651718616,-0.008895865641534328
11.819999694824219,42,0.04783209040760994,0.024533111602067947,9.812385559082031,14.587641716003418,-32.75238037109375,109.45325469970703,-0.0015155745204538107,-0.005042945500463247,0.011085652746260166,-0.008372579701244831
11.829999923706055,41,0.029773443937301636,0.022413762286305428,9.808541297912598,14.197932243347168,-32.20930480957031,106.3941879272461,-0.00008768249972490594,-0.004517131019383669,0.011724823154509068,-0.007849293760955334
11.84000015258789,41,0.02290305867791176,0.005676731932908297,9.810538291931152,13.566537857055664,-32.470008850097656,102.0846939086914,0.002041389001533389,-0.002388059627264738,0.010961635038256645,-0.007849293760955334
11.850000381469727,41,0.032676637172698975,0.0073012784123420715,9.800697326660156,12.414673805236816,-31.759353637695312,99.7578353881836,0.0026508173905313015,-0.0016397421713918447,0.011848841793835163,-0.007326007355004549
11.859999656677246,41,0.03057144023478031,0.0028545274399220943,9.807528495788574,11.424345016479492,-31.802391052246094,97.34550476074219,-0.0006903769681230187,-0.004046591930091381,0.010606976225972176,-0.007326007355004549
11.869999885559082,41,0.022035574540495872,0.010395138524472713,9.807645797729492,10.931516647338867,-31.925857543945312,95.38358306884766,-0.0018553617410361767,-0.007511804345995188,0.008336490020155907,-0.007326007355004549
11.880000114440918,40,0.03974679112434387,0.0037201615050435066,9.800934791564941,10.542102813720703,-31.764846801757812,93.26331329345703,-0.003020346397534013,-0.00867678876966238,0.01066646073013544,-0.007326007355004549
11.890000343322754,41,0.04488003998994827,0.009151126258075237,9.817267417907715,9.523216247558594,-31.255830764770508,89.88822937011719,-0.005303177982568741,-0.002016846789047122,0.014114276506006718,-0.007849293760955334
11.899999618530273,40,0.03905627876520157,0.026498304679989815,9.811508178710938,8.894926071166992,-31.078166961669922,87.33975219726562,-0.004465634468942881,-0.002417801646515727,0.003883341560140252,-0.007849293760955334
11.90999984741211,41,0.0431450717151165,0.03055805340409279,9.811860084533691,8.179423332214355,-30.67854881286621,84.60671997070312,-0.0042944783344864845,0.0003925279597751796,0.008134750649333,-0.007849293760955334
11.920000076293945,40,0.04234924539923668,0.02557014860212803,9.800697326660156,7.634355545043945,-30.340675354003906,82.10179901123047,-0.0042944783344864845,-0.0007716151885688305,0.015124659985303879,-0.007849293760955334
11.930000305175781,40,0.03642234206199646,0.014316903427243233,9.809486389160156,7.139339447021484,-29.815759658813477,79.7346420288086,-0.0016850471729412675,-0.0004921535146422684,0.015156085602939129,-0.007849293760955334
11.9399995803833,40,0.03004487045109272,0.02587953396141529,9.815555572509766,6.646156311035156,-28.89591407775879,77.31127166748047,-0.005460304673761129,-0.002558374311774969,0.009594909846782684,-0.007849293760955334
11.949999809265137,40,0.029076416045427322,0.0291469506919384,9.81273078918457,7.06501579284668,-28.3629207611084,74.98440551757812,-0.0057380832731723785,0.0006588021060451865,0.005588170140981674,-0.007326007355004549
11.960000038146973,40,0.04144810140132904,0.019340384751558304,9.80802059173584,6.640953063964844,-27.59157371520996,69.7835464477539,-0.003610695246607065,0.0008108787587843835,0.007360899820923805,-0.007326007355004549
11.970000267028809,40,0.03648965805768967,0.014488305896520615,9.805651664733887,6.25555944442749,-27.085140228271484,66.94837188720703,-0.0005803879466839135,-0.002605512272566557,0.012020839378237724,-0.006802720949053764
11.979999542236328,40,0.02689087763428688,0.014661863446235657,9.807847023010254,6.164029598236084,-26.69204330444336,65.22526550292969,0.00016119552310556173,-0.0049354820512235165,0.010523362085223198,-0.006802720949053764
11.989999771118164,40,0.03240520879626274,0.004023079294711351,9.810779571533203,6.313592910766602,-26.197097778320312,63.0988883972168,-0.0028360027354210615,-0.005274427123367786,0.0063505168072879314,-0.006279435008764267
12,39,0.044395811855793,-0.001681697554886341,9.809868812561035,6.208878040313721,-25.486440658569336,60.88282775878906,-0.0029872374143451452,-0.00512319291010499,0.007951248437166214,-0.006279435008764267
12.010000228881836,46,0.04869088903069496,0.0025828713551163673,9.805545806884766,6.80488395690918,-25.030542373657227,56.23053741455078,-0.000613496929872781,-0.006375719793140888,0.008786266669631004,-0.005756148602813482
12.020000457763672,39,0.03745594248175621,-0.0029947017319500446,9.808372497558594,6.979960918426514,-24.906774520874023,54.90287399291992,-0.000613496929872781,-0.003815951757133007,0.007079754490405321,-0.005756148602813482
12.029999732971191,39,0.03517811745405197,0.007305589970201254,9.830669403076172,7.18383264541626,-24.647350311279297,54.093902587890625,-0.00011405740224290639,-0.004065671470016241,0.006830034777522087,-0.005756148602813482
12.039999961853027,38,0.03316086530685425,0.005225049331784248,9.817630767822266,7.444289684295654,-24.11435890197754,52.487728118896484,0.0014650694793090224,-0.004855234641581774,0.0069790249690413475,-0.005756148602813482
12.050000190734863,38,0.035456057637929916,0.0037913096603006124,9.809806823730469,7.249523639678955,-23.584476470947266,51.02789306640625,-0.000613496929872781,-0.003564548445865512,0.013214724138379097,-0.005756148602813482
12.0600004196167,38,0.03596960008144379,0.013495467603206635,9.802816390991211,7.87781286239624,-23.229148864746094,48.47942352294922,-0.0008682672050781548,-0.0014256564900279045,0.01283256895840168,-0.005756148602813482
12.069999694824219,39,0.03423897549510002,0.016932131722569466,9.81173038482666,8.342142105102539,-22.873821258544922,48.27311325073242,-0.005519789177924395,-0.002594008343294263,0.005852760747075081,-0.005756148602813482
12.079999923706055,38,0.047141578048467636,0.02013486996293068,9.810351371765137,8.588763236999512,-22.76201629638672,46.529296875,-0.0043548038229346275,-0.0060889627784490585,0.005852760747075081,-0.005756148602813482
12.09000015258789,38,0.04032764956355095,0.01190002728253603,9.8154935836792,8.923396110534668,-22.627941131591797,43.9219856262207,0.000124158599646762,-0.004060620907694101,0.00806207861751318,-0.005232862196862698
12.100000381469727,38,0.0443328395485878,0.007365958299487829,9.80654525756836,9.736282348632812,-21.999094009399414,43.28038024902344,0.000613496929872781,-0.0027733014430850744,0.00934939831495285,-0.005756148602813482
12.109999656677246,37,0.03838856518268585,0.01759510114789009,9.814521789550781,10.259857177734375,-21.28843879699707,41.61833190917969,-0.002328426344320178,-0.0016083166701719165,0.008553100749850273,-0.005232862196862698
12.119999885559082,38,0.027231791988015175,0.01475780550390482,9.823616027832031,10.34130573272705,-21.47793960571289,39.67558670043945,-0.010416541248559952,-0.005036491900682449,0.0018763241823762655,-0.005232862196862698
12.130000114440918,38,0.031750522553920746,0.012149045243859291,9.796171188354492,10.532878875732422,-21.399890899658203,39.03253936767578,-0.007743698079138994,-0.0011302016209810972,0.005714152008295059,-0.005232862196862698
12.140000343322754,38,0.03423897549510002,0.012149045243859291,9.822811126708984,10.571991920471191,-21.211217880249023,38.67210388183594,-0.005521472543478012,-0.0004972040187567472,0.012279817834496498,-0.005232862196862698
12.149999618530273,38,0.041663073003292084,0.012149045243859291,9.808483123779297,10.21202278137207,-21.200132369995117,37.54499053955078,-0.004056262783706188,-0.001361963921226561,0.012243904173374176,-0.005232862196862698
12.15999984741211,37,0.03252897784113884,0.012149045243859291,9.823532104492188,10.21202278137207,-20.57830810546875,37.655792236328125,-0.0023968887981027365,-0.002032559597864747,0.010090140625834465,-0.005232862196862698
12.170000076293945,38,0.014017592184245586,0.02362004481256008,9.787155151367188,10.306893348693848,-20.35888671875,36.56196594238281,-0.0024490775540471077,-0.0019803710747510195,0.008925155736505985,-0.0047095762565732
12.180000305175781,37,0.029754985123872757,0.022605646401643753,9.796184539794922,10.622516632080078,-20.300500869750977,35.34313201904297,-0.001974329352378845,-0.0008153863018378615,0.003934127278625965,-0.0047095762565732
12.1899995803833,37,0.04221895709633827,0.017753567546606064,9.808728218078613,10.904170989990234,-20.33930015563965,34.89860534667969,-0.000613496929872781,-0.00013497007603291422,-0.0010246338788419962,-0.0047095762565732
12.199999809265137,37,0.019516723230481148,0.03305470198392868,9.798137664794922,10.96654987335205,-20.356304168701172,35.587013244628906,-0.0014586159959435463,-0.0009800890693441033,0.0026757079176604748,-0.0047095762565732
12.210000038146973,37,0.014969762414693832,0.023765575140714645,9.795849800109863,10.861835479736328,-20.089807510375977,36.805843353271484,-0.0023463836405426264,-0.0018678568303585052,0.006864546798169613,-0.0047095762565732
12.220000267028809,38,0.04016044735908508,0.02171521820127964,9.791624069213867,11.061065673828125,-19.909259796142578,34.59410095214844,-0.000613496929872781,-0.0007320528384298086,0.004891479853540659,-0.0047095762565732
12.229999542236328,38,0.043873582035303116,0.013239981606602669,9.812477111816406,10.886757850646973,-20.122234344482422,34.622318267822266,-0.001323093893006444,-0.0018793607596307993,0.009060678072273731,-0.0047095762565732
12.239999771118164,37,0.030861325562000275,0.020762266591191292,9.802145957946777,11.04223346710205,-20.300500869750977,35.177459716796875,-0.004119955003261566,0.0016155935591086745,0.006730707827955484,-0.005232862196862698
12.25,44,0.029421672224998474,0.02171521820127964,9.800697326660156,11.560072898864746,-20.323925018310547,35.45750045776367,-0.0027299420908093452,0.004210434388369322,0.00496330950409174,-0.0041862898506224155
12.260000228881836,37,0.051803626120090485,0.01282602921128273,9.79619312286377,11.775592803955078,-20.410175323486328,35.903934478759766,0.000613496929872781,-0.001361963921226561,0.008306748233735561,-0.0041862898506224155
12.270000457763672,37,0.07623757421970367,0.016662631183862686,9.786700248718262,12.194452285766602,-20.410175323486328,36.457950592041016,0.000613496929872781,-0.001361963921226561,0.008306748233735561,-0.0041862898506224155
12.279999732971191,37,0.05451790615916252,0.021514710038900375,9.832601547241211,12.530119895935059,-20.55132293701172,36.92393493652344,-0.0016934648156166077,-0.001361963921226561,0.004846306052058935,-0.0041862898506224155
12.289999961853027,38,0.030083956196904182,0.007760506123304367,9.796916007995605,12.433890342712402,-20.778718948364258,37.30511474609375,-0.002931962488219142,-0.003544907784089446,0.003534295130521059,-0.0041862898506224155
12.300000190734863,37,0.0627020001411438,0.012086520902812481,9.791064262390137,12.185317993164062,-21.045215606689453,37.99789810180664,-0.0010085591347888112,-0.005874876864254475,0.005457698367536068,-0.0041862898506224155
12.3100004196167,44,0.0627627968788147,0.012375425547361374,9.79130744934082,12.280542373657227,-21.287559509277344,39.307796478271484,0.002288863994181156,-0.005302485544234514,0.010690029710531235,-0.0041862898506224155
12.319999694824219,37,0.03861982002854347,0.026642756536602974,9.810100555419922,12.280542373657227,-21.287559509277344,39.307796478271484,0.0030674845911562443,-0.005042945500463247,0.011987730860710144,-0.0041862898506224155
12.329999923706055,38,0.024389397352933884,0.02978728525340557,9.801345825195312,12.10126781463623,-21.287559509277344,40.73052978515625,0.0030674845911562443,-0.0008257679874077439,0.01451803743839264,-0.0036630036775022745
12.34000015258789,38,0.020071523264050484,-0.001635343418456614,9.81552791595459,12.21718692779541,-21.61876106262207,41.77289581298828,0.0015046317130327225,-0.0004708291089627892,0.014105859212577343,-0.0041862898506224155
12.350000381469727,37,0.025312252342700958,0.009123099036514759,9.819376945495605,12.45032787322998,-22.117393493652344,42.52342987060547,0.000613496929872781,0.00007687086326768622,0.013214724138379097,-0.0036630036775022745
12.359999656677246,38,0.03423897549510002,0.03128139302134514,9.810393333435059,12.68252182006836,-22.61562728881836,43.89883804321289,0.0025857219006866217,0.0017494321800768375,0.009270274080336094,-0.0036630036775022745
12.369999885559082,45,0.03325314819812775,0.02981315553188324,9.808905601501465,13.624956130981445,-23.415115356445312,47.9985466003418,0.0025082805659621954,-0.0006579785840585828,0.009425156749784946,-0.0036630036775022745
12.380000114440918,38,0.02291717380285263,0.017490535974502563,9.798113822937012,13.70265007019043,-23.48102378845215,48.336524963378906,0.000613496929872781,-0.003815951757133007,0.013214724138379097,-0.0036630036775022745
12.390000343322754,39,0.013943763449788094,0.02171521820127964,9.815241813659668,13.70265007019043,-23.663026809692383,48.9419059753418,0.001556259230710566,-0.005230095237493515,0.011800580658018589,-0.0036630036775022745
12.399999618530273,38,0.04045901820063591,0.020322443917393684,9.81665325164795,13.796545028686523,-24.049001693725586,50.573482513427734,0.0038862288929522038,-0.005040701013058424,0.00789625383913517,-0.0031397175043821335
12.40999984741211,39,0.04792003333568573,0.014445185661315918,9.818731307983398,14.073113441467285,-24.619964599609375,52.97986602783203,0.004479383584111929,-0.0008296960731968284,0.005667855963110924,-0.0031397175043821335
12.420000076293945,38,0.0455542653799057,0.025663932785391808,9.791228294372559,14.596688270568848,-25.33062171936035,54.863521575927734,0.001269783009774983,-0.003730373689904809,0.008306748233735561,-0.0031397175043821335
12.430000305175781,39,0.0516885407269001,0.019005125388503075,9.817072868347168,14.50510025024414,-25.432443618774414,58.591468811035156,-0.001283531542867422,-0.007943622767925262,0.008306748233735561,-0.0031397175043821335
12.4399995803833,39,0.04681152105331421,0.00639360211789608,9.816067695617676,14.556303977966309,-25.785816192626953,60.048988342285156,-0.004133142530918121,-0.009789585135877132,0.007984076626598835,-0.002616431098431349
12.449999809265137,39,0.05727669969201088,0.0015415230300277472,9.792915344238281,14.661019325256348,-26.32056427001953,62.182716369628906,-0.002570851007476449,-0.008227293379604816,0.005852760747075081,-0.002616431098431349
12.460000038146973,40,0.05238990858197212,0.000020464831322897226,9.827880859375,14.823384284973145,-27.064651489257812,65.33190155029297,0.0029928493313491344,-0.002663593040779233,0.005964713636785746,-0.002616431098431349
12.470000267028809,40,0.04869088903069496,0.007365958299487829,9.805545806884766,15.150300025939941,-28.159526824951172,67.6218490600586,0.0006628796691074967,-0.004993562586605549,0.009459667839109898,-0.002616431098431349
12.479999542236328,45,0.04617638140916824,0.0048693097196519375,9.80681037902832,15.778589248657227,-29.936166763305664,74.27003479003906,-0.002807383192703128,-0.002762358635663986,0.009533742442727089,-0.002616431098431349
12.489999771118164,40,0.03640279918909073,0.0030690492130815983,9.810393333435059,15.90045166015625,-30.280759811401367,75.55950164794922,-0.001989200245589018,-0.0004323891189415008,0.008455458097159863,-0.002616431098431349
12.5,40,0.029421672224998474,0.019704747945070267,9.810393333435059,15.720940589904785,-30.5853271484375,77.20571899414062,-0.001840490847826004,-0.00013497007603291422,0.008306748233735561,-0.0020931449253112078
12.510000228881836,40,0.02649025060236454,0.025043005123734474,9.813343048095703,15.442065238952637,-31.35767936706543,80.34783935546875,-0.0047032893635332584,-0.00490630092099309,0.005443949718028307,-0.0020931449253112078
12.520000457763672,40,0.016716672107577324,0.020190926268696785,9.820089340209961,15.264741897583008,-32.537776947021484,84.1402359008789,-0.006413729395717382,-0.005377682391554117,0.007302538026124239,-0.0020931449253112078
12.529999732971191,40,0.018175868317484856,0.023305268958210945,9.820089340209961,15.36945629119873,-33.15959930419922,89.12637329101562,-0.005087969824671745,-0.003382449271157384,0.0074765002354979515,-0.0015698587521910667
12.539999961853027,40,0.029216472059488297,0.02775309793651104,9.818404197692871,15.65587043762207,-33.85849380493164,90.84403228759766,-0.0042944783344864845,-0.0018207187531515956,0.00477503752335906,-0.0015698587521910667
12.550000190734863,40,0.016299759969115257,0.01734285056591034,9.808222770690918,15.903733253479004,-34.794063568115234,93.60585021972656,-0.002175788627937436,-0.004893113858997822,0.005517462734133005,-0.0010465724626556039
12.5600004196167,40,0.015591874718666077,0.022897783666849136,9.804972648620605,16.238306045532227,-35.64772033691406,97.52719116210938,0.0006749448366463184,-0.008141154423356056,0.008368195965886116,-0.0010465724626556039
12.569999694824219,41,0.028369616717100143,0.011324374936521053,9.81440544128418,16.76188087463379,-36.18071365356445,101.70336151123047,0.001258278964087367,-0.008723926730453968,0.008951530791819096,-0.0010465724626556039
12.579999923706055,41,0.03814319521188736,0.008397604338824749,9.807510375976562,17.28545570373535,-36.713706970214844,105.13825988769531,-0.0025077196769416332,-0.008203724399209023,0.007266342639923096,-0.0010465724626556039
12.59000015258789,41,0.049938369542360306,0.012917659245431423,9.808359146118164,17.41985321044922,-37.741920471191406,109.80856323242188,-0.006290272809565067,-0.006122352555394173,0.009976504370570183,-0.0010465724626556039
12.600000381469727,41,0.056234411895275116,0.005289729684591293,9.803441047668457,18.10638427734375,-38.62281799316406,114.80396270751953,-0.005521472543478012,-0.004608321003615856,0.014122413471341133,-2.3610453869782333e-14
12.609999656677246,42,0.049187056720256805,0.0025828713551163673,9.807220458984375,18.904338836669922,-39.54487228393555,118.62691497802734,-0.005187296774238348,-0.005935763940215111,0.008306748233735561,-0.0005232862313278019
12.619999885559082,41,0.04164353013038635,0.004797083791345358,9.815241813659668,19.391077041625977,-40.55081558227539,121.67771911621094,-0.004022311884909868,-0.004770779050886631,0.008851081132888794,-1.1805226934891166e-14
12.630000114440918,42,0.04365535452961922,0.011932367458939552,9.810613632202148,19.391077041625977,-41.35029983520508,127.21788024902344,-0.00201669754460454,-0.003815951757133007,0.0092896344140172,0.0005232862313278019
12.640000343322754,42,0.05105991289019585,0.016932131722569466,9.805545806884766,20.532209396362305,-42.589813232421875,130.7821502685547,0.0027711878065019846,-0.0035196549724787474,0.0026162241119891405,0.0010465724626556039
12.649999618530273,42,0.04131564870476723,0.019353320822119713,9.805545806884766,21.525732040405273,-43.363319396972656,136.00335693359375,0.00026893976610153913,-0.0014481032267212868,0.006025039125233889,0.0010465724626556039
12.65999984741211,42,0.029421672224998474,0.014244676567614079,9.805545806884766,22.358957290649414,-44.21675491333008,141.47621154785156,-0.004246217664331198,-0.0025165670085698366,0.008403269574046135,0.0010465724626556039
12.670000076293945,42,0.026844192296266556,0.020161820575594902,9.810733795166016,23.121999740600586,-45.282737731933594,146.65216064453125,-0.0019162484677508473,0.000978387426584959,0.013063209131360054,0.0015698587521910667
12.680000305175781,42,0.021957403048872948,0.028653228655457497,9.815241813659668,23.987064361572266,-46.362640380859375,151.86485290527344,-0.0007133847684599459,-0.00003508215377223678,0.0030707702971994877,0.0015698587521910667
12.6899995803833,42,0.02250351570546627,0.03189261630177498,9.815241813659668,25.348360061645508,-47.69511795043945,159.1778564453125,-0.000613496929872781,-0.004395357798784971,0.004301973152905703,0.0015698587521910667
12.699999809265137,42,0.03296217694878578,0.019467588514089584,9.820849418640137,26.3671875,-48.73707580566406,164.8601531982422,0.00038959088851697743,-0.009055296890437603,0.005628854501992464,0.0015698587521910667
12.710000038146973,42,0.03905627876520157,0.010201098397374153,9.816316604614258,27.126474380493164,-49.66244125366211,169.27432250976562,-0.00032758183078840375,-0.0024222908541560173,0.007734918035566807,0.002616431098431349
12.720000267028809,42,0.04783100262284279,0.012149045243859291,9.798619270324707,28.11958122253418,-50.55076217651367,174.1225128173828,-0.000613496929872781,-0.0036512487567961216,0.009185818023979664,0.002616431098431349
12.729999542236328,42,0.044525012373924255,0.0002565470931585878,9.806069374084473,29.711620330810547,-51.49972152709961,181.042724609375,0.001020624302327633,-0.0009576424490660429,0.008716681972146034,0.0031397175043821335
12.739999771118164,42,0.042120158672332764,0.005185163579881191,9.805991172790527,30.654056549072266,-52.92103576660156,188.35572814941406,-0.0034448697697371244,0.0003369722398929298,0.011326954700052738,0.0036630036775022745
12.75,42,0.04074021801352501,0.005926827900111675,9.800697326660156,32.425045013427734,-54.342350006103516,195.96096801757812,-0.010213678702712059,-0.00013497007603291422,0.01113559678196907,0.0047095762565732
12.760000228881836,42,0.06147623062133789,0.0025828713551163673,9.80392074584961,33.769962310791016,-55.649147033691406,203.5349578857422,-0.007204134948551655,-0.0013970369473099709,0.010164775885641575,0.005232862196862698
12.770000457763672,42,0.05314338952302933,0.012330149300396442,9.798959732055664,35.03174591064453,-57.038455963134766,211.7509002685547,-0.0012714663753286004,-0.0042960308492183685,0.007915615104138851,0.005756148602813482
12.779999732971191,42,0.0338481180369854,0.023568300530314445,9.799212455749512,36.584110260009766,-58.71530532836914,221.06411743164062,-0.0011205122573301196,-0.004748893436044455,0.004118751734495163,0.006802720949053764
12.789999961853027,47,0.029421672224998474,0.026498304679989815,9.800697326660156,38.05012130737305,-60.75844192504883,230.9255828857422,-0.0031755096279084682,-0.004368982743471861,0.0033987730275839567,0.008372579701244831
12.800000190734863,42,0.025940880179405212,0.016130099073052406,9.825218200683594,39.71314239501953,-62.63444900512695,240.99551391601562,-0.005138475447893143,-0.00596494460478425,0.0033987730275839567,0.008372579701244831
12.8100004196167,42,0.03170492500066757,0.022724226117134094,9.809622764587402,40.20555877685547,-63.18271255493164,243.95895385742188,-0.0042944783344864845,-0.002588957780972123,0.0033987730275839567,0.008895865641534328
12.819999694824219,42,0.02337968535721302,0.03728046268224716,9.822554588317871,41.14361572265625,-64.31355285644531,247.82485961914062,-0.005071415565907955,-0.0018120206659659743,0.002362856874242425,0.0094191525131464
12.829999923706055,42,0.01240856759250164,0.018869299441576004,9.792657852172852,43.207611083984375,-66.69097900390625,256.8379211425781,-0.006990610156208277,0.0012889937497675419,-0.00013041277998127043,0.009942438453435898
12.84000015258789,42,0.017669927328824997,0.008417008444666862,9.800219535827637,45.51323318481445,-69.00121307373047,268.4684753417969,-0.001840490847826004,0.0016442131018266082,0.0065399110317230225,0.010989011265337467
12.850000381469727,48,0.01978706568479538,0.007365958299487829,9.805545806884766,48.65468215942383,-71.57733917236328,278.4407653808594,-0.0016216352814808488,-0.0041807107627391815,0.002536538289859891,0.010465724393725395
12.859999656677246,42,0.011991654522716999,0.003495937678962946,9.801623344421387,53.40380859375,-76.3355941772461,298.7049865722656,0.001796719734556973,-0.009939977899193764,0.008262977004051208,0.010465724393725395
12.869999885559082,42,0.041889987885951996,0.006521884351968765,9.80469036102295,55.84873580932617,-78.86597442626953,309.6224365234375,-0.0028632194735109806,-0.008774993009865284,0.003603038378059864,0.010989011265337467
12.880000114440918,43,0.03658085688948631,0.0033579536247998476,9.80960750579834,56.411216735839844,-79.79379272460938,312.89593505859375,-0.0030674845911562443,-0.008723926730453968,0.0033987730275839567,0.010989011265337467
12.890000343322754,43,0.050663627684116364,0.0025828713551163673,9.826923370361328,58.316131591796875,-82.87457275390625,323.9997863769531,0.005347791127860546,-0.007672017905861139,0.009710229933261871,0.010989011265337467
12.899999618530273,47,0.028454303741455078,0.010874848812818527,9.787762641906738,60.5151481628418,-85.53954315185547,337.07452392578125,0.004768665414303541,-0.0065070330165326595,0.0077910348773002625,0.012035583145916462
12.90999984741211,43,0.05856543779373169,0.012149045243859291,9.828299522399902,62.01953125,-88.64645385742188,349.23052978515625,0.0005829131114296615,-0.003486265428364277,0.006151863373816013,0.012035583145916462
12.920000076293945,43,0.054513562470674515,-0.0007028732798062265,9.7825288772583,63.505348205566406,-91.68595123291016,361.2631530761719,0.001984149683266878,-0.006918368861079216,0.005852760747075081,0.012558870017528534
12.930000305175781,43,0.044739980250597,0.019564608111977577,9.81175422668457,65.41531372070312,-94.80926513671875,373.7794189453125,-0.004167374223470688,-0.008723926730453968,0.005048887804150581,0.012558870017528534
12.9399995803833,43,0.04832717403769493,0.026137175038456917,9.806278228759766,67.74470520019531,-98.27371215820312,386.7285461425781,-0.008717324584722519,-0.010949519462883472,0.006851359270513058,0.012558870017528534
12.949999809265137,43,0.03964473307132721,0.030989255756139755,9.81464958190918,68.79185485839844,-101.73816680908203,397.25482177734375,-0.004443468526005745,-0.006286213174462318,0.010346313938498497,0.013082155957818031
12.960000038146973,43,0.020686034113168716,0.026721451431512833,9.810619354248047,70.95829010009766,-105.51911163330078,411.3341979980469,0.0006221950170584023,-0.0038333479315042496,0.009516346268355846,0.013605441898107529
12.970000267028809,44,0.029111158102750778,0.03575617074966431,9.796318054199219,72.02530670166016,-108.93089294433594,424.5408020019531,0.00017298004240728915,-0.005158265586942434,0.008191428147256374,0.0141287287697196
12.979999542236328,43,0.029421672224998474,0.012574855238199234,9.805373191833496,73.0179672241211,-112.0914077758789,438.1824645996094,-0.0028281465638428926,-0.0028282960411161184,0.011015226133167744,0.015698587521910667
12.989999771118164,43,0.015178218483924866,0.03566669672727585,9.805545806884766,74.6024169921875,-115.18392181396484,453.0104064941406,-0.002999021904543042,-0.003952876664698124,0.011487448588013649,0.016745159402489662
13,44,0.029176300391554832,0.00748777249827981,9.805668830871582,75.33541870117188,-118.20421600341797,466.3067932128906,-0.000983306672424078,-0.006874877959489822,0.006827509496361017,0.018315019086003304
13.010000228881836,44,0.020747920498251915,0.011767433024942875,9.809619903564453,76.96588897705078,-121.816650390625,480.974853515625,-0.0012248895363882184,-0.0019733565859496593,0.004322174936532974,0.019884876906871796
13.020000457763672,43,0.043873582035303116,0.0025828713551163673,9.791001319885254,78.86678314208984,-125.33126068115234,496.02972412109375,-0.00036966943298466504,0.0001108215146814473,0.006588171236217022,0.021978022530674934
13.029999732971191,48,0.04288015514612198,0.003569241613149643,9.793001174926758,81.00811767578125,-128.9244384765625,512.0126342773438,-0.003926913253962994,0.0012758063385263085,0.005360897164791822,0.025641025975346565
13.039999961853027,44,0.031424812972545624,0.01732991449534893,9.819282531738281,84.27444458007812,-133.7809600830078,533.5346069335938,-0.0017187173943966627,0.0013448300305753946,0.008803101256489754,0.025641025975346565
13.050000190734863,44,0.051627740263938904,0.0226487647742033,9.812285423278809,90.36715698242188,-141.9280548095703,568.7195434570312,-0.000613496929872781,-0.007496933452785015,0.002171779051423073,0.027210883796215057
13.0600004196167,44,0.037476569414138794,0.02913832850754261,9.827613830566406,90.36715698242188,-141.9280548095703,568.7195434570312,-0.000613496929872781,-0.007496933452785015,0.002171779051423073,0.0287807434797287
13.069999694824219,44,0.06070645898580551,0.01335856132209301,9.810393333435059,92.8150405883789,-145.3890380859375,583.8290405273438,-0.0017762371571734548,-0.0051714531145989895,0.006822739727795124,0.029827315360307693
13.079999923706055,44,0.04523072391748428,0.021041467785835266,9.806296348571777,96.81192016601562,-149.9757843017578,603.098876953125,0.0025624334812164307,-0.003942214418202639,0.008180485107004642,0.030873887240886688
13.09000015258789,44,0.05201208218932152,0.017674872651696205,9.787327766418457,101.42671203613281,-154.6012725830078,622.7830200195312,0.0009900406002998352,-0.0006997857126407325,0.008306748233735561,0.03244374692440033
13.100000381469727,44,0.042238499969244,0.020091749727725983,9.817621231079102,105.81684112548828,-159.096435546875,643.7142333984375,-0.002316641854122281,-0.003065109020099044,0.00537660950794816,0.033490318804979324
13.109999656677246,44,0.03512600064277649,0.013910497538745403,9.805545806884766,110.11016082763672,-164.24868774414062,665.8748779296875,-0.005811596289277077,-0.003815951757133007,0.007369878236204386,0.03453689068555832
13.119999885559082,44,0.03714325278997421,0.022664936259388924,9.80650806427002,114.40347290039062,-168.95281982421875,687.1038818359375,-0.00333768711425364,-0.003815951757133007,0.01001213863492012,0.035060178488492966
13.130000114440918,44,0.029421672224998474,0.024460885673761368,9.806262969970703,119.14110565185547,-173.89515686035156,709.7683715820312,-0.00342186214402318,-0.004606637638062239,0.01234210841357708,0.03663003817200661
13.140000343322754,44,0.028326189145445824,0.015844428911805153,9.796513557434082,123.77835845947266,-179.21243286132812,732.8627319335938,-0.0021084484178572893,-0.003585592145100236,0.0059279571287333965,0.03819989413022995
13.149999618530273,44,0.024604368954896927,0.010992350988090038,9.814069747924805,127.90091705322266,-184.9061737060547,754.927734375,-0.0032801672350615263,-0.00125562259927392,0.002944788197055459,0.039246466010808945
13.15999984741211,44,0.022135460749268532,0.009817330166697502,9.810393333435059,132.92723083496094,-191.21324157714844,777.0883178710938,-0.004916813690215349,-0.003762921318411827,0.0028117913752794266,0.040816325694322586
13.170000076293945,44,0.020185522735118866,0.01434277556836605,9.805144309997559,138.3314971923828,-197.36000061035156,801.3484497070312,-0.002123880432918668,-0.00586898485198617,0.002030084142461419,0.04133961349725723
13.180000305175781,44,0.03423897549510002,0.01282063964754343,9.800676345825195,144.19618225097656,-204.26048278808594,825.68798828125,0.0020554179791361094,-0.002854670863598585,0.00484069436788559,0.04133961349725723
13.1899995803833,44,0.03712479770183563,0.022200318053364754,9.814773559570312,150.1335906982422,-211.58319091796875,850.0018310546875,0.0017826904077082872,-0.0009433325612917542,0.007079754490405321,0.04029304161667824
13.199999809265137,44,0.04538597911596298,0.01515235286206007,9.794045448303223,155.89291381835938,-218.973876953125,874.004638671875,-0.0037807291373610497,-0.0008482146076858044,0.0077929990366101265,0.039246466010808945
13.210000038146973,44,0.051854655146598816,0.023285863921046257,9.803881645202637,161.65223693847656,-226.43577575683594,896.4976806640625,-0.0046376329846680164,-0.002588957780972123,0.009533742442727089,0.03663003817200661
13.220000267028809,44,0.0517200268805027,0.03141722083091736,9.812055587768555,166.503173828125,-234.15452575683594,919.8450927734375,-0.0027709074784070253,-0.003054165979847312,0.009068533778190613,0.03453689068555832
13.229999542236328,44,0.044218841940164566,0.0340130440890789,9.810046195983887,171.0909881591797,-241.2998809814453,941.0428466796875,-0.006407276261597872,-0.0045311604626476765,0.006738564465194941,0.03244374692440033
13.239999771118164,44,0.04813717305660248,0.02527046389877796,9.798895835876465,174.97218322753906,-248.18484497070312,961.5950317382812,-0.0042944783344864845,-0.001361963921226561,0.005277283024042845,0.03192045912146568
13.25,44,0.03719645366072655,0.027588162571191788,9.805208206176758,178.24557495117188,-254.70152282714844,982.286376953125,-0.004108170513063669,-0.001361963921226561,0.011708268895745277,0.03244374692440033
13.260000228881836,44,0.03423897549510002,0.01596839912235737,9.814265251159668,181.60708618164062,-260.3024597167969,1002.81689453125,0.0005517686367966235,-0.001361963921226561,0.004718359559774399,0.03401360660791397
13.270000457763672,48,0.03423897549510002,0.007365958299487829,9.805545806884766,185.3768310546875,-266.0765380859375,1020.3237915039062,0.0017630497459322214,-0.001361963921226561,-0.003421101486310363,0.03453689068555832
13.279999732971191,44,0.036307256668806076,0.003258777316659689,9.807626724243164,193.12136840820312,-277.6109619140625,1053.427490234375,-0.004684770945459604,-0.00027442030841484666,0.0090873334556818,0.03453689068555832
13.289999961853027,44,0.0369185134768486,0.004167531616985798,9.812544822692871,197.02520751953125,-283.4064636230469,1069.95068359375,-0.005521472543478012,-0.00013497007603291422,0.010760736651718616,0.032967034727334976
13.300000190734863,44,0.0364462286233902,0.009957470931112766,9.808577537536621,198.50682067871094,-285.34893798828125,1076.0079345703125,-0.002630895934998989,-0.005916123278439045,0.007870160043239594,0.030873887240886688
13.3100004196167,44,0.03450280427932739,0.016408223658800125,9.800697326660156,203.11428833007812,-291.4049377441406,1094.5650634765625,-0.001840490847826004,-0.005693900398910046,0.005276721902191639,0.0282574575394392
13.319999694824219,44,0.03176789730787277,0.017180072143673897,9.791253089904785,207.72174072265625,-297.6231994628906,1110.1883544921875,-0.0001614761567907408,-0.005882452707737684,0.0029467521235346794,0.027210883796215057
13.329999923706055,49,0.03423897549510002,0.007365958299487829,9.781305313110352,211.8829345703125,-303.6142883300781,1126.6614990234375,-0.0017189978389069438,-0.00782493595033884,0.006836768705397844,0.025641025975346565
13.34000015258789,44,0.0317537821829319,0.012301042675971985,9.791309356689453,218.23081970214844,-310.9378967285156,1151.2218017578125,-0.0016365061746910214,-0.007292948663234711,0.008818252943456173,0.025641025975346565
13.350000381469727,44,0.031976353377103806,0.022005200386047363,9.798127174377441,223.010986328125,-315.9794006347656,1169.403564453125,-0.000613496929872781,-0.0062699392437934875,0.008306748233735561,0.02459445409476757
13.359999656677246,44,0.036863140761852264,0.026498304679989815,9.809054374694824,223.47750854492188,-316.4806823730469,1171.4110107421875,0.0005694452556781471,-0.0062699392437934875,0.008306748233735561,0.02459445409476757
13.369999885559082,44,0.03905627876520157,0.029172822833061218,9.817378997802734,226.61895751953125,-319.8562927246094,1184.928955078125,-0.00027735723415389657,-0.005740477237850428,0.006188900209963322,0.02459445409476757
13.380000114440918,44,0.03905627876520157,0.020307350903749466,9.809679985046387,229.3776092529297,-323.556640625,1199.3582763671875,-0.004469843581318855,-0.0036405865103006363,0.006203490775078535,0.025117740035057068
13.390000343322754,44,0.03905627876520157,0.012149045243859291,9.819799423217773,232.17132568359375,-327.6496276855469,1212.1424560546875,-0.005532134789973497,-0.0029837393667548895,0.00792262889444828,0.027210883796215057
13.399999618530273,44,0.03615416958928108,0.02367502450942993,9.818103790283203,234.8589324951172,-332.111083984375,1224.40478515625,-0.0027240498457103968,-0.0055830697529017925,0.0038889532443135977,0.029304029420018196
13.40999984741211,44,0.03721056878566742,0.013578473590314388,9.816374778747559,237.63604736328125,-336.6885681152344,1237.5716552734375,-0.0021219165064394474,-0.00409737741574645,0.00943245179951191,0.031397175043821335
13.420000076293945,44,0.03601520135998726,0.011641306802630424,9.804787635803223,241.40579223632812,-340.77484130859375,1252.751708984375,-0.0032869011629372835,-0.0046041118912398815,0.012775890529155731,0.03401360660791397
13.430000305175781,44,0.0311284102499485,0.016932131722569466,9.811501502990723,245.2776641845703,-345.3810119628906,1269.76904296875,-0.003979662898927927,-0.0022741425782442093,0.010445921681821346,0.03610675036907196
13.4399995803833,44,0.03578177094459534,0.020089594647288322,9.79128646850586,249.30728149414062,-349.9344787597656,1285.6834716796875,-0.0019358893623575568,-0.0006119628669694066,0.008211350068449974,0.0387231819331646
13.449999809265137,44,0.04555535316467285,0.015262309461832047,9.805890083312988,253.33815002441406,-354.1950988769531,1302.1494140625,-0.0030007055029273033,-0.006136381067335606,0.007213312666863203,0.042909473180770874
13.460000038146973,44,0.0387338250875473,0.015444491989910603,9.800047874450684,257.4310607910156,-358.1201477050781,1320.3280029296875,-0.0006707360153086483,-0.0014764420920982957,0.01187325268983841,0.0476190485060215
13.470000267028809,44,0.03423897549510002,0.006838815752416849,9.797821044921875,261.8523254394531,-361.8675231933594,1340.674560546875,-0.000613496929872781,0.002047131769359112,0.008578633889555931,0.05180533602833748
13.479999542236328,44,0.030780984088778496,0.012883163057267666,9.800697326660156,266.878662109375,-366.0426330566406,1362.835205078125,0.0036839277017861605,-0.0030527629423886538,0.005083680152893066,0.05494505539536476
13.489999771118164,44,0.025894194841384888,0.020434554666280746,9.811347961425781,272.4931335449219,-371.358154296875,1387.396240234375,0.005306825507432222,-0.005840645637363195,0.004625767003744841,0.05703819915652275
13.5,44,0.03179829567670822,0.014572389423847198,9.804381370544434,278.25244140625,-376.85369873046875,1411.7935791015625,0.001720120431855321,-0.0024685871321707964,0.007476781029254198,0.0575614869594574
13.510000228881836,44,0.023239629343152046,0.019429858773946762,9.804388046264648,284.01177978515625,-382.686767578125,1436.64990234375,-0.0029398188926279545,-0.00047363495104946196,0.01274839323014021,0.0565149150788784
13.520000457763672,44,0.03473080322146416,0.032843414694070816,9.794265747070312,289.88458251953125,-389.26165771484375,1463.61865234375,-0.0009891986846923828,-0.0034402497112751007,0.007004838902503252,0.05337519571185112
13.529999732971191,44,0.023834599182009697,0.017172526568174362,9.798660278320312,296.7957763671875,-395.0357360839844,1490.9869384765625,0.002906429348513484,-0.007335877977311611,0.005691705271601677,0.04918890818953514
13.539999961853027,43,0.03916159272193909,0.01984380930662155,9.816295623779297,302.6213684082031,-400.2725830078125,1516.82373046875,0.001485271262936294,-0.005914719775319099,0.007079754490405321,0.04343275725841522
13.550000190734863,43,0.028096018359065056,0.02563159167766571,9.835968017578125,308.0782775878906,-404.02728271484375,1541.5128173828125,-0.002534375060349703,-0.003815951757133007,0.0025977056939154863,0.0376766100525856
13.5600004196167,43,0.02861824631690979,0.03048367239534855,9.811205863952637,312.5508117675781,-406.6081237792969,1564.74951171875,-0.0037161947693675756,-0.003815951757133007,0.00022564844402950257,0.033490318804979324
13.569999694824219,43,0.037588395178318024,0.02317267470061779,9.797327041625977,315.60845947265625,-408.5375061035156,1586.4713134765625,-0.0030674845911562443,-0.004332226235419512,0.00681825028732419,0.035060178488492966
13.579999923706055,43,0.04320912808179855,0.025838568806648254,9.804208755493164,318.226318359375,-409.8699951171875,1607.6346435546875,-0.003521749982610345,-0.004588679876178503,0.014123255386948586,0.03976975381374359
13.59000015258789,43,0.043873582035303116,0.013921277597546577,9.805545806884766,320.16583251953125,-411.0380554199219,1625.7216796875,-0.004686735104769468,-0.0030314389150589705,0.013707430101931095,0.046572476625442505
13.600000381469727,43,0.03958176448941231,0.016410380601882935,9.801226615905762,322.7741394042969,-412.867919921875,1645.015380859375,-0.00651221489533782,-0.001361963921226561,0.007882505655288696,0.05703819915652275
13.609999656677246,43,0.03905627876520157,0.012601804919540882,9.818253517150879,326.2794494628906,-416.53997802734375,1666.9820556640625,-0.00920245423913002,-0.0027031556237488985,0.002862296300008893,0.0664573535323143
13.619999885559082,43,0.0434870682656765,0.012149045243859291,9.820089340209961,330.7697448730469,-423.0516357421875,1691.80078125,-0.00837753713130951,-0.007290704175829887,0.0013572437455877662,0.07326007634401321
13.630000114440918,43,0.048373859375715256,0.0032124235294759274,9.829148292541504,336.31964111328125,-433.0896301269531,1718.171875,-0.004006037954241037,-0.00598149886354804,0.0038314335979521275,0.07430664449930191
13.640000343322754,43,0.04412112385034561,0.011657477356493473,9.806791305541992,342.4896545410156,-447.9499816894531,1746.1834716796875,-0.0016760686412453651,-0.0035693184472620487,0.006750910077244043,0.07064364105463028
13.649999618530273,43,0.029955841600894928,0.025967929512262344,9.8148832321167,348.2738952636719,-464.4110107421875,1777.2178955078125,0.0006336990045383573,-0.000256182363955304,0.0022929913830012083,0.0664573535323143
13.65999984741211,43,0.029421672224998474,0.012472445145249367,9.796286582946777,353.2236633300781,-483.0337829589844,1808.7236328125,0.001798683893866837,-0.007246091496199369,0.009282900020480156,0.060177918523550034
13.670000076293945,43,0.024704253301024437,0.021637601777911186,9.800718307495117,357.1314697265625,-503.24896240234375,1838.3992919921875,0.0007173129706643522,-0.005250577814877033,0.0039178538136184216,0.05546833947300911
13.680000305175781,43,0.03413908928632736,0.021516866981983185,9.810091972351074,360.068603515625,-523.5569458007812,1864.5196533203125,-0.0004476717731449753,-0.001859439304098487,0.0033987730275839567,0.05337519571185112
13.6899995803833,43,0.029252301901578903,0.012149045243859291,9.796361923217773,363.1053161621094,-543.1888427734375,1887.899169921875,0.0003856627154164016,0.0006363553693518043,0.007395411375910044,0.052328623831272125
13.699999809265137,43,0.024604368954896927,0.013334845192730427,9.810153007507324,366.5682067871094,-562.025390625,1909.204345703125,-0.003135105362161994,-0.0017194279935210943,0.010181049816310406,0.05180533602833748
13.710000038146973,43,0.024604368954896927,0.03514602407813072,9.805856704711914,371.6451416015625,-579.084716796875,1928.49462890625,-0.0042944783344864845,-0.0008386747213080525,0.015136444009840488,0.05180533602833748
13.720000267028809,43,0.02687133476138115,0.020964929834008217,9.80887222290039,378.2204284667969,-594.7713012695312,1945.2530517578125,-0.0042944783344864845,-0.004200632218271494,0.012016911059617996,0.05180533602833748
13.729999542236328,43,0.05261356756091118,0.011260773055255413,9.794153213500977,385.7926025390625,-610.01123046875,1959.2640380859375,-0.0035433550365269184,-0.005518815945833921,0.009533742442727089,0.050235480070114136
13.739999771118164,43,0.043873582035303116,0.0025828713551163673,9.82493782043457,395.3216552734375,-624.93505859375,1972.781982421875,-0.0058239419013261795,-0.005732059944421053,0.011601085774600506,0.04604918882250786
13.75,50,0.04328729584813118,0.003747111652046442,9.824347496032715,405.4924621582031,-640.2476806640625,1984.8448486328125,-0.006094144191592932,-0.003761518280953169,0.00819788221269846,0.024071166291832924
13.760000228881836,43,0.03905627876520157,0.012149045243859291,9.820089340209961,419.3784484863281,-664.9522705078125,1998.2630615234375,-0.004859574604779482,-0.0030572526156902313,0.0028336767572909594,0.024071166291832924
13.770000457763672,43,0.03833102062344551,0.011428941041231155,9.81935977935791,428.8287048339844,-682.7265014648438,2006.7496337890625,-0.005521472543478012,-0.005042945500463247,0.002171779051423073,0.012558870017528534
13.779999732971191,43,0.03662319853901863,0.008155054412782192,9.816841125488281,429.6914978027344,-684.6782836914062,2007.415283203125,-0.005962550640106201,-0.004160789307206869,0.00349501334130764,0.002616431564092636
13.789999961853027,43,0.0469624362885952,0.012149045243859291,9.818849563598633,434.7178039550781,-696.0487670898438,2011.29345703125,-0.004474052228033543,-0.004863371606916189,0.00547369197010994,-0.0020931451581418514
13.800000190734863,43,0.03998999297618866,0.010294884443283081,9.79288101196289,438.0760498046875,-705.6712646484375,2011.0184326171875,-0.00033768280991353095,-0.010902101173996925,0.005576946772634983,-0.0020931449253112078
13.8100004196167,43,0.04287038370966911,0.009555376134812832,9.80170726776123,440.14532470703125,-713.8659057617188,2008.363037109375,-0.0030674845911562443,-0.012866750359535217,0.008051697164773941,-0.0015698587521910667
13.819999694824219,43,0.04012896120548248,0.033934351056814194,9.809864044189453,442.0099792480469,-721.214599609375,2004.1953125,-0.0030674845911562443,-0.009757879190146923,0.007272796239703894,-0.000523286173120141
13.829999923706055,43,0.03816273808479309,0.021962080150842667,9.820340156555176,444.0624694824219,-728.3980102539062,2000.2760009765625,-0.0030674845911562443,-0.008461860939860344,0.00869984645396471,0.0005232862313278019
13.84000015258789,43,0.024633683264255524,0.01097510289400816,9.805545806884766,445.6331787109375,-736.1264038085938,1999.5003662109375,-0.0033435793593525887,-0.006200915668159723,0.011435541324317455,0.0015698587521910667
13.850000381469727,43,0.03521285951137543,0.025531338527798653,9.806835174560547,446.8902282714844,-744.1209106445312,1995.18408203125,-0.007982474751770496,-0.005042945500463247,0.002178793540224433,0.0015698587521910667
13.859999656677246,43,0.027305619791150093,0.02801828645169735,9.810393333435059,448.94677734375,-751.9800415039062,1992.47119140625,-0.009147459641098976,-0.005042945500463247,0.0033437786623835564,0.0010465724626556039
13.869999885559082,43,0.029978642240166664,0.01018600631505251,9.811822891235352,450.4744567871094,-759.5621337890625,1991.3109130859375,-0.008092463947832584,-0.006152935791760683,0.0033987730275839567,0.0015698587521910667
13.880000114440918,43,0.02276625856757164,0.018411148339509964,9.816740989685059,451.12701416015625,-767.2755737304688,1991.28515625,-0.004831516183912754,-0.004173976834863424,0.008638679049909115,0.0036630036775022745
13.890000343322754,43,0.030980754643678665,0.01707119308412075,9.820089340209961,451.367919921875,-775.7767944335938,1991.5684814453125,-0.0013365618651732802,-0.003815951757133007,0.007561797741800547,0.0094191525131464
13.899999618530273,43,0.03423897549510002,0.005748957861214876,9.816811561584473,452.1009216308594,-783.8604736328125,1989.3524169921875,-0.005233312491327524,-0.006587841082364321,0.010775608010590076,0.016745159402489662
13.90999984741211,43,0.03423897549510002,0.004268863704055548,9.812102317810059,453.09326171875,-792.0908813476562,1990.88671875,-0.005024557933211327,-0.008358887396752834,0.007677959743887186,0.027734169736504555
13.920000076293945,43,0.03954159468412399,0.0056109740398824215,9.811683654785156,455.0685729980469,-799.8798217773438,1993.4754638671875,-0.005894368514418602,-0.007124037016183138,0.00825259555131197,0.03976975381374359
13.930000305175781,43,0.04869088903069496,0.0007588949520140886,9.805545806884766,458.7311096191406,-808.5443725585938,1997.8641357421875,-0.004534658510237932,-0.002580259693786502,0.005106126889586449,0.052328623831272125
13.9399995803833,43,0.04869088903069496,0.00537165766581893,9.807463645935059,464.4211730957031,-819.5548706054688,2005.635498046875,-0.0010397040750831366,0.0018928105710074306,0.004199559800326824,0.06070120260119438
13.949999809265137,43,0.04869088903069496,0.014970171265304089,9.800450325012207,471.1229248046875,-831.8136596679688,2016.7158203125,-0.003070010105147958,0.0010903404327109456,0.005238843150436878,0.0664573535323143
13.960000038146973,43,0.044599924236536026,0.012149045243859291,9.790270805358887,479.4967041015625,-845.9636840820312,2028.385986328125,-0.00619655754417181,-0.004673416260629892,0.0073853107169270515,0.06698063760995865
13.970000267028809,43,0.03905627876520157,0.020548822358250618,9.8001070022583,488.3565979003906,-861.3977661132812,2042.733642578125,-0.004541673231869936,-0.00921382661908865,0.010270836763083935,0.0575614869594574
13.979999542236328,43,0.03687182813882828,0.02477458491921425,9.801149368286133,497.537109375,-877.053466796875,2058.4677734375,-0.0026395940221846104,-0.00823935866355896,0.009105851873755455,0.04133961349725723
13.989999771118164,49,0.03423897549510002,0.016932131722569466,9.795849800109863,506.7120361328125,-891.7228393554688,2073.978515625,-0.0014746092492714524,-0.004677063785493374,0.008672629483044147,0.012558870017528534
14,43,0.03191555291414261,0.021545972675085068,9.80520248413086,514.7750854492188,-904.0704956054688,2088.49365234375,-0.0009173694415949285,-0.003815951757133007,0.010749232023954391,0.012558870017528534
14.010000228881836,43,0.036600399762392044,0.028874216601252556,9.812833786010742,518.4674072265625,-923.0752563476562,2104.1650390625,-0.001840490847826004,-0.003815951757133007,0.014441718347370625,0.006279435008764267
14.020000457763672,43,0.02909921482205391,0.01905686967074871,9.798003196716309,517.8856201171875,-934.70263671875,2113.88623046875,-0.0014807821717113256,-0.003815951757133007,0.01372230052947998,0.0036630036775022745
14.029999732971191,43,0.020033521577715874,0.012393751181662083,9.793797492980957,515.4356079101562,-943.315673828125,2118.384033203125,0.00037780636921525,-0.00416948739439249,0.009769433178007603,0.0020931449253112078
14.039999961853027,43,0.02200300246477127,0.01176635455340147,9.803315162658691,512.7130126953125,-951.9994506835938,2120.99072265625,-0.001840490847826004,-0.007161916233599186,0.01182022225111723,0.002616431098431349
14.050000190734863,43,0.025128768756985664,0.007365958299487829,9.81360912322998,510.0032043457031,-960.6107177734375,2127.1484375,-0.001840490847826004,-0.00017200714501086622,0.008325266651809216,0.0031397175043821335
14.0600004196167,43,0.03764268383383751,0.010086830705404282,9.811816215515137,508.53717041015625,-968.6944580078125,2128.69970703125,-0.0006816787645220757,-0.0036114060785621405,0.0036715008318424225,0.006279435008764267
14.069999694824219,43,0.03263429179787636,0.009359180927276611,9.811201095581055,507.47723388671875,-976.2269897460938,2131.5400390625,-0.0039039053954184055,-0.003815951757133007,0.01217319630086422,0.009942438453435898
14.079999923706055,43,0.03612159937620163,0.01308367121964693,9.81234359741211,506.9879455566406,-983.792236328125,2136.1318359375,-0.0022248909808695316,-0.006920333486050367,0.009075548499822617,0.012558870017528534
14.09000015258789,43,0.03797599673271179,0.005220737773925066,9.801490783691406,506.65869140625,-991.4662475585938,2141.21484375,-0.0037860602606087923,-0.007496933452785015,0.009279533289372921,0.013082155957818031
14.100000381469727,42,0.04329381510615349,0.0007966249831952155,9.798887252807617,505.8585205078125,-999.0042724609375,2144.958984375,-0.006116029806435108,-0.008407708257436752,0.009533742442727089,0.012558870017528534
14.109999656677246,43,0.05486641824245453,0.017912033945322037,9.806912422180176,505.54437255859375,-1006.3772583007812,2151.27490234375,-0.0025046332739293575,-0.0036313270684331656,0.011231276206672192,0.010465724393725395
14.119999885559082,43,0.04885374382138252,0.03276795521378517,9.819925308227539,505.142578125,-1012.7836303710938,2157.961669921875,-0.0014002545503899455,-0.001361963921226561,0.008840699680149555,0.0041862898506224155
14.130000114440918,42,0.037420112639665604,0.02004539594054222,9.792465209960938,503.33575439453125,-1018.4131469726562,2162.98486328125,-0.0025652393233031034,-0.0020867125131189823,0.006355006247758865,-0.0015698587521910667
14.140000343322754,43,0.040831416845321655,0.02196747064590454,9.816264152526855,500.343505859375,-1023.5562133789062,2166.618408203125,-0.002404745202511549,-0.005239915568381548,0.005190021358430386,-0.0047095762565732
14.149999618530273,42,0.04050787538290024,0.023156503215432167,9.821084976196289,496.9437561035156,-1028.23486328125,2169.861328125,-0.0006390301277860999,-0.005694742314517498,0.0022228455636650324,-0.002616431098431349
14.15999984741211,42,0.03562108799815178,0.028536804020404816,9.822155952453613,493.9070129394531,-1030.9886474609375,2173.296142578125,-0.00046394564560614526,-0.0032772303093224764,0.0013339553261175752,-0.000523286173120141
14.170000076293945,42,0.030734296888113022,0.013882470317184925,9.803775787353516,492.0935974121094,-1032.5450439453125,2176.631591796875,-0.00041035411413758993,-0.004019094631075859,0.005782334133982658,-0.0010465724626556039
14.180000305175781,43,0.029421672224998474,0.010914734564721584,9.799446105957031,491.1134948730469,-1034.0843505859375,2179.95556640625,0.001011084532365203,-0.0041964235715568066,0.00911903940141201,-0.0047095762565732
14.1899995803833,42,0.03670896962285042,0.015766814351081848,9.797030448913574,490.21539306640625,-1033.9285888671875,2182.280517578125,-0.0013188851298764348,-0.0004876641614828259,0.007601360324770212,-0.015698587521910667
14.199999809265137,42,0.02791687659919262,0.013245371170341969,9.803323745727539,488.6324462890625,-1031.198974609375,2182.695068359375,-0.0024861146230250597,-0.0004899087944068015,0.0067248158156871796,-0.0287807434797287
14.210000038146973,43,0.02838698960840702,0.012149045243859291,9.824580192565918,485.700439453125,-1027.4681396484375,2180.700439453125,-0.000842172943521291,0.0004896099562756717,0.008390362374484539,-0.04709576070308685
14.220000267028809,42,0.03327377885580063,0.015973789617419243,9.80264949798584,480.1542053222656,-1019.3870239257812,2174.450439453125,-0.0023404916282743216,-0.006830265745520592,0.0040654405020177364,-0.06331763416528702
14.229999542236328,43,0.04600375145673752,0.013038394972682,9.811635971069336,472.9040222167969,-1007.9673461914062,2165.2099609375,-0.005207499023526907,-0.0024842999409884214,0.007678801193833351,-0.0763997882604599
14.239999771118164,42,0.03671765699982643,0.016111774370074272,9.799175262451172,464.33062744140625,-993.2161865234375,2153.21875,-0.0018831396009773016,-0.001276666414923966,0.0013286242028698325,-0.0852956548333168
14.25,42,0.030178412795066833,0.029027294367551804,9.799936294555664,454.63519287109375,-975.5433349609375,2138.37158203125,-0.0030481242574751377,0.0010533032473176718,0.01181348878890276,-0.09157509356737137
14.260000228881836,42,0.04594186693429947,0.023079967126250267,9.796541213989258,443.858642578125,-955.789794921875,2120.214111328125,0.0038062622770667076,-0.003490474307909608,0.01084210630506277,-0.09942438453435898
14.270000457763672,42,0.05289042368531227,0.03005462884902954,9.804302215576172,433.49188232421875,-934.5589599609375,2097.720947265625,0.001043632160872221,-0.0048995669931173325,0.0031754281371831894,-0.10779696702957153
14.279999732971191,42,0.04070113226771355,0.018565302714705467,9.805545806884766,422.21844482421875,-911.789794921875,2072.001220703125,-0.00040810942300595343,-0.004021339118480682,0.0072798109613358974,-0.11564625799655914
14.289999961853027,42,0.02604076638817787,0.004009065683931112,9.805545806884766,409.8319396972656,-888.7518920898438,2044.673828125,-0.000613496929872781,-0.007654340472072363,0.009266345761716366,-0.11826269328594208
14.300000190734863,43,0.02901235967874527,0.00695955241099,9.83659839630127,396.7425842285156,-865.3250122070312,2015.9764404296875,0.00207926775328815,-0.004235985688865185,0.008636154234409332,-0.11930926144123077
14.3100004196167,43,0.03837662190198898,0.016257302835583687,9.798928260803223,383.6183166503906,-840.78515625,1985.5887451171875,-0.0019459902541711926,0.0032600960694253445,0.013320224359631538,-0.12349554896354675
14.319999694824219,43,0.029962357133626938,0.007902801968157291,9.814153671264648,370.1100769042969,-816.0009765625,1954.8963623046875,-0.0027473382651805878,0.0013585786800831556,0.012574431486427784,-0.13134483993053436
14.329999923706055,43,0.024805225431919098,0.0027823015116155148,9.805950164794922,355.3576965332031,-791.36767578125,1917.9034423828125,-0.0004173687775619328,-0.002785086166113615,0.010049175471067429,-0.1428571492433548
14.34000015258789,43,0.0339762344956398,-0.002069777576252818,9.810260772705078,339.61181640625,-766.7066650390625,1878.7666015625,-0.0026342631317675114,-0.004465503618121147,0.008884190581738949,-0.15332286059856415
14.350000381469727,43,0.015247704461216927,0.007250612135976553,9.776947021484375,322.7055358886719,-741.4046020507812,1836.21337890625,-0.006109015550464392,-0.003280316712334752,0.007131662685424089,-0.16117216646671295
14.359999656677246,43,0.03416188806295395,0.01230212114751339,9.810393333435059,304.7097473144531,-715.200439453125,1788.416015625,-0.0041207969188690186,-0.0003108962264377624,0.008480430580675602,-0.16483516991138458
14.369999885559082,43,0.02956824190914631,0.021424157544970512,9.809950828552246,286.803466796875,-689.5279541015625,1736.4493408203125,0.0012406022287905216,-0.0007620753021910787,0.011524206027388573,-0.16483516991138458
14.380000114440918,43,0.034455034881830215,0.012578089721500874,9.796936988830566,268.897216796875,-662.48095703125,1679.4400634765625,0.0038929625879973173,-0.003815951757133007,0.007950126193463802,-0.1606488674879074
14.390000343322754,43,0.03905627876520157,0.02171521820127964,9.818940162658691,251.48619079589844,-634.7581787109375,1621.7835693359375,0.001709457952529192,-0.005173978395760059,0.0011532590724527836,-0.15593929588794708
14.399999618530273,43,0.0397663339972496,0.02136271260678768,9.802841186523438,234.9594268798828,-606.69775390625,1565.130126953125,-0.002672983566299081,-0.007613936439156532,0.00015578302554786205,-0.15332286059856415
14.40999984741211,43,0.04911540448665619,0.016510633751749992,9.82679557800293,219.74923706054688,-578.3180541992188,1508.8104248046875,-0.005736961029469967,-0.0036004632711410522,0.006068249233067036,-0.15227629244327545
14.420000076293945,43,0.05202619731426239,0.012149045243859291,9.798335075378418,206.450439453125,-549.09228515625,1448.5335693359375,-0.006288027856498957,-0.0024354783818125725,0.00677279569208622,-0.14913657307624817
14.430000305175781,43,0.03905627876520157,0.013268009759485722,9.818955421447754,193.15162658691406,-519.521240234375,1386.85693359375,-0.0028845437336713076,-0.0010875527514144778,0.005083119031041861,-0.14756672084331512
14.4399995803833,43,0.03842330724000931,0.021086744964122772,9.807208061218262,179.6212615966797,-490.529541015625,1323.9144287109375,-0.000613496929872781,0.0022600949741899967,0.010760736651718616,-0.1459968537092209
14.449999809265137,43,0.035643886774778366,0.015537198632955551,9.791102409362793,165.79782104492188,-461.88189697265625,1261.0361328125,-0.000613496929872781,-0.00006987457163631916,0.010760736651718616,-0.14128728210926056
14.460000038146973,43,0.04310163855552673,0.008132416754961014,9.820089340209961,151.85018920898438,-433.84283447265625,1198.8914794921875,0.001651377184316516,-0.001267407089471817,0.005098551046103239,-0.135007843375206
14.470000267028809,43,0.03737342357635498,0.01131359487771988,9.821783065795898,138.11158752441406,-407.1340026855469,1137.4586181640625,-0.0013707932084798813,0.0007788920192979276,0.006766622886061668,-0.12768183648586273
14.479999542236328,43,0.03033258393406868,0.010983726941049099,9.822452545166016,123.7656478881836,-381.28387451171875,1077.8466796875,-0.0038573285564780235,0.0000836048784549348,0.013130269013345242,-0.11826269328594208
14.489999771118164,43,0.03227818012237549,0.02357800304889679,9.792974472045898,110.17241668701172,-357.20751953125,1020.447021484375,-0.005240888334810734,-0.002974199829623103,0.011602488346397877,-0.10779696702957153
14.5,43,0.024604368954896927,0.013191471807658672,9.800697326660156,97.71399688720703,-334.68060302734375,966.1051635742188,-0.004637071397155523,-0.006469154264777899,0.01252953801304102,-0.09785452485084534
14.510000228881836,43,0.026843106374144554,0.019154967740178108,9.802949905395508,86.3309326171875,-313.5031433105469,915.0095825195312,-0.0051168701611459255,-0.010786499828100204,0.00910276547074318,-0.08843537420034409
14.520000457763672,43,0.03542782738804817,0.022957073524594307,9.811590194702148,75.83873748779297,-293.54052734375,867.0300903320312,-0.004000707063823938,-0.007842612452805042,0.006319371983408928,-0.08058608323335648
14.529999732971191,43,0.03779793903231621,0.010899643413722515,9.810175895690918,67.14739990234375,-275.50762939453125,823.2628784179688,-0.002369111170992255,-0.004344571847468615,0.007947881706058979,-0.07378336042165756
14.539999961853027,43,0.035566799342632294,0.010002746246755123,9.799858093261719,59.26678466796875,-259.0794982910156,782.355224609375,-0.0037495845463126898,-0.0006341291591525078,0.010170106776058674,-0.067503921687603
14.550000190734863,43,0.04185090214014053,0.019706904888153076,9.806175231933594,51.976470947265625,-243.6345672607422,744.4077758789062,-0.005521472543478012,0.0005959512200206518,0.009612025693058968,-0.06122449040412903
14.5600004196167,43,0.04429049789905548,0.02504192665219307,9.800277709960938,45.57475662231445,-229.31666564941406,708.0402221679688,-0.005009125918149948,-0.0039236960001289845,0.008819094859063625,-0.0565149150788784
14.569999694824219,43,0.038847822695970535,0.02476595900952816,9.810393333435059,40.276981353759766,-216.0806884765625,672.5354614257812,-0.0038441410288214684,-0.006145921535789967,0.009533742442727089,-0.05180533602833748
14.579999923706055,43,0.04869088903069496,0.02490394376218319,9.808777809143066,35.77423858642578,-202.84471130371094,640.9566040039062,-0.003844141261652112,-0.003427623538300395,0.00914541445672512,-0.046572476625442505
14.59000015258789,42,0.04534038156270981,0.013812399469316006,9.805545806884766,32.043701171875,-191.24644470214844,611.7269287109375,-0.0038898764178156853,-0.0022626386489719152,0.008633067831397057,-0.04238618537783623
14.600000381469727,42,0.03731153905391693,0.015199785120785236,9.803790092468262,28.594552993774414,-180.3365020751953,585.8182983398438,-0.0004437436000443995,-0.0008333436562679708,0.009798052720725536,-0.0387231819331646
14.609999656677246,42,0.03968165069818497,0.01575172133743763,9.802523612976074,25.71758270263672,-170.0786895751953,561.3809814453125,-0.002878370927646756,0.0004851205740123987,0.010356134735047817,-0.035583462566137314
14.619999885559082,42,0.04115604609251022,0.019844887778162956,9.799858093261719,23.345382690429688,-160.57823181152344,537.559814453125,0.004154186230152845,-0.003009833861142397,0.00816645659506321,-0.032967034727334976
14.630000114440918,43,0.023562084883451462,0.011114165186882019,9.80279541015625,20.727508544921875,-152.05035400390625,515.7315673828125,0.002910918788984418,-0.005956807639449835,0.007079754490405321,-0.029827315360307693
14.640000343322754,43,0.025083167478442192,-0.0014337573666125536,9.811946868896484,18.830429077148438,-144.1339569091797,496.9541931152344,0.0004995798226445913,-0.0014107855968177319,0.00706348055973649,-0.0287807434797287
14.649999618530273,42,0.03487194702029228,0.0034032294061034918,9.80911922454834,17.886398315429688,-136.8930206298828,478.643310546875,-0.007655313238501549,-0.004905740264803171,0.005898496136069298,-0.02668759785592556
14.65999984741211,42,0.02726002037525177,0.012639535591006279,9.811387062072754,17.258108139038086,-129.78395080566406,460.870361328125,-0.005736961029469967,-0.00728144496679306,0.002495011780411005,-0.025641025975346565
14.670000076293945,42,0.029066644608974457,0.014011829160153866,9.81192398071289,16.629817962646484,-122.73753356933594,443.87689208984375,0.0008219708688557148,-0.0032679708674550056,0.007457981817424297,-0.02459445409476757
14.680000305175781,42,0.031938351690769196,0.02171521820127964,9.813361167907715,16.0062313079834,-116.09905242919922,427.89141845703125,0.003830953501164913,-0.0055746519938111305,0.0033305909018963575,-0.024071166291832924
14.6899995803833,42,0.036531999707221985,0.017008669674396515,9.800697326660156,15.482656478881836,-109.96964263916016,411.2709655761719,0.0005615887348540127,-0.0016038273461163044,0.004038223996758461,-0.023547880351543427
14.699999809265137,42,0.04143399000167847,0.014571311883628368,9.800697326660156,14.365144729614258,-103.62430572509766,395.5483093261719,-0.001484710373915732,-0.00013497007603291422,0.008110620081424713,-0.022501308470964432
14.710000038146973,42,0.046583522111177444,0.016932131722569466,9.798171997070312,13.651090621948242,-97.68863677978516,380.5461730957031,-0.001840490847826004,-0.0033717872574925423,0.010342947207391262,-0.021454736590385437
14.720000267028809,42,0.04835106059908867,0.014371882192790508,9.806229591369629,13.265520095825195,-92.30429077148438,365.8445739746094,-0.001840490847826004,-0.003548555076122284,0.00851915031671524,-0.0193615909665823
14.729999542236328,42,0.041225530207157135,0.020036771893501282,9.79125690460205,12.786526679992676,-87.35806274414062,351.2799987792969,-0.0038960494566708803,-0.0019037716556340456,0.0050241961143910885,-0.018315019086003304
14.739999771118164,42,0.04177381470799446,0.01840360276401043,9.793488502502441,12.681812286376953,-82.64996337890625,339.0916748046875,-0.0024055868852883577,-0.001361963921226561,0.0033987730275839567,-0.01726844534277916
14.75,42,0.04108656197786331,0.014916270971298218,9.801979064941406,11.846753120422363,-78.25165557861328,328.5455627441406,0.0011746649397537112,-0.0052901399321854115,0.0017152689397335052,-0.015698587521910667
14.760000228881836,42,0.03905627876520157,0.011259694583714008,9.810223579406738,11.10449504852295,-74.12530517578125,317.9584655761719,-0.0006553038256242871,-0.00845344364643097,0.0037110629491508007,-0.014652014710009098
14.770000457763672,42,0.03613028675317764,0.004460747819393873,9.808310508728027,10.602679252624512,-70.4854965209961,308.0581359863281,-0.0021087289787828922,-0.0053956396877765656,0.008222293108701706,-0.013082155957818031
14.779999732971191,42,0.03423897549510002,0.017453882843255997,9.803711891174316,10.200581550598145,-67.421142578125,299.5457763671875,0.0003399275883566588,-0.003815951757133007,0.007728464901447296,-0.012558870017528534
14.789999961853027,42,0.02504408173263073,0.017368720844388008,9.811715126037598,9.362861633300781,-64.5785140991211,291.67877197265625,-0.00400687986984849,-0.0047553470358252525,0.010735203512012959,-0.012035583145916462
14.800000190734863,42,0.03232486546039581,0.012149045243859291,9.802623748779297,10.186686515808105,-61.73589324951172,284.4322814941406,-0.00649734353646636,-0.006492442451417446,0.005824141204357147,-0.010989011265337467
14.8100004196167,42,0.0358523428440094,0.005786688067018986,9.808747291564941,10.104736328125,-59.32777404785156,278.236572265625,-0.00533235864713788,-0.002588957780972123,0.0032141488045454025,-0.010989011265337467
14.819999694824219,42,0.0211452916264534,0.012333382852375507,9.802064895629883,9.62976360321045,-57.18943405151367,271.8062438964844,-0.0041673737578094006,-0.002716062357649207,0.015160294249653816,-0.010465724393725395
14.829999923706055,42,0.024998482316732407,0.0036554813850671053,9.8193998336792,9.307044982910156,-55.125911712646484,265.2398681640625,-0.0026118161622434855,-0.003815951757133007,0.010500354692339897,-0.010465724393725395
14.84000015258789,42,0.03965884819626808,0.01474055740982294,9.79887866973877,9.307044982910156,-52.99394226074219,260.8077392578125,0.005515299737453461,-0.0038128653541207314,0.005852760747075081,-0.009942438453435898
14.850000381469727,42,0.033427949994802475,0.02171521820127964,9.79666519165039,9.202862739562988,-51.21549606323242,254.72201538085938,0.003185329958796501,-0.0026478804647922516,0.005852760747075081,-0.0094191525131464
14.859999656677246,42,0.01876758225262165,0.01818908005952835,9.818567276000977,9.814685821533203,-49.303775787353516,249.4702911376953,-0.0002507017634343356,-0.0014828955754637718,0.011383072473108768,-0.0094191525131464
14.869999885559082,42,0.03307400643825531,0.013337001204490662,9.817649841308594,10.156974792480469,-47.30277633666992,244.65890502929688,-0.0027016031090170145,-0.0034500702749937773,0.01094367727637291,-0.008895865641534328
14.880000114440918,42,0.03905627876520157,0.012149045243859291,9.815241813659668,10.143701553344727,-45.5440673828125,240.29544067382812,-0.004049528390169144,-0.007744127418845892,0.008796648122370243,-0.008895865641534328
14.890000343322754,41,0.031536638736724854,0.01961527392268181,9.815241813659668,10.34130573272705,-44.4530029296875,236.59515380859375,-0.0033744433894753456,-0.0041237520053982735,0.011066854000091553,-0.008895865641534328
14.899999618530273,42,0.04473889619112015,0.02171521820127964,9.807534217834473,10.34130573272705,-42.94285583496094,232.16302490234375,0.0012226448161527514,-0.003446983639150858,0.0016914198640733957,-0.008372579701244831
14.90999984741211,41,0.04089330509305,0.017844120040535927,9.805545806884766,10.7716064453125,-41.6517333984375,228.4594268798828,0.004659518599510193,-0.005407985299825668,-0.0019401796162128448,-0.008372579701244831
14.920000076293945,42,0.03508800268173218,0.012992041185498238,9.82551383972168,10.557269096374512,-40.8775749206543,224.32810974121094,0.001117425854317844,-0.0048019238747656345,0.006564883515238762,-0.008372579701244831
14.930000305175781,41,0.03423897549510002,0.008139962330460548,9.817595481872559,10.156591415405273,-40.12017059326172,220.21498107910156,-0.0025124894455075264,-0.003815951757133007,0.008627736940979958,-0.008372579701244831
14.9399995803833,41,0.03423897549510002,0.01960018277168274,9.786307334899902,10.316590309143066,-38.91349411010742,216.8385772705078,-0.0030674845911562443,-0.005645920522511005,0.005242771003395319,-0.008895865641534328
14.949999809265137,41,0.038415707647800446,0.005126951728016138,9.806525230407715,10.107160568237305,-38.646995544433594,213.07127380371094,-0.0063553680665791035,-0.005305010825395584,0.004625767003744841,-0.008895865641534328
14.960000038146973,41,0.0433024987578392,0.0025828713551163673,9.801846504211426,9.34269905090332,-38.223548889160156,210.0870361328125,-0.007999589666724205,-0.005504786968231201,0.005111738573759794,-0.0094191525131464
14.970000267028809,41,0.030926469713449478,0.006867922376841307,9.805041313171387,8.437042236328125,-37.8370246887207,205.76841735839844,-0.0025986286345869303,-0.009102996438741684,0.004580873530358076,-0.0094191525131464
14.979999542236328,41,0.029421672224998474,0.0160740427672863,9.818784713745117,7.624717712402344,-37.48169708251953,201.7728729248047,-0.00047236314276233315,-0.007858886383473873,0.0028956858441233635,-0.009942438453435898
14.989999771118164,41,0.03833102434873581,0.016932131722569466,9.806640625,7.052835464477539,-37.09446716308594,199.03675842285156,-0.0030674845911562443,-0.007224205415695906,0.005525599699467421,-0.009942438453435898
15,41,0.03905627876520157,0.012440104968845844,9.800992012023926,6.7386908531188965,-36.56147384643555,194.9370574951172,-0.0030674845911562443,-0.002588957780972123,0.00759294256567955,-0.010465724393725395
15.010000228881836,40,0.03446263074874878,0.030393119901418686,9.819189071655273,5.632945537567139,-36.53213119506836,189.05738830566406,-0.0030674845911562443,-0.002764883916825056,0.004625767003744841,-0.010465724393725395
15.020000457763672,40,0.03423897549510002,0.01739135943353176,9.815397262573242,4.778611183166504,-35.901126861572266,183.62498474121094,-0.0030674845911562443,-0.0037020347081124783,0.005195352714508772,-0.009942438453435898
15.029999732971191,40,0.048436831682920456,0.031029140576720238,9.781902313232422,3.945976495742798,-35.22410202026367,179.31332397460938,-0.0029117604717612267,-0.002692773938179016,0.010812644846737385,-0.010465724393725395
15.039999961853027,40,0.0391409657895565,0.007549218367785215,9.819639205932617,3.18027400970459,-34.63002014160156,175.37478637695312,0.0005831937887705863,-0.005022743251174688,0.011977629736065865,-0.010989011265337467
15.050000190734863,41,0.043873582035303116,0.017300808802247047,9.791251182556152,2.968804121017456,-33.565189361572266,169.5015106201172,-0.009780456312000751,-0.006197829265147448,0.003903543809428811,-0.009942438453435898
15.0600004196167,40,0.04368032515048981,0.031089508906006813,9.800114631652832,2.4452292919158936,-32.6768684387207,163.5181427001953,-0.0027793250046670437,-0.0062699392437934875,0.002305898116901517,-0.009942438453435898
15.069999694824219,40,0.03905627876520157,0.026237428188323975,9.788003921508789,1.8408269882202148,-31.37714195251465,157.79135131835938,-0.004933088086545467,-0.0042082080617547035,0.0011409134604036808,-0.009942438453435898
15.079999923706055,40,0.0393885038793087,0.02105548046529293,9.820089340209961,1.2687971591949463,-30.3376407623291,152.91429138183594,-0.002614902798086405,-0.003815951757133007,0.00675792433321476,-0.009942438453435898
15.09000015258789,40,0.04266844317317009,0.012547905556857586,9.81806755065918,0.7452223300933838,-29.600099563598633,148.36842346191406,-0.0027473382651805878,-0.0056296465918421745,0.0028656632639467716,-0.0094191525131464
15.100000381469727,40,0.02895047329366207,0.015528575517237186,9.797271728515625,0.2287723571062088,-28.788522720336914,143.11773681640625,-0.004757161717861891,-0.004580262582749128,0.0009447852498851717,-0.0094191525131464
15.109999656677246,40,0.02514505386352539,0.003119715489447117,9.80984878540039,-0.1900874823331833,-27.811370849609375,138.79641723632812,-0.004738642834126949,-0.003033122280612588,0.004858931992202997,-0.0094191525131464
15.119999885559082,40,0.029421672224998474,0.00857763085514307,9.804931640625,-0.25985807180404663,-27.056324005126953,133.736328125,-0.0042944783344864845,-0.003309778170660138,0.008521394804120064,-0.008895865641534328
15.130000114440918,40,0.03010132722556591,0.016257304698228836,9.802748680114746,-0.25985807180404663,-26.186086654663086,128.59494018554688,-0.0036356672644615173,-0.003157140454277396,0.00821611937135458,-0.008895865641534328
15.140000343322754,39,0.03423897549510002,0.012892864644527435,9.810718536376953,-0.412407249212265,-25.144227981567383,124.26473236083984,-0.005454693455249071,-0.00318575999699533,0.004095743410289288,-0.008372579701244831
15.149999618530273,39,0.032601721584796906,0.016932131722569466,9.791096687316895,-0.7769879698753357,-24.012435913085938,121.10074615478516,-0.003697114996612072,-0.0032811586279422045,0.0036187507212162018,-0.008372579701244831
15.15999984741211,40,0.025492480024695396,0.016932131722569466,9.812560081481934,-0.7769879698753357,-23.0352840423584,116.77942657470703,0.0013677068054676056,-0.00353452586568892,0.006134186405688524,-0.007849293760955334
15.170000076293945,39,0.031336866319179535,0.016932131722569466,9.80455207824707,-0.30840182304382324,-22.29663848876953,112.75560760498047,-0.0006188279949128628,-0.002578295534476638,0.005447316914796829,-0.007326007355004549
15.180000305175781,39,0.04111044853925705,0.016932131722569466,9.816988945007324,0.07687356323003769,-21.468660354614258,108.62035369873047,-0.0034162504598498344,0.001621485804207623,0.008474818430840969,-0.007326007355004549
15.1899995803833,39,0.04430461302399635,0.01475457102060318,9.805545806884766,0.21268965303897858,-20.69379997253418,104.50418853759766,-0.004867991898208857,-0.0012819975381717086,0.011700973846018314,-0.006802720949053764
15.199999809265137,38,0.0317537821829319,0.007365958299487829,9.809066772460938,0.20804813504219055,-20.071975708007812,100.96002197265625,-0.0062989708967506886,-0.005267693195492029,0.008962754160165787,-0.006802720949053764
15.210000038146973,38,0.03905627876520157,0.009819486178457737,9.816359519958496,0.626908004283905,-19.450153350830078,99.29798126220703,-0.0042944783344864845,-0.005781723186373711,0.001595740090124309,-0.006802720949053764
15.220000267028809,38,0.03905627876520157,0.016932131722569466,9.804232597351074,0.845443606376648,-18.658388137817383,96.5760726928711,-0.0038915597833693027,-0.002588957780972123,0.005046923644840717,-0.006802720949053764
15.229999542236328,38,0.04180530086159706,0.01966162770986557,9.800697326660156,1.2060627937316895,-17.85890007019043,94.12596130371094,0.0006522175390273333,-0.002705119550228119,-0.0036147048231214285,-0.006802720949053764
15.239999771118164,38,0.04435889795422554,0.019329603761434555,9.803604125976562,1.5738954544067383,-16.886262893676758,92.06906127929688,0.001817202428355813,-0.006200073752552271,0.0068701584823429585,-0.006279435008764267
15.25,38,0.028185047209262848,0.00709106819704175,9.808870315551758,1.9144999980926514,-15.866125106811523,90.10022735595703,-0.0015845982125028968,-0.008553331717848778,0.007079754490405321,-0.006279435008764267
15.260000228881836,38,0.01971866562962532,0.018503855913877487,9.807138442993164,2.327683687210083,-15.252326011657715,87.55776977539062,-0.006159239914268255,-0.002245803363621235,0.007079754490405321,-0.006279435008764267
15.270000457763672,38,0.029421672224998474,0.01679307036101818,9.80706787109375,2.432398557662964,-15.074661254882812,85.34170532226562,-0.004713109694421291,-0.0033973203971982002,0.007079754490405321,-0.005756148602813482
15.279999732971191,38,0.03458749130368233,0.009075666777789593,9.807628631591797,2.7832322120666504,-14.479421615600586,83.82012176513672,-0.0042944783344864845,-0.004771620966494083,0.009946762584149837,-0.005756148602813482
15.289999961853027,38,0.03849931061267853,0.0103703448548913,9.812877655029297,3.4894521236419678,-14.012539863586426,81.7607192993164,0.0001738218852551654,-0.0032556254882365465,0.010760736651718616,-0.005756148602813482
15.300000190734863,38,0.029421672224998474,0.011061342433094978,9.795079231262207,4.069937229156494,-13.801870346069336,79.867431640625,-0.0023177640978246927,-0.005915562156587839,0.010760736651718616,-0.006279435008764267
15.3100004196167,38,0.03328246250748634,0.01501544751226902,9.801695823669434,3.8688442707061768,-13.691821098327637,79.47821044921875,-0.00660340441390872,-0.008266574703156948,0.008451810106635094,-0.005232862196862698
15.319999694824219,37,0.03905627876520157,0.012149045243859291,9.82091236114502,3.764129400253296,-13.336493492126465,77.15135192871094,-0.0030220302287489176,-0.005893395747989416,0.007079754490405321,-0.005756148602813482
15.329999923706055,37,0.04319501295685768,0.010094376280903816,9.80899429321289,3.924867868423462,-13.056228637695312,76.32254791259766,-0.0006777506787329912,-0.005107199307531118,0.006434130948036909,-0.005756148602813482
15.34000015258789,37,0.046552035957574844,0.015860600396990776,9.798544883728027,3.6868791580200195,-12.73551082611084,76.10669708251953,-0.00417494960129261,-0.0062699392437934875,0.008187219500541687,-0.005756148602813482
15.350000381469727,38,0.04166524484753609,0.02430565282702446,9.795849800109863,3.517449140548706,-12.51370620727539,75.52377319335938,-0.007791677489876747,-0.0057483334094285965,0.009717524982988834,-0.005232862196862698
15.359999656677246,37,0.04133410379290581,0.012668640352785587,9.798141479492188,3.891963243484497,-12.451006889343262,74.12894439697266,-0.006444874685257673,-0.005962138995528221,0.006927958689630032,-0.005232862196862698
15.369999885559082,37,0.041526272892951965,0.0072441441006958485,9.803059577941895,3.996678352355957,-12.006847381591797,73.68573760986328,-0.001840490847826004,-0.007496933452785015,0.005818529520183802,-0.005232862196862698
15.380000114440918,37,0.03905627876520157,0.012149045243859291,9.817707061767578,4.291252136230469,-11.884809494018555,72.53939056396484,-0.0015049123903736472,-0.006825776305049658,0.008977904915809631,-0.005232862196862698
15.390000343322754,37,0.03159743919968605,0.01708628609776497,9.812271118164062,4.323949813842773,-11.975046157836914,72.43734741210938,-0.0014342050999403,-0.004495806526392698,0.010487167164683342,-0.005232862196862698
15.399999618530273,37,0.03993896394968033,0.01917760632932186,9.800993919372559,4.219234466552734,-12.036165237426758,72.83209991455078,-0.0038713577669113874,-0.0028005181811749935,0.009110622107982635,-0.005232862196862698
15.40999984741211,38,0.040381934493780136,0.016932131722569466,9.805545806884766,4.1145195960998535,-11.9113187789917,72.82759094238281,-0.0013918370241299272,-0.0041150543838739395,0.006930203177034855,-0.005232862196862698
15.420000076293945,38,0.034811146557331085,0.016932131722569466,9.805545806884766,4.009804725646973,-11.64482307434082,71.49795532226562,0.001752948621287942,-0.005832228343933821,0.005852760747075081,-0.005232862196862698
15.430000305175781,38,0.03905627876520157,0.01967672072350979,9.802763938903809,3.803715229034424,-11.292328834533691,71.99188232421875,0.00046029806253500283,-0.00005837063872604631,0.005903827026486397,-0.005232862196862698
15.4399995803833,37,0.02488773874938488,0.016088057309389114,9.79499340057373,2.903024673461914,-11.262784957885742,71.97698974609375,-0.006529611069709063,0.0034365837927907705,0.008233796805143356,-0.005756148602813482
15.449999809265137,38,0.029485728591680527,0.015031618066132069,9.808531761169434,2.273552417755127,-11.085722923278809,72.36341857910156,-0.0033629394602030516,-0.003225041786208749,0.003792713163420558,-0.005232862196862698
15.460000038146973,37,0.03608359768986702,0.0228352602571249,9.808122634887695,2.05815052986145,-10.82935905456543,72.8335952758789,-0.01266598328948021,-0.0048824516125023365,0.00873127207159996,-0.005232862196862698
15.470000267028809,38,0.0433654710650444,0.017436634749174118,9.797636032104492,1.5314714908599854,-11.085322380065918,71.88893127441406,-0.009087975136935711,-0.0010249825427308679,0.011542724445462227,-0.005232862196862698
15.479999542236328,37,0.051802538335323334,0.012149045243859291,9.808375358581543,0.9031816720962524,-10.996489524841309,72.66454315185547,-0.004205533303320408,-0.0039048967882990837,0.011987730860710144,-0.005232862196862698
15.489999771118164,37,0.04396478459239006,0.00583196384832263,9.80563735961914,0.10838861763477325,-11.048906326293945,71.32596588134766,0.001334878383204341,-0.005042945500463247,0.01374867558479309,-0.005232862196862698
15.5,38,0.03905627876520157,0.005810404196381569,9.813782691955566,-0.377226322889328,-10.938606262207031,71.55358123779297,-0.00020636960107367486,-0.006679872516542673,0.011167864315211773,-0.005232862196862698
15.510000228881836,38,0.042376384139060974,0.01725553162395954,9.810066223144531,-0.6548895239830017,-10.874703407287598,72.4625244140625,-0.004109854344278574,-0.00598402414470911,0.008777287788689137,-0.005756148602813482
15.520000457763672,37,0.04726317897439003,0.018349701538681984,9.812368392944336,-1.0832985639572144,-11.205728530883789,71.42522430419922,-0.0013547999551519752,-0.0036540545988827944,0.008306748233735561,-0.005756148602813482
15.529999732971191,38,0.04177273064851761,0.01349762361496687,9.804798126220703,-1.6068732738494873,-11.294561386108398,71.09281921386719,0.0005756181199103594,-0.0032213942613452673,0.006409439258277416,-0.005756148602813482
15.539999961853027,38,0.028470588847994804,0.005142043810337782,9.81135082244873,-2.3098411560058594,-11.002935409545898,70.76040649414062,-0.003465633373707533,-0.0049568060785532,0.005196194164454937,-0.005232862196862698
15.550000190734863,37,0.035398516803979874,0.016872841864824295,9.807999610900879,-2.912587881088257,-10.923858642578125,70.22125244140625,-0.005731629673391581,-0.0037278481759130955,0.006869596894830465,-0.005756148602813482
15.5600004196167,38,0.03905627876520157,0.025356702506542206,9.809236526489258,-3.192793607711792,-10.737417221069336,69.47059631347656,-0.0042944783344864845,-0.0019206067081540823,0.009645976126194,-0.005232862196862698
15.569999694824219,37,0.0353192575275898,0.015366875566542149,9.817914962768555,-3.2160305976867676,-10.251273155212402,68.7872543334961,-0.0031412781681865454,-0.006580546032637358,0.010450130328536034,-0.005232862196862698
15.579999923706055,37,0.03423897549510002,0.008369576185941696,9.804766654968262,-3.949035406112671,-10.517769813537598,69.23046875,-0.0009358879760839045,-0.009628529660403728,0.007079754490405321,-0.005232862196862698
15.59000015258789,37,0.014859018847346306,0.0035174975637346506,9.816300392150879,-3.9129083156585693,-10.050235748291016,67.94425201416016,-0.002621636725962162,-0.00794278085231781,0.0073401364497840405,-0.0047095762565732
15.600000381469727,37,0.029879841953516006,0.022170133888721466,9.800236701965332,-3.951341390609741,-9.942267417907715,68.3971939086914,-0.005323099438101053,-0.004646199755370617,0.00890186708420515,-0.005232862196862698
15.609999656677246,37,0.046283867210149765,0.022511860355734825,9.82413387298584,-4.150069236755371,-10.031100273132324,68.3341293334961,-0.004839933477342129,-0.002316230209544301,0.010896820574998856,-0.0047095762565732
15.619999885559082,37,0.02826864644885063,0.02171521820127964,9.801012992858887,-4.396897315979004,-9.948613166809082,67.1786117553711,-0.00912809930741787,0.000013739447240368463,0.002097424352541566,-0.0047095762565732
15.630000114440918,38,0.028758302330970764,0.013466360978782177,9.816751480102539,-4.396897315979004,-9.237957954406738,68.2866439819336,-0.007938423193991184,0.0022696349769830704,0.0009941679891198874,-0.0047095762565732
15.640000343322754,38,0.03786851093173027,0.012149045243859291,9.794587135314941,-4.602069854736328,-9.571616172790527,67.87496185302734,-0.004443468526005745,-0.002390304347500205,0.005654107313603163,-0.005232862196862698
15.649999618530273,38,0.03905627876520157,0.024936283007264137,9.812602996826172,-5.123575210571289,-9.331278800964355,68.2573013305664,0.0001668073673499748,-0.003704279428347945,0.01031404733657837,-0.0047095762565732
15.65999984741211,38,0.04778106138110161,0.026498304679989815,9.810851097106934,-5.056997776031494,-9.113838195800781,68.80899810791016,-0.003599752439185977,-0.0017093268688768148,0.0033875496592372656,-0.0041862898506224155
15.670000076293945,38,0.04425901174545288,0.017697511240839958,9.828234672546387,-4.526179790496826,-9.138340950012207,69.25221252441406,-0.006277085281908512,-0.003344570752233267,0.006136992014944553,-0.0041862898506224155
15.680000305175781,38,0.03036949783563614,0.012462743557989597,9.83431625366211,-4.526179790496826,-9.223511695861816,69.74109649658203,-0.005819172132760286,-0.0019573632162064314,0.010796932503581047,-0.0036630036775022745
15.6899995803833,38,0.043134212493896484,0.007610664237290621,9.811633110046387,-4.526179790496826,-9.223511695861816,71.2923355102539,-0.003786901943385601,-0.0030965344049036503,0.008518589660525322,-0.0036630036775022745
15.699999809265137,38,0.04851391911506653,0.0027585853822529316,9.8150634765625,-4.526179790496826,-8.865248680114746,72.0392074584961,-0.003872760571539402,-0.010258160531520844,0.008690306916832924,-0.0036630036775022745
15.710000038146973,38,0.034561432898044586,0.011935601010918617,9.80576229095459,-4.106905937194824,-8.77676773071289,73.41714477539062,-0.005781012587249279,-0.01214536838233471,0.008047208189964294,-0.0031397175043821335
15.720000267028809,39,0.0248063113540411,0.012086520902812481,9.819815635681152,-3.7271885871887207,-8.894492149353027,75.5985107421875,-0.005385950207710266,-0.0091341407969594,0.003673464758321643,-0.0036630036775022745
15.729999542236328,39,0.04357066750526428,0.0031843953765928745,9.796256065368652,-4.0413336753845215,-8.921878814697266,78.15837097167969,-0.0055329762399196625,-0.005019937641918659,0.002183282980695367,-0.0031397175043821335
15.739999771118164,39,0.029421672224998474,0.031112147495150566,9.815241813659668,-4.355478286743164,-9.188375473022461,80.81764221191406,-0.004519506823271513,-0.0014744781656190753,0.005627732258290052,-0.0031397175043821335
15.75,39,0.029661614447832108,0.02602182887494564,9.814275741577148,-4.124171257019043,-9.994709968566895,82.61117553710938,-0.0023357216268777847,-0.001620662398636341,0.010287671349942684,-0.002616431098431349
15.760000228881836,40,0.03392954543232918,0.017239362001419067,9.798029899597168,-4.407096862792969,-10.26396369934082,84.90499877929688,-0.003500706283375621,-0.002083064988255501,0.013214724138379097,-0.002616431098431349
15.770000457763672,40,0.030179498717188835,0.02284388430416584,9.826735496520996,-4.742970943450928,-10.246006965637207,87.4316635131836,-0.0042944783344864845,-0.0007640393450856209,0.011729873716831207,-0.002616431098431349
15.779999732971191,40,0.0386078767478466,0.03472883626818657,9.793708801269531,-4.7242865562438965,-10.45160961151123,89.94058990478516,-0.003676071297377348,-0.005970556288957596,0.008615951985120773,-0.002616431098431349
15.789999961853027,40,0.0347568579018116,0.02171521820127964,9.818004608154297,-5.143146514892578,-11.251097679138184,93.37548828125,-0.0028292688075453043,-0.0067463708110153675,0.010028131306171417,-0.0020931449253112078
15.800000190734863,40,0.03905627876520157,0.020548822358250618,9.802471160888672,-5.0752387046813965,-11.30730152130127,97.22244262695312,-0.006378095131367445,0.0007216529338620603,0.010876618325710297,-0.0015698587521910667
15.8100004196167,40,0.03839942440390587,0.014105615206062794,9.813258171081543,-4.824951648712158,-11.554286003112793,101.10054779052734,-0.00441765459254384,-0.0019778457935899496,0.004625767003744841,-0.0020931449253112078
15.819999694824219,40,0.03423897549510002,0.022892393171787262,9.799966812133789,-4.848336696624756,-12.073233604431152,104.8766098022461,-0.005643807351589203,-0.00743576604872942,0.004870436154305935,-0.0020931449253112078
15.829999923706055,40,0.03503480181097984,0.004953393712639809,9.798253059387207,-5.054337024688721,-12.683570861816406,108.08263397216797,-0.007973776198923588,-0.00627078115940094,0.009530375711619854,-0.0020931449253112078
15.84000015258789,41,0.03905627876520157,0.014354633167386055,9.8086519241333,-4.530762195587158,-12.950066566467285,109.74468231201172,-0.004483030643314123,-0.007434082683175802,0.010697885416448116,-0.0015698587521910667
15.850000381469727,41,0.03718668222427368,0.004439187701791525,9.804460525512695,-4.837575435638428,-13.568780899047852,113.93289184570312,0.003420459106564522,-0.008599067106842995,0.007454334292560816,-0.0015698587521910667
15.859999656677246,40,0.02841738983988762,0.011151894927024841,9.815035820007324,-4.993257999420166,-14.190605163574219,118.89794921875,0.0032543535344302654,-0.00664367713034153,0.0029192548245191574,-0.0010465724626556039
15.869999885559082,41,0.02675190567970276,0.01163052674382925,9.800171852111816,-4.933982849121094,-14.905173301696777,122.89102172851562,-0.0008449787856079638,-0.00040124435327015817,0.00412801094353199,-0.0005232862313278019
15.880000114440918,41,0.033095721155405045,0.021957768127322197,9.815241813659668,-4.604168891906738,-15.653599739074707,126.31327819824219,-0.0036727043334394693,-0.0016562966629862785,0.007374086882919073,-0.0005232862313278019
15.890000343322754,41,0.03305989131331444,0.006161832250654697,9.811580657958984,-4.00352144241333,-16.256664276123047,131.05441284179688,-0.0008780874777585268,-0.006005349103361368,0.006598553154617548,-1.5523389865212955e-14
15.899999618530273,41,0.04002690315246582,0.005129107739776373,9.801987648010254,-3.898806571960449,-16.52315902709961,135.375732421875,-0.0041390350088477135,-0.00512066762894392,0.0026844062376767397,0
15.90999984741211,42,0.030773382633924484,0.013491155579686165,9.806905746459961,-3.9654433727264404,-17.443782806396484,140.05967712402344,-0.008938704617321491,-0.006006190553307533,0.003865103702992201,0
15.920000076293945,42,0.0328177772462368,0.01269882544875145,9.81468391418457,-4.192375183105469,-18.40608787536621,144.95352172851562,-0.005752954166382551,-0.005492721684277058,0.007856972515583038,0
15.930000305175781,42,0.035384401679039,0.00702315429225564,9.815937042236328,-4.360356330871582,-19.139415740966797,149.97833251953125,-0.003658675355836749,-0.005028074607253075,0.008927680552005768,0
15.9399995803833,41,0.045570552349090576,0.018481217324733734,9.802129745483398,-4.171828269958496,-19.634361267089844,155.1386260986328,-0.0028012103866785765,-0.004637781996279955,0.008306748233735561,0
15.949999809265137,42,0.03905627876520157,0.02171521820127964,9.805401802062988,-3.334108352661133,-20.522682189941406,160.78958129882812,-0.0013146763667464256,-0.0030710012651979923,0.007824704982340336,0
15.960000038146973,42,0.040755417197942734,0.020028147846460342,9.79128360748291,-3.3254759311676025,-21.567296981811523,165.75819396972656,-0.0030343756079673767,-0.005076054483652115,0.007079754490405321,0
15.970000267028809,42,0.040336333215236664,0.015176069922745228,9.8042573928833,-3.295084238052368,-22.404054641723633,171.7057342529297,-0.00025547173572704196,-0.006422857753932476,0.006363704334944487,0
15.979999542236328,42,0.037915196269750595,0.013974099420011044,9.802993774414062,-3.1903693675994873,-23.11471176147461,177.4243927001953,0.00002146467704733368,-0.00559204863384366,0.004921783227473497,0.0005232862313278019
15.989999771118164,42,0.043873582035303116,0.013144039548933506,9.802519798278809,-3.159327268600464,-23.856616973876953,182.00628662109375,-0.0016064837109297514,-0.009305858984589577,0.0070227961987257,0.0005232862313278019
16,42,0.0399194210767746,0.009328996762633324,9.81213092803955,-3.4734721183776855,-24.744935989379883,186.7708282470703,-0.0009574929135851562,-0.0020499560050666332,0.01129973866045475,0.0005232862313278019
16.010000228881836,42,0.03423897549510002,0.012149045243859291,9.817174911499023,-2.999091625213623,-25.382410049438477,192.0568389892578,-0.0030674845911562443,-0.006819883827120066,0.007079754490405321,0.0005232862313278019
16.020000457763672,42,0.03423897549510002,0.014250067062675953,9.828834533691406,-3.06750226020813,-26.25533103942871,197.2970733642578,-0.002971524838358164,-0.012021069414913654,0.007079754490405321,0.0005232862313278019
16.030000686645508,42,0.03642451390624046,0.01476211752742529,9.802044868469238,-3.134493827819824,-27.148616790771484,202.40020751953125,-0.000641555292531848,-0.002701191231608391,0.007079754490405321,0.0005232862313278019
16.040000915527344,42,0.04582135006785393,0.016627058386802673,9.797500610351562,-3.0245163440704346,-28.011381149291992,207.51788330078125,-0.002915408229455352,-0.0014380022184923291,0.004777843598276377,0.0010465724626556039
16.049999237060547,42,0.04653466120362282,0.028639214113354683,9.810393333435059,-3.2345376014709473,-29.07736587524414,213.0636749267578,-0.0008895915234461427,-0.007895642891526222,0.003536820411682129,0.0010465724626556039
16.059999465942383,42,0.03905627876520157,0.021802537143230438,9.822440147399902,-3.653397560119629,-30.14335060119629,220.59828186035156,-0.000613496929872781,-0.00256230216473341,0.005452647805213928,0.0010465724626556039
16.06999969482422,42,0.041519757360219955,0.01959587074816227,9.814800262451172,-3.7504849433898926,-30.73164176940918,227.36680603027344,-0.002543353708460927,-0.0023268922232091427,0.003922903910279274,0.0010465724626556039
16.079999923706055,42,0.036274682730436325,0.023736469447612762,9.808594703674316,-4.029862880706787,-31.744606018066406,233.84506225585938,-0.0075820814818143845,-0.0016860384494066238,0.000690014916472137,0.0010465724626556039
16.09000015258789,42,0.03462657332420349,0.009180232882499695,9.806994438171387,-4.490821361541748,-32.909481048583984,240.37103271484375,-0.004156992305070162,-0.00472560478374362,0.002240522298961878,0.0010465724626556039
16.100000381469727,42,0.03638434037566185,0.010541746392846107,9.795849800109863,-4.818447589874268,-33.29911804199219,247.10861206054688,-0.005734996870160103,-0.007827741093933582,0.0049565755762159824,0.0010465724626556039
16.110000610351562,42,0.03972182050347328,0.022376032546162605,9.804126739501953,-5.34202241897583,-34.18743896484375,253.53518676757812,-0.00224032299593091,-0.008723926730453968,0.005135868676006794,0.0005232862313278019
16.1200008392334,43,0.03262995183467865,0.012543592602014542,9.796249389648438,-5.865597248077393,-35.00204849243164,258.8584899902344,0.0005307247047312558,-0.0074141607619822025,0.007900182157754898,0.0005232862313278019
16.1299991607666,43,0.03900633752346039,0.011162674985826015,9.794849395751953,-6.5761332511901855,-35.6429328918457,263.8894958496094,-0.002984992926940322,-0.0062699392437934875,0.009574987925589085,-0.0005232862313278019
16.139999389648438,42,0.033941492438316345,0.022789984941482544,9.800697326660156,-7.489358901977539,-36.111873626708984,269.4349060058594,-0.004990607500076294,-0.005208209622651339,0.007245018612593412,-1.4500878796341876e-14
16.149999618530273,43,0.030643098056316376,0.014506630599498749,9.800697326660156,-8.417840003967285,-36.47838592529297,275.6792907714844,-0.004763334523886442,-0.004753663204610348,0.007259328383952379,-0.0005232862313278019
16.15999984741211,43,0.03732782602310181,0.01043286919593811,9.797589302062988,-8.522554397583008,-36.92254638671875,279.8898010253906,-0.0043009319342672825,-0.005456245504319668,0.00790635496377945,-0.0005232862313278019
16.170000076293945,42,0.042214613407850266,0.009013142436742783,9.805384635925293,-9.280599594116211,-37.445884704589844,284.0015869140625,-0.001840490847826004,-0.0031262761913239956,0.0042809294536709785,-1.4314938123760612e-14
16.18000030517578,43,0.05032922700047493,0.023390430957078934,9.807145118713379,-9.705726623535156,-38.15388107299805,288.5378723144531,-0.001840490847826004,-0.0019276213133707643,0.0028331156354397535,0
16.190000534057617,43,0.040318962186574936,0.021459732204675674,9.805545806884766,-9.870959281921387,-38.99085998535156,293.9571228027344,-0.0020613104570657015,-0.0035951321478933096,0.0022697029635310173,0
16.200000762939453,43,0.024138597771525383,0.023617887869477272,9.815710067749023,-10.014935493469238,-39.81257247924805,299.85748291015625,-0.0032262951135635376,-0.00290657882578671,0.008465559221804142,0.0005232862313278019
16.209999084472656,43,0.03009589947760105,0.01626269333064556,9.816631317138672,-10.329079627990723,-40.34556198120117,303.9571838378906,-0.004197676666080952,-0.004558938089758158,0.009436940774321556,0.0005232862313278019
16.219999313354492,43,0.041250500828027725,0.008668182417750359,9.808185577392578,-10.54344654083252,-41.47106170654297,310.1684875488281,-0.0030326922424137592,0.0009876465192064643,0.008167578838765621,0.0005232862313278019
16.229999542236328,43,0.040298331528902054,0.014465667307376862,9.809144020080566,-11.580190658569336,-42.434471130371094,315.2904968261719,-0.0018677074695006013,-0.002507308032363653,0.0035076397471129894,1.3943165198815333e-14
16.239999771118164,43,0.03905627876520157,0.009694438427686691,9.817728996276855,-12.58698558807373,-43.150943756103516,320.96240234375,-0.00525379553437233,-0.004864493850618601,0.002261004876345396,0.0005232862313278019
16.25,43,0.02419939823448658,0.025805151090025902,9.816351890563965,-13.215274810791016,-43.79453659057617,327.0867919921875,-0.0033699541818350554,-0.0007399091846309602,0.0107778524979949,0.0015698587521910667
16.260000228881836,43,0.02735447697341442,0.008740408346056938,9.826665878295898,-13.837533950805664,-44.766571044921875,331.3291931152344,-0.006108734756708145,-0.008244969882071018,0.005905230063945055,0.0015698587521910667
16.270000457763672,43,0.04868762940168381,0.01023451704531908,9.8065185546875,-14.046963691711426,-45.388397216796875,337.75579833984375,0.0018172025447711349,-0.004240475129336119,0.008432731032371521,0.0020931449253112078
16.280000686645508,43,0.041740160435438156,0.016043860465288162,9.808592796325684,-14.174738883972168,-45.871681213378906,343.7503662109375,0.0007355507696047425,-0.002588957780972123,0.011313206516206264,0.002616431098431349
16.290000915527344,43,0.03905627876520157,0.005040711723268032,9.814411163330078,-14.108190536499023,-46.8969841003418,350.16656494140625,-0.0030966652557253838,-0.004244403447955847,0.00867683906108141,0.0036630036775022745
16.299999237060547,43,0.03905627876520157,0.022746864706277847,9.81115436553955,-13.801200866699219,-48.24160385131836,357.621337890625,-0.0042944783344864845,-0.008105800487101078,0.006314040627330542,0.0036630036775022745
16.309999465942383,43,0.03492514416575432,0.018294723704457283,9.818708419799805,-13.293530464172363,-49.21875762939453,366.13916015625,-0.0049981833435595036,-0.007839806377887726,0.005149056203663349,0.0041862898506224155
16.31999969482422,43,0.03423897549510002,0.016932131722569466,9.820089340209961,-12.979385375976562,-50.1959114074707,371.79010009765625,-0.003596385708078742,-0.0024197655729949474,0.005267462693154812,0.0047095762565732
16.329999923706055,43,0.0299688708037138,0.00845258217304945,9.820089340209961,-12.665240287780762,-50.948848724365234,379.8648681640625,-0.00010143112012883648,-0.0006470359512604773,0.0075918203219771385,0.0047095762565732
16.34000015258789,43,0.03810085356235504,0.011674725450575352,9.806987762451172,-12.351095199584961,-52.144569396972656,387.7244567871094,0.002358168363571167,-0.005177345126867294,0.007463032379746437,0.005232862196862698
16.350000381469727,43,0.03023812733590603,0.016526803374290466,9.801108360290527,-11.99798583984375,-53.7208251953125,395.31317138671875,0.0017004793044179678,-0.0064455848187208176,0.004625767003744841,0.005756148602813482
16.360000610351562,43,0.020464550703763962,0.012485381215810776,9.809711456298828,-11.52153491973877,-55.396419525146484,403.56103515625,-0.00021983757324051112,-0.0018016390968114138,0.0073813823983073235,0.006279435008764267
16.3700008392334,43,0.042527299374341965,0.025696272030472755,9.801239013671875,-10.683815956115723,-56.99539566040039,414.1981201171875,-0.000049803660658653826,-0.00046662037493661046,0.012883073650300503,0.006802720949053764
16.3799991607666,43,0.025403453037142754,0.008159366436302662,9.81928539276123,-9.751551628112793,-58.51416778564453,421.9339904785156,-0.001840490847826004,-0.0010923226363956928,0.010369882918894291,0.007326007355004549
16.389999389648438,43,0.033978406339883804,0.007365958299487829,9.805938720703125,-8.739139556884766,-59.96494674682617,431.1349182128906,-0.0022557552438229322,-0.0009654987370595336,0.004210502840578556,0.007326007355004549
16.399999618530273,43,0.02948247268795967,0.012088676914572716,9.810332298278809,-7.873629570007324,-61.424781799316406,440.73748779296875,-0.004003232344985008,-0.0046060760505497456,0.0033367639407515526,0.007326007355004549
16.40999984741211,43,0.029578013345599174,0.012381892651319504,9.81047248840332,-7.120284557342529,-62.952606201171875,449.9110412597656,-0.0019241048721596599,-0.0016128059942275286,0.01156966108828783,0.007326007355004549
16.420000076293945,43,0.03905627876520157,0.026205088943243027,9.815093994140625,-5.863705158233643,-64.55158996582031,459.88330078125,-0.0030026696622371674,-0.005042945500463247,0.005895970854908228,0.007849293760955334
16.43000030517578,43,0.03905627876520157,0.016932131722569466,9.809956550598145,-5.112074851989746,-66.2362289428711,469.1075439453125,0.0004922845982946455,-0.005042945500463247,0.0082259401679039,0.007849293760955334
16.440000534057617,43,0.03876965120434761,0.016932131722569466,9.801274299621582,-3.9205358028411865,-67.85920715332031,478.1424560546875,-0.0016356644919142127,-0.0005446227150969207,0.011680491268634796,0.008895865641534328
16.450000762939453,43,0.0356634296476841,0.017639299854636192,9.810393333435059,-2.8185157775878906,-69.72212219238281,488.1600341796875,-0.0029030623845756054,-0.0011975417146459222,0.010925158858299255,0.0094191525131464
16.459999084472656,43,0.05138019472360611,0.024808000773191452,9.80953598022461,-1.789784550666809,-71.83094787597656,499.0093688964844,-0.005068609956651926,-0.00236252648755908,0.012761862017214298,0.009942438453435898
16.469999313354492,43,0.03239218145608902,0.007857526652514935,9.801196098327637,-0.22721964120864868,-73.88099670410156,509.2147216796875,-0.0017672585090622306,-0.0063431719318032265,0.005706296302378178,0.010989011265337467
16.479999542236328,43,0.05437350645661354,0.011588484980165958,9.806682586669922,1.0293599367141724,-76.19063568115234,519.8518676757812,-0.0014900414971634746,-0.00574384443461895,0.006028406322002411,0.012035583145916462
16.489999771118164,43,0.02523842453956604,0.00925461482256651,9.81332778930664,3.031745672225952,-78.28937530517578,530.8396606445312,-0.0010259554255753756,-0.007486551534384489,0.00952336098998785,0.012558870017528534
16.5,44,0.029421672224998474,0.021016674116253853,9.80211353302002,4.706061840057373,-80.53033447265625,542.906982421875,-0.0013660233234986663,-0.007218874059617519,0.006998104974627495,0.013605441898107529
16.510000228881836,43,0.029421672224998474,0.014629523269832134,9.811949729919434,6.29996395111084,-82.98603057861328,555.296142578125,-0.0032215251121670008,-0.005579422228038311,0.0066973185166716576,0.0141287287697196
16.520000457763672,43,0.029421672224998474,0.005092456005513668,9.817545890808105,8.548704147338867,-85.55438232421875,567.02880859375,-0.0030374620109796524,-0.005671453662216663,0.007678240071982145,0.015175300650298595
16.530000686645508,43,0.029421672224998474,0.016932131722569466,9.807381629943848,10.224143981933594,-88.04167938232422,582.0980834960938,-0.00014099346299190074,-0.005136941093951464,0.006513255648314953,0.015698587521910667
16.540000915527344,43,0.028440188616514206,0.016932131722569466,9.816229820251465,11.720958709716797,-91.28663635253906,595.5606689453125,0.001840490847826004,-0.003815951757133007,0.007366230711340904,0.016745159402489662
16.549999237060547,43,0.027757275849580765,0.017975635826587677,9.817974090576172,13.44594669342041,-94.11300659179688,609.6368408203125,-0.0003719140077009797,-0.006470837630331516,0.009091261774301529,0.01726844534277916
16.559999465942383,44,0.03905627876520157,0.02171521820127964,9.809266090393066,15.12993049621582,-96.53213500976562,624.7730102539062,-0.004674950148910284,-0.009275555610656738,0.008306748233735561,0.016745159402489662
16.56999969482422,43,0.036676399409770966,0.02171521820127964,9.801953315734863,16.55366325378418,-98.89473724365234,640.2661743164062,-0.005839935503900051,-0.005361408460885286,0.007669822778552771,0.016221873462200165
16.579999923706055,44,0.028162246569991112,0.020464738830924034,9.79607105255127,18.333818435668945,-101.5596923828125,653.1193237304688,-0.005979104898869991,-0.004474762827157974,0.005339852999895811,0.016221873462200165
16.59000015258789,44,0.027262192219495773,0.018251603469252586,9.810393333435059,20.01821517944336,-104.46835327148438,667.9989624023438,-0.003650818718597293,0.0009579046745784581,0.0033987730275839567,0.01726844534277916
16.600000381469727,44,0.038434166461229324,0.013384432531893253,9.817429542541504,20.98175811767578,-107.15824890136719,683.8214721679688,-0.00595385255292058,-0.006667246110737324,0.0033987730275839567,0.0188383050262928
16.610000610351562,44,0.05015876889228821,0.00030397879891097546,9.825770378112793,21.936403274536133,-110.40673065185547,699.7026977539062,0.0003317905939184129,-0.00981006771326065,0.003610052866861224,0.021454736590385437
16.6200008392334,44,0.055045560002326965,0.013879234902560711,9.803997993469238,23.121261596679688,-114.75493621826172,716.0319213867188,-0.00428606104105711,-0.007480098400264978,0.007029249332845211,0.025117740035057068
16.6299991607666,44,0.04868437349796295,0.008961399085819721,9.800697326660156,23.64483642578125,-120.08485412597656,735.4224853515625,-0.00312107615172863,-0.005150128621608019,0.000039340826333500445,0.027734169736504555
16.639999389648438,44,0.03445069119334221,0.008820180781185627,9.797323226928711,24.372814178466797,-125.67487335205078,754.3804321289062,-0.004178877919912338,-0.003931552171707153,0.0074975439347326756,0.029304029420018196
16.649999618530273,44,0.043873582035303116,0.006049720104783773,9.801543235778809,25.571626663208008,-132.0615997314453,776.4494018554688,-0.0042944783344864845,-0.006964104250073433,0.009356132708489895,0.03035060130059719
16.65999984741211,44,0.038427650928497314,0.013951461762189865,9.818263053894043,26.29611587524414,-138.8590545654297,799.8880004882812,-0.0033071034122258425,-0.007496933452785015,0.012495867908000946,0.03035060130059719
16.670000076293945,44,0.03507605940103531,0.015060723759233952,9.819035530090332,26.571828842163086,-145.5220184326172,824.1124877929688,-0.005843583028763533,-0.007496933452785015,0.011363992467522621,0.029827315360307693
16.68000030517578,44,0.0341021753847599,0.010208644904196262,9.82493782043457,27.261581420898438,-151.4871063232422,849.6123046875,-0.005885109305381775,-0.00663357600569725,0.005580594763159752,0.029304029420018196
16.690000534057617,44,0.021810831502079964,0.005356566049158573,9.818827629089355,26.842721939086914,-157.79417419433594,872.6593017578125,-0.004720124416053295,-0.004667243454605341,0.0033987730275839567,0.029304029420018196
16.700000762939453,45,0.026697620749473572,0.008818024769425392,9.8125,26.67609977722168,-163.60195922851562,895.9732666015625,-0.0035551395267248154,0.0006200814968906343,0.004877450875937939,0.030873887240886688
16.709999084472656,44,0.02725893445312977,0.016932131722569466,9.819595336914062,26.511873245239258,-169.99400329589844,919.5416870117188,-0.0023901548702269793,-0.0005179672152735293,0.007207420188933611,0.033490318804979324
16.719999313354492,45,0.02906881645321846,0.021364867687225342,9.82044506072998,26.512109756469727,-177.2489776611328,943.9930419921875,-0.002455811481922865,-0.006277234293520451,0.009537390433251858,0.0376766100525856
16.729999542236328,44,0.03193726763129234,0.017356863245368004,9.808292388916016,27.045114517211914,-185.2782745361328,970.1076049804688,-0.005280731245875359,-0.0076173036359250546,0.010207424871623516,0.04238618537783623
16.739999771118164,45,0.03890645131468773,0.012074663303792477,9.807856559753418,28.6158390045166,-194.427978515625,997.919189453125,-0.005027644336223602,-0.005778636783361435,0.006585926748812199,0.046572476625442505
16.75,44,0.03892816603183746,0.024202166125178337,9.812785148620605,30.367612838745117,-205.19033813476562,1027.646484375,-0.000613496929872781,-0.004613651894032955,0.0038889532443135977,0.04918890818953514
16.760000228881836,45,0.03695216774940491,0.026296719908714294,9.812919616699219,32.4775505065918,-216.59716796875,1058.5814208984375,0.00012107200018363073,-0.005285089369863272,0.007814323529601097,0.05128205195069313
16.770000457763672,45,0.046453237533569336,0.016592562198638916,9.81264591217041,35.112396240234375,-227.95327758789062,1090.7064208984375,0.002451041480526328,-0.00750282546505332,0.011365395039319992,0.05180533602833748
16.780000686645508,44,0.04604174941778183,0.014779365621507168,9.815725326538086,38.405242919921875,-238.8653564453125,1123.5517578125,0.0033214129507541656,-0.004059217870235443,0.014706308953464031,0.04971219226717949
16.790000915527344,44,0.04659220576286316,0.025030069053173065,9.820089340209961,42.4891242980957,-249.70285034179688,1154.908935546875,-0.00043223967077210546,-0.0044991737231612206,0.005852760747075081,0.04604918882250786
16.799999237060547,44,0.04590277746319771,0.025744782760739326,9.803254127502441,47.34876251220703,-258.56610107421875,1184.1114501953125,0.0007327451603487134,-0.0017197085544466972,0.006329753436148167,0.04186289757490158
16.809999465942383,44,0.043873582035303116,0.018877921625971794,9.811132431030273,52.05316162109375,-266.59600830078125,1210.154052734375,0.0015542951878160238,-0.005157423671334982,0.01070349756628275,0.03819989413022995
16.81999969482422,45,0.043873582035303116,0.01402584370225668,9.819046020507812,56.70845031738281,-273.55340576171875,1233.091552734375,-0.004270628560334444,-0.0074873934499919415,0.00953851267695427,0.03663003817200661
16.829999923706055,44,0.04087701812386513,0.024050166830420494,9.824289321899414,61.467159271240234,-279.5742492675781,1253.6024169921875,0.00034638112992979586,-0.002856073435395956,0.010693958029150963,0.03610675036907196
16.84000015258789,44,0.03599022701382637,0.022148575633764267,9.81435775756836,66.38876342773438,-285.5259704589844,1272.9930419921875,0.0017117027891799808,-0.004785369150340557,0.007466118782758713,0.03610675036907196
16.850000381469727,44,0.04991665482521057,0.007592338137328625,9.808701515197754,71.51719665527344,-290.68817138671875,1292.6024169921875,-0.0023042960092425346,-0.002970552071928978,0.007079754490405321,0.035583462566137314
16.860000610351562,45,0.048710428178310394,0.018494153395295143,9.797492027282715,76.41168975830078,-295.8404541015625,1311.880859375,-0.005990047473460436,-0.004537333268672228,0.0100023178383708,0.03401360660791397
16.8700008392334,44,0.04714808985590935,0.019995808601379395,9.791001319885254,81.39141082763672,-301.72943115234375,1330.7625732421875,-0.004924108739942312,-0.006867303047329187,0.007112022023648024,0.03192045912146568
16.8799991607666,44,0.03865890949964523,0.020252371206879616,9.801097869873047,86.19561767578125,-307.975341796875,1349.3145751953125,-0.00089380017016083,-0.00919727236032486,0.005002591293305159,0.029827315360307693
16.889999389648438,44,0.030825497582554817,0.02171521820127964,9.802109718322754,90.22108459472656,-313.34173583984375,1367.5826416015625,-0.0009628240368328989,-0.007586439605802298,0.005413927603513002,0.027734169736504555
16.899999618530273,44,0.01897278241813183,0.02171521820127964,9.811213493347168,95.14268493652344,-317.6944885253906,1383.427490234375,0.00033796345815062523,-0.0062699392437934875,0.005852760747075081,0.026164311915636063
16.90999984741211,44,0.018522212281823158,0.011133568361401558,9.80809211730957,99.97900390625,-321.9748840332031,1396.5648193359375,-0.0008160785073414445,-0.006934081669896841,0.006516903173178434,0.02668759785592556
16.920000076293945,45,0.01978706568479538,0.003769749542698264,9.801900863647461,104.24937438964844,-325.82672119140625,1410.306396484375,-0.00005681825859937817,-0.005088400095701218,0.007079754490405321,0.0282574575394392
16.93000030517578,44,0.01609564572572708,0.006248072255402803,9.8192720413208,108.44923400878906,-329.44134521484375,1424.7794189453125,0.004147733096033335,-0.004209330305457115,0.005999505985528231,0.029304029420018196
16.940000534057617,44,0.03377429023385048,0.018568536266684532,9.809798240661621,113.3240737915039,-333.15264892578125,1438.8641357421875,0.0031308967154473066,-0.006748054642230272,0.004625767003744841,0.031397175043821335
16.950000762939453,44,0.023734714835882187,0.0065024797804653645,9.805545806884766,118.6645278930664,-336.7059020996094,1452.1605224609375,-0.002277921186760068,-0.007913039065897465,0.0054579791612923145,0.032967034727334976
16.959999084472656,44,0.02368694171309471,0.018071576952934265,9.805545806884766,125.289306640625,-339.24749755859375,1467.980712890625,-0.004105084575712681,-0.007307538762688637,0.00743385124951601,0.033490318804979324
16.969999313354492,44,0.04445118457078934,0.02171521820127964,9.805545806884766,131.7599334716797,-341.5889892578125,1483.3050537109375,-0.0009055848931893706,-0.0026475999038666487,0.008306748233735561,0.03244374692440033
16.979999542236328,44,0.03253549337387085,0.017705058678984642,9.801481246948242,138.34103393554688,-343.82635498046875,1496.935546875,-0.0016104119131341577,0.0006318660452961922,0.007616511546075344,0.030873887240886688
16.989999771118164,44,0.0376383401453495,0.02101128362119198,9.817234992980957,145.23069763183594,-346.05010986328125,1509.421142578125,-0.00010928748815786093,-0.001361963921226561,0.003953487612307072,0.029827315360307693
17,44,0.043234098702669144,0.025863362476229668,9.807476043701172,151.51361083984375,-348.7150573730469,1524.93359375,0.002961423946544528,-0.0016801462043076754,-0.00007008710235822946,0.029304029420018196
17.010000228881836,44,0.0481208898127079,0.01806403137743473,9.809820175170898,158.18922424316406,-350.7969970703125,1535.4593505859375,0.001752387499436736,-0.004954841919243336,0.0023920375388115644,0.029827315360307693
17.020000457763672,44,0.06595804542303085,0.03407664597034454,9.814738273620605,164.3020782470703,-353.4646301269531,1548.6910400390625,-0.0005775821045972407,-0.0026248726062476635,0.008216961286962032,0.03035060130059719
17.030000686645508,44,0.04602871835231781,0.018643995746970177,9.797584533691406,170.1170654296875,-355.8135681152344,1561.701171875,-0.000613496929872781,-0.0002949029440060258,0.006012693513184786,0.029827315360307693
17.040000915527344,44,0.048329345881938934,0.003659793408587575,9.782397270202637,176.09671020507812,-357.7298278808594,1573.5469970703125,0.0026415579486638308,-0.00230500684119761,0.00368272396735847,0.027734169736504555
17.049999237060547,44,0.0396403931081295,-0.015389547683298588,9.790413856506348,182.7984619140625,-360.394775390625,1587.17578125,0.004090494010597467,-0.002588957780972123,0.006467800587415695,0.025117740035057068
17.059999465942383,44,0.03446154668927193,0.010823105461895466,9.814122200012207,187.82618713378906,-363.59228515625,1596.9298095703125,-0.003393523395061493,-0.007393958978354931,0.006118754390627146,0.021454736590385437
17.06999969482422,44,0.02957475744187832,0.026042310521006584,9.805853843688965,192.6923828125,-366.1789855957031,1608.374755859375,-0.005521472543478012,-0.00782493595033884,0.00315578724257648,0.01726844534277916
17.079999923706055,44,0.019954266026616096,0.035898465663194656,9.80078125,196.34396362304688,-368.3420715332031,1618.6973876953125,-0.0038475082255899906,-0.0033120226580649614,0.00719367153942585,0.015175300650298595
17.09000015258789,44,0.01978706568479538,0.012054180726408958,9.810196876525879,198.83815002441406,-370.13897705078125,1627.6597900390625,-0.001517538563348353,-0.004461856093257666,0.011858661659061909,0.015698587521910667
17.100000381469727,44,0.020785920321941376,-0.001704335561953485,9.795849800109863,201.0498809814453,-371.5818786621094,1636.843017578125,0.000812430982477963,-0.005556975491344929,0.006085084285587072,0.018315019086003304
17.110000610351562,44,0.057159438729286194,0.017125094309449196,9.796631813049316,203.4583282470703,-373.3584899902344,1645.8179931640625,0.0011895359493792057,-0.0037410357035696507,0.0048505146987736225,0.024071166291832924
17.1200008392334,44,0.02863018773496151,0.02276303432881832,9.81471061706543,206.03976440429688,-375.28192138671875,1657.2645263671875,-0.0017422863747924566,-0.0037668494042009115,0.008306748233735561,0.029304029420018196
17.1299991607666,44,0.01596970297396183,0.04084756597876549,9.804875373840332,209.09120178222656,-376.9735107421875,1670.27978515625,-0.0032406048849225044,-0.005042945500463247,0.007252874784171581,0.030873887240886688
17.139999389648438,44,0.03224126622080803,0.039647750556468964,9.797065734863281,212.8905029296875,-378.29345703125,1684.296142578125,-0.00044570770114660263,-0.0022533792071044445,0.0044579776003956795,0.029827315360307693
17.149999618530273,44,0.06550422310829163,0.023684725165367126,9.808967590332031,217.43394470214844,-379.2597351074219,1698.7301025390625,0.0010346536291763186,-0.00009849421621765941,0.00499220984056592,0.02459445409476757
17.15999984741211,44,0.0823533833026886,-0.0022002155892550945,9.7974853515625,221.51783752441406,-380.1480407714844,1712.58056640625,-0.0023180446587502956,-0.004020216874778271,0.009738007560372353,0.0193615909665823
17.170000076293945,43,0.04081730172038078,-0.0015933015383780003,9.813468933105469,225.2299346923828,-379.6959228515625,1725.053955078125,-0.006469565909355879,-0.0010830634273588657,0.0048485505394637585,0.015175300650298595
17.18000030517578,44,0.021829290315508842,0.005962401628494263,9.828468322753906,228.2111358642578,-378.0299377441406,1734.820556640625,-0.00487079843878746,-0.0010025358060374856,-0.0016517392359673977,0.012558870017528534
17.190000534057617,44,0.037990108132362366,0.02426360920071602,9.797796249389648,230.0841827392578,-375.3259582519531,1743.7515869140625,-0.002460020361468196,-0.0042685335502028465,0.003708537667989731,0.006802720949053764
17.200000762939453,44,0.058325495570898056,0.011335154995322227,9.8305082321167,230.65245056152344,-371.623779296875,1753.472900390625,-0.006376972887665033,0.0009991504484787583,0.006131380796432495,0.001046572346240282
17.209999084472656,44,0.055657900869846344,0.009131723083555698,9.807708740234375,230.02415466308594,-366.4715576171875,1763.555908203125,-0.002025676192715764,-0.00032015552278608084,0.009472014382481575,-0.00313971727155149
17.219999313354492,44,0.04099753126502037,0.016932131722569466,9.797779083251953,226.91104125976562,-361.06634521484375,1769.7476806640625,-0.009015585295855999,-0.007310064509510994,0.007142044138163328,-0.0036630036775022745
17.229999542236328,44,0.029421672224998474,0.01999473012983799,9.808650016784668,222.692138671875,-356.2188720703125,1777.63134765625,-0.005800934042781591,-0.006363093387335539,0.01048127468675375,-0.0020931449253112078
17.239999771118164,44,0.029421672224998474,0.033461108803749084,9.820089340209961,217.18002319335938,-351.4290466308594,1785.7952880859375,0.005196836311370134,-0.003054446540772915,0.008617074228823185,-2.2308977581930733e-14
17.25,44,0.029421672224998474,0.03852986544370651,9.824788093566895,210.81614685058594,-347.08648681640625,1794.201904296875,0.002709178952500224,-0.007638067007064819,0.006287104915827513,0.0031397175043821335
17.260000228881836,44,0.028185047209262848,0.028825709596276283,9.8295259475708,204.85189819335938,-344.7099609375,1804.97119140625,-0.0019507602555677295,-0.0039848629385232925,0.010591825470328331,0.006279435008764267
17.270000457763672,44,0.021992146968841553,0.019121550023555756,9.803326606750488,199.302001953125,-344.3546142578125,1817.7135009765625,-0.0012958771549165249,-0.002588957780972123,0.01021612249314785,0.010465724393725395
17.280000686645508,44,0.017720956355333328,0.003954087849706411,9.810393333435059,194.23973083496094,-345.9986572265625,1829.8538818359375,-0.003084880765527487,-0.002588957780972123,0.007062358316034079,0.0141287287697196
17.290000915527344,44,0.026049451902508736,-0.013679838739335537,9.80748462677002,190.5655975341797,-348.8929138183594,1842.360595703125,-0.0020091217011213303,-0.00411252910271287,0.005852760747075081,0.0141287287697196
17.299999237060547,44,0.033965375274419785,-0.0009680612129159272,9.805270195007324,187.88345336914062,-351.7575988769531,1855.970703125,-0.001313273562118411,-0.005042945500463247,0.007952090352773666,0.010465724393725395
17.309999465942383,44,0.042289528995752335,0.007430638186633587,9.81045913696289,185.08642578125,-353.21636962890625,1870.6475830078125,-0.001202723360620439,-0.005042945500463247,0.005707137752324343,0.006279435008764267
17.31999969482422,44,0.03740273788571358,0.0010833730921149254,9.807353019714355,182.677978515625,-354.015869140625,1880.287353515625,-0.000613496929872781,-0.006194462534040213,0.004474812652915716,0.005756148602813482
17.329999923706055,44,0.035962000489234924,0.007365958299487829,9.813153266906738,180.6204071044922,-353.7735900878906,1888.9990234375,-0.0031822435557842255,-0.006469434592872858,0.007079754490405321,0.008372579701244831
17.34000015258789,44,0.04981134086847305,0.00024684492382220924,9.789874076843262,179.07286071777344,-354.2401123046875,1896.929443359375,-0.0058449856005609035,-0.0041394648142158985,0.007079754490405321,0.016221873462200165
17.350000381469727,44,0.06609810143709183,0.004872544202953577,9.786600112915039,178.47215270996094,-355.82977294921875,1905.5255126953125,-0.0042944783344864845,-0.004537613596767187,0.0066900234669446945,0.025641025975346565
17.360000610351562,44,0.04962242767214775,0.02936363033950329,9.812337875366211,179.19190979003906,-358.47161865234375,1916.5638427734375,-0.00331131205894053,-0.008396204560995102,0.0035587060265243053,0.035583462566137314
17.3700008392334,43,0.03742554038763046,0.030471812933683395,9.815241813659668,181.18148803710938,-362.11370849609375,1931.633056640625,-0.0003477838763501495,-0.007496933452785015,-0.00007906589598860592,0.042909473180770874
17.3799991607666,44,0.04040907695889473,0.03606447950005531,9.802740097045898,184.58349609375,-367.19366455078125,1950.189453125,0.00020608895283658057,-0.007496933452785015,0.008718926459550858,0.04918890818953514
17.389999389648438,44,0.03370155021548271,0.023316049948334694,9.79907512664795,189.11810302734375,-373.6745300292969,1970.7568359375,-0.001840490847826004,-0.006646763999015093,0.0051925466395914555,0.05337519571185112
17.399999618530273,43,0.03242800757288933,0.007365958299487829,9.808570861816406,194.59466552734375,-381.0484619140625,1993.2376708984375,-0.0016014332650229335,-0.0002943417930509895,0.009613428264856339,0.055991627275943756
17.40999984741211,43,0.020046550780534744,0.009628680534660816,9.812165260314941,200.85226440429688,-388.82891845703125,2016.95458984375,0.0017521069385111332,-0.0025536043103784323,0.010707706212997437,0.05703819915652275
17.420000076293945,43,0.010272972285747528,0.01681247353553772,9.815484046936035,207.8681640625,-396.82379150390625,2039.780029296875,-0.004072817042469978,-0.00022363460448104888,0.007212751545011997,0.05494505539536476
17.43000030517578,43,0.015006676316261292,0.016913805156946182,9.795812606811523,215.58831787109375,-404.1358947753906,2062.9248046875,0.002429436659440398,-0.003496927674859762,0.00932106003165245,0.050758764147758484
17.440000534057617,43,0.034553833305835724,0.01708844117820263,9.801173210144043,223.03306579589844,-411.54913330078125,2084.39306640625,0.0020088411401957273,-0.0069918823428452015,0.0031818815041333437,0.04604918882250786
17.450000762939453,44,0.04131672903895378,0.009021765552461147,9.81009578704834,230.20870971679688,-418.26873779296875,2103.916748046875,-0.00015277793863788247,-0.004507030360400677,0.012138123624026775,0.04343275725841522
17.459999084472656,44,0.041682615876197815,0.0030151493847370148,9.818761825561523,237.17080688476562,-424.4943542480469,2121.746826171875,-0.0015481223817914724,-0.003815951757133007,0.008833966217935085,0.040816325694322586
17.469999313354492,44,0.033090293407440186,0.010042632929980755,9.818933486938477,243.96560668945312,-431.5061340332031,2138.537109375,-0.007948804646730423,-0.002943335333839059,0.007079754490405321,0.04186289757490158
17.479999542236328,44,0.04119621962308884,0.023131711408495903,9.810393333435059,250.2484893798828,-438.25738525390625,2153.05224609375,-0.0063764117658138275,-0.00015713612083345652,0.007890361361205578,0.042909473180770874
17.489999771118164,44,0.05634298548102379,0.028466733172535896,9.798981666564941,256.5314025878906,-445.00860595703125,2167.829345703125,-0.0013000858016312122,-0.0011537706013768911,0.009055346250534058,0.03976975381374359
17.5,44,0.052516937255859375,0.023614654317498207,9.79977035522461,263.9146728515625,-450.87548828125,2184.025146484375,0.0013000860344618559,-0.002588957780972123,0.004727618768811226,0.031397175043821335
17.510000228881836,44,0.04274335876107216,0.018762575462460518,9.802552223205566,272.0871276855469,-455.2922058105469,2198.205322265625,-0.0006578291649930179,-0.005711857695132494,0.005941425915807486,0.018315019086003304
17.520000457763672,46,0.04514278098940849,0.02297540009021759,9.794571876525879,279.8610534667969,-457.9337158203125,2205.489013671875,-0.0030674845911562443,-0.00816135574132204,0.009073023684322834,0.006802720949053764
17.530000686645508,44,0.04869088903069496,0.023407679051160812,9.809796333312988,285.6203918457031,-458.3778991699219,2210.031982421875,-0.0020663607865571976,-0.005494685843586922,0.008581439964473248,-0.0031397175043821335
17.540000915527344,44,0.042326442897319794,0.02171521820127964,9.807279586791992,290.4015197753906,-458.2185363769531,2209.1171875,0.00026360867195762694,-0.003904616227373481,0.008567972108721733,-0.007326007355004549
17.549999237060547,44,0.019546037539839745,0.024943828582763672,9.800697326660156,294.8802490234375,-457.2968444824219,2206.7568359375,0.001463947119191289,-0.0043872203677892685,0.00650848587974906,-0.007849293760955334
17.559999465942383,44,0.023437228053808212,0.026498304679989815,9.797355651855469,298.442626953125,-456.0318908691406,2203.423828125,-0.0009591765119694173,-0.0017076433869078755,0.009502598084509373,-0.005232862196862698
17.56999969482422,44,0.03281234949827194,0.00629873713478446,9.785613059997559,300.7025451660156,-454.8641662597656,2199.24951171875,-0.004006318747997284,-0.006522465031594038,0.006105286534875631,0.0005232864059507847
17.579999923706055,44,0.027318648993968964,0.0012353711063042283,9.79871654510498,303.3204040527344,-453.6205139160156,2196.59033203125,0.001840490847826004,-0.00711590051651001,0.007079754490405321,0.0047095762565732
17.59000015258789,44,0.035193316638469696,0.0025828713551163673,9.798441886901855,305.8428955078125,-453.42864990234375,2196.453857421875,0.0019689982291311026,-0.004657423123717308,0.006951246876269579,0.007849293760955334
17.600000381469727,44,0.028258875012397766,0.016877153888344765,9.803093910217285,309.0641174316406,-453.2797546386719,2198.587646484375,0.002734992653131485,-0.0014284623321145773,0.006052256096154451,0.007849293760955334
17.610000610351562,44,0.013598508201539516,0.010787530802190304,9.80185317993164,312.4394836425781,-453.2982177734375,2201.396484375,-0.0030629951506853104,-0.0026069150771945715,0.009538231417536736,0.008372579701244831
17.6200008392334,44,0.040057308971881866,0.022212175652384758,9.79693603515625,315.4292297363281,-453.27056884765625,2204.453125,-0.001898010610602796,-0.007266854867339134,0.01070321723818779,0.006802720949053764
17.6299991607666,44,0.05630607157945633,0.018937211483716965,9.795849800109863,317.8376770019531,-452.1157531738281,2209.882568359375,-0.004055420868098736,-0.00417453795671463,0.007438340689986944,0.0041862898506224155
17.639999389648438,44,0.05444841831922531,0.016932131722569466,9.795849800109863,320.0425109863281,-451.04730224609375,2211.32568359375,-0.00011265430657658726,0.0014113282086327672,0.0018524745246395469,0.002616431098431349
17.649999618530273,44,0.04166850075125694,0.020850662142038345,9.819680213928223,322.009765625,-449.39154052734375,2214.944091796875,-0.0023368438705801964,-0.0006313232588581741,0.008812361396849155,0.002616431098431349
17.65999984741211,44,0.0350402295589447,0.013740173541009426,9.796646118164062,323.31512451171875,-447.6154479980469,2218.372802734375,0.0015397047391161323,-0.0022834017872810364,0.005232109222561121,0.0015698587521910667
17.670000076293945,44,0.0383245088160038,0.02431858889758587,9.819782257080078,324.02001953125,-446.1661376953125,2221.16748046875,0.0004891982534900308,-0.003448386676609516,0.006836487911641598,-0.0020931449253112078
17.68000030517578,44,0.04321129620075226,0.038874827325344086,9.80402946472168,324.62347412109375,-445.3546142578125,2224.863525390625,-0.002208336489275098,-0.003018531948328018,0.00910416804254055,-0.006279435008764267
17.690000534057617,44,0.039649076759815216,0.011486074887216091,9.821954727172852,324.5187683105469,-444.1997985839844,2226.525390625,-0.0015966632636263967,-0.0011181364534422755,0.005856689065694809,-0.010989011265337467
17.700000762939453,44,0.026174308732151985,-0.009688004851341248,9.799009323120117,323.1585998535156,-443.3999938964844,2226.681884765625,-0.00465390644967556,-0.006195584777742624,0.005418977700173855,-0.0141287287697196
17.709999084472656,44,0.020240893587470055,0.00989602506160736,9.804632186889648,321.3057861328125,-442.6893310546875,2226.2099609375,-0.003084319643676281,-0.0075095598585903645,0.007079754490405321,-0.016745159402489662
17.719999313354492,44,0.01978706568479538,0.02535346895456314,9.82339096069336,318.7286682128906,-441.8907165527344,2225.581787109375,-0.0009064265177585185,-0.005464102141559124,0.005431604105979204,-0.01726844534277916
17.729999542236328,44,0.01978706568479538,0.01755737140774727,9.80681324005127,314.928955078125,-440.8966064453125,2224.7529296875,-0.0038071039598435163,-0.006034810096025467,0.005835644900798798,-0.01726844534277916
17.739999771118164,44,0.033502861857414246,0.016932131722569466,9.819348335266113,310.8450927734375,-439.7417907714844,2221.31787109375,-0.0022167537827044725,-0.004241317044943571,0.007832281291484833,-0.017791731283068657
17.75,44,0.02495613880455494,0.021540582180023193,9.80140495300293,306.31048583984375,-438.73992919921875,2221.1259765625,-0.002430278342217207,-0.003589520463719964,0.006442548707127571,-0.019884876906871796
17.760000228881836,44,0.03402617573738098,0.003005447331815958,9.833884239196777,301.76861572265625,-437.59588623046875,2219.931884765625,-0.0061457715928554535,-0.0007376645226031542,0.009254000149667263,-0.023547880351543427
17.770000457763672,44,0.03905193880200386,0.012140421196818352,9.781909942626953,296.9378356933594,-435.934814453125,2217.045654296875,-0.0026191112119704485,-0.002588957780972123,0.006061796098947525,-0.030873887240886688
17.780000686645508,44,0.043567411601543427,0.02171521820127964,9.810290336608887,291.5644836425781,-433.5136413574219,2212.667724609375,0.0037624910473823547,-0.003120945068076253,0.012165060266852379,-0.04029304161667824
17.790000915527344,44,0.029764756560325623,0.021544894203543663,9.806063652038574,286.01458740234375,-430.49334716796875,2206.79541015625,0.000613496929872781,-0.0060392990708351135,0.01309940405189991,-0.04971219226717949
17.799999237060547,44,0.03905627876520157,0.016932131722569466,9.818634033203125,279.5954284667969,-426.08013916015625,2196.732421875,0.000613496929872781,-0.0037093297578394413,0.011987730860710144,-0.0575614869594574
17.809999465942383,44,0.039366792887449265,0.016315514221787453,9.791313171386719,271.8788146972656,-420.5111083984375,2182.506591796875,0.000613496929872781,-0.0013793599791824818,0.011987730860710144,-0.06436420977115631
17.81999969482422,44,0.043873582035303116,0.007365958299487829,9.796614646911621,263.55889892578125,-414.18878173828125,2165.546875,-0.004011649638414383,-0.0025182506069540977,0.010831443592905998,-0.07012035697698593
17.829999923706055,45,0.0434240996837616,0.007812249939888716,9.806902885437012,255.0443878173828,-407.06048583984375,2146.4794921875,-0.001011645537801087,-0.0014946801820769906,0.009666458703577518,-0.0753532201051712
17.84000015258789,45,0.03853730857372284,0.01163376122713089,9.820611953735352,246.03890991210938,-398.26611328125,2124.2080078125,-0.0026780341286212206,-0.001361963921226561,0.009533742442727089,-0.08215594291687012
17.850000381469727,45,0.0324736088514328,0.00911878701299429,9.821385383605957,237.23947143554688,-389.29693603515625,2097.684814453125,-0.0030674845911562443,-0.0003917044377885759,0.006622964050620794,-0.09157509356737137
17.860000610351562,45,0.01978706568479538,0.02040868252515793,9.797836303710938,228.2864990234375,-378.8605651855469,2068.10302734375,-0.003975735045969486,0.002589781302958727,0.006761011201888323,-0.10256410390138626
17.8700008392334,45,0.02269677445292473,0.00998226460069418,9.810393333435059,218.9037322998047,-367.11126708984375,2032.959228515625,-0.0026019958313554525,0.000161046176799573,0.00369478901848197,-0.1130298301577568
17.8799991607666,45,0.038259364664554596,0.0001735409168759361,9.809591293334961,209.10659790039062,-354.362060546875,1992.365234375,0.0012964383931830525,0.00020650067017413676,0.006877173203974962,-0.12244898080825806
17.889999389648438,45,0.035105373710393906,0.009568313136696815,9.805545806884766,199.0682373046875,-341.01300048828125,1948.5023193359375,-0.0005436314968392253,-0.0003524226776789874,0.008089295588433743,-0.13029827177524567
17.899999618530273,45,0.03624862805008888,0.000587493006605655,9.806488037109375,187.1307373046875,-327.15521240234375,1897.97607421875,-0.005048127379268408,-0.0059834630228579044,0.005099112167954445,-0.13605442643165588
17.90999984741211,45,0.024604368954896927,0.01813841424882412,9.80634593963623,174.598876953125,-313.4414978027344,1843.4068603515625,-0.00435564573854208,-0.01174553669989109,0.0051933880895376205,-0.13971742987632751
17.920000076293945,45,0.025679223239421844,0.03657868504524231,9.79316520690918,161.38531494140625,-299.7101745605469,1785.4683837890625,-0.001304294797591865,-0.008269942365586758,0.004934970289468765,-0.14128728210926056
17.93000030517578,45,0.028277331963181496,0.020579006522893906,9.803000450134277,147.9154510498047,-285.9108581542969,1724.7613525390625,-0.002984431805089116,-0.0023103379644453526,0.004542713984847069,-0.1418105661869049
17.940000534057617,45,0.028245845809578896,0.014521723613142967,9.810393333435059,134.7661895751953,-272.13861083984375,1661.8375244140625,-0.0050997547805309296,-0.004228129517287016,0.008306748233735561,-0.14128728210926056
17.950000762939453,45,0.04418952390551567,0.011188546195626259,9.80781078338623,121.99095916748047,-259.0802917480469,1596.2421875,-0.001140153151936829,-0.004692776594310999,0.007956579327583313,-0.14128728210926056
17.959999084472656,45,0.05156150832772255,0.02171521820127964,9.802059173583984,108.39356231689453,-246.25448608398438,1531.7100830078125,-0.0005391421727836132,-0.003815951757133007,0.008520553819835186,-0.13867084681987762
17.969999313354492,45,0.03850582614541054,0.02595175988972187,9.80411434173584,94.74269104003906,-233.1227569580078,1465.2135009765625,-0.0031637249048799276,-0.004494403954595327,0.011857819743454456,-0.135007843375206
17.979999542236328,45,0.04719911888241768,0.033102136105298996,9.799196243286133,81.0453109741211,-219.5830535888672,1398.182861328125,0.0008556409738957882,-0.007496933452785015,0.005524477455765009,-0.12977498769760132
17.989999771118164,45,0.043873582035303116,0.021847812458872795,9.800562858581543,67.3288345336914,-205.6953125,1332.2188720703125,-0.00541933998465538,-0.007496933452785015,0.0033987730275839567,-0.12244898080825806
18,45,0.0389813631772995,0.012149045243859291,9.80875301361084,54.13474655151367,-191.6598663330078,1266.62353515625,-0.0042944783344864845,-0.007055575028061867,0.0035191436763852835,-0.11250653862953186
18.010000228881836,45,0.03112189657986164,0.012149045243859291,9.808967590332031,42.70100784301758,-178.8688507080078,1205.9952392578125,-0.0042944783344864845,0.005759257823228836,0.007014097645878792,-0.10204081982374191
18.020000457763672,45,0.032469265162944794,0.013906185515224934,9.817022323608398,31.684709548950195,-166.9113311767578,1149.7476806640625,-0.005437578074634075,-0.0031447948422282934,0.004793556407094002,-0.09105180203914642
18.030000686645508,45,0.03126087039709091,0.016932131722569466,9.816387176513672,22.156888961791992,-155.60459899902344,1096.6229248046875,-0.0011971117928624153,-0.001653771148994565,0.01111230906099081,-0.07953950762748718
18.040000915527344,45,0.03233029320836067,0.015037007629871368,9.806551933288574,14.704536437988281,-145.08705139160156,1046.6292724609375,-0.000613496929872781,0.001695279497653246,0.010968649759888649,-0.07012035697698593
18.049999237060547,45,0.025465339422225952,0.012149045243859291,9.798707008361816,8.94521427154541,-135.93736267089844,1001.7539672851562,-0.0015705691184848547,0.002319017658010125,0.008846592158079147,-0.06331763416528702
18.059999465942383,45,0.01978706568479538,0.008082828484475613,9.799971580505371,3.602858781814575,-127.58353424072266,964.7102661132812,0.0008446981664747,0.0005288916872814298,0.005621559452265501,-0.058084771037101746
18.06999969482422,45,0.026138480752706528,0.006787072401493788,9.797022819519043,-0.30346477031707764,-119.09814453125,927.6177368164062,0.0010074368910863996,-0.0034671856556087732,0.00545882061123848,-0.054421767592430115
18.079999923706055,45,0.03861222416162491,0.007806860376149416,9.79495620727539,-2.9875617027282715,-111.27149963378906,892.3646850585938,-0.0009285927517339587,-0.001958766020834446,0.005852760747075081,-0.05180533602833748
18.09000015258789,45,0.043873582035303116,0.011543208733201027,9.803275108337402,-4.885527610778809,-104.30928039550781,859.0821533203125,-0.001840490847826004,-0.0015530416276305914,0.004434688948094845,-0.04971219226717949
18.100000381469727,45,0.039222393184900284,0.01709706522524357,9.812399864196777,-6.5251359939575195,-97.9184341430664,826.5376586914062,0.00010058937186840922,-0.002588957780972123,0.004045799840241671,-0.04814233258366585
18.110000610351562,45,0.0414242185652256,0.019283249974250793,9.815296173095703,-7.5722856521606445,-91.61136627197266,794.5155639648438,0.0006704555125907063,-0.003173975506797433,0.007550855632871389,-0.046572476625442505
18.1200008392334,45,0.03883262351155281,0.014263002201914787,9.803065299987793,-9.308389663696289,-86.76543426513672,763.2224731445312,-0.0011365055106580257,-0.004338960163295269,0.010237728245556355,-0.04395604506134987
18.1299991607666,45,0.03702382743358612,0.010131028480827808,9.805797576904297,-10.516189575195312,-82.18278503417969,733.9756469726562,-0.0023014903999865055,-0.005042945500463247,0.008611743338406086,-0.04238618537783623
18.139999389648438,45,0.038666509091854095,0.01434708759188652,9.810393333435059,-11.471099853515625,-77.81451416015625,706.4054565429688,-0.0022695036605000496,-0.005840926431119442,0.0062817735597491264,-0.04029304161667824
18.149999618530273,45,0.03156595304608345,0.012149045243859291,9.81308364868164,-12.795144081115723,-74.0007095336914,679.4540405273438,-0.001961422385647893,-0.005475045181810856,0.003951804246753454,-0.03819989413022995
18.15999984741211,45,0.03216417878866196,0.009426016360521317,9.809721946716309,-13.842293739318848,-70.89158630371094,652.3073120117188,-0.005796445067971945,-0.0015098316362127662,0.0032716684509068727,-0.03663003817200661
18.170000076293945,45,0.028614988550543785,0.010157979093492031,9.808375358581543,-14.056365013122559,-68.17508697509766,626.923583984375,-0.006748466286808252,-0.007121792528778315,0.006866791285574436,-0.035583462566137314
18.18000030517578,45,0.02748584747314453,0.01787107065320015,9.810393333435059,-14.433067321777344,-65.1063461303711,602.562744140625,-0.005993695463985205,-0.010876006446778774,0.005701806396245956,-0.03453689068555832
18.190000534057617,45,0.023519743233919144,0.009995200671255589,9.82524299621582,-14.696066856384277,-61.85640335083008,578.72119140625,-0.000613496929872781,-0.007923420518636703,0.004358931444585323,-0.032967034727334976
18.200000762939453,45,0.013746164739131927,0.017577853053808212,9.81031608581543,-14.685660362243652,-58.80245590209961,555.4684448242188,-0.0007481772336177528,0.0021843372378498316,0.0010255934903398156,-0.031397175043821335
18.209999084472656,45,0.028692074120044708,0.014226351864635944,9.795849800109863,-15.104519844055176,-56.403995513916016,534.3050537109375,-0.006573101039975882,-0.0036405865103006363,0.004520548041909933,-0.029827315360307693
18.219999313354492,45,0.03589685633778572,0.016776898875832558,9.82128620147705,-15.028334617614746,-54.593467712402344,512.7225952148438,-0.0033587308134883642,-0.00042621628381311893,0.012535149231553078,-0.027210883796215057
18.229999542236328,44,0.04069678857922554,0.028127163648605347,9.81838607788086,-15.146944046020508,-52.816829681396484,492.06121826171875,-0.004135387018322945,-0.004406581167131662,0.011078919284045696,-0.025641025975346565
18.239999771118164,45,0.043873582035303116,0.02145649865269661,9.807074546813965,-15.505996704101562,-51.20942687988281,473.6841125488281,-0.0032885847613215446,-0.006048839073628187,0.011766630224883556,-0.02302459441125393
18.25,45,0.037137825042009354,0.013588175177574158,9.805545806884766,-15.624665260314941,-49.873985290527344,457.4764099121094,-0.0011797153856605291,-0.008157708682119846,0.008212191984057426,-0.020408162847161293
18.260000228881836,45,0.0445510670542717,0.015561993233859539,9.809004783630371,-14.479453086853027,-48.813018798828125,441.53955078125,-0.0032591235358268023,-0.005196425132453442,0.012371008284389973,-0.0188383050262928
18.270000457763672,44,0.03817033767700195,0.020414071157574654,9.8209810256958,-14.270023345947266,-48.45769119262695,428.2431945800781,-0.00019514607265591621,-0.005455684382468462,0.013621851801872253,-0.017791731283068657
18.280000686645508,44,0.04854431748390198,0.011062420904636383,9.82493782043457,-13.575274467468262,-47.210330963134766,415.8883056640625,-0.0011909387540072203,-0.007027796935290098,0.013214724138379097,-0.016745159402489662
18.290000915527344,44,0.042570728808641434,0.007365958299487829,9.799254417419434,-12.624916076660156,-45.8435173034668,403.6319885253906,-0.0023716362193226814,-0.00819278135895729,0.011823027394711971,-0.016221873462200165
18.299999237060547,44,0.031625665724277496,0.025810541585087776,9.805956840515137,-11.609517097473145,-44.38438415527344,391.5580139160156,0.00006102702172938734,-0.0068224091082811356,0.007591539993882179,-0.016221873462200165
18.309999465942383,44,0.03699125349521637,0.03128139302134514,9.791349411010742,-10.652714729309082,-42.484928131103516,380.3701171875,-0.002162320539355278,-0.005614775698632002,0.004053936805576086,-0.015698587521910667
18.31999969482422,44,0.03520200029015541,0.027454491704702377,9.797789573669434,-9.500849723815918,-41.33011245727539,370.7302551269531,-0.004709181841462851,-0.004230654798448086,0.005438057240098715,-0.015175300650298595
18.329999923706055,44,0.04208650067448616,0.010914734564721584,9.812543869018555,-8.523648262023926,-39.953041076660156,359.4270324707031,-0.0031839271541684866,-0.003153212135657668,0.007411124184727669,-0.015175300650298595
18.34000015258789,43,0.039880335330963135,0.01926061138510704,9.799166679382324,-7.769505500793457,-38.5849723815918,348.9881591796875,-0.005135669372975826,-0.005112530197948217,0.007010169792920351,-0.0141287287697196
18.350000381469727,43,0.03905627876520157,0.005579711869359016,9.799938201904297,-6.950233459472656,-37.09048080444336,339.671630859375,-0.002351714763790369,-0.002588957780972123,0.010505123995244503,-0.0141287287697196
18.360000610351562,43,0.04732071980834007,0.023097213357686996,9.804856300354004,-5.921029090881348,-35.42945861816406,330.8172302246094,0.002282130066305399,-0.0031125275418162346,0.013214724138379097,-0.013082155957818031
18.3700008392334,43,0.040287476032972336,0.009810863062739372,9.805545806884766,-5.711599349975586,-34.5411376953125,321.2881774902344,0.00018560631724540144,-0.0046433936804533005,0.012815172784030437,-0.013082155957818031
18.3799991607666,43,0.013429136015474796,0.007365958299487829,9.805545806884766,-4.8457350730896,-33.3346061706543,313.6444396972656,0.004018944688141346,-0.002451190957799554,0.010760736651718616,-0.013605441898107529
18.389999389648438,43,0.040537189692258835,-0.0012537314323708415,9.809913635253906,-3.9725091457366943,-32.09095764160156,304.023681640625,0.0017647331114858389,-0.0015892370138317347,0.010457705706357956,-0.013082155957818031
18.399999618530273,43,0.02623293735086918,0.024072803556919098,9.814831733703613,-3.313354730606079,-31.07453155517578,295.0235595703125,0.0006272455211728811,-0.005042945500463247,0.005894006695598364,-0.013605441898107529
18.40999984741211,42,0.03356366232037544,0.017602648586034775,9.815241813659668,-2.8543472290039062,-30.244670867919922,287.5894470214844,0.001792230410501361,-0.005042945500463247,0.009388960897922516,-0.013082155957818031
18.420000076293945,43,0.020591577515006065,0.021448953077197075,9.8335542678833,-2.226057529449463,-28.91219139099121,276.841552734375,-0.0015096822753548622,-0.005042945500463247,0.01065046712756157,-0.013082155957818031
18.43000030517578,42,0.0382615365087986,0.02171521820127964,9.792800903320312,-1.998652696609497,-28.174848556518555,268.9569396972656,-0.002895205980166793,-0.002933515002951026,0.003377729095518589,-0.013605441898107529
18.440000534057617,42,0.05312059447169304,0.02171521820127964,9.814591407775879,-1.6379152536392212,-27.33583641052246,259.1193542480469,-0.0020747785456478596,-0.00655978312715888,0.009120723232626915,-0.013605441898107529
18.450000762939453,42,0.048711515963077545,0.02171521820127964,9.815232276916504,-1.3212279081344604,-26.750879287719727,250.64451599121094,-0.001840490847826004,-0.0037741444539278746,0.011691434308886528,-0.013605441898107529
18.459999084472656,42,0.029659442603588104,0.021479137241840363,9.810552597045898,-1.1648354530334473,-26.619361877441406,243.738037109375,-0.000971802684944123,-0.005195022094994783,0.010250354185700417,-0.013082155957818031
18.469999313354492,42,0.04372483864426613,0.007513644639402628,9.819340705871582,-1.16288423538208,-26.872615814208984,234.7898406982422,-0.003033533925190568,-0.0119166923686862,0.006307026371359825,-0.013605441898107529
18.479999542236328,42,0.03905627876520157,0.011715689674019814,9.79628849029541,-1.0581692457199097,-26.428457260131836,227.25521850585938,-0.002060468541458249,-0.011135546490550041,0.0023917569778859615,-0.013082155957818031
18.489999771118164,42,0.03905627876520157,0.0031542114447802305,9.805835723876953,-1.3639476299285889,-26.262880325317383,219.11251831054688,-0.002661479637026787,-0.007358605042099953,0.005040750373154879,-0.013082155957818031
18.5,42,0.03869907930493355,0.011794382706284523,9.810393333435059,-1.3800894021987915,-26.027633666992188,210.9849090576172,-0.004915130324661732,-0.0050286357291042805,0.008306748233735561,-0.013605441898107529
18.510000228881836,42,0.03338560461997986,0.007789612282067537,9.809104919433594,-1.2966899871826172,-25.70026969909668,202.90245056152344,-0.00775604322552681,-0.0054918802343308926,0.00886539090424776,-0.013082155957818031
18.520000457763672,41,0.026589050889015198,0.012149045243859291,9.798346519470215,-1.698757529258728,-25.455141067504883,194.61888122558594,-0.010429447516798973,-0.006503665819764137,0.008540474809706211,-0.012558870017528534
18.530000686645508,41,0.04274226725101471,0.013272320851683617,9.818381309509277,-1.9081875085830688,-25.455141067504883,186.6410675048828,-0.00825632456690073,-0.005477569997310638,0.005341256037354469,-0.012035583145916462
18.540000915527344,41,0.034874118864536285,0.019823327660560608,9.804906845092773,-1.763443112373352,-25.079572677612305,178.66323852539062,-0.003921862691640854,-0.006642554886639118,0.004407472442835569,-0.010989011265337467
18.549999237060547,41,0.03835165128111839,0.007365958299487829,9.79927921295166,-1.6819653511047363,-24.79823112487793,170.82081604003906,-0.003378091147169471,-0.007186326663941145,0.008291316218674183,-0.010989011265337467
18.559999465942383,41,0.03733542561531067,0.010440414771437645,9.79411792755127,-1.5637397766113281,-24.5537052154541,163.89859008789062,-0.003548686159774661,-0.005275549367070198,0.005371559411287308,-0.010989011265337467
18.56999969482422,41,0.04760300740599632,0.025660699233412743,9.809544563293457,-1.264435887336731,-24.210966110229492,158.23280334472656,-0.00042690857662819326,-0.001361963921226561,0.007373806554824114,-0.010465724393725395
18.579999923706055,41,0.023439399898052216,0.01899542473256588,9.80830192565918,-1.0550059080123901,-23.944469451904297,151.80624389648438,0.00011517973325680941,-0.001361963921226561,0.0027946755290031433,-0.010465724393725395
18.59000015258789,40,0.04200398921966553,0.01029272936284542,9.817122459411621,-0.8455759882926941,-23.355649948120117,145.58067321777344,-0.004357048776000738,-0.0014871044550091028,0.008557029068470001,-0.009942438453435898
18.600000381469727,40,0.049299973994493484,0.018581470474600792,9.806604385375977,-1.340355634689331,-22.91304588317871,138.5560302734375,-0.005519228056073189,-0.0038148295134305954,0.013214162550866604,-0.009942438453435898
18.610000610351562,40,0.03199589625000954,0.008479532785713673,9.812650680541992,-1.4902737140655518,-22.55771827697754,132.39373779296875,-0.0008592886733822525,-0.001484859618358314,0.012049178592860699,-0.0094191525131464
18.6200008392334,40,0.028177445754408836,0.01096647884696722,9.81649398803711,-0.9275563955307007,-22.1843318939209,127.64810180664062,-0.0017170339124277234,-0.004672574810683727,0.01419480424374342,-0.008895865641534328
18.6299991607666,40,0.03905627876520157,0.007365958299487829,9.804276466369629,-1.032271385192871,-21.74017333984375,122.10795593261719,-0.001840490847826004,-0.005042945500463247,0.006109494715929031,-0.008895865641534328
18.639999389648438,40,0.03772628307342529,0.007365958299487829,9.807389259338379,-0.629819393157959,-21.12391471862793,117.64110565185547,-0.004779047332704067,-0.0011248703813180327,0.0016872106352820992,-0.008372579701244831
18.649999618530273,40,0.03843742609024048,0.010145043022930622,9.816487312316895,-0.595288872718811,-20.958539962768555,114.18499755859375,-0.001851433771662414,-0.003805008949711919,0.004614823963493109,-0.008372579701244831
18.65999984741211,39,0.04575295001268387,0.019849199801683426,9.804719924926758,-0.7000038623809814,-20.869808197021484,109.80972290039062,-0.004891000222414732,-0.005042945500463247,0.012696766294538975,-0.007849293760955334
18.670000076293945,39,0.04367164149880409,0.023443253710865974,9.820292472839355,-0.6660646200180054,-20.739194869995117,104.7162857055664,-0.0051614828407764435,-0.0042494540102779865,0.011701254174113274,-0.007326007355004549
18.68000030517578,39,0.05029231309890747,0.023318205028772354,9.813629150390625,-0.26934805512428284,-20.72846031188965,101.14380645751953,-0.002100030891597271,-0.0030844691209495068,0.008802259340882301,-0.007326007355004549
18.690000534057617,39,0.048905856907367706,0.031067946925759315,9.818401336669922,-0.5834929347038269,-20.373130798339844,96.71168518066406,-0.000613496929872781,-0.003927904646843672,0.006298328284174204,-0.006802720949053764
18.700000762939453,39,0.04435021057724953,0.013042706996202469,9.813483238220215,-0.4810839593410492,-19.735107421875,94.21896362304688,-0.006080676335841417,-0.007472802884876728,0.004018302541226149,-0.006802720949053764
18.709999084472656,39,0.017970670014619827,0.012227739207446575,9.815876960754395,-0.27165403962135315,-19.323450088500977,92.03803253173828,-0.007838254794478416,-0.009405465796589851,0.005580593831837177,-0.006802720949053764
18.719999313354492,39,0.016855644062161446,0.032319508492946625,9.809754371643066,-0.438157320022583,-19.029817581176758,90.0004653930664,-0.0045178234577178955,-0.0077570341527462006,0.007339855656027794,-0.006279435008764267
18.729999542236328,38,0.023697800934314728,0.026498304679989815,9.795992851257324,-1.2652932405471802,-18.586484909057617,88.38719177246094,-0.007169903255999088,-0.007534250617027283,0.0041670119389891624,-0.006279435008764267
18.739999771118164,38,0.025371968746185303,0.016445953398942947,9.808355331420898,-0.951148271560669,-19.0306453704834,85.06310272216797,-0.006178319454193115,-0.006716067902743816,0.0009447852498851717,-0.006279435008764267
18.75,38,0.03235309571027756,0.008821258321404457,9.80133056640625,-0.906270444393158,-18.865671157836914,83.06864929199219,-0.0024353289045393467,-0.0012873285450041294,0.0015396233648061752,-0.005756148602813482
18.760000228881836,39,0.04869088903069496,0.006189859937876463,9.798027038574219,-0.7758941054344177,-18.70977783203125,81.36477661132812,-0.00382365845143795,-0.007311467081308365,0.003634182969108224,-0.006279435008764267
18.770000457763672,38,0.05092419683933258,0.0018864832818508148,9.805192947387695,-0.7289468050003052,-18.724323272705078,79.18694305419922,-0.002360693644732237,-0.0011885629501193762,0.00531937088817358,-0.006802720949053764
18.780000686645508,38,0.04890260100364685,0.009862606413662434,9.803441047668457,-0.9223235845565796,-18.8747501373291,76.60293579101562,-0.005298689007759094,-0.0004691456269938499,0.00942235067486763,-0.006802720949053764
18.790000915527344,39,0.048618145287036896,0.009721389040350914,9.795849800109863,-1.02703857421875,-18.8747501373291,76.2705307006836,-0.003116867272183299,-0.0040134829469025135,0.008207982406020164,-0.006802720949053764
18.799999237060547,38,0.043741125613451004,0.014573467895388603,9.803221702575684,-0.5545499920845032,-18.385095596313477,74.81838989257812,-0.004281851928681135,-0.008673422038555145,0.005878013093024492,-0.006802720949053764
18.809999465942383,38,0.039261478930711746,0.024412374943494797,9.805338859558105,-1.0338382720947266,-18.338247299194336,72.4333724975586,-0.0019897616002708673,-0.011028644628822803,0.00354804378002882,-0.006802720949053764
18.81999969482422,39,0.04129284620285034,0.026156580075621605,9.81108570098877,-1.646813988685608,-18.39613151550293,70.11151123046875,-0.000750141276512295,-0.004635818302631378,0.004489122424274683,-0.006802720949053764
18.829999923706055,39,0.036406055092811584,0.024346616119146347,9.796085357666016,-1.9462361335754395,-18.250041961669922,68.10060119628906,-0.000613496929872781,0.0002974097733385861,0.0025690861511975527,-0.006802720949053764
18.84000015258789,39,0.031519267708063126,0.01839713379740715,9.798354148864746,-2.574525833129883,-17.89471435546875,65.21971893310547,-0.0015798283275216818,0.00012569247337523848,0.007969766855239868,-0.006279435008764267
18.850000381469727,38,0.03221086785197258,0.017687810584902763,9.815241813659668,-2.894879102706909,-18.1489200592041,64.18527221679688,-0.0009361685370095074,-0.0037522590719163418,0.00682077556848526,-0.006802720949053764
18.860000610351562,38,0.028521617874503136,0.010361720807850361,9.806611061096191,-3.6774919033050537,-17.951770782470703,62.60972213745117,-0.0022981232032179832,-0.003358319168910384,0.008379700593650341,-0.006802720949053764
18.8700008392334,39,0.024604368954896927,0.01130497083067894,9.812484741210938,-4.031311511993408,-18.23196029663086,60.83687210083008,-0.0022871806286275387,-0.0018086537020280957,0.011094351299107075,-0.006802720949053764
18.8799991607666,38,0.027602018788456917,0.008003056049346924,9.817072868347168,-4.053425312042236,-18.65377426147461,59.03339767456055,-0.001122195739299059,-0.002798554254695773,0.006959665101021528,-0.006802720949053764
18.889999389648438,44,0.029421672224998474,0.0025828713551163673,9.815241813659668,-4.672964096069336,-17.861709594726562,56.98770523071289,-0.000613496929872781,-0.005784809589385986,0.00536763109266758,-0.007326007355004549
18.899999618530273,38,0.0356949158012867,0.0025828713551163673,9.818398475646973,-5.091824054718018,-17.239885330200195,51.22594451904297,-0.0035848815459758043,-0.004525548778474331,0.008268308825790882,-0.007326007355004549
18.90999984741211,39,0.045468494296073914,0.012132874689996243,9.810410499572754,-5.1725921630859375,-17.119979858398438,50.11491012573242,-0.006748466286808252,-0.001361963921226561,0.009533742442727089,-0.006802720949053764
18.920000076293945,38,0.051966480910778046,0.010427478700876236,9.808841705322266,-5.232547760009766,-17.06911849975586,49.29017639160156,-0.006278207525610924,-0.003242999082431197,0.00671218940988183,-0.006802720949053764
18.93000030517578,39,0.05016311630606651,0.007365958299487829,9.800294876098633,-5.443426132202148,-16.770145416259766,47.550174713134766,-0.004296723287552595,-0.0058616893365979195,0.0013552795862779021,-0.006802720949053764
18.940000534057617,39,0.04527632147073746,0.003975647501647472,9.795849800109863,-5.8406453132629395,-16.11456298828125,45.12026596069336,-0.001840490847826004,-0.006774148903787136,0.0011027540313079953,-0.006802720949053764
18.950000762939453,38,0.040389534085989,0.01642008125782013,9.795849800109863,-6.050075054168701,-15.936899185180664,41.796173095703125,-0.001840490847826004,-0.010325220413506031,0.005478461738675833,-0.006802720949053764
18.959999084472656,39,0.042609814554452896,0.014658629894256592,9.806577682495117,-6.532408237457275,-15.527725219726562,39.24213409423828,-0.0009516007266938686,-0.00660804333165288,0.007862303406000137,-0.006802720949053764
18.969999313354492,39,0.04749660566449165,0.022940903902053833,9.810393333435059,-6.524781227111816,-15.139893531799316,36.31264114379883,0.0016255633672699332,-0.0022685308940708637,0.005532333627343178,-0.006802720949053764
18.979999542236328,39,0.026535851880908012,0.019165748730301857,9.79552936553955,-6.50346565246582,-14.855541229248047,33.763328552246094,-0.007680846843868494,-0.000036765672120964155,0.0033987730275839567,-0.006279435008764267
18.989999771118164,39,0.03483503311872482,-0.0017442216631025076,9.783429145812988,-6.853264331817627,-14.677876472473145,32.12074279785156,-0.004258282948285341,0.0010196331422775984,0.0035797497257590294,-0.006802720949053764
19,38,0.035224802792072296,0.012038011103868484,9.812152862548828,-6.853264331817627,-14.500212669372559,30.01548194885254,-0.003093298291787505,-0.0013103365199640393,0.009404673241078854,-0.006279435008764267
19.010000228881836,38,0.01863512583076954,0.028551897034049034,9.820089340209961,-7.340327739715576,-13.991999626159668,26.673309326171875,-0.0076241688802838326,-0.004779477138072252,0.014090427197515965,-0.006279435008764267
19.020000457763672,39,0.02291065827012062,0.015512405894696712,9.80810260772705,-7.64536714553833,-13.459007263183594,24.70294189453125,-0.007975460030138493,-0.007197269704192877,0.010133069939911366,-0.005756148602813482
19.030000686645508,38,0.020564435049891472,0.020171521231532097,9.821808815002441,-7.806519985198975,-13.089835166931152,22.86246109008789,-0.003914848435670137,-0.002421168377622962,0.006488283630460501,-0.006279435008764267
19.040000915527344,38,0.028005903586745262,0.009474527090787888,9.791852951049805,-7.982365131378174,-12.871943473815918,20.424793243408203,-0.00020805306849069893,-0.0023151077330112457,0.006805904675275087,-0.006279435008764267
19.049999237060547,38,0.029421672224998474,0.011515181511640549,9.7987699508667,-8.401225090026855,-12.516615867614746,17.98712730407715,-0.0011687726946547627,-0.006153497379273176,0.007079754490405321,-0.006279435008764267
19.059999465942383,37,0.046415235847234726,0.012149045243859291,9.81352424621582,-8.0930814743042,-12.24939250946045,15.329668045043945,-0.003498742124065757,-0.006667807698249817,0.008738006465137005,-0.005756148602813482
19.06999969482422,38,0.05732664093375206,0.012149045243859291,9.797860145568848,-7.858226776123047,-11.982895851135254,13.08989429473877,-0.005061595235019922,-0.007037056144326925,0.007999508641660213,-0.005756148602813482
19.079999923706055,38,0.06271285563707352,0.020861441269516945,9.822341918945312,-7.867687225341797,-11.623555183410645,11.505773544311523,-0.001290826709009707,-0.009612256661057472,0.007784862071275711,-0.005756148602813482
19.09000015258789,37,0.05422910675406456,0.02171521820127964,9.815967559814453,-8.046961784362793,-11.358464241027832,10.110568046569824,-0.00008880483801476657,-0.009891717694699764,0.008306748233735561,-0.005756148602813482
19.100000381469727,37,0.03992919251322746,0.026209400966763496,9.824352264404297,-8.129326820373535,-11.498207092285156,7.981660842895508,-0.001840490847826004,-0.007561747916042805,0.007144569419324398,-0.005756148602813482
19.110000610351562,37,0.03905627876520157,0.021935129538178444,9.78331184387207,-7.815182209014893,-10.965214729309082,5.433191299438477,-0.0008023300324566662,-0.005750858690589666,0.004814600106328726,-0.005756148602813482
19.1200008392334,37,0.03905627876520157,0.012450885027647018,9.814170837402344,-7.329566955566406,-10.941339492797852,4.699112892150879,-0.001671859878115356,-0.005042945500463247,0.004312915727496147,-0.005756148602813482
19.1299991607666,36,0.03432149067521095,0.016850203275680542,9.796181678771973,-7.1118292808532715,-10.822612762451172,3.654742479324341,-0.003546161111444235,-0.00306763406842947,0.007433009799569845,-0.005756148602813482
19.139999389648438,36,0.03406960144639015,0.021758336573839188,9.80557632446289,-7.185029029846191,-10.587165832519531,1.8324047327041626,-0.0007187159499153495,0.001092023798264563,0.012092949822545052,-0.005232862196862698
19.149999618530273,36,0.01978706568479538,0.026498304679989815,9.810266494750977,-7.262102127075195,-10.399293899536133,-0.16342656314373016,-0.003752390155568719,0.001092023798264563,0.012958270497620106,-0.005232862196862698
19.15999984741211,36,0.02056877873837948,0.02630426362156868,9.805938720703125,-6.319667339324951,-10.132798194885254,0.3905886709690094,-0.0024675962049514055,0.0008829887374304235,0.004025878384709358,-0.005232862196862698
19.170000076293945,36,0.038791365921497345,0.02145218662917614,9.813909530639648,-6.022491931915283,-10.335491180419922,-1.6889548301696777,-0.005227420479059219,0.00015908195928204805,0.00752083258703351,-0.0047095762565732
19.18000030517578,36,0.03390457481145859,0.01593605801463127,9.792010307312012,-6.286348819732666,-10.257844924926758,-2.9103848934173584,-0.0032375184819102287,0.001893932931125164,0.010165617801249027,-0.005756148602813482
19.190000534057617,36,0.029421672224998474,0.0033849035389721394,9.803919792175293,-6.594699382781982,-10.027864456176758,-3.3277575969696045,-0.005521472543478012,-0.0038849753327667713,0.002217794768512249,-0.0047095762565732
19.200000762939453,36,0.0313151553273201,0.01261905301362276,9.788535118103027,-6.539267063140869,-9.95992374420166,-3.5298120975494385,-0.005521472543478012,-0.007379930000752211,0.0045477645471692085,-0.005232862196862698
19.209999084472656,36,0.04706231877207756,0.017471130937337875,9.808753967285156,-6.225122451782227,-10.404084205627441,-3.640615224838257,-0.003269504988566041,-0.005244966130703688,0.005751750431954861,-0.005232862196862698
19.219999313354492,36,0.03546365723013878,0.021107224747538567,9.797698020935059,-6.305476665496826,-10.513581275939941,-4.168853282928467,-0.0051954337395727634,-0.0071708946488797665,0.012236608192324638,-0.0047095762565732
19.229999542236328,36,0.04319175332784653,0.018963085487484932,9.809706687927246,-6.484249114990234,-10.4139404296875,-4.409416675567627,-0.007525403518229723,-0.005493002478033304,0.011210793629288673,-0.005232862196862698
19.239999771118164,36,0.03980759158730507,0.029043463990092278,9.804789543151855,-6.297760486602783,-10.194293022155762,-5.358093738555908,-0.004215634427964687,-0.007862814702093601,0.0032410845160484314,-0.0047095762565732
19.25,36,0.04223198816180229,0.016932131722569466,9.80317497253418,-5.868849277496338,-9.948939323425293,-6.925290584564209,-0.001311589847318828,-0.006968032103031874,0.0035786274820566177,-0.0047095762565732
19.260000228881836,36,0.03780011087656021,0.016048172488808632,9.812553405761719,-6.075795650482178,-9.772780418395996,-7.477804183959961,0.0010183796985074878,-0.0013743096496909857,0.006257643457502127,-0.0047095762565732
19.270000457763672,36,0.049669113010168076,0.012149045243859291,9.799731254577637,-5.552220821380615,-10.039276123046875,-7.588607311248779,-0.0004212968924548477,-0.002677622251212597,0.007833683863282204,-0.0047095762565732
19.280000686645508,36,0.03218046575784683,0.014192933216691017,9.799993515014648,-5.592161655426025,-10.100896835327148,-7.188314914703369,-0.003916251473128796,-0.005734865553677082,0.008306748233735561,-0.0047095762565732
19.290000915527344,36,0.02680184878408909,0.018442409113049507,9.814135551452637,-5.577852725982666,-10.148346900939941,-6.575112819671631,-0.0030018282122910023,-0.005640028044581413,0.011456304229795933,-0.0047095762565732
19.299999237060547,36,0.03423897549510002,0.013165599666535854,9.811569213867188,-5.493891716003418,-10.290397644042969,-6.275393962860107,-0.0011813989840447903,-0.005610847380012274,0.014441718347370625,-0.0047095762565732
19.309999465942383,37,0.03423897549510002,0.02513679303228855,9.813996315002441,-5.66252326965332,-10.539588928222656,-6.7502641677856445,-0.001840490847826004,-0.0072817252948880196,0.013429932296276093,-0.0047095762565732
19.31999969482422,37,0.02639579400420189,0.0060680462047457695,9.809078216552734,-5.243663311004639,-10.539588928222656,-6.085445880889893,-0.001840490847826004,-0.008280043490231037,0.011099962517619133,-0.0047095762565732
19.329999923706055,37,0.008088520728051662,0.003949775360524654,9.805545806884766,-5.1725921630859375,-10.613348007202148,-5.6046319007873535,-0.003367990255355835,-0.005969434045255184,0.009151867590844631,-0.0047095762565732
19.34000015258789,37,0.020754436030983925,0.008801854215562344,9.807001113891602,-5.54686975479126,-10.649262428283691,-5.227426052093506,-0.005469003226608038,-0.003548555076122284,0.007986882701516151,-0.0047095762565732
19.350000381469727,37,0.0327233225107193,0.01666370965540409,9.810393333435059,-5.834850788116455,-10.649262428283691,-5.015048503875732,-0.0015826341696083546,-0.00498065585270524,0.007337611168622971,-0.0047095762565732
19.360000610351562,37,0.03734736889600754,0.026498304679989815,9.811988830566406,-5.4942169189453125,-10.671733856201172,-5.015048503875732,-0.001396887470036745,-0.0005266653606668115,0.00850259605795145,-0.0047095762565732
19.3700008392334,37,0.05516281723976135,0.026498304679989815,9.810245513916016,-4.97064208984375,-10.849397659301758,-5.015048503875732,-0.0051199570298194885,-0.002588957780972123,0.009399903938174248,-0.0047095762565732
19.3799991607666,38,0.058325495570898056,0.021362710744142532,9.795492172241211,-5.10081148147583,-10.868608474731445,-5.904444694519043,-0.001912320381961763,-0.002588957780972123,0.008091259747743607,-0.0047095762565732
19.389999389648438,38,0.05115111172199249,0.015710758045315742,9.800594329833984,-4.897294044494629,-10.926994323730469,-4.789719581604004,-0.0030871254857629538,-0.002598778111860156,0.004655228462070227,-0.0041862898506224155
19.399999618530273,38,0.040919359773397446,0.02356506697833538,9.811812400817871,-4.699719429016113,-11.090914726257324,-3.463430166244507,-0.005417095497250557,-0.0037637632340192795,0.008150182664394379,-0.0041862898506224155
19.40999984741211,38,0.043873582035303116,0.02457946538925171,9.8026704788208,-4.765055179595947,-11.273895263671875,-3.2692904472351074,-0.006634268444031477,-0.008267136290669441,0.004968360066413879,-0.0041862898506224155
19.420000076293945,38,0.043873582035303116,0.013763888739049435,9.816060066223145,-4.660340309143066,-11.096231460571289,-2.7152750492095947,-0.002545317867770791,-0.005571565590798855,0.008828915655612946,-0.0041862898506224155
19.43000030517578,38,0.043873582035303116,0.00463969586417079,9.810393333435059,-4.855135917663574,-11.342037200927734,-2.3725428581237793,-0.0048068249598145485,-0.00009905540355248377,0.008544963784515858,-0.0041862898506224155
19.440000534057617,38,0.041732560843229294,0.011617591604590416,9.806084632873535,-4.387141227722168,-11.54468059539795,-1.0843870639801025,-0.005521472543478012,-0.003541820915415883,-0.0000341727863997221,-0.0041862898506224155
19.450000762939453,38,0.03242475166916847,0.01912694051861763,9.800697326660156,-4.262559413909912,-11.679332733154297,-0.06613759696483612,-0.002062432933598757,-0.002448665676638484,0.004181882832199335,-0.0041862898506224155
19.459999084472656,39,0.02688436396420002,0.01718761771917343,9.81905460357666,-4.550924777984619,-11.856846809387207,0.515156090259552,0.0001892539148684591,-0.001361963921226561,0.007882505655288696,-0.0041862898506224155
19.469999313354492,38,0.020023750141263008,0.01448183786123991,9.815836906433105,-4.144599914550781,-12.295689582824707,1.8331868648529053,-0.0008679866441525519,0.00011951963097089902,0.011269715614616871,-0.0041862898506224155
19.479999542236328,38,0.019828323274850845,0.019333915784955025,9.803174018859863,-4.563459873199463,-12.384521484375,2.387202024459839,-0.0038766891229897738,-0.0023016396444290876,0.011178526096045971,-0.0041862898506224155
19.489999771118164,39,0.03191012516617775,0.024185994639992714,9.80772876739502,-4.5737481117248535,-12.126752853393555,3.200612783432007,-0.004288025200366974,-0.0019593273755162954,0.007683571428060532,-0.0036630036775022745
19.5,39,0.029123103246092796,0.01633923128247261,9.810994148254395,-4.526179790496826,-12.013819694519043,4.933607578277588,-0.0025127700064331293,-0.0005721200141124427,0.004743331577628851,-0.0036630036775022745
19.510000228881836,39,0.03248663619160652,0.015192239545285702,9.817445755004883,-4.5587592124938965,-12.213202476501465,6.647332191467285,-0.0028259018436074257,-0.003574368776753545,0.005369594786316156,-0.0036630036775022745
19.520000457763672,39,0.03905627876520157,0.019037466496229172,9.807099342346191,-4.655462265014648,-12.609786987304688,6.876821517944336,-0.003433085512369871,-0.003320159623399377,0.007014659233391285,-0.0036630036775022745
19.530000686645508,39,0.03628988564014435,0.016932131722569466,9.803481101989746,-4.655462265014648,-12.432123184204102,8.538866996765137,-0.001840490847826004,-0.0023470944724977016,0.004625767003744841,-0.0041862898506224155
19.540000915527344,40,0.03423897549510002,0.02256360463798046,9.794130325317383,-4.4791436195373535,-12.777970314025879,9.17478084564209,-0.0021471690852195024,-0.007496933452785015,0.0037057320587337017,-0.0036630036775022745
19.549999237060547,39,0.04586043581366539,0.014959391206502914,9.794925689697266,-4.460489273071289,-13.168184280395508,9.819859504699707,-0.0033121537417173386,-0.007007594686001539,0.00021077746350783855,-0.0036630036775022745
19.559999465942383,40,0.05350819230079651,0.0162271186709404,9.797703742980957,-4.56520414352417,-13.291776657104492,11.297462463378906,-0.0042944783344864845,-0.005408266093581915,-0.0012749148299917579,-0.0036630036775022745
19.56999969482422,40,0.04437518119812012,0.012647081166505814,9.808104515075684,-4.655462265014648,-13.098864555358887,13.926140785217285,-0.0042944783344864845,-0.007496933452785015,0.00659715011715889,-0.0031397175043821335
19.579999923706055,40,0.029714815318584442,0.004274253733456135,9.808974266052246,-4.655462265014648,-13.36535930633545,16.363807678222656,-0.004001268185675144,-0.0073210070841014385,0.0024063473101705313,-0.0031397175043821335
19.59000015258789,40,0.034154292196035385,0.00890426430851221,9.80234146118164,-4.75006628036499,-13.471345901489258,16.499073028564453,0.0018236557953059673,-0.0038260528817772865,0.007066286634653807,-0.0036630036775022745
19.600000381469727,40,0.03580348566174507,0.018608422949910164,9.800697326660156,-4.644671440124512,-13.500764846801758,18.685636520385742,-0.0028059803880751133,-0.0003310983011033386,0.005918136797845364,-0.0031397175043821335
19.610000610351562,40,0.030916696414351463,0.02171521820127964,9.797353744506836,-4.43524169921875,-13.61648178100586,21.19181251525879,0.0002313414734089747,-0.0034337963443249464,0.011350804939866066,-0.0031397175043821335
19.6200008392334,40,0.019246380776166916,0.018347546458244324,9.816329956054688,-4.372122764587402,-13.865246772766113,22.96400260925293,0.000613496929872781,-0.003815951757133007,0.007837331853806973,-0.002616431098431349
19.6299991607666,41,0.025353509932756424,0.020368795841932297,9.821454048156738,-4.895697593688965,-14.0429105758667,26.06648826599121,-0.005240046884864569,-0.004791542422026396,0.007079754490405321,-0.002616431098431349
19.639999389648438,40,0.015298732556402683,0.018209561705589294,9.82364273071289,-5.318223476409912,-14.392019271850586,28.634355545043945,-0.008575629442930222,-0.0068701086565852165,0.007993335835635662,-0.002616431098431349
19.649999618530273,41,0.024553339928388596,0.020506780594587326,9.814067840576172,-5.354675769805908,-14.682466506958008,31.50653839111328,-0.004093019291758537,-0.004090643487870693,0.0066036032512784,-0.0020931449253112078
19.65999984741211,41,0.02575196698307991,0.010784296318888664,9.803007125854492,-5.769100666046143,-14.816843032836914,34.60808563232422,-0.0010509273270145059,-0.0033785211853682995,0.009800578467547894,-0.0015698587521910667
19.670000076293945,41,0.039561133831739426,0.007365958299487829,9.804460525512695,-6.3560309410095215,-14.909637451171875,38.0817985534668,-0.0020686055067926645,-0.003088397439569235,0.011987730860710144,-0.0010465724626556039
19.68000030517578,42,0.0476822629570961,0.014929207041859627,9.801712989807129,-5.945508003234863,-15.255536079406738,42.277610778808594,-0.0017363940132781863,0.00007322327292058617,0.01065663993358612,-0.0005232862313278019
19.690000534057617,42,0.04093455895781517,0.013081515207886696,9.824115753173828,-5.840793132781982,-15.255536079406738,45.934112548828125,0.0005935754743404686,-0.0006986632943153381,0.005308988969773054,-0.0005232862313278019
19.700000762939453,42,0.04695157706737518,0.016068654134869576,9.801976203918457,-5.819004535675049,-15.5369291305542,50.8190803527832,0.0007574365590699017,-0.002191370353102684,-0.00013826900976710021,-0.0005232862313278019
19.709999084472656,42,0.040656618773937225,0.020920732989907265,9.812020301818848,-5.819004535675049,-15.743735313415527,55.9033203125,0.00034553921432234347,-0.0015735243214294314,0.00040886973147280514,-0.0005232862313278019
19.719999313354492,42,0.06357599794864655,0.013600033707916737,9.811128616333008,-5.920378684997559,-16.03322982788086,61.354286193847656,0.0014229818480089307,-0.00465096952393651,0.005486317910254002,-1.4686780505407566e-14
19.729999542236328,42,0.04302347078919411,0.008022460155189037,9.814576148986816,-6.234523773193359,-16.72823715209961,67.62470245361328,-0.00045300283818505704,-0.005558939650654793,0.008822742849588394,-0.0005232862313278019
19.739999771118164,42,0.04328186810016632,0.01156153529882431,9.806736946105957,-6.548668384552002,-17.261228561401367,72.27842712402344,-0.002480502938851714,-0.004989915061742067,0.006786263547837734,1.4872688990736835e-14
19.75,43,0.039578504860401154,0.003619907656684518,9.822835922241211,-7.488413333892822,-17.415142059326172,77.40499114990234,-0.0008449787856079638,-0.007797999773174524,0.005852760747075081,0.0005232862313278019
19.760000228881836,43,0.04342084005475044,0.015583553351461887,9.820545196533203,-7.7579169273376465,-17.888795852661133,83.02416229248047,-0.0016710180789232254,-0.003815951757133007,0.005683287978172302,0.0005232862313278019
19.770000457763672,43,0.035005487501621246,0.025737237185239792,9.802240371704102,-7.830141067504883,-18.462919235229492,89.74823760986328,-0.0007209606119431555,-0.003923415206372738,0.005163085181266069,0.0010465724626556039
19.780000686645508,43,0.029735442250967026,0.02202676050364971,9.805230140686035,-8.369384765625,-18.844831466674805,97.52184295654297,-0.002067763824015856,-0.005088400095701218,0.010488009080290794,0.0010465724626556039
19.790000915527344,43,0.02027563564479351,0.012634145095944405,9.819352149963379,-8.997673988342285,-19.377822875976562,103.50521087646484,-0.007892687804996967,-0.006253384985029697,0.0034980999771505594,0.0015698587521910667
19.799999237060547,43,0.024429569020867348,0.021368101239204407,9.782712936401367,-9.434331893920898,-20.317230224609375,109.28579711914062,-0.009123890660703182,-0.0016762178856879473,0.0022503426298499107,0.0015698587521910667
19.809999465942383,43,0.019892379641532898,0.007679656147956848,9.7955322265625,-9.4969482421875,-20.992172241210938,116.85694122314453,-0.0037703474517911673,0.0018973000114783645,0.00651746429502964,0.0015698587521910667
19.81999969482422,43,0.019854379817843437,0.007399376016110182,9.810285568237305,-9.625638961791992,-21.56476593017578,125.22858428955078,-0.004091896582394838,0.002319017658010125,0.007079754490405321,0.0015698587521910667
19.829999923706055,44,0.029627958312630653,0.012353865429759026,9.81028938293457,-9.95604419708252,-22.20534896850586,132.95382690429688,-0.003332075197249651,-0.0015305948909372091,0.01285417377948761,0.0010465724626556039
19.84000015258789,44,0.039228904992341995,0.022229425609111786,9.805892944335938,-9.95604419708252,-22.916004180908203,138.4939727783203,-0.002167090540751815,-0.004389746114611626,0.009939746931195259,0.0010465724626556039
19.850000381469727,44,0.043147239834070206,0.03462211787700653,9.814510345458984,-11.080916404724121,-23.5399112701416,145.6572265625,-0.0035172607749700546,-0.0033661755733191967,0.006629978306591511,0.0005232862313278019
19.860000610351562,44,0.030668068677186966,0.0076753441244363785,9.801952362060547,-11.45584487915039,-24.227643966674805,151.54405212402344,-0.0011889745946973562,-0.002588957780972123,0.010511016473174095,0.0005232862313278019
19.8700008392334,44,0.0483098030090332,0.013284179382026196,9.819321632385254,-11.56056022644043,-24.893232345581055,158.04148864746094,-0.0008152368245646358,-0.002588957780972123,0.009642889723181725,0.0010465724626556039
19.8799991607666,44,0.043423011898994446,0.026050934568047523,9.810846328735352,-11.865184783935547,-25.539283752441406,165.51565551757812,-0.004449922125786543,-0.002588957780972123,0.007732112426310778,0.0010465724626556039
19.889999389648438,45,0.04009639099240303,0.020682495087385178,9.815241813659668,-12.68694019317627,-26.256710052490234,172.727294921875,-0.007338814903050661,-0.0037696552462875843,0.007716399617493153,0.0010465724626556039
19.899999618530273,44,0.046922262758016586,0.013319754041731358,9.815241813659668,-13.10580062866211,-27.145030975341797,177.3810272216797,-0.008503800258040428,-0.004514605738222599,0.006551414728164673,0.0005232862313278019
19.90999984741211,44,0.03357994928956032,0.021060870960354805,9.81457805633545,-13.272244453430176,-28.390233993530273,183.90440368652344,-0.006870801094919443,-0.003815951757133007,0.00538643030449748,0.0005232862313278019
19.920000076293945,44,0.030878696590662003,0.017655469477176666,9.811860084533691,-13.793956756591797,-29.924856185913086,190.44374084472656,-0.0026631630025804043,-0.003815951757133007,0.005030088592320681,-0.0005232862313278019
19.93000030517578,44,0.03586428612470627,0.01854589767754078,9.820089340209961,-14.456659317016602,-31.52358055114746,196.61167907714844,-0.001840490847826004,-0.0051852017641067505,0.006537385750561953,-0.0010465724626556039
19.940000534057617,44,0.018919581547379494,0.0043055154383182526,9.816596984863281,-14.812548637390137,-32.89177322387695,202.58438110351562,-0.0009995806030929089,-0.008723926730453968,0.007746141403913498,-0.0010465724626556039
19.950000762939453,44,0.02246551774442196,0.014009673148393631,9.801640510559082,-15.545552253723145,-33.780094146728516,207.459716796875,0.0014039021916687489,-0.007195866201072931,0.006289349403232336,-0.0010465724626556039
19.959999084472656,44,0.050488825887441635,0.02171521820127964,9.807571411132812,-16.187973022460938,-34.66841506958008,211.75994873046875,-0.0007697822293266654,-0.0009163965005427599,0.008150462992489338,-0.0010465724626556039
19.969999313354492,44,0.03690439835190773,0.01957862265408039,9.811993598937988,-17.344390869140625,-35.44472885131836,216.38958740234375,-0.001840490847826004,-0.006175662856549025,0.007362583186477423,-0.0010465724626556039
19.979999542236328,44,0.030567098408937454,0.01328633539378643,9.801850318908691,-18.23012351989746,-36.1553840637207,220.78248596191406,-0.001840490847826004,-0.004978411365300417,0.010793004184961319,-0.0010465724626556039
19.989999771118164,44,0.03302406519651413,0.01813841424882412,9.8031005859375,-18.348289489746094,-36.86603927612305,224.54615783691406,-0.001840490847826004,-0.0026484415866434574,0.011957989074289799,-0.0010465724626556039
20,44,0.03327486291527748,0.02171521820127964,9.795849800109863,-19.081295013427734,-37.576698303222656,228.8674774169922,-0.0007052478613331914,-0.007129929959774017,0.0040410300716757774,-0.0005232862313278019
20.010000228881836,44,0.04522746428847313,0.01768242008984089,9.795849800109863,-20.299442291259766,-38.45197677612305,233.08612060546875,-0.00383319822140038,-0.006423699203878641,0.004472007043659687,-0.0005232862313278019
20.020000457763672,44,0.04869088903069496,0.007365958299487829,9.805877685546875,-20.903873443603516,-39.21735763549805,237.296630859375,-0.003283253638073802,-0.005258714780211449,0.006648216396570206,-0.0005232862313278019
20.030000686645508,44,0.047198034822940826,0.010330458171665668,9.826781272888184,-21.17012596130371,-40.09053039550781,241.91256713867188,-0.0011690532555803657,-0.005042945500463247,0.009927402250468731,-0.0005232862313278019
20.040000915527344,44,0.04231124371290207,0.018483374267816544,9.821661949157715,-21.40287971496582,-41.01799774169922,246.98483276367188,-0.001500703627243638,-0.005042945500463247,0.009873529896140099,-0.0005232862313278019
20.049999237060547,45,0.03905627876520157,0.018474750220775604,9.821653366088867,-21.717025756835938,-41.462154388427734,251.97096252441406,-0.002665688283741474,-0.0017421552911400795,0.0120093347504735,1.7289500994083218e-14
20.059999465942383,44,0.03905627876520157,0.013838271610438824,9.810105323791504,-21.8242244720459,-42.52076721191406,255.97171020507812,-0.007646615616977215,-0.00013497007603291422,0.013214724138379097,0.0005232862313278019
20.06999969482422,45,0.04259787127375603,0.016932131722569466,9.804261207580566,-22.323467254638672,-43.2520637512207,261.7139587402344,-0.00902708899229765,0.0012673888122662902,0.011111185885965824,0.0005232862313278019
20.079999923706055,45,0.04317004233598709,0.015104921534657478,9.806689262390137,-22.625728607177734,-43.82779312133789,266.8222961425781,-0.0060579488053917885,-0.0015160046750679612,0.009533742442727089,0.0010465724626556039
20.09000015258789,45,0.03232920914888382,0.010252842679619789,9.810307502746582,-22.74481201171875,-44.46180725097656,271.4727478027344,-0.0031401559244841337,-0.0033114615362137556,0.01068806555122137,0.0020931449253112078
20.100000381469727,45,0.02546316757798195,0.009331152774393559,9.812986373901367,-23.15846824645996,-45.36778259277344,277.7554931640625,0.00022011809051036835,-0.000846811686642468,0.008381664752960205,0.002616431098431349
20.110000610351562,45,0.027982018887996674,0.012149045243859291,9.806159019470215,-23.472612380981445,-46.61143112182617,283.4064636230469,0.0026143414434045553,-0.0019475427689030766,0.004305059555917978,0.0020931449253112078
20.1200008392334,45,0.036938056349754333,0.016355400905013084,9.81369400024414,-24.12816047668457,-47.13103103637695,290.14117431640625,0.0010582226095721126,-0.003869543084874749,0.00859070010483265,0.0020931449253112078
20.1299991607666,45,0.032051265239715576,0.02388738840818405,9.809948921203613,-24.43568229675293,-48.31137466430664,297.12176513671875,-0.0016008720267564058,-0.002349338959902525,0.013454343192279339,0.0020931449253112078
20.139999389648438,45,0.03167886659502983,0.02425714209675789,9.812970161437988,-24.363250732421875,-49.8115119934082,304.10235595703125,-0.004828710108995438,-0.0034402497112751007,0.010226504877209663,0.0020931449253112078
20.149999618530273,45,0.041219018399715424,0.02402537129819393,9.80336856842041,-24.316896438598633,-50.81830978393555,311.0336608886719,-0.00633825222030282,0.0019088038243353367,0.008716962300240993,0.0015698587521910667
20.15999984741211,45,0.03910622373223305,0.02887745201587677,9.80067253112793,-25.573474884033203,-52.06195831298828,317.571044921875,-0.003722087014466524,-0.00013497007603291422,0.010903834365308285,0.0010465724626556039
20.170000076293945,45,0.03681862726807594,0.023936977609992027,9.798101425170898,-25.72850799560547,-53.071990966796875,322.7485656738281,0.00012696425255853683,-0.0005404139519669116,0.011501197703182697,0.0005232862313278019
20.18000030517578,45,0.031197896227240562,0.00938074104487896,9.803757667541504,-26.669700622558594,-54.27726745605469,328.446044921875,-0.006767545826733112,-0.0062890187837183475,0.004644846543669701,0.0005232862313278019
20.190000534057617,45,0.03281017765402794,0.005168993957340717,9.799514770507812,-27.75176429748535,-55.35641860961914,334.72076416015625,-0.007932530716061592,-0.007454004138708115,0.00580983143299818,0.0010465724626556039
20.200000762939453,45,0.04654769226908684,0.007365958299487829,9.791536331176758,-28.293434143066406,-56.09777069091797,341.10498046875,-0.0012431276263669133,-0.007496933452785015,0.006974815856665373,0.0010465724626556039
20.209999084472656,45,0.04046010598540306,0.012814171612262726,9.804132461547852,-28.921722412109375,-56.98609161376953,346.7559509277344,-0.0016735433600842953,-0.0011366549879312515,0.004959661979228258,0.0010465724626556039
20.219999313354492,45,0.03423897549510002,0.014139033854007721,9.804731369018555,-29.353530883789062,-57.79106903076172,352.5108642578125,-0.005832639988511801,-0.0031290820334106684,0.008617916144430637,0.0010465724626556039
20.229999542236328,45,0.031356409192085266,0.01787322573363781,9.803598403930664,-29.8460636138916,-58.903053283691406,359.2080993652344,-0.003940381575375795,-0.0019438951276242733,0.01140579953789711,0.0010465724626556039
20.239999771118164,45,0.038277823477983475,0.007059806026518345,9.802574157714844,-30.51695442199707,-60.35498809814453,365.7799072265625,-0.0013194462517276406,-0.001361963921226561,0.005869596265256405,0.0010465724626556039
20.25,45,0.04085204750299454,0.0068000080063939095,9.812860488891602,-31.35467529296875,-62.0636100769043,371.7113342285156,-0.0022375171538442373,-0.002985984319821,0.009082844480872154,0.0015698587521910667
20.260000228881836,45,0.026692193001508713,0.006010911893099546,9.798314094543457,-32.1923942565918,-63.84025192260742,377.47308349609375,-0.005317487753927708,-0.0045659528113901615,0.008987725712358952,0.0015698587521910667
20.270000457763672,44,0.01978706568479538,0.015135105699300766,9.805237770080566,-33.34416961669922,-65.70569610595703,383.0133056640625,-0.006060474552214146,-0.005730937235057354,0.0063917627558112144,0.0015698587521910667
20.280000686645508,44,0.01978706568479538,0.02171521820127964,9.811990737915039,-34.17556381225586,-67.97896575927734,389.6555480957031,-0.0067734383046627045,-0.005017973482608795,0.005226777866482735,0.0015698587521910667
20.290000915527344,44,0.03298497945070267,0.015163133852183819,9.807073593139648,-35.01966857910156,-70.04755401611328,397.517822265625,-0.0068475124426186085,-0.0026880039367824793,0.005189741030335426,0.002616431098431349
20.299999237060547,44,0.035687316209077835,0.012149045243859291,9.80893611907959,-36.20996856689453,-71.74534606933594,405.5375671386719,-0.005521472543478012,-0.001361963921226561,0.00434686616063118,0.002616431098431349
20.309999465942383,44,0.03423897549510002,0.001906965277157724,9.806933403015137,-37.951629638671875,-73.23371887207031,412.1224670410156,-0.004641560837626457,-0.0009220081847161055,0.003051690524443984,0.0031397175043821335
20.31999969482422,43,0.030731040984392166,-0.0022002155892550945,9.812606811523438,-39.10349655151367,-74.38853454589844,419.4354553222656,-0.003445431124418974,-0.0016467566601932049,0.00500371353700757,0.0041862898506224155
20.329999923706055,43,0.03299909457564354,0.012007826939225197,9.80444049835205,-40.16879653930664,-75.54335021972656,427.4812316894531,-0.0042944783344864845,-0.003779195249080658,0.00616869842633605,0.0036630036775022745
20.34000015258789,44,0.041532788425683975,0.020553134381771088,9.811708450317383,-41.773902893066406,-77.32926940917969,437.189453125,-0.0030248358380049467,-0.0008967556641437113,0.00631796894595027,0.0047095762565732
20.350000381469727,43,0.03272440657019615,0.025405213236808777,9.826462745666504,-43.50149154663086,-79.8675765991211,447.2640686035156,0.0003051351523026824,-0.004007871262729168,0.0037826120387762785,0.0047095762565732
20.360000610351562,43,0.04835106059908867,0.011462358757853508,9.806925773620605,-44.796653747558594,-82.95487976074219,456.2915954589844,-0.007585729006677866,-0.004783124662935734,0.005333119072020054,0.005756148602813482
20.3700008392334,44,0.03423137590289116,-0.007945956662297249,9.804577827453613,-46.36737823486328,-85.88633728027344,466.4855041503906,-0.004022873006761074,-0.0026568591129034758,0.000876883917953819,0.006802720949053764
20.3799991607666,43,0.037271369248628616,0.011615434661507607,9.813446044921875,-48.217124938964844,-89.37010192871094,476.3841247558594,0.0006252814782783389,-0.003815951757133007,-0.0002763163356576115,0.006802720949053764
20.389999389648438,43,0.04704494774341583,0.005034243687987328,9.807202339172363,-49.89667510986328,-92.80725860595703,487.6940002441406,0.0029552511405199766,-0.003815951757133007,0.0008886684663593769,0.006802720949053764
20.399999618530273,43,0.03243560716509819,0.022757643833756447,9.817814826965332,-51.73063278198242,-96.03400421142578,499.0751647949219,-0.0013679873663932085,-0.004924819804728031,-0.0012729507870972157,0.006802720949053764
20.40999984741211,43,0.021155063062906265,0.014186465181410313,9.824249267578125,-53.77520751953125,-99.16893005371094,509.7562255859375,0.000253227015491575,-0.006089804228395224,0.004771951120346785,0.006279435008764267
20.420000076293945,43,0.02819264680147171,0.007976106368005276,9.816478729248047,-55.136505126953125,-102.81104278564453,521.6121215820312,0.0015983468620106578,-0.0013456899905577302,0.006837610621005297,0.005756148602813482
20.43000030517578,42,0.029421672224998474,0.011607889086008072,9.828141212463379,-57.39287185668945,-106.53752136230469,533.5733032226562,-0.0055422354489564896,-0.003826333209872246,0.008925436064600945,0.005232862196862698
20.440000534057617,43,0.025079911574721336,-0.0007837232551537454,9.821046829223633,-59.47194290161133,-110.20494079589844,545.4607543945312,-0.0062537966296076775,-0.009347104467451572,0.008672910742461681,0.005232862196862698
20.450000762939453,42,0.04666060581803322,0.02845918759703636,9.802331924438477,-61.511844635009766,-114.0177993774414,556.7842407226562,-0.003923826850950718,-0.011177915148437023,0.007507925853133202,0.005232862196862698
20.459999084472656,43,0.035248689353466034,0.01793467253446579,9.796188354492188,-63.709144592285156,-118.03707885742188,567.6956176757812,-0.0052779256366193295,-0.008967474102973938,0.010763823054730892,0.006802720949053764
20.469999313354492,43,0.0296887569129467,0.016932131722569466,9.823325157165527,-66.21402740478516,-122.11833953857422,579.1008911132812,-0.008098075166344643,-0.006822128780186176,0.009840701706707478,0.007849293760955334
20.479999542236328,42,0.029421672224998474,0.0077583505772054195,9.81563949584961,-67.99417877197266,-125.76045227050781,589.8487548828125,-0.008589658886194229,-0.00749552994966507,0.007079754490405321,0.0094191525131464
20.489999771118164,42,0.0434892401099205,0.01202184148132801,9.82468032836914,-69.53034973144531,-129.67852783203125,601.5432739257812,-0.005772314500063658,-0.007622354198247194,0.00928290095180273,0.010465724393725395
20.5,42,0.0201127789914608,0.0168739203363657,9.80103588104248,-70.5422592163086,-133.6759796142578,613.329833984375,-0.003556261770427227,-0.005781162064522505,0.011010175570845604,0.010989011265337467
20.510000228881836,42,0.03423897549510002,0.016932131722569466,9.819441795349121,-70.97737884521484,-137.536865234375,625.6113891601562,-0.0042944783344864845,-0.004616177175194025,0.009960510767996311,0.011512297205626965
20.520000457763672,42,0.03408914804458618,0.017229659482836723,9.782511711120605,-70.9697494506836,-141.1224822998047,639.2137451171875,-0.003564960090443492,-0.003815951757133007,0.010395977646112442,0.011512297205626965
20.530000686645508,42,0.030079614371061325,0.02628054842352867,9.818985939025879,-70.86502838134766,-145.11993408203125,651.0697021484375,-0.002748741302639246,-0.005329702515155077,0.008322741836309433,0.010989011265337467
20.540000915527344,42,0.04242958500981331,0.021141722798347473,9.796722412109375,-70.84809112548828,-149.11737060546875,664.0401611328125,-0.006002954673022032,-0.009469439275562763,0.004385025706142187,0.010989011265337467
20.549999237060547,42,0.022295059636235237,0.013216265477240086,9.810393333435059,-70.78488159179688,-153.3292999267578,676.2893676757812,-0.006903068162500858,-0.006960737518966198,0.0030413090717047453,0.010465724393725395
20.559999465942383,42,0.05265265330672264,0.02522410824894905,9.810393333435059,-70.9120101928711,-157.38705444335938,688.7413940429688,-0.000613496929872781,-0.0034657828509807587,0.0010615081992000341,0.010465724393725395
20.56999969482422,42,0.043873582035303116,0.012642769142985344,9.809892654418945,-71.28079223632812,-160.94033813476562,702.1152954101562,-0.0008870663587003946,-0.0003538255987223238,0.002335920697078109,0.010465724393725395
20.579999923706055,42,0.04330683872103691,0.016369415447115898,9.804974555969238,-70.65250396728516,-164.49362182617188,712.4199829101562,-0.0067119901068508625,-0.005013764835894108,0.0058308751322329044,0.010465724393725395
20.59000015258789,42,0.03842005133628845,0.01341246161609888,9.804539680480957,-70.49530792236328,-167.7271728515625,724.020751953125,-0.0032753972336649895,-0.008516013622283936,0.0035373815335333347,0.011512297205626965
20.600000381469727,42,0.03494468703866005,0.021014517173171043,9.82552433013916,-69.9726791381836,-170.5706024169922,735.3973388671875,-0.0030674845911562443,-0.007628246676176786,0.007781494874507189,0.010465724393725395
20.610000610351562,42,0.03828107938170433,0.016162440180778503,9.801477432250977,-69.10442352294922,-173.4650421142578,746.6361694335938,-0.005134827923029661,-0.008530604653060436,0.004172062501311302,0.008895865641534328
20.6200008392334,42,0.03339429199695587,0.012987729161977768,9.805545806884766,-68.07778930664062,-176.61077880859375,757.3735961914062,-0.005521472543478012,-0.007752264849841595,0.009228747338056564,0.007849293760955334
20.6299991607666,42,0.03307835012674332,0.016024455428123474,9.801865577697754,-67.1353530883789,-179.542236328125,765.7946166992188,-0.0009732055477797985,-0.003858319716528058,0.010760736651718616,0.006802720949053764
20.639999389648438,42,0.045739926397800446,0.017032386735081673,9.793083190917969,-67.40089416503906,-182.72987365722656,774.7482299804688,-0.0010817915899679065,-0.003436602186411619,0.009913092479109764,0.006279435008764267
20.649999618530273,42,0.03423897549510002,0.03501882031559944,9.819029808044434,-67.41065216064453,-185.4759521484375,783.7233276367188,-0.007339937146753073,-0.008529763668775558,0.010319378226995468,0.005756148602813482
20.65999984741211,42,0.0376068539917469,0.029052088037133217,9.812982559204102,-67.09981536865234,-187.789794921875,792.6983642578125,-0.006811316590756178,-0.008283410221338272,0.011484363116323948,0.006279435008764267
20.670000076293945,42,0.04273033142089844,0.01934793032705784,9.801946640014648,-66.76497650146484,-189.9701690673828,801.2739868164062,-0.002971244277432561,-0.005608322098851204,0.010002879425883293,0.005756148602813482
20.68000030517578,41,0.027127563953399658,0.014654317870736122,9.798619270324707,-66.93609619140625,-192.5381622314453,808.690185546875,-0.0012408827897161245,-0.0038437293842434883,0.010105572640895844,0.005232862196862698
20.690000534057617,42,0.03024572879076004,0.01907196268439293,9.820089340209961,-65.47007751464844,-194.75897216796875,815.7815551757812,-0.00007589797314722091,-0.004739353898912668,0.011450131423771381,0.0047095762565732
20.700000762939453,41,0.023988770321011543,0.013539665378630161,9.813042640686035,-64.66441345214844,-196.06947326660156,821.4755249023438,0.00013790704542770982,-0.00559457391500473,0.008858377113938332,0.005232862196862698
20.709999084472656,41,0.03129886835813522,0.019851356744766235,9.800288200378418,-63.74625015258789,-197.2830047607422,827.6528930664062,-0.0018542393809184432,-0.0034161193761974573,0.007920664735138416,0.005756148602813482
20.719999313354492,41,0.026143906638026237,0.02191249094903469,9.810393333435059,-62.661197662353516,-198.64382934570312,834.169189453125,-0.00499762175604701,-0.005394517444074154,0.010933015495538712,0.006802720949053764
20.729999542236328,40,0.03746679797768593,0.008953852578997612,9.813632011413574,-61.66572570800781,-200.05014038085938,840.0057983398438,-0.005300652701407671,-0.006559501867741346,0.008596311323344707,0.008372579701244831
20.739999771118164,40,0.05686521157622337,0.007582636084407568,9.811643600463867,-60.095001220703125,-201.29379272460938,846.6539916992188,-0.0012961578322574496,-0.006586718838661909,0.00930618867278099,0.009942438453435898
20.75,40,0.0631427988409996,0.015196551568806171,9.801126480102539,-58.96921157836914,-203.59429931640625,855.4678344726562,-0.0042944783344864845,-0.002920046914368868,0.00814120378345251,0.011512297205626965
20.760000228881836,40,0.0613253153860569,0.012149045243859291,9.808564186096191,-57.857643127441406,-206.46414184570312,864.8690185546875,-0.0037768008187413216,-0.004835874307900667,0.006976218894124031,0.0141287287697196
20.770000457763672,40,0.05643852800130844,0.017769737169146538,9.79794979095459,-57.34341049194336,-209.57325744628906,875.1149291992188,0.0018820172408595681,-0.0026720105670392513,0.005894287023693323,0.016221873462200165
20.780000686645508,40,0.05350819230079651,0.02455574832856655,9.799936294555664,-57.66828536987305,-212.7601776123047,886.9158325195312,0.003047002013772726,-0.005001980345696211,0.007059271913021803,0.017791731283068657
20.790000915527344,40,0.04540443792939186,0.013669025152921677,9.811934471130371,-56.83056640625,-216.40228271484375,900.98779296875,0.0042119864374399185,-0.005042945500463247,0.003646248020231724,0.020408162847161293
20.799999237060547,40,0.030048128217458725,0.004663411527872086,9.798588752746582,-56.088279724121094,-220.77301025390625,916.2715454101562,0.0010469991248100996,-0.002877959283068776,0.007728745229542255,0.021454736590385437
20.809999465942383,40,0.03542891889810562,0.018113620579242706,9.806743621826172,-55.2844123840332,-225.03427124023438,932.7979125976562,-0.0024479550775140524,-0.0015684737591072917,0.004224812611937523,0.021978022530674934
20.81999969482422,39,0.03975330665707588,0.022407295182347298,9.804348945617676,-54.44668960571289,-228.7380828857422,949.6656494140625,-0.002109009772539139,-0.005195864010602236,0.007232672534883022,0.021454736590385437
20.829999923706055,39,0.02251003123819828,0.014436561614274979,9.793108940124512,-53.45686340332031,-231.71817016601562,966.3781127929688,-0.0036334225442260504,-0.0053734732791781425,0.007410282269120216,0.021454736590385437
20.84000015258789,48,0.014969762414693832,0.019288640469312668,9.803086280822754,-51.886138916015625,-234.20545959472656,983.4417724609375,-0.005128935445100069,-0.010049686767160892,0.009583125822246075,0.021454736590385437
20.850000381469727,39,0.024741169065237045,0.012013217434287071,9.80308723449707,-50.519168853759766,-236.77919006347656,1000.289794921875,-0.005521472543478012,-0.010087564587593079,0.00767094548791647,0.023547880351543427
20.860000610351562,39,0.036751311272382736,0.00008837880159262568,9.798169136047363,-49.62173080444336,-239.74880981445312,1017.3772583007812,-0.005521472543478012,-0.005882172379642725,0.008694515563547611,0.02459445409476757
20.8700008392334,39,0.03389263525605202,0.005490237846970558,9.798447608947754,-49.04695129394531,-243.2606201171875,1035.8912353515625,-0.0061699021607637405,-0.005112810991704464,0.008815447799861431,0.026164311915636063
20.8799991607666,39,0.03207297995686531,0.017413998022675514,9.803365707397461,-48.5435676574707,-247.57553100585938,1055.665283203125,-0.006162045989185572,-0.005097098182886839,0.007079754490405321,0.026164311915636063
20.889999389648438,39,0.004310242831707001,0.016312282532453537,9.797331809997559,-47.817779541015625,-253.0279541015625,1075.3079833984375,-0.004472649656236172,-0.004340363200753927,0.010750635527074337,0.025117740035057068
20.899999618530273,39,0.0035708732903003693,0.0038376636803150177,9.802233695983887,-47.29420471191406,-259.423828125,1095.8065185546875,-0.004454691894352436,-0.005505348090082407,0.013356699608266354,0.021454736590385437
20.90999984741211,39,0.06840307265520096,0.011997046880424023,9.813271522521973,-47.02189254760742,-265.89080810546875,1114.4439697265625,-0.003945712931454182,-0.004668365698307753,0.007932169362902641,0.017791731283068657
20.920000076293945,38,0.08703497797250748,0.01880677416920662,9.812294006347656,-46.575714111328125,-271.8734436035156,1131.2379150390625,0.0008253378910012543,-0.00237711681984365,0.005979304201900959,0.012558870017528534
20.93000030517578,39,0.020618721842765808,0.005022386088967323,9.813411712646484,-46.5013313293457,-277.117431640625,1145.9827880859375,-0.0015641155187040567,-0.005319320596754551,0.010362868197262287,0.008895865641534328
20.940000534057617,39,0.0014070493634790182,0.01912478543817997,9.815241813659668,-47.54848098754883,-281.57110595703125,1158.5869140625,-0.0008278631139546633,-0.006055573001503944,0.012357259169220924,0.007326007355004549
20.950000762939453,40,0.0603557787835598,0.03751223161816597,9.799452781677246,-48.59563064575195,-285.3020935058594,1169.888916015625,-0.0026022763922810555,-0.004890588577836752,0.008459105156362057,0.006279435008764267
20.959999084472656,39,0.07760773599147797,0.02492550201714039,9.800684928894043,-50.00357437133789,-289.6451721191406,1179.6636962890625,-0.007614067755639553,-0.003996647894382477,0.009533742442727089,0.0047095762565732
20.969999313354492,39,0.046563975512981415,0.013678726740181446,9.798951148986816,-51.338321685791016,-293.97540283203125,1188.70654296875,-0.0030674845911562443,-0.006298278458416462,0.00947706401348114,0.0036630036775022745
20.979999542236328,39,0.020854320377111435,0.0021818552631884813,9.802584648132324,-52.677032470703125,-298.13482666015625,1196.8082275390625,-0.0030674845911562443,-0.007463263347744942,0.007147094700485468,0.0020931449253112078
20.989999771118164,39,0.004722813609987497,0.0011911730980500579,9.808982849121094,-54.01106643676758,-302.0343322753906,1203.7425537109375,0.0014577743131667376,-0.006365618202835321,0.005948439706116915,0.0015698587521910667
21,40,0.03536920249462128,0.012964013032615185,9.817407608032227,-54.63935852050781,-305.4099426269531,1209.836669921875,0.001840490847826004,-0.00413132831454277,0.0069220662117004395,-5.0195324920220344e-14
21.010000228881836,40,0.05580012872815132,0.016932131722569466,9.83082103729248,-55.94415283203125,-308.3756408691406,1214.090087890625,0.0038550838362425566,-0.004823248367756605,0.013123534619808197,-0.0010465724626556039
21.020000457763672,40,0.02570853941142559,0.024128859862685204,9.827339172363281,-57.01714324951172,-310.81793212890625,1218.418701171875,0.0014586158795282245,-0.0031523704528808594,0.010660568252205849,-0.0015698587521910667
21.030000686645508,40,0.00019539501226972789,0.008161522448062897,9.81006908416748,-57.81705093383789,-313.4417724609375,1222.649658203125,-0.002919616876170039,-0.003472236217930913,0.013066856190562248,-0.0020931449253112078
21.040000915527344,40,0.022042088210582733,-0.001153477351181209,9.797971725463867,-58.422401428222656,-316.2784118652344,1226.5172119140625,-0.005115747917443514,-0.005458490457385778,0.013620448298752308,-0.0015698587521910667
21.049999237060547,40,0.07157986611127853,0.016826488077640533,9.811277389526367,-58.94597625732422,-318.1438903808594,1229.9521484375,-0.004002951551228762,-0.005510678980499506,0.009418422356247902,-0.0020931449253112078
21.059999465942383,40,0.07460791617631912,0.02558954991400242,9.819168090820312,-60.19116973876953,-320.4466247558594,1232.1871337890625,-0.0030674845911562443,-0.0029511917382478714,0.008474256843328476,-0.002616431098431349
21.06999969482422,40,0.037033598870038986,0.026498304679989815,9.804101943969727,-60.66253662109375,-321.6904602050781,1234.237060546875,-0.004973211325705051,-0.002632448449730873,0.007628015708178282,-0.0036630036775022745
21.079999923706055,40,0.02133963257074356,0.022485988214612007,9.816964149475098,-61.519412994384766,-323.2653503417969,1235.888916015625,-0.006748466286808252,-0.004962417762726545,0.005279527511447668,-0.0036630036775022745
21.09000015258789,40,0.05678161233663559,0.029877835884690285,9.807679176330566,-62.77971649169922,-325.26177978515625,1237.529541015625,-0.0036811218596994877,-0.0052474914118647575,0.005648214835673571,-0.0036630036775022745
21.100000381469727,40,0.07568277418613434,0.018830489367246628,9.81816577911377,-63.5416374206543,-326.7117004394531,1239.906005859375,0.00016428194066975266,-0.004265166819095612,0.006181324366480112,-0.0031397175043821335
21.110000610351562,40,0.052097853273153305,0.016932131722569466,9.815813064575195,-64.9029312133789,-328.7548522949219,1241.0140380859375,-0.0025495265144854784,-0.005817357450723648,0.004238561261445284,-0.0015698587521910667
21.1200008392334,40,0.005501268897205591,0.008355562575161457,9.806549072265625,-66.00933074951172,-330.2213439941406,1243.200927734375,-0.006748466286808252,-0.006521342787891626,0.0053499541245400906,-0.0005232862313278019
21.1299991607666,40,0.013683193363249302,0.01608051173388958,9.81437873840332,-66.93568420410156,-331.9637451171875,1246.405517578125,-0.005432527512311935,-0.003552763955667615,0.009971173480153084,0.0020931449253112078
21.139999389648438,40,0.02834356017410755,0.008079594001173973,9.806268692016602,-67.73756408691406,-334.1892395019531,1250.324462890625,-0.0004123181861359626,-0.002186600351706147,0.007482111919671297,0.0036630036775022745
21.149999618530273,40,0.06111360341310501,-0.0016245634760707617,9.810101509094238,-68.43678283691406,-336.85137939453125,1254.7852783203125,0.0007526666158810258,-0.00041330940439365804,0.008420385420322418,0.0036630036775022745
21.15999984741211,40,0.035561371594667435,0.006928290240466595,9.810393333435059,-68.85564422607422,-340.22698974609375,1261.3226318359375,0.0019176513887941837,-0.00243463646620512,-0.0001278874115087092,0.0036630036775022745
21.170000076293945,40,0.010907027870416641,0.007365958299487829,9.810393333435059,-69.73155975341797,-344.0679016113281,1267.2796630859375,0.0030068785417824984,-0.00016527314437553287,0.002171779051423073,0.0031397175043821335
21.18000030517578,40,0.0006807080935686827,0.016770431771874428,9.805627822875977,-70.5403060913086,-348.20330810546875,1272.798583984375,-0.001653060782700777,-0.0024952427484095097,0.002171779051423073,0.0031397175043821335
21.190000534057617,40,0.05366453528404236,0.03613131493330002,9.810439109802246,-71.56924438476562,-352.7900390625,1278.3408203125,0.0026320181787014008,-0.004825212527066469,0.00888054259121418,0.0036630036775022745
21.200000762939453,40,0.07683254033327103,0.045000020414590836,9.815625190734863,-72.96441650390625,-357.83843994140625,1284.2508544921875,-0.003269224427640438,-0.003986827563494444,0.008477623574435711,0.0047095762565732
21.209999084472656,40,0.04770831763744354,0.02132498100399971,9.829390525817871,-74.01156616210938,-362.8130187988281,1290.344970703125,-0.0033003692515194416,-0.006798279471695423,0.009300857782363892,0.005232862196862698
21.219999313354492,41,0.024604368954896927,0.011884935200214386,9.819018363952637,-74.5694351196289,-367.78759765625,1296.9569091796875,-0.0002711844863370061,-0.004700633231550455,0.011397942900657654,0.005232862196862698
21.229999542236328,40,0.027959220111370087,0.009031468071043491,9.802047729492188,-75.09300994873047,-372.6378479003906,1302.5970458984375,-0.000256594066740945,-0.003815951757133007,0.01111763995140791,0.0047095762565732
21.239999771118164,40,0.0727774053812027,0.030075110495090485,9.818459510803223,-75.17809295654297,-376.8561706542969,1308.8358154296875,-0.0030377425719052553,-0.0021997876465320587,0.00752840843051672,0.0031397175043821335
21.25,40,0.07040512561798096,0.016461046412587166,9.801652908325195,-74.68677520751953,-380.2455139160156,1315.646240234375,-0.007278770208358765,-0.005092328414320946,0.007344906218349934,0.0005232862313278019
21.260000228881836,40,0.045971181243658066,0.011608966626226902,9.810940742492676,-73.95377349853516,-383.088134765625,1320.4107666015625,-0.005782134830951691,-0.006128805689513683,0.008990812115371227,-0.0020931449253112078
21.270000457763672,40,0.026444649323821068,0.006147818174213171,9.815858840942383,-73.95087432861328,-385.6653137207031,1323.1885986328125,-0.0030674845911562443,-0.005665000062435865,0.0107778524979949,-0.0031397175043821335
21.280000686645508,40,0.03905627876520157,0.0011900949757546186,9.820775985717773,-74.34954071044922,-387.97088623046875,1326.6336669921875,-0.0019473932916298509,-0.005149847827851772,0.009187501855194569,-0.0031397175043821335
21.290000915527344,40,0.03830387815833092,0.02246227115392685,9.824180603027344,-74.65245056152344,-390.1916809082031,1328.714111328125,-0.002605643356218934,-0.004313988145440817,0.007844907231628895,-0.0015698587521910667
21.299999237060547,40,0.03095144033432007,0.02568225748836994,9.820089340209961,-75.06315612792969,-392.4643859863281,1330.09130859375,-0.007701610215008259,-0.005478973034769297,0.005092378705739975,-0.0005232862313278019
21.309999465942383,40,0.01140428427606821,0.019945142790675163,9.81650161743164,-76.13661193847656,-394.8321838378906,1333.085205078125,-0.01016036793589592,-0.005895921029150486,-0.002946072956547141,-0.0005232862313278019
21.31999969482422,40,-0.0014168870402500033,0.012149045243859291,9.805532455444336,-75.92717742919922,-396.6976318359375,1334.3040771484375,-0.005500428844243288,-0.004106917418539524,0.0031078073661774397,-0.0005232862313278019
21.329999923706055,39,0.0194255243986845,0.014195089228451252,9.821826934814453,-76.06246185302734,-397.9782409667969,1336.799560546875,-0.002090491121634841,-0.0026119656395167112,0.0061027612537145615,-0.0010465724626556039
21.34000015258789,40,0.05020871013402939,0.022807233035564423,9.804859161376953,-75.40933990478516,-399.1853332519531,1339.7000732421875,-0.003255475778132677,-0.007496933452785015,0.008395693264901638,-0.0005232862313278019
21.350000381469727,39,0.03788696601986885,0.025337299332022667,9.793213844299316,-74.07867431640625,-400.6489562988281,1341.59423828125,-0.0037905494682490826,-0.006867022253572941,0.014660854823887348,-0.0010465724626556039
21.360000610351562,39,0.03423897549510002,0.01679522544145584,9.81025505065918,-72.675048828125,-402.4085998535156,1341.47021484375,0.00035760432365350425,-0.001553883426822722,0.005532895214855671,-0.0015698587521910667
21.3700008392334,40,0.03554726019501686,0.006479842122644186,9.798482894897461,-71.73261260986328,-403.3857727050781,1341.2486572265625,-0.004302334506064653,-0.005044909659773111,-0.0002743522636592388,-0.0010465724626556039
21.3799991607666,40,0.055589500814676285,0.015564149245619774,9.805545806884766,-69.95657348632812,-404.8343505859375,1342.88916015625,-0.00896227452903986,-0.006209894083440304,0.004385586827993393,-0.0015698587521910667
21.389999389648438,40,0.08094412833452225,0.009275097399950027,9.798263549804688,-68.34392547607422,-405.82489013671875,1342.3963623046875,-0.002572815166786313,-0.001850179978646338,0.003520827041938901,-0.0020931449253112078
21.399999618530273,40,0.04539032280445099,0.0010769050568342209,9.793517112731934,-66.3995361328125,-406.2773132324219,1341.1756591796875,0.001288301544263959,-0.004490756429731846,0.002355842152610421,-0.0015698587521910667
21.40999984741211,39,0.04234598949551582,0.0056745754554867744,9.815300941467285,-63.66814041137695,-406.1253967285156,1340.4322509765625,-0.0011022742837667465,-0.00700478907674551,0.004133622627705336,-0.0010465724626556039
21.420000076293945,39,0.032733093947172165,0.018427317962050438,9.803879737854004,-60.42197799682617,-404.8817443847656,1338.326904296875,-0.001840490847826004,-0.007496933452785015,0.0018690290162339807,-0.0010465724626556039
21.43000030517578,40,0.03733108192682266,0.015574929304420948,9.805906295776367,-57.076744079589844,-403.8061828613281,1338.0037841796875,-0.0026973942294716835,-0.0032124153804033995,0.0052293031476438046,-0.0015698587521910667
21.440000534057617,39,0.030649611726403236,0.02171521820127964,9.809823036193848,-53.20436096191406,-402.61376953125,1336.4420166015625,-0.004657273646444082,-0.0021568583324551582,0.003900176612660289,-0.0005232862313278019
21.450000762939453,39,0.015283532440662384,0.019864292815327644,9.804450035095215,-49.37014389038086,-401.6666564941406,1334.70654296875,-0.001857045223005116,-0.0018560723401606083,0.005836206022650003,0.0005232862313278019
21.459999084472656,40,0.0024515041150152683,0.016932131722569466,9.80844783782959,-45.80983352661133,-400.9802551269531,1333.5379638671875,0.000613496929872781,-0.0027037167456001043,0.009648500941693783,0.0010465724626556039
21.469999313354492,39,0.017353985458612442,0.02289886213839054,9.815625190734863,-42.24393844604492,-400.0899353027344,1332.8731689453125,-0.000604237662628293,-0.0032070844899863005,0.009543001651763916,0.0020931449253112078
21.479999542236328,39,0.04667472094297409,0.02716558799147606,9.81727123260498,-37.95062255859375,-398.93511962890625,1332.2083740234375,-0.004027923569083214,-0.004229532554745674,0.007759890053421259,0.0047095762565732
21.489999771118164,40,0.05243225023150444,0.023842113092541695,9.807165145874023,-33.657310485839844,-398.1922912597656,1332.8282470703125,-0.0033545223996043205,-0.005300241056829691,0.009019151329994202,0.006279435008764267
21.5,39,0.030209898948669434,0.017714759334921837,9.815241813659668,-29.138484954833984,-397.8096008300781,1332.393798828125,-0.0011193896643817425,-0.005084472242742777,0.009873529896140099,0.007849293760955334
21.510000228881836,39,0.026630306616425514,0.016425471752882004,9.808354377746582,-24.203636169433594,-397.8478088378906,1332.381103515625,-0.0038618179969489574,-0.007857764139771461,0.005852760747075081,0.007849293760955334
21.520000457763672,39,0.043641239404678345,0.024164434522390366,9.800697326660156,-18.70051383972168,-398.4299621582031,1335.880126953125,0.0018721966771408916,-0.007528638932853937,0.006151582580059767,0.006802720949053764
21.530000686645508,39,0.05108814314007759,0.016909493133425713,9.810439109802246,-12.417613983154297,-399.6736145019531,1335.769287109375,-0.0020773038268089294,-0.0033423257991671562,0.005895690061151981,0.006279435008764267
21.540000915527344,39,0.04869088903069496,0.019564608111977577,9.807562828063965,-7.096012592315674,-401.21380615234375,1336.67578125,-0.00429111160337925,-0.001361963921226561,0.002168412087485194,0.006279435008764267
21.549999237060547,39,0.041013818234205246,0.021416611969470978,9.811302185058594,-2.0278027057647705,-403.3990173339844,1338.5814208984375,-0.0116564417257905,-0.0018131430260837078,0.008856973610818386,0.005756148602813482
21.559999465942383,38,0.03161046653985977,0.022151809185743332,9.814356803894043,2.6159603595733643,-406.2023010253906,1340.20947265625,-0.011250155977904797,-0.0061683678068220615,0.002374921925365925,0.005756148602813482
21.56999969482422,38,0.04021364822983742,0.015782983973622322,9.81640625,6.663569450378418,-409.3305969238281,1340.6773681640625,-0.0019302776781842113,-0.0038383984938263893,0.007034861017018557,0.007326007355004549
21.579999923706055,38,0.04592340812087059,0.015609425492584705,9.822152137756348,11.166313171386719,-411.99554443359375,1342.7825927734375,-0.001840490847826004,-0.003815951757133007,0.010541039519011974,0.008372579701244831
21.59000015258789,38,0.0296887569129467,0.016081590205430984,9.822944641113281,14.730701446533203,-414.2624816894531,1345.08642578125,-0.004023995250463486,-0.007091208826750517,0.012944241054356098,0.0094191525131464
21.600000381469727,39,0.025599965825676918,0.017920657992362976,9.810312271118164,18.74043846130371,-416.777099609375,1348.072998046875,-0.006353965029120445,-0.005437446758151054,0.012184981256723404,0.008895865641534328
21.610000610351562,39,0.023469800129532814,0.018760420382022858,9.800697326660156,23.1678524017334,-419.5179138183594,1351.49169921875,-0.0019097952172160149,-0.0011720085749402642,0.009084527380764484,0.007849293760955334
21.6200008392334,39,0.028923330828547478,0.019955921918153763,9.812956809997559,27.79544448852539,-422.6337890625,1354.67529296875,-0.004236397799104452,-0.001040695235133171,0.0010609468445181847,0.007326007355004549
21.6299991607666,39,0.0435836985707283,0.024808000773191452,9.813819885253906,32.50761795043945,-426.8977355957031,1356.337158203125,-0.0021466081961989403,-0.0005182478344067931,0.002709378255531192,0.006279435008764267
21.639999389648438,38,0.045506492257118225,0.017012981697916985,9.8135986328125,35.01362228393555,-430.0557556152344,1360.1214599609375,-0.0013952039880678058,-0.003261798294261098,0.004625767003744841,0.005232862196862698
21.649999618530273,38,0.03736582398414612,0.008918278850615025,9.808692932128906,38.103485107421875,-433.48602294921875,1363.5189208984375,-0.0032798866741359234,-0.0036035494413226843,0.005345464684069157,0.0036630036775022745
21.65999984741211,39,0.04088570177555084,0.010665716603398323,9.805545806884766,40.84061813354492,-436.77899169921875,1367.056884765625,-0.0029791006818413734,-0.003904335666447878,0.005195071920752525,0.0031397175043821335
21.670000076293945,39,0.05405213311314583,0.022255295887589455,9.815789222717285,42.775447845458984,-439.50616455078125,1370.6256103515625,-0.001840490847826004,-0.0032559058163315058,0.005817126482725143,0.002616431098431349
21.68000030517578,39,0.06525016576051712,0.026498304679989815,9.809636116027832,44.24346923828125,-441.36480712890625,1373.2508544921875,-0.0007731493096798658,-0.0045639886520802975,0.006012413185089827,-2.1472445132716955e-13
21.690000534057617,38,0.060896459966897964,0.015978101640939713,9.812654495239258,45.81419372558594,-442.8749694824219,1374.1373291015625,-0.0022164734546095133,-0.007780603598803282,0.003682443406432867,-0.0036630036775022745
21.700000762939453,39,0.04392026737332344,0.0085733188316226,9.80436897277832,47.384918212890625,-444.2457275390625,1375.3714599609375,-0.005929160863161087,-0.005040981341153383,0.0038103896658867598,-0.006802720949053764
21.709999084472656,39,0.04272707179188728,0.0292342696338892,9.793309211730957,48.32215118408203,-445.4316101074219,1374.690185546875,-0.003599191317334771,-0.0029366014059633017,0.007079754490405321,-0.0094191525131464
21.719999313354492,38,0.05135414004325867,0.013782215304672718,9.79476547241211,48.44380187988281,-446.1334228515625,1372.817626953125,-0.0021261253859847784,-0.0049584899097681046,0.007079754490405321,-0.0141287287697196
21.729999542236328,39,0.0420789010822773,0.007365958299487829,9.807352066040039,47.920230865478516,-445.98724365234375,1371.725341796875,-0.0035147354938089848,-0.008500301279127598,0.006856129039078951,-0.017791731283068657
21.739999771118164,38,0.023539286106824875,0.02662443183362484,9.79868221282959,47.39665603637695,-445.187744140625,1368.29052734375,-0.005359855946153402,-0.007012084126472473,0.005691144149750471,-0.021978022530674934
21.75,38,0.011889597401022911,0.015598646365106106,9.803797721862793,45.98705291748047,-442.13336181640625,1361.66796875,-0.0041948710568249226,-0.003716344479471445,0.0050241961143910885,-0.026164311915636063
21.760000228881836,39,0.026225335896015167,0.016138723120093346,9.809589385986328,44.73650360107422,-438.39727783203125,1354.0592041015625,-0.0031426812056452036,-0.002588957780972123,0.009458545595407486,-0.029304029420018196
21.770000457763672,39,0.029421672224998474,0.025049472227692604,9.818620681762695,43.5314826965332,-433.55120849609375,1344.8558349609375,-0.0054726507514715195,-0.002588957780972123,0.007128576282411814,-0.033490318804979324
21.780000686645508,39,0.029421672224998474,0.0058599915355443954,9.811721801757812,41.901573181152344,-427.1047058105469,1333.0804443359375,-0.007802620530128479,-0.004870105534791946,0.007079754490405321,-0.03819989413022995
21.790000915527344,40,0.029421672224998474,0.006779526360332966,9.801886558532715,39.28369903564453,-420.353515625,1319.1192626953125,-0.007975460030138493,-0.003964380826801062,0.0060011898167431355,-0.04343275725841522
21.799999237060547,39,0.04231015592813492,0.03295983746647835,9.805021286010742,36.28563690185547,-411.828369140625,1302.140869140625,-0.006958904210478067,-0.004832507576793432,0.000769981590565294,-0.04709576070308685
21.809999465942383,39,0.03950793296098709,0.0187259241938591,9.805545806884766,32.121219635009766,-402.5249328613281,1285.1539306640625,-0.0019757323898375034,-0.005042945500463247,0.006399618461728096,-0.04918890818953514
21.81999969482422,39,0.06123194471001625,0.02133576199412346,9.827862739562988,27.77634620666504,-392.2300109863281,1265.6397705078125,-0.005076185334473848,-0.005042945500463247,0.010984362103044987,-0.050235480070114136
21.829999923706055,39,0.05413356050848961,0.003824727376922965,9.80258560180664,23.901891708374023,-380.98284912109375,1242.477783203125,-0.005917937494814396,-0.003381888149306178,0.013648788444697857,-0.052328623831272125
21.84000015258789,39,0.04893408715724945,0.011666101403534412,9.80530071258545,20.027437210083008,-369.52349853515625,1218.4334716796875,-0.001678874366916716,-0.006431555841118097,0.01059911958873272,-0.05389848351478577
21.850000381469727,39,0.039403706789016724,0.012149045243859291,9.810218811035156,16.66044807434082,-356.9449157714844,1194.9261474609375,-0.002919055987149477,-0.006604395341128111,0.007600237615406513,-0.05494505539536476
21.860000610351562,39,0.04848243296146393,0.007469446398317814,9.810393333435059,13.54034423828125,-344.3307800292969,1169.1568603515625,-0.0029434666503220797,-0.0018204381922259927,0.010302262380719185,-0.05703819915652275
21.8700008392334,39,0.048586662858724594,0.026256833225488663,9.791280746459961,10.137107849121094,-331.4057312011719,1141.400634765625,-0.0017784817609936,-0.0018204380758106709,0.010302262380719185,-0.05965463072061539
21.8799991607666,40,0.034134745597839355,0.012045557610690594,9.810393333435059,6.534109115600586,-317.98114013671875,1112.0399169921875,-0.004108451306819916,-0.0029610120691359043,0.009161688387393951,-0.061747774481773376
21.889999389648438,40,0.02959538623690605,0.008055878803133965,9.809868812561035,3.3894379138946533,-304.0400085449219,1081.3662109375,-0.0050629982724785805,-0.0033442897256463766,0.009695359505712986,-0.06279435008764267
21.899999618530273,40,0.035211775451898575,0.02601535990834236,9.797807693481445,0.14327400922775269,-290.2710266113281,1047.79296875,-0.0027086175978183746,-0.008723926730453968,0.006645691115409136,-0.06279435008764267
21.90999984741211,40,0.05225745216012001,0.016932131722569466,9.83211612701416,-3.352999687194824,-276.07769775390625,1014.1314086914062,0.00027904080343432724,-0.008723926730453968,0.006634467747062445,-0.061747774481773376
21.920000076293945,40,0.0334746353328228,0.01807050034403801,9.798157691955566,-6.442889213562012,-262.12493896484375,980.3228149414062,-0.0019757321570068598,-0.008179032243788242,0.002989120315760374,-0.06070120260119438
21.93000030517578,40,0.024604368954896927,0.029487600550055504,9.821301460266113,-9.23394775390625,-248.6481170654297,945.1129760742188,-0.006748466286808252,-0.005217749159783125,0.005011008586734533,-0.05913134664297104
21.940000534057617,40,0.023562084883451462,0.013701365329325199,9.788251876831055,-12.117630004882812,-235.5570068359375,907.4638671875,-0.0058578928001224995,-0.0005802569212391973,0.001390072051435709,-0.0565149150788784
21.950000762939453,40,0.0179228987544775,0.024739008396863937,9.807923316955566,-14.526074409484863,-222.1433563232422,872.228515625,-0.00007786205969750881,-0.004075211472809315,0.004798606503754854,-0.05389848351478577
21.959999084472656,40,0.038396164774894714,0.013459892943501472,9.822944641113281,-16.305816650390625,-209.49163818359375,836.8030395507812,-0.009178043343126774,-0.007496933452785015,0.007104165386408567,-0.05180533602833748
21.969999313354492,41,0.03496857360005379,0.020990801975131035,9.811127662658691,-17.589771270751953,-197.35377502441406,801.9674072265625,-0.008013058453798294,-0.007496933452785015,0.00826914981007576,-0.04918890818953514
21.979999542236328,40,0.039855364710092545,0.0153453154489398,9.815241813659668,-18.352163314819336,-185.9679412841797,768.2394409179688,-0.00459330016747117,-0.002987386891618371,0.003797202603891492,-0.04709576070308685
21.989999771118164,41,0.043873582035303116,0.009953158907592297,9.814367294311523,-18.650196075439453,-175.4242706298828,735.9020385742188,-0.010686743073165417,-0.004719712771475315,0.008725659921765327,-0.045002616941928864
22,41,0.04105941578745842,0.01892104186117649,9.808505058288574,-18.8596248626709,-165.0309295654297,704.877197265625,-0.00964970514178276,-0.005042945500463247,0.008530373685061932,-0.04238618537783623
22.010000228881836,41,0.031436752527952194,0.008366342633962631,9.801711082458496,-18.684017181396484,-156.18910217285156,674.76904296875,-0.00826109480112791,-0.004101586062461138,0.003599951509386301,-0.04029304161667824
22.020000457763672,41,0.03797925263643265,0.01321842148900032,9.807713508605957,-19.11981773376465,-147.97010803222656,645.0448608398438,-0.006216759793460369,-0.0029366014059633017,0.002171779051423073,-0.0387231819331646
22.030000686645508,41,0.03882502391934395,0.01579376310110092,9.81639575958252,-19.52294921875,-140.4549560546875,616.9563598632812,-0.0022521077189594507,-0.001771616516634822,0.005441144108772278,-0.03663003817200661
22.040000915527344,42,0.051076196134090424,0.01456376537680626,9.82131290435791,-19.63573455810547,-133.7556915283203,590.6483154296875,0.00014183521852828562,-0.002872628392651677,0.004058425780385733,-0.03401360660791397
22.049999237060547,41,0.04258809983730316,0.020438864827156067,9.81976318359375,-20.15930938720703,-127.89276885986328,564.1663818359375,0.002000143053010106,-0.0045092748478055,0.006331717595458031,-0.03192045912146568
22.059999465942383,41,0.03634634241461754,0.018277475610375404,9.805545806884766,-19.553133010864258,-122.11698913574219,540.9447631835938,0.004330112598836422,-0.002517689485102892,0.010165056213736534,-0.03035060130059719
22.06999969482422,41,0.03084612637758255,0.023129554465413094,9.801244735717773,-19.23739242553711,-116.9394760131836,519.0271606445312,0.0032442526426166296,-0.0024121899623423815,0.007914211601018906,-0.0287807434797287
22.079999923706055,41,0.028263216838240623,0.026498304679989815,9.791001319885254,-18.920822143554688,-112.01032257080078,497.3045959472656,-0.0019229826284572482,-0.004535649437457323,0.006147654727101326,-0.027210883796215057
22.09000015258789,41,0.021223461255431175,0.02494598552584648,9.794147491455078,-18.47296142578125,-107.19837188720703,476.0100402832031,-0.005076185800135136,-0.0020348045509308577,0.009642609395086765,-0.026164311915636063
22.100000381469727,42,0.03260606527328491,0.026579154655337334,9.803983688354492,-17.962690353393555,-102.57910919189453,456.4776611328125,-0.003144645132124424,-0.00044108720612712204,0.011987730860710144,-0.025117740035057068
22.110000610351562,41,0.022612087428569794,0.025922654196619987,9.800113677978516,-17.753259658813477,-97.95984649658203,438.7491760253906,-0.0009347656741738319,-0.003173414384946227,0.011023924686014652,-0.025117740035057068
22.1200008392334,41,0.01901186630129814,0.010884551331400871,9.793787956237793,-17.374666213989258,-93.26882934570312,420.2152099609375,-0.0015812312485650182,-0.0021397427190095186,0.008306748233735561,-0.024071166291832924
22.1299991607666,41,0.03976307809352875,0.018760420382022858,9.818947792053223,-17.555952072143555,-88.7643814086914,402.696044921875,-0.0014024991542100906,-0.005042945500463247,0.0075177461840212345,-0.02302459441125393
22.139999389648438,42,0.044869180768728256,0.01602337695658207,9.813400268554688,-17.75887680053711,-84.32139587402344,385.7755432128906,-0.005791955627501011,-0.0054486701264977455,0.0033987730275839567,-0.021978022530674934
22.149999618530273,42,0.03905627876520157,0.0034334135707467794,9.799836158752441,-17.27202033996582,-79.80364990234375,368.5104064941406,-0.008048692718148232,-0.008430996909737587,0.0037649350706487894,-0.020408162847161293
22.15999984741211,41,0.03905627876520157,0.005940841976553202,9.807608604431152,-18.00502586364746,-76.16154479980469,353.3304138183594,-0.009157560765743256,-0.0038608452305197716,0.009522519074380398,-0.0188383050262928
22.170000076293945,41,0.03693696856498718,0.016932131722569466,9.810393333435059,-18.55597496032715,-72.59664916992188,338.92095947265625,-0.0044976212084293365,-0.008520783856511116,0.008357534185051918,-0.017791731283068657
22.18000030517578,42,0.032050181180238724,0.021278629079461098,9.821407318115234,-18.68079376220703,-69.43802642822266,325.26025390625,-0.005408677738159895,-0.009838126599788666,0.009420948103070259,-0.016745159402489662
22.190000534057617,42,0.03167995437979698,0.026498304679989815,9.825543403625488,-18.659862518310547,-66.68425750732422,312.4958190917969,-0.003417092375457287,-0.002585591049864888,0.007429362274706364,-0.016221873462200165
22.200000762939453,42,0.0435500405728817,0.021875841543078423,9.819927215576172,-18.695280075073242,-64.10877990722656,300.71240234375,0.0018834201619029045,0.000618398014921695,0.004109211731702089,-0.015698587521910667
22.209999084472656,42,0.04391918331384659,0.014551907777786255,9.812874794006348,-18.381134033203125,-61.0884895324707,289.85369873046875,0.0002829690056387335,-0.0026206637267023325,0.004326945170760155,-0.015175300650298595
22.219999313354492,41,0.03177224099636078,0.009699828922748566,9.800697326660156,-17.969518661499023,-58.72970199584961,277.6541748046875,-0.0014796598115935922,-0.003815951757133007,0.005491929594427347,-0.015175300650298595
22.229999542236328,41,0.02688544988632202,0.007365958299487829,9.813459396362305,-17.915180206298828,-56.110836029052734,267.05218505859375,-0.005057105794548988,0.00020481698447838426,0.009069375693798065,-0.014652014710009098
22.239999771118164,42,0.02721007727086544,0.012540359050035477,9.82493782043457,-17.826549530029297,-53.43905258178711,256.27008056640625,-0.005264176521450281,-0.0006495611160062253,0.010018591769039631,-0.0141287287697196
22.25,41,0.0213960912078619,0.014275939203798771,9.800707817077637,-17.631250381469727,-51.0645637512207,245.29444885253906,-0.0036143427714705467,-0.0032690935768187046,0.00477279257029295,-0.013605441898107529
22.260000228881836,41,0.025948479771614075,0.012149045243859291,9.806164741516113,-17.840679168701172,-49.37675857543945,237.31661987304688,-0.0018312314059585333,-0.005052204709500074,0.0003266586863901466,-0.013082155957818031
22.270000457763672,41,0.03705314174294472,0.01494322158396244,9.813610076904297,-17.842275619506836,-47.33633041381836,226.69981384277344,-0.0011696144938468933,-0.006826057098805904,0.0036106137558817863,-0.012035583145916462
22.280000686645508,41,0.03617262840270996,0.014068963937461376,9.80844783782959,-17.604228973388672,-45.22588348388672,218.74951171875,0.000630051305051893,-0.006508716382086277,0.010777290910482407,-0.011512297205626965
22.290000915527344,42,0.043098386377096176,0.015081205405294895,9.807421684265137,-17.344865798950195,-43.60511016845703,211.1943817138672,0.0034302796702831984,-0.0054750447161495686,0.010120724327862263,-0.010465724393725395
22.299999237060547,42,0.04869088903069496,0.016932131722569466,9.811629295349121,-17.07500648498535,-42.245243072509766,203.76007080078125,0.0007302198791876435,-0.005899848882108927,0.0036521402653306723,-0.010465724393725395
22.309999465942383,41,0.0517829954624176,0.023072419688105583,9.7996826171875,-16.690027236938477,-40.418094635009766,197.6240692138672,-0.0012243284145370126,-0.004734864458441734,0.007695917040109634,-0.009942438453435898
22.31999969482422,41,0.044023409485816956,0.020220031961798668,9.791001319885254,-16.899457931518555,-39.26327896118164,190.75428771972656,-0.00037079176399856806,-0.0040620239451527596,0.008549453690648079,-0.009942438453435898
22.329999923706055,42,0.03905627876520157,0.020140260457992554,9.797504425048828,-16.765710830688477,-38.181243896484375,185.24623107910156,-0.003926352132111788,-0.004674819298088551,0.0060982718132436275,-0.0094191525131464
22.34000015258789,42,0.03905627876520157,0.024992339313030243,9.8040189743042,-16.678733825683594,-36.90749740600586,179.7145538330078,-0.0015963828191161156,-0.0027110117953270674,0.013831447809934616,-0.008895865641534328
22.350000381469727,42,0.035686228424310684,0.029844418168067932,9.798762321472168,-16.752052307128906,-35.61058044433594,174.14674377441406,0.0004333620017860085,-0.003875996684655547,0.007946478202939034,-0.008895865641534328
22.360000610351562,41,0.023920370265841484,0.01762097328901291,9.802772521972656,-16.901025772094727,-34.56510925292969,169.02857971191406,-0.003061592346057296,-0.005040981341153383,0.0009565698564983904,-0.008895865641534328
22.3700008392334,41,0.016278045251965523,0.005180852022022009,9.809077262878418,-16.58687973022461,-33.67679214477539,164.596435546875,-0.0019044639775529504,-0.012021069414913654,0.0055968682281672955,-0.008372579701244831
22.3799991607666,41,0.040019307285547256,0.006135960109531879,9.799590110778809,-15.996016502380371,-33.023216247558594,160.26193237304688,-0.0007394790882244706,-0.004697827156633139,0.01135781966149807,-0.008895865641534328
22.389999389648438,41,0.03774691000580788,0.010988038964569569,9.806862831115723,-15.77375602722168,-32.1717643737793,155.29615783691406,-0.002691501984372735,-0.003815951757133007,0.00783171970397234,-0.008372579701244831
22.399999618530273,41,0.03052149899303913,0.012149045243859291,9.802910804748535,-15.515131950378418,-31.34087562561035,150.43370056152344,-0.0011134975356981158,-0.006746932398527861,0.003171780379489064,-0.007849293760955334
22.40999984741211,41,0.021847747266292572,0.02342923916876316,9.800697326660156,-14.886841773986816,-30.593252182006836,146.28204345703125,-0.00518841901794076,-0.006581948604434729,0.0030867636669427156,-0.007849293760955334
22.420000076293945,41,0.01978706568479538,0.018840191885828972,9.808459281921387,-14.258552551269531,-29.260772705078125,142.4039306640625,-0.005895490758121014,-0.005416963715106249,0.002545797498896718,-0.007849293760955334
22.43000030517578,42,0.039416734129190445,0.005237985868006945,9.81434440612793,-14.321049690246582,-28.34687042236328,138.21255493164062,-0.0007756745326332748,-0.0026700464077293873,-0.000992086250334978,-0.007849293760955334
22.440000534057617,41,0.03987816348671913,0.022418074309825897,9.80720043182373,-14.12929916381836,-27.710050582885742,134.1588897705078,-0.0003463809553068131,-0.0006330066826194525,-0.0005493245553225279,-0.007849293760955334
22.450000762939453,41,0.04718609154224396,0.014390207827091217,9.793272972106934,-13.864703178405762,-27.17705726623535,130.06512451171875,0.00016035376756917685,-0.0028027629014104605,0.0016117333434522152,-0.007326007355004549
22.459999084472656,41,0.04042210429906845,0.008044020272791386,9.81596565246582,-13.480403900146484,-26.622873306274414,125.96034240722656,0.0006306126015260816,-0.0038330673705786467,0.003986596595495939,-0.007849293760955334
22.469999313354492,41,0.030648525804281235,0.015713991597294807,9.807397842407227,-12.540038108825684,-26.00245475769043,122.19917297363281,-0.0022422869224101305,0.0001256924297194928,0.005852760747075081,-0.007849293760955334
22.479999542236328,41,0.029421672224998474,0.016932131722569466,9.809845924377441,-12.12117862701416,-25.735958099365234,119.98310852050781,-0.0033326365519315004,0.0025841696187853813,0.004890918731689453,-0.007849293760955334
22.489999771118164,41,0.033764518797397614,0.016932131722569466,9.810393333435059,-11.70231819152832,-24.786041259765625,116.2326431274414,-0.0026783146895468235,0.0015109357191249728,0.0025609491858631372,-0.007849293760955334
22.5,41,0.03865130990743637,0.030075110495090485,9.805953025817871,-11.395445823669434,-24.248735427856445,112.85160827636719,-0.003937575500458479,-0.00017930223839357495,0.003086202312260866,-0.007849293760955334
22.510000228881836,42,0.04353809729218483,0.02238142304122448,9.792014122009277,-11.217442512512207,-23.92881965637207,109.62702941894531,-0.0030674845911562443,-0.0068597267381846905,0.008601642213761806,-0.007849293760955334
22.520000457763672,40,0.03477097302675247,0.008158287964761257,9.818483352661133,-11.085291862487793,-22.926837921142578,105.15668487548828,-0.0035332541447132826,-0.00849104207009077,0.0086022038012743,-0.007326007355004549
22.530000686645508,41,0.029618186876177788,0.02112986333668232,9.801488876342773,-10.561717987060547,-22.8380069732666,101.72178649902344,-0.005179721396416426,-0.0059590525925159454,0.004454891197383404,-0.007326007355004549
22.540000915527344,42,0.020041123032569885,0.012401297688484192,9.805418014526367,-11.256230354309082,-22.380128860473633,98.2868881225586,-0.0038295506965368986,0.0032194119412451982,0.003181039821356535,-0.007326007355004549
22.549999237060547,41,0.034066349267959595,0.0027327132411301136,9.838944435119629,-10.94989013671875,-22.164945602416992,95.05020141601562,-0.011234723962843418,0.00009931756358128041,0.0011322153732180595,-0.006802720949053764
22.559999465942383,41,0.03407611697912216,0.016770431771874428,9.786399841308594,-10.290351867675781,-21.811548233032227,92.26830291748047,-0.0007498604827560484,0.005924241617321968,0.005792154464870691,-0.006802720949053764
22.56999969482422,42,0.024755282327532768,0.008115168660879135,9.800545692443848,-10.41995906829834,-20.9246826171875,89.6580810546875,-0.000613496929872781,0.0014006660785526037,0.010452094487845898,-0.006802720949053764
22.579999923706055,41,0.029421672224998474,0.030624890699982643,9.795849800109863,-10.001099586486816,-20.658185958862305,84.33953857421875,-0.0027891453355550766,-0.0043470971286296844,0.006409439258277416,-0.006802720949053764
22.59000015258789,41,0.030581213533878326,0.016932131722569466,9.796725273132324,-10.329849243164062,-20.233137130737305,81.19644165039062,0.00000996069320535753,-0.005042945500463247,0.007904390804469585,-0.006802720949053764
22.600000381469727,42,0.04761277884244919,0.016575314104557037,9.810755729675293,-10.335407257080078,-19.496801376342773,79.04444885253906,-0.0013141152448952198,-0.0031153333839029074,0.004451524466276169,-0.006279435008764267
22.610000610351562,42,0.03466783091425896,0.012149045243859291,9.813514709472656,-10.081660270690918,-18.984424591064453,77.36538696289062,-0.000036896853998769075,-0.005294348578900099,0.0033987730275839567,-0.006279435008764267
22.6200008392334,41,0.03905627876520157,0.013138649985194206,9.797855377197266,-9.767515182495117,-18.8839054107666,75.62606811523438,0.002293072873726487,-0.005430151242762804,0.00507834879681468,-0.006279435008764267
22.6299991607666,41,0.03678496927022934,0.02171521820127964,9.818099021911621,-9.453371047973633,-18.350914001464844,73.07760620117188,0.0015119268791750073,-0.006598503328859806,0.01051943376660347,-0.006279435008764267
22.639999389648438,41,0.022336317226290703,0.02171521820127964,9.833709716796875,-9.938394546508789,-17.563688278198242,69.89491271972656,-0.002965352265164256,-0.005349623970687389,0.011067414656281471,-0.005756148602813482
22.649999618530273,41,0.03905627876520157,0.02171521820127964,9.798694610595703,-9.558026313781738,-17.14761734008789,67.08016204833984,-0.0029064295813441277,-0.005777234211564064,0.00822622049599886,-0.006279435008764267
22.65999984741211,42,0.03750371187925339,0.02171521820127964,9.815241813659668,-9.078826904296875,-16.924182891845703,64.7431640625,-0.000021745259800809436,-0.005721678491681814,0.008855009451508522,-0.006279435008764267
22.670000076293945,41,0.031113211065530777,0.02087545581161976,9.813539505004883,-8.895590782165527,-16.746519088745117,63.219886779785156,-0.0009757308289408684,-0.003286209190264344,0.010760736651718616,-0.005756148602813482
22.68000030517578,42,0.038141023367643356,0.016932131722569466,9.803703308105469,-8.782745361328125,-16.56885528564453,63.066070556640625,-0.003535218071192503,-0.001653490704484284,0.008422069251537323,-0.005756148602813482
22.690000534057617,42,0.032269496470689774,0.016932131722569466,9.797831535339355,-8.154455184936523,-16.391191482543945,60.1851921081543,-0.004700202960520983,-0.0013521435903385282,0.004220042377710342,-0.005756148602813482
22.700000762939453,41,0.02776704728603363,0.01588539406657219,9.808728218078613,-7.689713001251221,-16.28289794921875,59.03487014770508,-0.005177757237106562,-0.003472236217930913,0.004773634485900402,-0.005756148602813482
22.709999084472656,41,0.03568514436483383,0.015496235340833664,9.817827224731445,-7.900118350982666,-16.048477172851562,57.82526397705078,-0.0037310656625777483,-0.002870664233341813,0.006616510450839996,-0.005756148602813482
22.719999313354492,42,0.02341117151081562,0.024128859862685204,9.810393333435059,-8.535207748413086,-15.69314956665039,56.646724700927734,-0.002499582711607218,-0.0035962543915957212,0.002482666401192546,-0.005756148602813482
22.729999542236328,42,0.0248377975076437,0.016932131722569466,9.807851791381836,-8.881429672241211,-15.35151481628418,56.40781784057617,-0.005048407707363367,-0.0022735814563930035,0.009533742442727089,-0.005756148602813482
22.739999771118164,41,0.03905627876520157,0.015609425492584705,9.80337905883789,-8.357854843139648,-15.173851013183594,54.63496780395508,-0.0019361700396984816,-0.00042200752068310976,0.009533742442727089,-0.005756148602813482
22.75,42,0.03625297173857689,0.013540742918848991,9.808982849121094,-8.0989351272583,-14.47232437133789,52.11534118652344,-0.0030674845911562443,-0.003916962072253227,0.009601082652807236,-0.005756148602813482
22.760000228881836,41,0.032363951206207275,0.016932131722569466,9.805545806884766,-8.08045768737793,-14.536779403686523,50.601043701171875,-0.0030674845911562443,-0.007411916274577379,0.011931052431464195,-0.005756148602813482
22.770000457763672,42,0.04213752970099449,0.013872767798602581,9.802445411682129,-8.107006072998047,-14.827051162719727,49.32915496826172,-0.001930838916450739,-0.010906871408224106,0.006304501090198755,-0.005756148602813482
22.780000686645508,42,0.04064033553004265,0.012161980383098125,9.803951263427734,-8.089385986328125,-14.671381950378418,47.48501205444336,-0.001840490847826004,-0.009028641507029533,0.004778123926371336,-0.006279435008764267
22.790000915527344,42,0.029643157497048378,0.01837988570332527,9.815018653869629,-8.612960815429688,-15.204373359680176,47.263404846191406,0.0011973922373726964,-0.0056860437616705894,0.005638394504785538,-0.005756148602813482
22.799999237060547,42,0.033809032291173935,0.013885702937841415,9.805545806884766,-8.473893165588379,-14.693401336669922,46.040130615234375,0.0008898721425794065,-0.008845419622957706,0.0068033793941140175,-0.005756148602813482
22.809999465942383,42,0.030060071498155594,0.015126481652259827,9.805545806884766,-8.614941596984863,-14.368896484375,44.71049499511719,-0.00027511263033375144,-0.010839531198143959,0.004413926042616367,-0.005756148602813482
22.81999969482422,42,0.03905627876520157,0.017772972583770752,9.809346199035645,-8.701444625854492,-14.384345054626465,43.380859375,0.00021310355805326253,-0.007044912315905094,0.0017455720808357,-0.005756148602813482
22.829999923706055,42,0.03709873929619789,0.024554669857025146,9.815241813659668,-8.533936500549316,-14.54415225982666,42.1621208190918,-0.003974051680415869,-0.003513762727379799,0.007061517331749201,-0.005756148602813482
22.84000015258789,42,0.0382930226624012,0.017689965665340424,9.811161994934082,-8.533936500549316,-14.277656555175781,41.38649368286133,-0.007451048586517572,-0.004696704912930727,0.006545242387801409,-0.005232862196862698
22.850000381469727,42,0.039680562913417816,0.012149045243859291,9.803435325622559,-8.837261199951172,-14.697339057922363,38.89908981323242,-0.006053740158677101,-0.004988792818039656,0.0014770531561225653,-0.005232862196862698
22.860000610351562,42,0.03640497103333473,0.014299655333161354,9.807236671447754,-8.921784400939941,-14.881773948669434,38.294395446777344,-0.004873042926192284,-0.004394515883177519,0.0014534840593114495,-0.005232862196862698
22.8700008392334,42,0.036820799112319946,0.01249292679131031,9.821990966796875,-8.713891983032227,-14.75015640258789,37.85525131225586,-0.0044883619993925095,-0.00607605604454875,0.003915328066796064,-0.005232862196862698
22.8799991607666,41,0.03193400800228119,-0.0017884193221107125,9.822827339172363,-8.569087982177734,-14.37157917022705,37.293006896972656,-0.0026129386387765408,-0.005678748711943626,0.0059894053265452385,-0.005232862196862698
22.889999389648438,42,0.036545027047395706,0.00002154324101866223,9.810462951660156,-9.163320541381836,-13.934642791748047,37.88574981689453,-0.0006628797273151577,-0.0014113467186689377,0.009876896627247334,-0.005232862196862698
22.899999618530273,41,0.04142964631319046,0.012149045243859291,9.803086280822754,-8.535030364990234,-13.756978034973145,35.89129638671875,0.0005183790344744921,0.0017530798213556409,0.013214724138379097,-0.005232862196862698
22.90999984741211,41,0.034029435366392136,0.009653475135564804,9.805755615234375,-8.32166862487793,-14.072103500366211,35.65304946899414,-0.003336003515869379,0.0024719361681491137,0.012946205213665962,-0.005232862196862698
22.920000076293945,42,0.03200457990169525,0.012495082803070545,9.815591812133789,-8.15853500366211,-14.02069091796875,34.63836669921875,-0.0042944783344864845,-0.0021880031563341618,0.011987730860710144,-0.005232862196862698
22.93000030517578,41,0.031586579978466034,0.016932131722569466,9.81742000579834,-8.050657272338867,-13.576530456542969,32.93046188354492,-0.0042944783344864845,-0.0062699392437934875,0.011698729358613491,-0.005232862196862698
22.940000534057617,41,0.04030919075012207,0.019634678959846497,9.81250286102295,-8.118240356445312,-13.203245162963867,31.91083335876465,-0.0043769702315330505,-0.006104955915361643,0.009451250545680523,-0.005232862196862698
22.950000762939453,41,0.04869088903069496,0.027258295565843582,9.81882095336914,-7.80409574508667,-13.558573722839355,31.800029754638672,-0.005419059190899134,-0.0038773997221142054,0.008265783078968525,-0.005232862196862698
22.959999084472656,41,0.04869088903069496,0.02844086103141308,9.816300392150879,-7.758242130279541,-13.231109619140625,30.553668975830078,0.00040586493560113013,-0.007372354157269001,0.005935813765972853,-0.005232862196862698
22.969999313354492,41,0.036969542503356934,0.026498304679989815,9.81924057006836,-7.8231048583984375,-13.22714614868164,29.59366798400879,0.003983872011303902,-0.006373474840074778,0.008099677041172981,-0.005232862196862698
22.979999542236328,42,0.03242149576544762,0.026498304679989815,9.821918487548828,-7.806933879852295,-13.288540840148926,29.142040252685547,0.000048681151383789256,-0.005208489950746298,0.008306748233735561,-0.005756148602813482
22.989999771118164,41,0.03423897549510002,0.020403292030096054,9.8231782913208,-7.566047668457031,-13.035387992858887,28.78160285949707,0.000385943305445835,-0.002044624648988247,0.008306748233735561,-0.005232862196862698
23,41,0.03423897549510002,0.01381563302129507,9.812302589416504,-7.14718770980835,-12.857723236083984,27.008752822875977,-0.0003239342477172613,-0.0022993951570242643,0.00736931711435318,-0.005232862196862698
23.010000228881836,41,0.0374472551047802,0.012149045243859291,9.802316665649414,-6.728327751159668,-12.680059432983398,27.670692443847656,0.0011373473098501563,-0.005215223878622055,0.0062043326906859875,-0.005232862196862698
23.020000457763672,42,0.02594522200524807,0.008894562721252441,9.797398567199707,-6.5233917236328125,-12.3814115524292,27.425312042236328,0.001027077785693109,-0.007083352655172348,0.008293000049889088,-0.005756148602813482
23.030000686645508,42,0.029828814789652824,0.01401290763169527,9.812692642211914,-6.512157440185547,-12.184686660766602,26.402400970458984,-0.0016407149378210306,-0.007496933452785015,0.008030934259295464,-0.005232862196862698
23.040000915527344,41,0.030822239816188812,0.013539665378630161,9.823528289794922,-6.572526454925537,-12.184686660766602,25.448156356811523,-0.0023780898191034794,-0.003360563889145851,0.009147939272224903,-0.005232862196862698
23.049999237060547,41,0.032907892018556595,0.008687586523592472,9.800378799438477,-6.467811584472656,-12.184686660766602,25.891368865966797,-0.001840490847826004,-0.0007623559213243425,0.009505964815616608,-0.005232862196862698
23.059999465942383,42,0.03423897549510002,0.017957309260964394,9.823206901550293,-6.363096714019775,-12.27148723602295,25.251890182495117,-0.002971244277432561,-0.0019273406360298395,0.00943750236183405,-0.005232862196862698
23.06999969482422,42,0.037864167243242264,0.014516333118081093,9.812744140625,-6.413887023925781,-12.16244125366211,25.080711364746094,-0.005804581567645073,-0.0030923255253583193,0.012270839884877205,-0.005232862196862698
23.079999923706055,41,0.03905627876520157,0.01948591321706772,9.812982559204102,-6.51860237121582,-12.075014114379883,25.30582046508789,-0.006210025399923325,-0.004257310181856155,0.014000359922647476,-0.005232862196862698
23.09000015258789,41,0.020235463976860046,0.02171521820127964,9.826606750488281,-6.394375324249268,-12.050737380981445,25.476499557495117,-0.00382618373259902,-0.005042945500463247,0.012835375033318996,-0.0047095762565732
23.100000381469727,41,0.037971653044223785,0.033134475350379944,9.814352989196777,-5.681621551513672,-11.948161125183105,24.888198852539062,-0.004886791575700045,-0.005360285751521587,0.009449006989598274,-0.005232862196862698
23.110000610351562,41,0.0477767176926136,0.005061193834990263,9.814321517944336,-5.47219181060791,-11.50400161743164,23.447757720947266,-0.0030674845911562443,-0.006780602037906647,0.003193104872480035,-0.0047095762565732
23.1200008392334,40,0.03280040994286537,0.017521796748042107,9.795251846313477,-5.599552631378174,-11.845535278320312,23.610990524291992,-0.002874162280932069,-0.00833728164434433,0.00727307703346014,-0.0047095762565732
23.1299991607666,41,0.0415479876101017,0.02171521820127964,9.815408706665039,-5.689722061157227,-12.176185607910156,24.101909637451172,-0.0021031175274401903,-0.006007312797009945,0.007518868427723646,-0.0047095762565732
23.139999389648438,41,0.027427218854427338,0.017632830888032913,9.782849311828613,-5.759847164154053,-12.324104309082031,24.359615325927734,-0.004086565691977739,-0.003954560030251741,0.0011526979506015778,-0.0047095762565732
23.149999618530273,41,0.03296652063727379,0.012780752964317799,9.81011962890625,-5.906306266784668,-12.41293716430664,24.404287338256836,-0.0005989065393805504,-0.006248053628951311,0.004633062053471804,-0.0047095762565732
23.15999984741211,41,0.05549178645014763,0.0037083036731928587,9.806686401367188,-5.4874467849731445,-12.501768112182617,25.8447265625,0.0017310630064457655,-0.002753099426627159,0.005798046942800283,-0.0047095762565732
23.170000076293945,41,0.041045304387807846,0.011161597445607185,9.805545806884766,-5.793727397918701,-12.436812400817871,26.421953201293945,-0.01037248969078064,-0.0036992288660258055,0.006963031366467476,-0.0047095762565732
23.18000030517578,41,0.04344581067562103,0.012149045243859291,9.801127433776855,-5.750061988830566,-12.572192192077637,26.655414581298828,-0.004318608902394772,-0.0017194278771057725,0.0039349691942334175,-0.0041862898506224155
23.190000534057617,41,0.03941456228494644,0.021003738045692444,9.800697326660156,-5.518931865692139,-12.803476333618164,26.985822677612305,-0.004053737502545118,-0.0023482167162001133,0.004385025706142187,-0.0047095762565732
23.200000762939453,41,0.02547076717019081,0.017218880355358124,9.80981159210205,-5.481977462768555,-12.909287452697754,27.5430908203125,-0.0005975034437142313,0.00018377345986664295,0.006474254187196493,-0.0047095762565732
23.209999084472656,41,0.042996328324079514,0.021497461944818497,9.805766105651855,-5.796122074127197,-12.642791748046875,27.5430908203125,0.001475731609389186,-0.0006324455025605857,0.009666458703577518,-0.0036630036775022745
23.219999313354492,41,0.04854106158018112,0.012446573004126549,9.819637298583984,-5.333567142486572,-13.446993827819824,28.981342315673828,0.0002400396770099178,-0.006163317244499922,0.00755983404815197,-0.0036630036775022745
23.229999542236328,41,0.039216965436935425,0.030962305143475533,9.791486740112305,-5.24511194229126,-13.720110893249512,29.91869354248047,-0.0013517135521396995,-0.005771060939878225,0.005114544183015823,-0.0041862898506224155
23.239999771118164,41,0.039173536002635956,0.026450874283909798,9.805335998535156,-5.541636943817139,-13.882827758789062,31.090917587280273,-0.003869113279506564,-0.0024635368026793003,0.00530197424814105,-0.0036630036775022745
23.25,42,0.048562776297330856,0.02146081067621708,9.791258811950684,-5.948287010192871,-14.357183456420898,32.49259948730469,-0.007978266105055809,-0.0032045592088252306,0.007695355918258429,-0.0036630036775022745
23.260000228881836,42,0.04308318346738815,0.012149045243859291,9.800896644592285,-5.948287010192871,-15.245504379272461,32.60340118408203,-0.0071163116954267025,-0.006699513178318739,0.01119031012058258,-0.0036630036775022745
23.270000457763672,42,0.024604368954896927,0.012149045243859291,9.806351661682129,-6.362416744232178,-14.816390991210938,33.919273376464844,-0.0025773043744266033,-0.008233746513724327,0.015665626153349876,-0.0036630036775022745
23.280000686645508,42,0.024604368954896927,0.011480685323476791,9.819412231445312,-6.544381618499756,-14.841145515441895,35.583133697509766,-0.0005559772253036499,-0.006212419830262661,0.016780667006969452,-0.0036630036775022745
23.290000915527344,42,0.025416482239961624,0.00379238766618073,9.809576034545898,-6.485904693603516,-15.20339584350586,37.64377975463867,0.001840490847826004,-0.003083627438172698,0.010523081757128239,-0.0031397175043821335
23.299999237060547,42,0.0332878902554512,0.016932131722569466,9.802611351013184,-6.485283851623535,-15.63516616821289,39.68656539916992,-0.0005927336751483381,-0.002882729284465313,0.0076880608685314655,-0.0036630036775022745
23.309999465942383,42,0.024604368954896927,0.016932131722569466,9.81844425201416,-6.96675968170166,-15.821758270263672,41.099727630615234,-0.007249027956277132,-0.006286213174462318,0.00904945470392704,-0.0031397175043821335
23.31999969482422,41,0.02521888166666031,0.0175422802567482,9.806163787841797,-6.652615070343018,-16.177085876464844,44.09141159057617,-0.0044746133498847485,-0.001181829022243619,0.005998944863677025,-0.002616431098431349
23.329999923706055,41,0.03078966774046421,0.02239435911178589,9.810393333435059,-6.850928783416748,-16.459959030151367,46.36008834838867,-0.005403346847742796,-0.0006074735429137945,0.00007216900121420622,-0.002616431098431349
23.34000015258789,42,0.03754931315779686,0.025002041831612587,9.80811882019043,-6.8608622550964355,-16.98452377319336,48.5941047668457,-0.004406712017953396,-0.00487459497526288,0.0033987730275839567,-0.002616431098431349
23.350000381469727,42,0.032713551074266434,0.016115007922053337,9.797506332397461,-6.68770694732666,-17.35668182373047,50.38359832763672,-0.006736681796610355,-0.0013796405401080847,0.0033987730275839567,-0.002616431098431349
23.360000610351562,41,0.050475798547267914,0.012149045243859291,9.805545806884766,-6.571284770965576,-17.16963768005371,51.36981201171875,-0.01138483639806509,-0.0002028713934123516,0.004557865671813488,-0.002616431098431349
23.3700008392334,42,0.052553851157426834,0.012149045243859291,9.80748176574707,-6.3618550300598145,-17.613798141479492,54.02908706665039,-0.005073940847069025,-0.003426220500841737,-0.0008596506086178124,-0.002616431098431349
23.3799991607666,41,0.030453098937869072,0.012149045243859291,9.816279411315918,-6.336134433746338,-18.135881423950195,57.465919494628906,-0.0042944783344864845,-0.001745802816003561,0.007806467358022928,-0.0020931449253112078
23.389999389648438,42,0.040844447910785675,0.013242137618362904,9.816765785217285,-6.7398576736450195,-18.554710388183594,61.01161575317383,-0.0033214131835848093,0.0015572322299703956,0.006614546291530132,-0.0020931449253112078
23.399999618530273,42,0.054950013756752014,0.015770047903060913,9.806723594665527,-6.898231029510498,-19.018756866455078,64.37650299072266,0.0005767404800280929,-0.002236263593658805,0.008585929870605469,-0.002616431098431349
23.40999984741211,42,0.030661555007100105,0.012149045243859291,9.811640739440918,-6.51987361907959,-19.640581130981445,67.34453582763672,0.0026895380578935146,-0.006363093387335539,0.007835648022592068,-0.0020931449253112078
23.420000076293945,41,0.03554834425449371,0.009548909030854702,9.816559791564941,-6.834018230438232,-20.262405395507812,69.67140197753906,0.0014934083446860313,-0.005135818850249052,0.005505678243935108,-0.0020931449253112078
23.43000030517578,41,0.03629857301712036,0.00669005187228322,9.815926551818848,-6.361766338348389,-20.63405990600586,73.35044860839844,-0.0015615902375429869,-0.0023658934514969587,0.00752588314935565,-0.0020931449253112078
23.440000534057617,41,0.026524992659687996,0.02124628983438015,9.798257827758789,-6.354316234588623,-21.239582061767578,78.21001434326172,-0.0010784246260300279,-0.001361963921226561,0.00887072179466486,-0.0015698587521910667
23.450000762939453,41,0.024340540170669556,0.028267303481698036,9.793525695800781,-6.2195940017700195,-21.825117111206055,81.91584777832031,-0.0023915579076856375,-0.006170051638036966,0.006503715645521879,-0.0010465724626556039
23.459999084472656,41,0.03423897549510002,0.02171521820127964,9.81529712677002,-5.819004535675049,-22.394474029541016,84.37210083007812,-0.007677479647099972,-0.01063891313970089,0.004625767003744841,-0.0010465724626556039
23.469999313354492,41,0.03423897549510002,0.020070189610123634,9.808879852294922,-5.819093227386475,-23.371301651000977,88.69345092773438,-0.010906440205872059,-0.008519942872226238,0.004625767003744841,-0.0010465724626556039
23.479999542236328,41,0.041144102811813354,0.018646150827407837,9.816978454589844,-6.133238315582275,-23.193635940551758,93.12557220458984,-0.00875155534595251,-0.005439972039312124,0.005040750838816166,-0.0005232862313278019
23.489999771118164,41,0.0481208860874176,0.01814919337630272,9.820089340209961,-5.645612716674805,-23.628114700317383,98.06671905517578,-0.0023615353275090456,-0.003462977008894086,0.006558710243552923,-0.0010465724626556039
23.5,42,0.04092153161764145,0.014001050032675266,9.81633472442627,-5.635531425476074,-24.532987594604492,102.28102111816406,0.0005503655411303043,-0.002007026458159089,0.008597713895142078,-0.0005232862313278019
23.510000228881836,41,0.045808322727680206,0.01501113548874855,9.810393333435059,-6.0154852867126465,-25.450801849365234,106.50424194335938,0.003378652036190033,0.00009398647671332583,0.00930478610098362,-4.554761109292274e-14
23.520000457763672,41,0.04869088903069496,0.014139033854007721,9.80635929107666,-5.793106555938721,-25.828100204467773,112.53675079345703,-0.0007804444176144898,0.0007581288227811456,0.008807591162621975,-0.0005232862313278019
23.530000686645508,42,0.04246975854039192,0.012814171612262726,9.796523094177246,-5.374246597290039,-26.53875732421875,117.6336898803711,-0.0019454292487353086,-0.0015718407230451703,0.012092669494450092,0
23.540000915527344,41,0.04281175509095192,0.009493930265307426,9.806099891662598,-5.821606159210205,-27.7637939453125,122.54730987548828,-0.0030674845911562443,-0.003815951757133007,0.013214724138379097,0
23.549999237060547,42,0.04908282682299614,0.009952080436050892,9.811576843261719,-5.953460693359375,-29.04363250732422,127.61963653564453,-0.0030674845911562443,-0.003815951757133007,0.013214724138379097,4.591942806358128e-14
23.559999465942383,41,0.04159141704440117,0.016429783776402473,9.800443649291992,-5.893978118896484,-30.25547981262207,132.94638061523438,-0.009942915290594101,-0.001524141407571733,0.012068819254636765,0.0005232862313278019
23.56999969482422,42,0.03905627876520157,0.01715851202607155,9.80791187286377,-6.012972354888916,-31.410295486450195,138.5685577392578,-0.001758279395289719,-0.0024458598345518112,0.0076521458104252815,0.0005232862313278019
23.579999923706055,41,0.04631969332695007,0.014577778987586498,9.795774459838867,-5.489398002624512,-32.56511306762695,144.77352905273438,-0.0036791577003896236,-0.003610844723880291,0.006057867780327797,0.0005232862313278019
23.59000015258789,42,0.03607382997870445,0.014296421781182289,9.803864479064941,-4.965823173522949,-33.877830505371094,150.7815399169922,-0.007174111902713776,-0.0028560736682265997,0.0020132490899413824,0.0005232862313278019
23.600000381469727,41,0.02234717458486557,0.009907882660627365,9.819785118103027,-4.921743392944336,-35.26841735839844,156.4749755859375,-0.0025882471818476915,-0.0016910890117287636,0.005434129387140274,0.0005232862313278019
23.610000610351562,42,0.02986355684697628,0.017370877787470818,9.820534706115723,-4.691855430603027,-36.615196228027344,162.8518829345703,-0.000613496929872781,0.001981475157663226,0.009587334468960762,0.0010465724626556039
23.6200008392334,42,0.036938056349754333,0.008315675891935825,9.811356544494629,-3.989685535430908,-37.89169692993164,169.9766845703125,-0.0029350488912314177,-0.0018709430005401373,0.009213034994900227,0.0015698587521910667
23.6299991607666,46,0.03905627876520157,0.0005486849113367498,9.814628601074219,-3.8849706649780273,-39.31300735473633,175.29522705078125,-0.0021589535754173994,-0.006466628983616829,0.005459382198750973,0.0020931449253112078
23.639999389648438,41,0.030542125925421715,0.008218656294047832,9.80494499206543,-3.183185338973999,-40.73432159423828,180.61378479003906,0.0006861682049930096,-0.004247770644724369,0.004698438104242086,0.0020931449253112078
23.649999618530273,42,0.033326976001262665,0.006375276017934084,9.796853065490723,-2.749957323074341,-42.34636306762695,187.20114135742188,-0.0016864502103999257,-0.0025376109406352043,0.00644058408215642,0.0020931449253112078
23.65999984741211,41,0.03905627876520157,0.008494624868035316,9.809685707092285,-2.3854358196258545,-43.86323165893555,194.71897888183594,-0.004995658062398434,-0.0043417662382125854,0.00813138298690319,0.002616431098431349
23.670000076293945,41,0.042102787643671036,0.018198782578110695,9.802978515625,-1.8375300168991089,-45.26139450073242,202.34176635742188,-0.0038306729402393103,-0.005506750661879778,0.010461353696882725,0.002616431098431349
23.68000030517578,41,0.05010557174682617,0.024809079244732857,9.798985481262207,-0.8975787162780762,-46.86248016357422,208.88441467285156,-0.005076466128230095,-0.005868142936378717,0.011184138245880604,0.0031397175043821335
23.690000534057617,41,0.05350819230079651,0.0201725997030735,9.797492027282715,-0.16457396745681763,-48.63911819458008,215.86500549316406,-0.0068239434622228146,-0.004363371059298515,0.00885416753590107,0.0031397175043821335
23.700000762939453,41,0.05350819230079651,0.023395821452140808,9.808952331542969,1.2195438146591187,-50.00149154663086,223.36231994628906,-0.0011690532555803657,-0.0020334015134721994,0.00541308568790555,0.0031397175043821335
23.709999084472656,42,0.043534841388463974,0.023197468370199203,9.811896324157715,2.2788736820220947,-51.6789665222168,231.0077362060547,-0.0030674845911562443,-0.0009980464819818735,0.0012281750096008182,0.0031397175043821335
23.719999313354492,42,0.04245021566748619,0.025085046887397766,9.806978225708008,3.068434238433838,-53.50320816040039,238.10707092285156,-0.0024524445179849863,-0.004581665154546499,0.008460508659482002,0.0031397175043821335
23.729999542236328,41,0.043873582035303116,0.023059483617544174,9.812517166137695,4.197239398956299,-54.85525131225586,244.069091796875,0.0017487398581579328,-0.001361963921226561,0.009808995760977268,0.002616431098431349
23.739999771118164,42,0.04034067690372467,0.011191780678927898,9.797464370727539,5.034958839416504,-56.454227447509766,251.16050720214844,0.00034581980435177684,-0.0013917058240622282,0.013125498779118061,0.002616431098431349
23.75,41,0.0282491035759449,0.018096372485160828,9.81637954711914,4.994338035583496,-58.05320358276367,258.6236572265625,-0.010139042511582375,-0.002556690713390708,0.009630544111132622,0.0020931449253112078
23.760000228881836,42,0.028276246041059494,0.010777829214930534,9.81015682220459,5.607373237609863,-59.49116897583008,264.7524108886719,-0.008164012804627419,-0.004854393191635609,0.011799178086221218,0.0020931449253112078
23.770000457763672,42,0.025680309161543846,0.014795535244047642,9.816841125488281,6.759237766265869,-61.08628463745117,270.1649169921875,-0.005834043025970459,-0.009325779974460602,0.006634187418967485,0.0015698587521910667
23.780000686645508,42,0.03603691607713699,0.016932131722569466,9.823925018310547,7.868707656860352,-63.02152633666992,275.8668518066406,0.00254812347702682,-0.005916122812777758,0.004844061564654112,0.0015698587521910667
23.790000915527344,42,0.03517594560980797,0.009226586669683456,9.801506996154785,8.706426620483398,-64.26517486572266,281.1854248046875,-0.001385664101690054,-0.005989635828882456,0.0036790764424949884,0.0020931449253112078
23.799999237060547,42,0.03818879649043083,0.007365958299487829,9.82765007019043,9.449868202209473,-65.7487564086914,286.2046813964844,-0.0012981218751519918,-0.0018465324537828565,0.006052817218005657,0.0020931449253112078
23.809999465942383,42,0.04307558387517929,0.007365958299487829,9.826543807983398,10.113161087036133,-67.08148956298828,291.0433044433594,-0.003081513801589608,-0.000957642390858382,0.007902426645159721,0.002616431098431349
23.81999969482422,42,0.03569599986076355,0.01954520307481289,9.800249099731445,11.23803424835205,-68.17195129394531,296.1899719238281,-0.005055141635239124,-0.001361963921226561,0.009067411534488201,0.002616431098431349
23.829999923706055,42,0.04255552962422371,0.01758647710084915,9.800034523010254,12.771272659301758,-69.13009643554688,302.1022033691406,-0.008316089399158955,-0.003457926446571946,0.006040471605956554,0.0036630036775022745
23.84000015258789,42,0.052329108119010925,0.025327596813440323,9.817716598510742,13.294846534729004,-70.37374114990234,309.0827941894531,-0.00597293209284544,-0.005679590627551079,0.0033987730275839567,0.0036630036775022745
23.850000381469727,42,0.03202195093035698,0.022231580689549446,9.802790641784668,14.422764778137207,-72.21551513671875,314.4646911621094,-0.001840490847826004,-0.007993847131729126,0.003973409067839384,0.0041862898506224155
23.860000610351562,42,0.03378840535879135,0.017379501834511757,9.831459999084473,15.270004272460938,-73.62875366210938,321.2337646484375,-0.0028657447546720505,-0.009438293986022472,0.00616364786401391,0.0041862898506224155
23.8700008392334,42,0.03423897549510002,0.016932131722569466,9.798917770385742,16.26095199584961,-74.95992279052734,327.50958251953125,-0.0011401530355215073,-0.006921455264091492,0.010109219700098038,0.0047095762565732
23.8799991607666,42,0.04775609076023102,0.021405832841992378,9.809453010559082,17.57157325744629,-76.28954315185547,333.4035339355469,0.003128651762381196,-0.004204560536891222,0.010494462214410305,0.0041862898506224155
23.889999389648438,42,0.02581493742763996,0.026257909834384918,9.782767295837402,19.032676696777344,-77.38050842285156,341.2471923828125,-0.0010195020586252213,-0.004389746114611626,0.005278966389596462,0.0047095762565732
23.899999618530273,42,0.03853839263319969,0.0034398813731968403,9.809350967407227,20.289257049560547,-79.51248168945312,348.1169738769531,-0.004463109653443098,-0.00311813922598958,0.005756800994277,0.0047095762565732
23.90999984741211,42,0.034342117607593536,0.0025828713551163673,9.824625968933105,21.545835494995117,-81.29408264160156,355.51116943359375,-0.0008160786237567663,-0.004637781996279955,0.001147366827353835,0.0047095762565732
23.920000076293945,42,0.03895096480846405,0.011975486762821674,9.815345764160156,23.09258270263672,-83.17881774902344,362.861572265625,-0.0016999182989820838,-0.0031512482091784477,0.003296359907835722,0.0041862898506224155
23.93000030517578,42,0.02963230013847351,-0.0022002155892550945,9.819665908813477,24.839271545410156,-85.16517639160156,369.5679931640625,-0.000770623970311135,-0.007339806295931339,0.011673476547002792,0.0047095762565732
23.940000534057617,42,0.03870668262243271,-0.0009853093652054667,9.80104923248291,26.470216751098633,-87.07593536376953,375.3037109375,-0.003100593574345112,-0.00499328225851059,0.007079754490405321,0.0041862898506224155
23.950000762939453,41,0.029665958136320114,0.030068643391132355,9.809656143188477,27.622081756591797,-89.47440338134766,381.9518737792969,-0.005430563353002071,-0.0014983275905251503,0.007079754490405321,0.0041862898506224155
23.959999084472656,42,0.03423897549510002,0.008300584740936756,9.796797752380371,29.486316680908203,-91.57070922851562,388.9769287109375,0.0034347688779234886,-0.00584008451551199,0.00372116407379508,0.0041862898506224155
23.969999313354492,41,0.03538874536752701,0.02171521820127964,9.80885124206543,31.6048583984375,-93.8326416015625,395.3860778808594,0.0042944783344864845,-0.00944250263273716,0.007628857158124447,0.0036630036775022745
23.979999542236328,41,0.04823814705014229,0.020816165953874588,9.791912078857422,33.404762268066406,-96.12953186035156,401.32720947265625,-0.0006830818601883948,-0.005968872923403978,0.010297772474586964,0.0031397175043821335
23.989999771118164,42,0.04282912611961365,0.013186081312596798,9.801222801208496,34.55662536621094,-98.27452087402344,407.10235595703125,0.000026515130230109207,-0.006909951567649841,0.009827233850955963,0.0031397175043821335
24,41,0.03601411357522011,0.019952688366174698,9.80435562133789,35.70848846435547,-100.49532318115234,412.3100891113281,-0.0011294909054413438,-0.0048824516125023365,0.008662248030304909,0.0036630036775022745
24.010000228881836,42,0.04869088903069496,0.008678962476551533,9.798511505126953,37.33781051635742,-102.55410766601562,417.8209533691406,0.001397448591887951,-0.007053890731185675,0.008306748233735561,0.0036630036775022745
24.020000457763672,42,0.04649883508682251,0.018383119255304337,9.81303596496582,38.091243743896484,-104.59723663330078,423.28607177734375,0.001572533044964075,-0.011713829822838306,0.007559272460639477,0.0041862898506224155
24.030000686645508,42,0.03503914549946785,0.02570381760597229,9.800697326660156,38.544456481933594,-106.9156494140625,429.6964416503906,-0.0021283698733896017,-0.010204569436609745,0.007079754490405321,0.0041862898506224155
24.040000915527344,42,0.03905627876520157,0.02171521820127964,9.801572799682617,39.21632385253906,-109.46971130371094,437.34185791015625,-0.0042944783344864845,-0.005626560188829899,0.0058328392915427685,0.0047095762565732
24.049999237060547,42,0.03811713680624962,0.018917806446552277,9.804600715637207,40.05404281616211,-111.60167694091797,444.98724365234375,-0.005417375825345516,-0.002693054499104619,0.0074330102652311325,0.0047095762565732
24.059999465942383,42,0.03423897549510002,0.00936888251453638,9.803742408752441,40.58595275878906,-113.4742202758789,451.0147399902344,-0.007747345604002476,-0.0028602825477719307,0.009761856868863106,0.005756148602813482
24.06999969482422,42,0.03316086530685425,0.0180025864392519,9.815241813659668,41.26426696777344,-115.40532684326172,458.2261047363281,-0.007452732417732477,-0.005480376072227955,0.006557026412338018,0.006802720949053764
24.079999923706055,42,0.02827407419681549,0.02285466343164444,9.812932014465332,42.3140754699707,-117.58358764648438,465.9273681640625,-0.0035436355974525213,-0.005894517991691828,0.005651301704347134,0.007326007355004549
24.09000015258789,42,0.02825561910867691,0.022872989997267723,9.804320335388184,43.59067153930664,-119.91020202636719,474.01220703125,-0.0009002538281492889,-0.004729533102363348,0.00950708705931902,0.007849293760955334
24.100000381469727,42,0.03648314252495766,0.010871615260839462,9.803287506103516,44.64148712158203,-122.06083679199219,482.9756164550781,0.0005834745243191719,-0.0033131451345980167,0.006606970448046923,0.008372579701244831
24.110000610351562,42,0.03077772632241249,0.008712380193173885,9.811758041381836,45.79335021972656,-124.72579193115234,491.6182861328125,-0.0046732667833566666,-0.001740752370096743,0.009723137132823467,0.008895865641534328
24.1200008392334,42,0.03281343728303909,0.016395287588238716,9.810937881469727,46.777587890625,-127.39075469970703,500.5269775390625,-0.007003236562013626,-0.00394333666190505,0.010505965910851955,0.0094191525131464
24.1299991607666,42,0.030916698276996613,0.02352949231863022,9.808219909667969,47.601531982421875,-129.85467529296875,510.1916198730469,-0.008744821883738041,-0.005304449703544378,0.007979867979884148,0.009942438453435898
24.139999389648438,42,0.03893250972032547,0.016932131722569466,9.82021427154541,48.50792694091797,-132.281982421875,520.165283203125,-0.0006202309741638601,-0.009934086352586746,0.002191981067880988,0.009942438453435898
24.149999618530273,42,0.0470568910241127,0.012064960785210133,9.808749198913574,49.744285583496094,-134.92977905273438,529.82275390625,-0.002950200578197837,-0.004109161905944347,0.009181889705359936,0.009942438453435898
24.15999984741211,42,0.0387631356716156,0.012731165625154972,9.805545806884766,50.791439056396484,-137.41708374023438,540.6814575195312,-0.0041738273575901985,-0.004922294523566961,0.0073210569098591805,0.009942438453435898
24.170000076293945,43,0.03474057465791702,0.02600027061998844,9.805545806884766,52.56065368652344,-140.4403533935547,550.8716430664062,-0.005338812246918678,-0.003998612053692341,0.010212755762040615,0.009942438453435898
24.18000030517578,42,0.04203112795948982,0.02059086412191391,9.80739974975586,53.722923278808594,-143.21511840820312,560.3986206054688,0.001354799373075366,-0.002833627164363861,0.00977841205894947,0.0094191525131464
24.190000534057617,42,0.03905627876520157,0.02270158939063549,9.808469772338867,54.90828323364258,-145.8261260986328,570.3349609375,-0.0015340930549427867,-0.0016686422750353813,0.009533742442727089,0.0094191525131464
24.200000762939453,42,0.03707485646009445,0.01103008072823286,9.811527252197266,56.7765998840332,-148.46299743652344,580.9422607421875,-0.003925791010260582,-0.006511802785098553,0.0052422103472054005,0.0094191525131464
24.209999084472656,42,0.026035336777567863,0.01276458241045475,9.809769630432129,58.5567512512207,-150.95028686523438,589.0309448242188,-0.0011092886561527848,-0.008723926730453968,0.0026024754624813795,0.0094191525131464
24.219999313354492,42,0.01921055279672146,0.01807696744799614,9.8043851852417,60.33690643310547,-152.4531707763672,597.6311645507812,-0.00012079141743015498,-0.003583908546715975,0.004374644253402948,0.009942438453435898
24.229999542236328,42,0.033363889902830124,0.013888937421143055,9.810833930969238,62.26133346557617,-154.36402893066406,606.0447998046875,-0.000613496929872781,-0.00013497007603291422,0.004508201964199543,0.009942438453435898
24.239999771118164,42,0.046132948249578476,0.02171521820127964,9.814640998840332,63.91794204711914,-156.49600219726562,615.160400390625,-0.001223767176270485,-0.0019657807424664497,0.004619313403964043,0.010465724393725395
24.25,42,0.04170433431863785,0.02171521820127964,9.817906379699707,65.3125228881836,-158.51089477539062,624.8053588867188,-0.0034852742683142424,-0.005460735410451889,0.00530449952930212,0.010465724393725395
24.260000228881836,42,0.03423897549510002,0.01695261336863041,9.803152084350586,67.1973876953125,-160.10987854003906,632.8939819335938,-0.005035220179706812,-0.007496933452785015,0.0036532627418637276,0.009942438453435898
24.270000457763672,42,0.036706797778606415,0.009698750451207161,9.810750961303711,69.8042984008789,-161.88385009765625,643.16552734375,-0.003870235290378332,-0.00792117603123188,0.0008990499773062766,0.010465724393725395
24.280000686645508,42,0.03905627876520157,0.017443103715777397,9.817276954650879,72.34358978271484,-163.99380493164062,652.2229614257812,-0.0030674845911562443,-0.007637225091457367,0.000664201274048537,0.011512297205626965
24.290000915527344,42,0.03905627876520157,0.021321749314665794,9.813016891479492,74.53267669677734,-166.0771484375,660.0654907226562,-0.0030674845911562443,-0.004442495759576559,0.006453210487961769,0.012035583145916462
24.299999237060547,42,0.03905627876520157,0.022246671840548515,9.809854507446289,76.6236572265625,-168.0064697265625,668.091552734375,-0.0030674845911562443,-0.0035418211482465267,0.008306748233735561,0.013082155957818031
24.309999465942383,42,0.03905627876520157,0.010140730068087578,9.805545806884766,79.23665618896484,-169.90090942382812,678.4967041015625,-0.002715070964768529,-0.007144520059227943,0.008659161627292633,0.014652014710009098
24.31999969482422,42,0.03905627876520157,0.00898080226033926,9.802712440490723,81.74981689453125,-172.38819885253906,688.6906127929688,-0.000613496929872781,-0.005042945500463247,0.010760736651718616,0.016221873462200165
24.329999923706055,42,0.044825755059719086,0.014067885465919971,9.806503295898438,84.858154296875,-173.9378204345703,699.8741455078125,-0.000613496929872781,-0.005251700058579445,0.010499793104827404,0.018315019086003304
24.34000015258789,42,0.03982822224497795,0.01801552250981331,9.816339492797852,87.86248779296875,-176.03961181640625,710.1992797851562,-0.000613496929872781,-0.009911639615893364,0.0046748691238462925,0.019884876906871796
24.350000381469727,42,0.03423897549510002,0.015710758045315742,9.801831245422363,91.04869079589844,-178.58279418945312,720.6398315429688,-0.0029238255228847265,-0.006485427729785442,0.0104015888646245,0.021454736590385437
24.360000610351562,42,0.03733216971158981,0.018291490152478218,9.815905570983887,94.9797592163086,-180.9788818359375,733.0797729492188,0.0013051365967839956,-0.0029904735274612904,0.007481270469725132,0.023547880351543427
24.3700008392334,42,0.03273092210292816,0.027995647862553596,9.81705379486084,99.3777847290039,-184.08799743652344,747.594970703125,-0.0012529479572549462,-0.0036201041657477617,0.00604860857129097,0.02459445409476757
24.3799991607666,42,0.029421672224998474,0.024862978607416153,9.803887367248535,104.32464599609375,-186.96432495117188,759.9808349609375,-0.0057170395739376545,-0.0009085402125492692,0.005852760747075081,0.024071166291832924
24.389999389648438,42,0.0327233225107193,0.018437020480632782,9.804019927978516,109.41786193847656,-190.8285369873047,774.111328125,-0.009469849988818169,-0.0055777388624846935,0.0013171203900128603,0.023547880351543427
24.399999618530273,42,0.0274967048317194,0.02027932181954384,9.815723419189453,114.50656127929688,-195.12648010253906,788.909423828125,-0.005358733702450991,-0.0024262191727757454,0.004788505379110575,0.022501308470964432
24.40999984741211,42,0.03148560971021652,0.018299035727977753,9.816627502441406,119.56841278076172,-199.16754150390625,803.20703125,-0.004633704666048288,-0.0009180800407193601,0.0031642047688364983,0.020408162847161293
24.420000076293945,42,0.04125918820500374,0.02390248142182827,9.8117094039917,124.80416870117188,-202.98731994628906,818.608642578125,-0.005521472543478012,-0.004967468790709972,-0.0004974165349267423,0.0193615909665823
24.43000030517578,42,0.043873582035303116,0.012281638570129871,9.817598342895508,129.64825439453125,-205.56112670898438,829.865966796875,-0.004862380679696798,-0.006178749725222588,0.0017862567910924554,0.0193615909665823
24.440000534057617,42,0.036575425416231155,0.0037427996285259724,9.798055648803711,134.61183166503906,-208.85733032226562,841.2235107421875,-0.0025032300036400557,-0.004445862956345081,0.007611181121319532,0.019884876906871796
24.450000762939453,42,0.03795753791928291,0.009967172518372536,9.79848575592041,139.24790954589844,-212.33392333984375,853.0050659179688,-0.0011485706781968474,-0.005956246517598629,0.0091555155813694,0.019884876906871796
24.459999084472656,42,0.03905627876520157,0.015910187736153603,9.808321952819824,143.41229248046875,-215.82611083984375,865.0570068359375,-0.0023135554511100054,-0.006831668317317963,0.007079754490405321,0.02093144878745079
24.469999313354492,42,0.04291381314396858,0.02459239959716797,9.794864654541016,147.4961700439453,-220.00120544433594,877.0237426757812,-0.0030674845911562443,-0.0025827849749475718,0.006668698973953724,0.021454736590385437
24.479999542236328,42,0.03209252282977104,0.010901798494160175,9.814713478088379,151.58006286621094,-223.5565948486328,888.6591796875,-0.003765577683225274,0.000214076426345855,0.004805621225386858,0.02093144878745079
24.489999771118164,42,0.025425167754292488,0.015302195213735104,9.812045097351074,156.0629119873047,-227.7867889404297,899.6180419921875,-0.004660360049456358,0.0005179489380680025,0.0024588166270405054,0.019884876906871796
24.5,42,0.03273634985089302,0.020969241857528687,9.814485549926758,160.6703643798828,-232.32208251953125,911.7099609375,-0.0013904341030865908,-0.0018120206659659743,0.0033987730275839567,0.0188383050262928
24.510000228881836,42,0.03423897549510002,0.02171521820127964,9.815241813659668,164.90994262695312,-236.88934326171875,925.00634765625,-0.0010166961001232266,-0.004631048068404198,0.0032357536256313324,0.0188383050262928
24.520000457763672,42,0.03844393789768219,0.02171521820127964,9.823705673217773,168.2608184814453,-241.3309326171875,938.0320434570312,-0.0111513901501894,-0.009647889994084835,0.002272789366543293,0.018315019086003304
24.530000686645508,42,0.02195848897099495,0.004738871473819017,9.807730674743652,171.6116943359375,-245.7725372314453,946.6746826171875,-0.005521472543478012,-0.006230938248336315,0.0033987730275839567,0.01726844534277916
24.540000915527344,42,0.028474930673837662,0.02846134454011917,9.805545806884766,175.04881286621094,-250.0678253173828,958.5111083984375,-0.005521472543478012,-0.005065953359007835,0.0033987730275839567,0.016745159402489662
24.549999237060547,42,0.02059483528137207,0.013753109611570835,9.80998706817627,178.6894073486328,-254.01785278320312,969.9225463867188,-0.007805426139384508,-0.010752830654382706,0.007966680452227592,0.016221873462200165
24.559999465942383,42,0.024269970133900642,0.003246919484809041,9.814905166625977,182.2736358642578,-257.5284729003906,980.3240966796875,-0.002575621008872986,-0.006858043372631073,0.010466684587299824,0.015698587521910667
24.56999969482422,42,0.020051978528499603,0.0025828713551163673,9.815241813659668,185.49472045898438,-260.4036560058594,990.3361206054688,-0.001840490847826004,-0.007287898100912571,0.007706859614700079,0.016745159402489662
24.579999923706055,42,0.024408940225839615,-0.002006175462156534,9.801287651062012,188.53146362304688,-261.5584716796875,1000.6408081054688,-0.0008845410193316638,0.0001506642292952165,0.012815453112125397,0.016745159402489662
24.59000015258789,42,0.03398708999156952,0.01177390106022358,9.819581985473633,191.66087341308594,-263.5781555175781,1010.55322265625,-0.001507437671534717,-0.0012567449593916535,0.011759896762669086,0.01726844534277916
24.600000381469727,42,0.04850849136710167,0.02157723344862461,9.777087211608887,194.9385528564453,-265.3634338378906,1019.5497436523438,0.000655303942039609,-0.005084752570837736,0.009928804822266102,0.017791731283068657
24.610000610351562,42,0.04395609721541405,0.012312901206314564,9.819923400878906,198.2458953857422,-267.51654052734375,1029.141357421875,0.0003006458282470703,-0.007039861753582954,0.010303664952516556,0.01726844534277916
24.6200008392334,42,0.048386890441179276,0.02171521820127964,9.810088157653809,201.37818908691406,-270.4801940917969,1040.06103515625,-0.0013214104110375047,-0.003249452682211995,0.010052823461592197,0.016221873462200165
24.6299991607666,42,0.039499249309301376,0.022155042737722397,9.801589012145996,203.9960479736328,-273.5893249511719,1050.2550048828125,-0.003132299520075321,0.00115683872718364,0.009533742442727089,0.0141287287697196
24.639999389648438,42,0.049563802778720856,0.030703583732247353,9.820089340209961,207.01043701171875,-275.7734375,1059.2950439453125,-0.004878373816609383,-0.000016563612007303163,0.006030370481312275,0.012035583145916462
24.649999618530273,42,0.06134051829576492,0.02064152993261814,9.820089340209961,209.823486328125,-277.5891418457031,1069.0589599609375,-0.006565244868397713,-0.002067071618512273,0.0026936654467135668,0.0094191525131464
24.65999984741211,42,0.03905627876520157,0.00864662230014801,9.819223403930664,212.19613647460938,-279.1072998046875,1077.660888671875,-0.005216197110712528,-0.002741595497354865,0.004318527411669493,0.007849293760955334
24.670000076293945,42,0.03905627876520157,0.021219339221715927,9.810393333435059,214.03317260742188,-280.4182434082031,1085.0450439453125,-0.0022049695253372192,-0.006634417921304703,0.0038634201046079397,0.006802720949053764
24.68000030517578,42,0.03962519392371178,0.01580238714814186,9.809248924255371,215.38845825195312,-281.6640625,1093.6650390625,-0.0051856134086847305,-0.011294357478618622,0.0003895095142070204,0.006279435008764267
24.690000534057617,42,0.039404790848493576,0.008633686229586601,9.800054550170898,216.01675415039062,-283.1741943359375,1099.53759765625,-0.005116028245538473,-0.013215797021985054,0.00491027906537056,0.006802720949053764
24.700000762939453,42,0.013691878877580166,0.01622927561402321,9.798699378967285,217.05006408691406,-283.9971618652344,1105.0672607421875,-0.006916255224496126,-0.006225887686014175,0.013806195929646492,0.006802720949053764
24.709999084472656,42,0.03501634672284126,0.011377197690308094,9.814459800720215,218.20191955566406,-285.28924560546875,1110.556396484375,-0.001990322722122073,-0.00028480193577706814,0.010461072437465191,0.006802720949053764
24.719999313354492,42,0.03990313410758972,0.010729318484663963,9.809540748596191,219.22630310058594,-287.04656982421875,1115.995361328125,-0.0032431301660835743,-0.001801077974960208,0.008043279871344566,0.007326007355004549
24.729999542236328,42,0.04295724257826805,0.026498304679989815,9.807390213012695,220.06155395507812,-288.5691223144531,1121.1722412109375,-0.005444031208753586,-0.007471119519323111,0.004651580937206745,0.007849293760955334
24.739999771118164,42,0.03708462417125702,0.021604184061288834,9.815241813659668,222.2605743408203,-290.2569274902344,1125.936767578125,-0.001949076890014112,-0.006306134629994631,0.005816565360873938,0.007849293760955334
24.75,42,0.03364292159676552,0.0067741358652710915,9.812055587768555,223.84742736816406,-291.4996337890625,1133.0146484375,-0.002969280118122697,-0.005141149740666151,0.0126254977658391,0.0094191525131464
24.760000228881836,42,0.047566089779138565,0.018364794552326202,9.804093360900879,225.69073486328125,-292.7077941894531,1138.952392578125,-0.005201045423746109,-0.0018426042515784502,0.0036137003917247057,0.010465724393725395
24.770000457763672,42,0.043873582035303116,0.01210915856063366,9.812837600708008,227.5934600830078,-294.0814514160156,1144.5980224609375,-0.0025071585550904274,-0.001361963921226561,0.002171779051423073,0.011512297205626965
24.780000686645508,42,0.041346047073602676,0.02273392863571644,9.808089256286621,229.23292541503906,-295.6921081542969,1151.5784912109375,-0.008439826779067516,-0.005133012775331736,0.005000066012144089,0.012558870017528534
24.790000915527344,42,0.03557223081588745,0.009501476772129536,9.80987548828125,231.3272247314453,-297.3798828125,1158.55908203125,-0.00338342203758657,-0.008912199176847935,0.0023297478910535574,0.013082155957818031
24.799999237060547,42,0.04186175763607025,0.009546752087771893,9.795849800109863,233.7032012939453,-299.7049255371094,1165.24169921875,-0.0022509852424263954,-0.009132176637649536,0.00831348355859518,0.0141287287697196
24.809999465942383,42,0.04574643820524216,0.026498304679989815,9.797331809997559,236.04232788085938,-302.2798156738281,1172.10986328125,-0.005337690003216267,-0.008723926730453968,0.011987730860710144,0.015175300650298595
24.81999969482422,42,0.03597285598516464,0.020375264808535576,9.803800582885742,238.39080810546875,-304.9068298339844,1179.6588134765625,-0.003969562239944935,-0.007334474939852953,0.00920882634818554,0.016745159402489662
24.829999923706055,42,0.0342552624642849,0.007365958299487829,9.813636779785156,240.9405975341797,-307.48297119140625,1188.3536376953125,-0.0024732076562941074,-0.005637222435325384,0.007079754490405321,0.0188383050262928
24.84000015258789,42,0.043873582035303116,0.009034702554345131,9.808249473571777,244.08206176757812,-310.05908203125,1198.6583251953125,-0.002496776869520545,-0.004472237545996904,0.007650462444871664,0.02093144878745079
24.850000381469727,42,0.04037324711680412,0.010411309078335762,9.798482894897461,246.7218017578125,-313.4012756347656,1207.582763671875,-0.00031439439044333994,-0.003815951757133007,0.006780651863664389,0.021978022530674934
24.860000610351562,42,0.03423897549510002,0.009172686375677586,9.818258285522461,249.8700714111328,-316.3269348144531,1218.2109375,0.0013938010670244694,-0.005602710414677858,0.0032856976613402367,0.02302459441125393
24.8700008392334,42,0.03801725432276726,0.014024765230715275,9.817142486572266,253.27215576171875,-319.2979431152344,1229.404541015625,-0.0001558644144097343,-0.008339245803654194,0.003252869239076972,0.023547880351543427
24.8799991607666,42,0.039956334978342056,0.01887684315443039,9.808262825012207,256.80767822265625,-322.51849365234375,1240.6539306640625,-0.0015178192406892776,-0.006851590238511562,0.00927476305514574,0.023547880351543427
24.889999389648438,42,0.03221086785197258,0.02372892200946808,9.803247451782227,260.5960388183594,-325.8034973144531,1252.427490234375,-0.001656147069297731,-0.005042945500463247,0.011727068573236465,0.023547880351543427
24.899999618530273,42,0.03571445867419243,0.02441560849547386,9.81586742401123,265.3081970214844,-329.00146484375,1265.613037109375,-0.004925512243062258,-0.004049678333103657,0.009568816050887108,0.02302459441125393
24.90999984741211,42,0.04170650243759155,0.023866906762123108,9.808212280273438,269.5270690917969,-332.6178894042969,1275.666748046875,-0.0014305575750768185,0.0006820905255153775,0.002988839754834771,0.022501308470964432
24.920000076293945,42,0.03458314388990402,0.028718985617160797,9.810047149658203,273.841552734375,-336.2510070800781,1285.7784423828125,0.0015419494593515992,-0.002663593040779233,-0.00013293791562318802,0.021454736590385437
24.93000030517578,42,0.03172772377729416,0.024412374943494797,9.80131721496582,278.57586669921875,-339.6358947753906,1295.971923828125,-0.003016979433596134,-0.003790699178352952,0.0022349103819578886,0.019884876906871796
24.940000534057617,42,0.036614514887332916,0.019290795549750328,9.795716285705566,283.64984130859375,-342.6417541503906,1304.95068359375,0.0016429596580564976,-0.0014607293996959925,0.008059834130108356,0.0193615909665823
24.950000762939453,42,0.041501302272081375,0.012004593387246132,9.803085327148438,286.89599609375,-345.484375,1316.47412109375,0.0007248887559399009,-0.010286780074238777,0.004959942307323217,0.0188383050262928
24.959999084472656,42,0.0413590744137764,0.005079519934952259,9.805758476257324,290.7628173828125,-348.4022216796875,1326.49658203125,0.0037742757704108953,-0.006963543128222227,0.0035721738822758198,0.01726844534277916
24.969999313354492,42,0.0416402705013752,0.00480031780898571,9.807792663574219,294.485595703125,-351.3880615234375,1335.0943603515625,-0.0006634409655816853,-0.011227858252823353,0.00042402130202390254,0.016221873462200165
24.979999542236328,42,0.049180544912815094,0.013121400959789753,9.80020523071289,297.96685791015625,-354.37481689453125,1343.4215087890625,-0.001840490847826004,-0.009616184048354626,0.006224814802408218,0.014652014710009098
24.989999771118164,42,0.042616330087184906,0.019011594355106354,9.809551239013672,301.2579040527344,-357.43316650390625,1352.3648681640625,-0.007045885547995567,-0.004386098124086857,0.004836485721170902,0.0141287287697196
25,42,0.042616330087184906,0.022477364167571068,9.814469337463379,304.1899108886719,-361.2529296875,1360.453369140625,-0.008396897464990616,-0.00017228766228072345,0.0025932162534445524,0.012558870017528534
25.010000228881836,42,0.031519267708063126,0.017973478883504868,9.804633140563965,306.93170166015625,-365.5567932128906,1368.44140625,-0.00648836512118578,0.001092023798264563,0.002915326738730073,0.010989011265337467
25.020000457763672,42,0.031512752175331116,0.006327844224870205,9.803647994995117,308.87835693359375,-369.7898864746094,1374.7025146484375,-0.00415839534252882,0.000410485255997628,0.005443388596177101,0.0094191525131464
25.030000686645508,42,0.036055371165275574,0.014501241035759449,9.802525520324707,310.678955078125,-373.8479919433594,1380.472412109375,-0.003687014104798436,-0.0019935586024075747,0.010177401825785637,0.007849293760955334
25.040000915527344,42,0.03730936720967293,0.02171521820127964,9.803787231445312,312.58062744140625,-377.556884765625,1386.7679443359375,-0.0037369579076766968,-0.001585870049893856,0.012099683284759521,0.006802720949053764
25.049999237060547,42,0.03905627876520157,0.012362489476799965,9.802385330200195,313.73248291015625,-380.48834228515625,1393.4161376953125,-0.0030674845911562443,-0.001385532901622355,0.008778691291809082,0.005756148602813482
25.059999465942383,42,0.0422656424343586,0.010552527382969856,9.813616752624512,314.98590087890625,-382.8167724609375,1398.5599365234375,-0.0030674845911562443,-0.005042945500463247,0.005852760747075081,0.006802720949053764
25.06999969482422,42,0.03731588274240494,0.01866016536951065,9.800291061401367,316.6274108886719,-385.12640380859375,1402.9237060546875,-0.004553457722067833,-0.006157425232231617,0.005852760747075081,0.009942438453435898
25.079999923706055,42,0.02419397048652172,0.015066113322973251,9.811219215393066,318.25030517578125,-386.9468994140625,1407.6890869140625,-0.006428039167076349,-0.008104958571493626,0.006781213451176882,0.014652014710009098
25.09000015258789,42,0.040293991565704346,0.01554259005934,9.809770584106445,319.6884765625,-388.63372802734375,1413.030029296875,-0.0030778662767261267,-0.006517414469271898,0.009038791991770267,0.0188383050262928
25.100000381469727,42,0.04869088903069496,0.013469595462083817,9.80905532836914,321.1186828613281,-391.3126220703125,1418.189453125,-0.0072335959412157536,-0.007126001175493002,0.006337890401482582,0.021454736590385437
25.110000610351562,42,0.04869088903069496,0.015680573880672455,9.824711799621582,324.6789855957031,-394.4217224121094,1425.28076171875,-0.0031909416429698467,-0.004796031396836042,0.0020483219996094704,0.02302459441125393
25.1200008392334,42,0.03418577462434769,0.013331611640751362,9.807888984680176,328.4061584472656,-396.8938903808594,1432.725341796875,-0.00423303060233593,-0.0023431661538779736,0.0012520247837528586,0.022501308470964432
25.1299991607666,42,0.03311743587255478,0.015818556770682335,9.815574645996094,332.64678955078125,-400.1023254394531,1441.443359375,-0.00306804571300745,0.002316772937774658,0.007076948415488005,0.021978022530674934
25.139999389648438,42,0.03800422325730324,0.020670635625720024,9.804932594299316,337.082763671875,-403.9818420410156,1451.554931640625,-0.004231907892972231,-0.006996371317654848,0.01290187332779169,0.020408162847161293
25.149999618530273,42,0.03905627876520157,0.010292728431522846,9.812274932861328,341.1374816894531,-407.7190856933594,1462.5115966796875,-0.005396893247961998,-0.006394518539309502,0.012112310156226158,0.0193615909665823
25.15999984741211,42,0.03515205904841423,0.015118935145437717,9.815241813659668,344.9072265625,-410.65057373046875,1472.2623291015625,-0.007602283265441656,-0.005229533649981022,0.00574529729783535,0.0193615909665823
25.170000076293945,42,0.022317860275506973,0.020877612754702568,9.823240280151367,348.856689453125,-413.27703857421875,1483.1541748046875,-0.004061874467879534,-0.004064549226313829,0.01049614604562521,0.018315019086003304
25.18000030517578,42,0.02787344716489315,0.017700746655464172,9.820868492126465,351.92156982421875,-415.9639892578125,1493.059814453125,-0.006733034271746874,-0.006565114017575979,0.00740579329431057,0.017791731283068657
25.190000534057617,42,0.033534348011016846,0.02509905956685543,9.811811447143555,354.4754638671875,-418.7868957519531,1501.394287109375,-0.00370356859639287,-0.004933798685669899,0.0067071388475596905,0.01726844534277916
25.200000762939453,42,0.03423897549510002,0.014040935784578323,9.806184768676758,357.0771789550781,-421.7594909667969,1508.7342529296875,-0.004217598587274551,-0.007777797989547253,0.003117908490821719,0.015698587521910667
25.209999084472656,42,0.029987327754497528,0.016370493918657303,9.80126667022705,359.59033203125,-424.95745849609375,1518.0416259765625,-0.003330392064526677,-0.009220561012625694,0.0009447852498851717,0.014652014710009098
25.219999313354492,42,0.020779406651854515,0.008351250551640987,9.809394836425781,361.42926025390625,-427.9919738769531,1526.6356201171875,-0.0038455442991107702,-0.0027087670750916004,0.0022814874537289143,0.015698587521910667
25.229999542236328,42,0.04174015671014786,0.024803688749670982,9.810393333435059,363.1376647949219,-430.70794677734375,1535.623046875,-0.005521472543478012,-0.0019253764767199755,0.00582414073869586,0.017791731283068657
25.239999771118164,42,0.03495337441563606,0.008784606121480465,9.792439460754395,364.71875,-433.4842224121094,1544.5201416015625,-0.005521472543478012,-0.005181273445487022,0.007218082435429096,0.021454736590385437
25.25,42,0.029709385707974434,0.01636079140007496,9.813794136047363,366.2978515625,-436.7155456542969,1553.123779296875,-0.006003796588629484,-0.0028513038996607065,0.006817408371716738,0.024071166291832924
25.260000228881836,42,0.03861982375383377,0.016932131722569466,9.801356315612793,368.28741455078125,-440.7129821777344,1561.988037109375,-0.006748466286808252,-0.002202593721449375,0.009988008067011833,0.026164311915636063
25.270000457763672,42,0.04839340224862099,0.016932131722569466,9.819490432739258,371.5101623535156,-445.5821838378906,1573.1357421875,-0.005315243266522884,-0.0034576458856463432,0.013214724138379097,0.026164311915636063
25.280000686645508,42,0.03447674587368965,0.026340916752815247,9.805785179138184,375.0691223144531,-450.5342712402344,1583.4993896484375,-0.0024330841843038797,-0.004070441238582134,0.012918427586555481,0.02459445409476757
25.290000915527344,41,0.04379432275891304,0.026439014822244644,9.810503959655762,378.89501953125,-455.6453552246094,1593.4691162109375,-0.004060190636664629,-0.008958214893937111,0.010347717441618443,0.021978022530674934
25.299999237060547,41,0.03892708197236061,0.02145865373313427,9.819438934326172,382.8451232910156,-460.6892395019531,1603.914794921875,-0.0027229273691773415,-0.009434085339307785,0.003571051638573408,0.020408162847161293
25.309999465942383,42,0.034040287137031555,0.012740867212414742,9.796049118041992,386.6836242675781,-465.1853332519531,1615.7720947265625,-0.0005032274057157338,-0.005939130671322346,0.004846306052058935,0.018315019086003304
25.31999969482422,41,0.029689842835068703,0.02569950558245182,9.801506996154785,389.7203674316406,-468.9162902832031,1625.1904296875,0.0002756738103926182,-0.00254069734364748,0.007176275365054607,0.015698587521910667
25.329999923706055,42,0.03457663208246231,0.011478529311716557,9.815241813659668,392.6724548339844,-472.575439453125,1633.533935546875,-0.007879219017922878,-0.001375712570734322,0.009506245143711567,0.012035583145916462
25.34000015258789,42,0.037427712231874466,0.0037956214509904385,9.81401252746582,395.1239013671875,-475.7079162597656,1642.194580078125,-0.003370515303686261,-0.00021072773961350322,0.007231269963085651,0.008372579701244831
25.350000381469727,41,0.02026369422674179,0.015985647216439247,9.802136421203613,397.1827087402344,-478.10028076171875,1650.8671875,-0.0063351658172905445,-0.0044918786734342575,0.004901300650089979,0.0041862898506224155
25.360000610351562,41,0.025696594268083572,0.007908192463219166,9.815241813659668,399.0738220214844,-479.7695007324219,1658.29443359375,-0.004694030154496431,-0.008124599233269691,0.008734638802707195,-0.0005232862313278019
25.3700008392334,41,0.03362337499856949,0.011537819169461727,9.813383102416992,400.1209716796875,-481.2796325683594,1661.9508056640625,-0.0013988515129312873,-0.005828300025314093,0.004707697778940201,-0.0047095762565732
25.3799991607666,42,0.029421672224998474,0.007365958299487829,9.802765846252441,400.34832763671875,-482.01708984375,1665.992919921875,-0.0024198966566473246,-0.006849345285445452,0.007011572364717722,-0.006802720949053764
25.389999389648438,41,0.03168538212776184,0.006616747938096523,9.816000938415527,400.38653564453125,-482.5824890136719,1668.9664306640625,-0.003908675163984299,-0.005814551375806332,0.008306748233735561,-0.0094191525131464
25.399999618530273,42,0.04304952546954155,0.00503747770562768,9.820919036865234,399.88311767578125,-482.68841552734375,1669.65087890625,-0.0027361148968338966,-0.005042945500463247,0.009865112602710724,-0.0141287287697196
25.40999984741211,42,0.03905627876520157,0.017819326370954514,9.819541931152344,398.6786804199219,-482.0374755859375,1668.1356201171875,-0.00040614540921524167,-0.007911636494100094,0.010760736651718616,-0.019884876906871796
25.420000076293945,41,0.040982332080602646,0.022671403363347054,9.798757553100586,397.73626708984375,-480.7938232421875,1667.9140625,-0.00200715777464211,-0.006019938737154007,0.010105572640895844,-0.026164311915636063
25.43000030517578,42,0.04869088903069496,0.02444794774055481,9.81351089477539,395.72100830078125,-479.38470458984375,1662.945068359375,-0.00488763302564621,-0.001995803089812398,0.0071611241437494755,-0.030873887240886688
25.440000534057617,42,0.04428289830684662,0.018026301637291908,9.82271957397461,393.0429992675781,-477.46820068359375,1656.9317626953125,-0.0007411626866087317,0.0012937636347487569,0.001970039214938879,-0.033490318804979324
25.450000762939453,42,0.029421672224998474,0.019388893619179726,9.81406307220459,389.72381591796875,-475.08990478515625,1649.6429443359375,0.0027066536713391542,0.0005507771275006235,0.0003673433093354106,-0.03819989413022995
25.459999084472656,42,0.029421672224998474,0.015845507383346558,9.816637992858887,385.9540710449219,-472.4451599121094,1640.5411376953125,-0.0030618731398135424,-0.007084194105118513,0.00584153737872839,-0.04395604506134987
25.469999313354492,42,0.030732126906514168,0.025197159498929977,9.828039169311523,382.184326171875,-469.8690490722656,1629.12841796875,-0.0041409991681575775,-0.008723926730453968,0.010415618307888508,-0.04971219226717949
25.479999542236328,42,0.035618916153907776,0.023085355758666992,9.813170433044434,378.2066345214844,-466.67547607421875,1616.0654296875,-0.001179715502075851,-0.008723926730453968,0.006419540382921696,-0.0565149150788784
25.489999771118164,42,0.036157429218292236,0.020741784945130348,9.814254760742188,373.5127868652344,-462.26495361328125,1600.2178955078125,-0.002404184080660343,-0.008502827025949955,-0.0032998896203935146,-0.06436420977115631
25.5,41,0.0309405829757452,0.007365958299487829,9.802226066589355,368.5363464355469,-456.5375671386719,1581.6876220703125,-0.0003410498902667314,-0.007178751286119223,0.0005132470396347344,-0.07012035697698593
25.510000228881836,42,0.03423897549510002,0.015251529403030872,9.807144165039062,363.207275390625,-449.9640197753906,1560.752685546875,-0.006457220297306776,-0.004751699510961771,0.005076104309409857,-0.0753532201051712
25.520000457763672,42,0.030923211947083473,0.026343073695898056,9.808725357055664,357.03680419921875,-443.3275146484375,1537.8126220703125,-0.0031025575008243322,-0.0013268908951431513,-0.0037527522072196007,-0.07796964794397354
25.530000686645508,42,0.029786471277475357,0.01521703414618969,9.809021949768066,349.1831970214844,-435.59912109375,1512.8818359375,-0.004267542157322168,-0.00016190612222999334,0.0032371568959206343,-0.08058608323335648
25.540000915527344,42,0.04085313156247139,0.013933135196566582,9.808008193969727,340.814453125,-427.0696105957031,1485.407470703125,-0.0008803322562016547,0.0010030786506831646,0.004536821972578764,-0.08215594291687012
25.549999237060547,42,0.04573992267251015,0.01137288473546505,9.801484107971191,331.6584167480469,-418.2080993652344,1456.1422119140625,0.00046254272456280887,-0.0010600555688142776,0.002473687520250678,-0.0842490866780281
25.559999465942383,42,0.04288341477513313,0.010271168313920498,9.814290046691895,321.73089599609375,-408.9557189941406,1426.0814208984375,-0.004456656519323587,-0.003390025347471237,0.003185809822753072,-0.08477237075567245
25.56999969482422,42,0.026217736303806305,0.01773308590054512,9.805963516235352,311.1864929199219,-399.1842041015625,1396.1260986328125,-0.003617429407313466,-0.000959887052886188,0.0005427083233371377,-0.08372579514980316
25.579999923706055,42,0.027418533340096474,0.012149045243859291,9.79868221282959,300.0867004394531,-389.4126892089844,1365.876953125,-0.0003974472638219595,0.0007550424197688699,-0.0011722211493179202,-0.08110936731100082
25.59000015258789,42,0.04601786658167839,0.014278095215559006,9.804451942443848,289.0792236328125,-379.48455810546875,1334.6510009765625,-0.0018705131951719522,-0.004704000428318977,0.004286821000277996,-0.0774463638663292
25.600000381469727,42,0.04426335543394089,0.019130174070596695,9.79991340637207,277.47454833984375,-369.7652282714844,1303.5087890625,-0.003833478782325983,-0.002900967374444008,0.005547766108065844,-0.07482992857694626
25.610000610351562,42,0.03905627876520157,0.017181148752570152,9.808095932006836,266.0981750488281,-359.7319641113281,1273.3973388671875,-0.0028865078929811716,-0.0008389553404413164,0.003921781666576862,-0.07273678481578827
25.6200008392334,42,0.04140901565551758,0.014485071413218975,9.810281753540039,255.63352966308594,-349.087890625,1244.942626953125,-0.0005565384635701776,-0.005855797324329615,0.005324701778590679,-0.07116692513227463
25.6299991607666,42,0.043873582035303116,0.01933714933693409,9.815241813659668,245.68560791015625,-338.51690673828125,1218.1282958984375,0.001193464151583612,-0.0053111836314201355,0.008239689283072948,-0.06959707289934158
25.639999389648438,42,0.03639845550060272,0.016767198219895363,9.805212020874023,235.73770141601562,-328.1134338378906,1190.060302734375,0.0008045746944844723,-0.0022068023681640625,0.00849782582372427,-0.06698063760995865
25.649999618530273,42,0.029421672224998474,0.007063040044158697,9.811315536499023,225.78977966308594,-317.27960205078125,1161.9947509765625,-0.0010694459779188037,-0.004131047520786524,0.006167856510728598,-0.06436420977115631
25.65999984741211,42,0.02679099142551422,0.007806860376149416,9.816995620727539,216.38754272460938,-305.8435974121094,1134.8013916015625,-0.003416250692680478,-0.0033768375869840384,0.002656067255884409,-0.06227106228470802
25.670000076293945,42,0.03810519725084305,0.012149045243859291,9.815828323364258,207.691650390625,-294.21624755859375,1108.8326416015625,-0.005420742556452751,-0.005374876316636801,-0.0008453407790511847,-0.05965463072061539
25.68000030517578,42,0.04869088903069496,0.017649002373218536,9.817302703857422,199.31492614746094,-283.46478271484375,1083.7840576171875,-0.0013006472727283835,-0.004920330364257097,0.002834238111972809,-0.058084771037101746
25.690000534057617,42,0.045851752161979675,0.013258307240903378,9.815241813659668,191.04244995117188,-272.0942687988281,1057.19140625,-0.00042606686474755406,-0.000342882820405066,0.009325829334557056,-0.055991627275943756
25.700000762939453,42,0.03805634006857872,0.018917808309197426,9.8064603805542,183.25367736816406,-260.8605651855469,1033.4991455078125,-0.0049378578551113605,-0.0016537712654098868,0.00859855581074953,-0.05546833947300911
25.709999084472656,42,0.04019518941640854,0.023541349917650223,9.8126859664917,176.00186157226562,-249.95303344726562,1009.6653442382812,-0.0005296022864058614,-0.0038998464588075876,0.010592947714030743,-0.054421767592430115
25.719999313354492,42,0.040825989097356796,0.02171521820127964,9.807821273803711,168.8387908935547,-239.34661865234375,985.4893188476562,0.0005916113732382655,-0.0050867167301476,0.00843806192278862,-0.05285191163420677
25.729999542236328,43,0.03593920171260834,0.012430403381586075,9.79128646850586,161.1728973388672,-228.911376953125,962.4506225585938,-0.0005733733996748924,-0.00741668650880456,0.015427971258759499,-0.05128205195069313
25.739999771118164,42,0.03742554038763046,0.007365958299487829,9.81501579284668,154.68055725097656,-219.1398468017578,937.963134765625,-0.0028632194735109806,-0.0041223494336009026,0.0066698212176561356,-0.04918890818953514
25.75,43,0.03905627876520157,0.01706472598016262,9.810125350952148,147.6658477783203,-209.3683319091797,916.3316650390625,-0.0030674845911562443,-0.0016902470961213112,0.010104170069098473,-0.0476190485060215
25.760000228881836,42,0.03905627876520157,0.015111389569938183,9.7940034866333,140.92022705078125,-199.9149169921875,894.3532104492188,-0.00006495523120975122,-0.00036112076486460865,0.008759049698710442,-0.04709576070308685
25.770000457763672,43,0.04245129972696304,0.012149045243859291,9.797834396362305,134.42788696289062,-191.06251525878906,872.1106567382812,0.0034299991093575954,-0.0010738042183220387,0.009245582856237888,-0.04552590101957321
25.780000686645508,43,0.04040907695889473,0.012149045243859291,9.804183959960938,127.94892120361328,-182.90130615234375,850.24951171875,-0.001843296573497355,-0.0039924392476677895,0.004272792022675276,-0.04447932913899422
25.790000915527344,43,0.03552228584885597,0.005131263751536608,9.805545806884766,121.56130981445312,-174.81759643554688,826.6484375,0.0005944172153249383,-0.009117025882005692,0.0038014110177755356,-0.04343275725841522
25.799999237060547,43,0.03784245252609253,0.013316519558429718,9.801918983459473,115.64125061035156,-166.97186279296875,807.8958129882812,0.002314677694812417,-0.009672300890088081,0.004625767003744841,-0.04238618537783623
25.809999465942383,43,0.03538331761956215,0.016932131722569466,9.811786651611328,110.052978515625,-159.2716064453125,787.462646484375,0.001149692921899259,-0.006651533301919699,0.006007362622767687,-0.040816325694322586
25.81999969482422,43,0.03423897549510002,0.013216265477240086,9.796409606933594,104.56342315673828,-151.7073516845703,766.1377563476562,0.000613496929872781,-0.005042945500463247,0.006450966000556946,-0.03976975381374359
25.829999923706055,43,0.03423897549510002,0.012149045243859291,9.814019203186035,99.09276580810547,-144.27906799316406,745.1121215820312,-0.0010868421522900462,-0.003909386228770018,0.005852760747075081,-0.03819989413022995
25.84000015258789,43,0.03812039643526077,0.023710597306489944,9.820089340209961,93.96173095703125,-136.99484252929688,723.7271728515625,-0.0025627140421420336,-0.0030937285628169775,0.008376614190638065,-0.03663003817200661
25.850000381469727,43,0.03905627876520157,0.022575462237000465,9.800209045410156,89.13056182861328,-130.38897705078125,704.45751953125,-0.0022832523100078106,-0.006029759533703327,0.010216684080660343,-0.035583462566137314
25.860000610351562,43,0.05513784661889076,0.013731549493968487,9.80394172668457,84.23828887939453,-124.07121276855469,686.245849609375,-0.0023059796076267958,-0.00957016833126545,0.006318249739706516,-0.03453689068555832
25.8700008392334,43,0.04196598753333092,0.024331524968147278,9.809660911560059,79.7232437133789,-118.15475463867188,667.5999145507812,-0.000613496929872781,-0.007130209822207689,0.004625767003744841,-0.032967034727334976
25.8799991607666,43,0.030737554654479027,0.014108849689364433,9.814579963684082,75.6918716430664,-112.75877380371094,648.57080078125,-0.0013837000587955117,-0.002075489144772291,0.004882501438260078,-0.03192045912146568
25.889999389648438,43,0.029421672224998474,0.01634785532951355,9.793962478637695,71.82415771484375,-107.94183349609375,630.965576171875,-0.003905027871951461,-0.0005244206986390054,0.00741056352853775,-0.030873887240886688
25.899999618530273,43,0.04231667146086693,0.016932131722569466,9.808303833007812,68.36856079101562,-101.90126037597656,614.1235961914062,-0.001575058326125145,-0.002323525259271264,0.015403280034661293,-0.0287807434797287
25.90999984741211,43,0.03077012673020363,0.012595336884260178,9.79720687866211,65.15846252441406,-96.41604614257812,596.8485107421875,0.0007549112779088318,-0.0002763844095170498,0.012861188501119614,-0.027734169736504555
25.920000076293945,43,0.038296278566122055,0.012149045243859291,9.818177223205566,62.188812255859375,-91.42617797851562,580.8461303710938,0.003023994155228138,-0.0026063539553433657,0.007123244926333427,-0.026164311915636063
25.93000030517578,43,0.03905627876520157,0.007674266584217548,9.824625015258789,59.45960235595703,-86.8012924194336,565.7217407226562,-0.0028009298257529736,-0.0049363235011696815,0.012948169372975826,-0.025641025975346565
25.940000534057617,43,0.03905627876520157,0.0119097288697958,9.811120986938477,56.97896194458008,-82.38727569580078,550.0479125976562,0.0058259060606360435,-0.0061546191573143005,0.006544680800288916,-0.025641025975346565
25.950000762939453,43,0.04834780469536781,0.021374570205807686,9.805718421936035,54.88466262817383,-78.3010025024414,535.0895385742188,0.0015001425053924322,-0.0010216154623776674,0.006902425549924374,-0.025117740035057068
25.959999084472656,43,0.04397564008831978,0.017033463343977928,9.805545806884766,51.99586486816406,-75.11338806152344,522.279541015625,-0.002349470043554902,-0.0021102814935147762,0.006092099007219076,-0.025117740035057068
25.969999313354492,43,0.043910495936870575,0.021646225824952126,9.814990043640137,49.72365188598633,-72.14714813232422,508.18426513671875,-0.003993131220340729,0.0038905683904886246,0.004927114117890596,-0.02459445409476757
25.979999542236328,43,0.04869088903069496,0.016932131722569466,9.791643142700195,47.78692626953125,-69.48133850097656,493.0042419433594,-0.0042944783344864845,-0.0009091014508157969,0.005489404313266277,-0.02459445409476757
25.989999771118164,43,0.04798734933137894,0.017456039786338806,9.818674087524414,45.544185638427734,-67.30998992919922,478.178955078125,-0.005096107255667448,-0.004617580212652683,0.0042495038360357285,-0.023547880351543427
26,43,0.029421672224998474,0.030550509691238403,9.783281326293945,43.031028747558594,-65.44451904296875,465.5473937988281,-0.004781852941960096,-0.0020844677928835154,0.005617631133645773,-0.02302459441125393
26.010000228881836,43,0.03005138412117958,0.016932131722569466,9.81945514678955,40.61259078979492,-63.49869155883789,453.8179016113281,-0.0036168680526316166,0.0005426402785815299,0.0091125862672925,-0.022501308470964432
26.020000457763672,43,0.038671936839818954,0.016550520434975624,9.810006141662598,38.41461181640625,-62.1395263671875,440.69891357421875,-0.0030674845911562443,-0.0007547801942564547,0.009529533796012402,-0.02093144878745079
26.030000686645508,43,0.03333131968975067,0.012599648907780647,9.806002616882324,36.00120162963867,-60.60947036743164,427.18621826171875,-0.0014067079173400998,-0.003696142230182886,0.008860340341925621,-0.02093144878745079
26.040000915527344,43,0.026174306869506836,0.016932131722569466,9.808813095092773,33.34205627441406,-58.69148254394531,414.2004089355469,0.000121913748444058,-0.004059778992086649,0.006584243383258581,-0.019884876906871796
26.049999237060547,42,0.03846348077058792,0.018109308555722237,9.797638893127441,31.35247230529785,-57.62549591064453,401.5688781738281,0.0002456512884236872,-0.002588957780972123,0.002601353218778968,-0.0193615909665823
26.059999465942383,42,0.03357669338583946,0.023867983371019363,9.807060241699219,28.95821762084961,-55.95875549316406,390.86419677734375,0.00000266564029516303,-0.003324087942019105,0.005971728358417749,-0.0188383050262928
26.06999969482422,43,0.029421672224998474,0.009545674547553062,9.790573120117188,27.08597183227539,-54.33592987060547,380.4702453613281,-0.0033778103534132242,-0.004431833513081074,0.011987730860710144,-0.017791731283068657
26.079999923706055,42,0.033427949994802475,0.0233063455671072,9.812016487121582,25.56662940979004,-53.09007263183594,370.8813171386719,-0.0013441377086564898,-0.0028325046878308058,0.01223127730190754,-0.01726844534277916
26.09000015258789,42,0.050025224685668945,0.0295522790402174,9.798478126525879,24.150405883789062,-52.08525848388672,361.4939880371094,-0.004112940281629562,-0.0030898002441972494,0.013214724138379097,-0.016745159402489662
26.100000381469727,42,0.03423897549510002,0.01798102632164955,9.807554244995117,22.576784133911133,-50.76506423950195,350.705810546875,-0.0031870133243501186,0.000613908632658422,0.013453781604766846,-0.016221873462200165
26.110000610351562,42,0.035248689353466034,0.004587951581925154,9.797882080078125,20.901344299316406,-49.876747131347656,342.39556884765625,-0.0042944783344864845,-0.003988510929048061,0.015323594212532043,-0.015175300650298595
26.1200008392334,42,0.04121467471122742,0.015363642014563084,9.804459571838379,19.724172592163086,-48.847530364990234,333.1187438964844,-0.0042944783344864845,-0.007483465597033501,0.00833368394523859,-0.014652014710009098
26.1299991607666,42,0.04869088903069496,0.02193620800971985,9.803009033203125,18.618545532226562,-47.33507537841797,324.3940734863281,0.0003475034609436989,0.000626535271294415,0.0071462527848780155,-0.014652014710009098
26.139999389648438,42,0.047472719103097916,0.007365958299487829,9.807941436767578,17.534500122070312,-45.84356689453125,316.3772277832031,-0.0015834758523851633,-0.0033019217662513256,0.0026858090423047543,-0.0141287287697196
26.149999618530273,42,0.04644889384508133,0.009922974742949009,9.79940128326416,16.638776779174805,-45.132911682128906,308.4805603027344,-0.0008040134562179446,-0.007961860857903957,0.007354165427386761,-0.0141287287697196
26.15999984741211,42,0.048079632222652435,0.016932131722569466,9.799946784973145,16.219919204711914,-44.42225646972656,300.2810974121094,0.0003609713166952133,-0.008723926730453968,0.008306748233735561,-0.013605441898107529
26.170000076293945,42,0.03851885348558426,0.01409914717078209,9.808958053588867,15.801058769226074,-42.648773193359375,292.36578369140625,0.001525956206023693,-0.005074090324342251,0.004656911827623844,-0.013605441898107529
26.18000030517578,42,0.0427064448595047,0.011822410859167576,9.80855655670166,15.122509956359863,-40.80461883544922,284.56744384765625,0.0035413908772170544,-0.008068202063441277,0.005099673289805651,-0.013082155957818031
26.190000534057617,42,0.029421672224998474,0.01705178990960121,9.818392753601074,14.567272186279297,-39.267616271972656,277.2809143066406,0.001929155201651156,-0.007585597690194845,0.006641201674938202,-0.013082155957818031
26.200000762939453,42,0.024516426026821136,0.01223636232316494,9.823291778564453,14.35204792022705,-38.0190544128418,270.2757873535156,0.0013399289455264807,-0.003364211181178689,0.005626890808343887,-0.013082155957818031
26.209999084472656,43,0.01837889663875103,0.02171521820127964,9.820089340209961,13.514328956604004,-36.242408752441406,260.6359558105469,-0.002146046841517091,0.001295727794058621,0.005290189757943153,-0.012558870017528534
26.219999313354492,42,0.022830316796898842,0.019953766837716103,9.812948226928711,13.060346603393555,-35.11683654785156,252.8232879638672,-0.0043166447430849075,-0.00006847165059298277,0.009467244148254395,-0.011512297205626965
26.229999542236328,42,0.025317681953310966,0.016932131722569466,9.800697326660156,12.641487121582031,-33.687599182128906,246.9902801513672,-0.002527079777792096,-0.003815951757133007,0.011593509465456009,-0.011512297205626965
26.239999771118164,42,0.0284999031573534,0.01123382244259119,9.796847343444824,12.269426345825195,-32.207725524902344,241.01373291015625,-0.00136209512129426,-0.005251138936728239,0.00809855479747057,-0.010989011265337467
26.25,42,0.023752085864543915,0.008488155901432037,9.800976753234863,11.99974536895752,-30.912967681884766,234.07029724121094,-0.000613496929872781,-0.006664160173386335,0.007934694178402424,-0.010989011265337467
26.260000228881836,42,0.03147366642951965,0.012857290916144848,9.811111450195312,11.895030975341797,-29.75815200805664,228.08694458007812,-0.0016766296466812491,-0.005397323053330183,0.011278975754976273,-0.010989011265337467
26.270000457763672,42,0.04060342162847519,0.009472371079027653,9.81195068359375,11.585556983947754,-28.95073890686035,222.21189880371094,-0.005171583965420723,-0.005685202311724424,0.009826110675930977,-0.011512297205626965
26.280000686645508,42,0.055263787508010864,0.016499852761626244,9.809064865112305,11.349224090576172,-27.49115562438965,215.351318359375,-0.006362943910062313,-0.003815951757133007,0.011221455410122871,-0.010989011265337467
26.290000915527344,42,0.05636144429445267,0.01722642593085766,9.80949878692627,11.193037986755371,-26.074356079101562,209.10690307617188,-0.00039660552283748984,-0.003984302282333374,0.012372972443699837,-0.011512297205626965
26.299999237060547,42,0.05335076525807381,0.009835656732320786,9.817903518676758,11.030969619750977,-24.773576736450195,203.30284118652344,-0.006748466286808252,-0.004617580212652683,0.007398778572678566,-0.010989011265337467
26.309999465942383,42,0.043928954750299454,0.004983577877283096,9.800734519958496,10.72093391418457,-23.14503288269043,196.281005859375,-0.006571137346327305,-0.0004896282334811985,0.010406078770756721,-0.010465724393725395
26.31999969482422,42,0.03682839870452881,0.012388360686600208,9.800939559936523,10.511504173278809,-22.96736717224121,190.96246337890625,-0.0019111980218440294,-0.009809507057070732,0.001086199190467596,-0.010465724393725395
26.329999923706055,42,0.031181611120700836,0.01919485442340374,9.807839393615723,10.217817306518555,-22.21788787841797,184.75238037109375,0.0016014332650229335,-0.013392845168709755,0.0009447852498851717,-0.009942438453435898
26.34000015258789,42,0.030218584463000298,0.016932131722569466,9.805545806884766,10.023051261901855,-21.43083953857422,179.8416290283203,-0.0025007049553096294,-0.013631902635097504,0.007456578779965639,-0.010465724393725395
26.350000381469727,42,0.031024182215332985,0.008957086130976677,9.80015754699707,9.918335914611816,-20.8393611907959,175.47970581054688,-0.0010209048632532358,-0.010562032461166382,0.003190299030393362,-0.0094191525131464
26.360000610351562,42,0.013616965152323246,0.005310211796313524,9.798614501953125,9.845284461975098,-20.42136001586914,169.85020446777344,0.0003477838763501495,-0.008028359152376652,0.008900744840502739,-0.009942438453435898
26.3700008392334,42,0.01660050079226494,0.015754954889416695,9.806365966796875,10.05471420288086,-19.444210052490234,163.4236297607422,0.0015127687947824597,-0.003899846225976944,0.010760736651718616,-0.009942438453435898
26.3799991607666,42,0.024604368954896927,0.013119244948029518,9.816202163696289,9.629231452941895,-18.69788932800293,157.86082458496094,0.001840490847826004,-0.002588957780972123,0.009923473931849003,-0.0094191525131464
26.389999389648438,42,0.024604368954896927,0.013234591111540794,9.80819320678711,9.700864791870117,-18.155542373657227,152.7813720703125,-0.0012605235679075122,-0.002588957780972123,0.008758489042520523,-0.0094191525131464
26.399999618530273,41,0.024604368954896927,0.010925514623522758,9.809829711914062,9.87032413482666,-17.640857696533203,147.90603637695312,-0.0030674845911562443,-0.0033022023271769285,0.0047405255027115345,-0.0094191525131464
26.40999984741211,42,0.024604368954896927,0.01043825875967741,9.802785873413086,9.660894393920898,-16.975772857666016,143.24655151367188,-0.00046254266635514796,-0.004467186983674765,0.004776720888912678,-0.008895865641534328
26.420000076293945,42,0.030931897461414337,0.018431629985570908,9.811769485473633,9.451464653015137,-16.087451934814453,139.70086669921875,0.0030189435929059982,-0.005042945500463247,0.006490528117865324,-0.008372579701244831
26.43000030517578,42,0.03423897549510002,0.018504934385418892,9.810328483581543,8.950594902038574,-15.693601608276367,134.921630859375,0.0032400437630712986,-0.002934076124802232,0.005852760747075081,-0.008372579701244831
26.440000534057617,41,0.040844447910785675,0.02021140791475773,9.812193870544434,8.499598503112793,-15.153562545776367,130.8142852783203,0.0009100742754526436,-0.0006001783767715096,0.008644010871648788,-0.008372579701244831
26.450000762939453,44,0.043873582035303116,0.018366949632763863,9.805060386657715,8.224773406982422,-14.694655418395996,127.50420379638672,-0.000613496929872781,-0.0017651631496846676,0.01119872834533453,-0.007849293760955334
26.459999084472656,42,0.05075699836015701,0.013514871709048748,9.797233581542969,8.1200590133667,-14.408270835876465,124.31240844726562,-0.00027230678824707866,-0.003953718580305576,0.005714993923902512,-0.007849293760955334
26.469999313354492,42,0.05350819230079651,0.012149045243859291,9.806449890136719,8.01534366607666,-14.052942276000977,119.65867614746094,0.000613496929872781,-0.005821846891194582,0.003567684441804886,-0.007326007355004549
26.479999542236328,42,0.05708887055516243,0.012149045243859291,9.806790351867676,8.117812156677246,-13.609735488891602,116.9780044555664,0.000396324903704226,-0.000569314113818109,0.008523920550942421,-0.007849293760955334
26.489999771118164,41,0.040074676275253296,0.00852480810135603,9.801872253417969,7.748383045196533,-13.500764846801758,113.64978790283203,-0.000613496929872781,-0.003830261528491974,0.009378579445183277,-0.007326007355004549
26.5,42,0.037958625704050064,0.011059187352657318,9.796954154968262,7.442634105682373,-13.408371925354004,110.5074462890625,-0.0009861125145107508,-0.01212544646114111,0.008213594555854797,-0.007326007355004549
26.510000228881836,42,0.020110607147216797,-0.010424278676509857,9.807289123535156,7.337919235229492,-13.027863502502441,107.67411804199219,-0.005583762191236019,-0.008568202145397663,0.0069863200187683105,-0.006802720949053764
26.520000457763672,41,0.02654562145471573,0.006437800358980894,9.79486083984375,7.217239856719971,-12.175658226013184,104.69933319091797,-0.007913731969892979,-0.0027432788629084826,0.0034913658164441586,-0.006802720949053764
26.530000686645508,41,0.025493567809462547,0.004348635673522949,9.814720153808594,6.798379898071289,-11.997994422912598,102.04005432128906,-0.000036616474972106516,-0.002588957780972123,0.007935254834592342,-0.006802720949053764
26.540000915527344,42,0.024604368954896927,0.010521264746785164,9.80802059173584,7.148740768432617,-11.89283561706543,100.28515625,-0.001530726091004908,-0.0015168462414294481,0.010450972244143486,-0.006802720949053764
26.549999237060547,42,0.024604368954896927,0.04849274083971977,9.780987739562988,7.124202728271484,-11.700675010681152,98.7983627319336,-0.003860695520415902,-0.00035186149762012064,0.009750633500516415,-0.006802720949053764
26.559999465942383,41,0.016331244260072708,0.02644656039774418,9.830575942993164,6.923346042633057,-11.557470321655273,96.62744140625,-0.0042944783344864845,-0.0029792501591145992,0.0076375557109713554,-0.006279435008764267
26.56999969482422,42,0.027587905526161194,0.034243736416101456,9.822549819946289,7.132776260375977,-11.55646800994873,93.44281005859375,-0.002522310009226203,-0.004702035803347826,0.008851923048496246,-0.006279435008764267
26.579999923706055,41,0.0465238094329834,0.03606447950005531,9.820089340209961,7.342206001281738,-10.84581184387207,93.11039733886719,-0.0026645660400390625,-0.0033947951160371304,0.01118189375847578,-0.006279435008764267
26.59000015258789,41,0.05738092586398125,0.02312200888991356,9.820089340209961,7.275894641876221,-10.369072914123535,89.86026000976562,-0.000019219945897930302,0.00198343931697309,0.008939465507864952,-0.006802720949053764
26.600000381469727,42,0.04949648678302765,0.012948920950293541,9.833417892456055,7.238525867462158,-9.982044219970703,87.4864730834961,0.001140433712862432,0.001972777070477605,0.007079754490405321,-0.006279435008764267
26.610000610351562,41,0.0442068949341774,0.012149045243859291,9.79853343963623,7.452419757843018,-9.590426445007324,85.82442474365234,0.000613496929872781,-0.0026871622540056705,0.010269994847476482,-0.006279435008764267
26.6200008392334,40,0.043873582035303116,0.0076279123313724995,9.800432205200195,7.903149604797363,-9.146265983581543,83.98895263671875,-0.0005385809927247465,-0.005042945500463247,0.008606412447988987,-0.006279435008764267
26.6299991607666,41,0.03462766110897064,0.0027758334763348103,9.800697326660156,8.007863998413086,-8.702105522155762,81.32967376708984,-0.001840490847826004,-0.00607100548222661,0.004940862767398357,-0.006279435008764267
26.639999389648438,40,0.04831631854176521,0.007241988088935614,9.781807899475098,8.2109375,-8.925464630126953,78.46224975585938,-0.0013884699437767267,-0.006140870973467827,0.007983796298503876,-0.006802720949053764
26.649999618530273,40,0.02969961427152157,0.012122094631195068,9.819601058959961,8.051411628723145,-8.941566467285156,76.75259399414062,-0.0010035086888819933,-0.0026459163054823875,0.010703777894377708,-0.006279435008764267
26.65999984741211,40,0.04869088903069496,0.021383194252848625,9.80562973022461,7.8849382400512695,-8.643946647644043,75.27333068847656,-0.001512488117441535,-0.00013497007603291422,0.014198732562363148,-0.006279435008764267
26.670000076293945,40,0.04823163151741028,0.002886867383494973,9.81008529663086,7.860281944274902,-8.152787208557129,73.70919799804688,0.0009824649896472692,-0.0017309319227933884,0.015565738081932068,-0.005756148602813482
26.68000030517578,40,0.034016404300928116,0.012370035983622074,9.801816940307617,7.755655765533447,-7.798060894012451,72.82230377197266,0.005932528059929609,-0.006884979549795389,0.010352767072618008,-0.006279435008764267
26.690000534057617,40,0.029421672224998474,0.017802078276872635,9.824056625366211,7.755655765533447,-8.153388977050781,71.38186645507812,0.0014145643217489123,-0.00409990269690752,0.007596870884299278,-0.006279435008764267
26.700000762939453,40,0.027975503355264664,0.0309224184602499,9.80966567993164,7.675419807434082,-7.828056335449219,68.5830078125,-0.0015206250827759504,-0.006349905859678984,0.002171779051423073,-0.006279435008764267
26.709999084472656,40,0.012307596392929554,0.02564237266778946,9.803299903869629,7.570704460144043,-7.625638484954834,66.13549041748047,0.0029238255228847265,-0.007425103802233934,0.002207693876698613,-0.006279435008764267
26.719999313354492,40,0.03473948687314987,0.01593821495771408,9.827771186828613,7.465989589691162,-7.661703109741211,64.85628509521484,-0.006396052893251181,-0.0027651642449200153,0.004537663422524929,-0.005756148602813482
26.729999542236328,40,0.03791628032922745,0.007365958299487829,9.810966491699219,7.3678083419799805,-7.57287073135376,64.6348648071289,-0.0022647338919341564,0.0018947746139019728,0.006867633201181889,-0.005756148602813482
26.739999771118164,40,0.03261909633874893,0.009270784445106983,9.813311576843262,7.3678083419799805,-7.484038829803467,62.75121307373047,0.00027735723415389657,-0.00509345019236207,0.008138678036630154,-0.005756148602813482
26.75,40,0.052799224853515625,0.02101128362119198,9.804978370666504,7.194446086883545,-7.321673393249512,60.684120178222656,0.0016104120295494795,-0.004276109393686056,0.012294408865272999,-0.005756148602813482
26.760000228881836,40,0.04869088903069496,0.017705056816339493,9.825868606567383,6.985016345977783,-7.144009590148926,60.353431701660156,-0.0037689448799937963,0.0017934838542714715,0.008540194481611252,-0.005756148602813482
26.770000457763672,40,0.04953882843255997,0.019189463928341866,9.801279067993164,6.8882246017456055,-7.061899185180664,60.36581802368164,-0.007267266046255827,-0.0016913695726543665,0.007952651008963585,-0.005756148602813482
26.780000686645508,40,0.05167333781719208,0.01009868923574686,9.786845207214355,6.992939472198486,-7.161740779876709,58.842044830322266,-0.004731908906251192,-0.003815951757133007,0.009928524494171143,-0.005232862196862698
26.790000915527344,40,0.043873582035303116,0.02171521820127964,9.80642032623291,7.097654342651367,-7.339405059814453,57.51240539550781,-0.0015697272028774023,-0.0030670729465782642,0.0032719490118324757,-0.005756148602813482
26.799999237060547,40,0.0407043881714344,0.018568536266684532,9.797380447387695,7.016117572784424,-7.201065540313721,55.19736862182617,-0.0013003665953874588,-0.004649566486477852,0.0012382760178297758,-0.005756148602813482
26.809999465942383,40,0.030547555536031723,0.014073275960981846,9.816690444946289,6.842844009399414,-7.023401737213135,53.920413970947266,-0.0005907696904614568,-0.0025207758881151676,0.004023633897304535,-0.005756148602813482
26.81999969482422,40,0.03423897549510002,0.03369072079658508,9.801936149597168,6.589423179626465,-6.920374393463135,53.5814323425293,-0.0010750575456768274,-0.000033679236366879195,0.0029372123535722494,-0.005756148602813482
26.829999923706055,40,0.03297412022948265,0.022730695083737373,9.794819831848145,6.333548545837402,-6.903897285461426,53.28118133544922,-0.004570011980831623,-0.004367018584161997,0.004951525013893843,-0.005756148602813482
26.84000015258789,40,0.030756011605262756,0.013473907485604286,9.806888580322266,6.333548545837402,-6.815065383911133,51.17592239379883,-0.004554299172013998,-0.006529759615659714,0.00944423582404852,-0.005232862196862698
26.850000381469727,40,0.03423897549510002,0.015538277104496956,9.811806678771973,6.433119297027588,-6.895169258117676,50.65106201171875,-0.00099032127764076,-0.0018353090854361653,0.006702930200845003,-0.005232862196862698
26.860000610351562,40,0.031292352825403214,0.012149045243859291,9.81079387664795,6.237821102142334,-6.793120384216309,50.28721618652344,-0.003414567094296217,-0.0007646005833521485,0.005537945311516523,-0.005232862196862698
26.8700008392334,40,0.027689961716532707,0.015212721191346645,9.803802490234375,5.923676013946533,-6.658242225646973,49.63459777832031,-0.007975460030138493,-0.0023361516650766134,0.004120154771953821,-0.005232862196862698
26.8799991607666,40,0.03423897549510002,0.015311897732317448,9.807147979736328,5.73887300491333,-6.5255208015441895,48.74686050415039,-0.007021474651992321,-0.002125152386724949,0.003125764662399888,-0.005232862196862698
26.889999389648438,40,0.03423897549510002,0.005922515876591206,9.804081916809082,5.947001934051514,-6.260128498077393,48.21073913574219,-0.001325338613241911,-0.006141151301562786,0.008049172349274158,-0.0047095762565732
26.899999618530273,40,0.03774148225784302,0.01388785894960165,9.80863094329834,6.0517168045043945,-6.082464694976807,49.09716033935547,0.0032678216230124235,-0.004842608701437712,0.005852760747075081,-0.0041862898506224155
26.90999984741211,40,0.040232103317976,0.013316518627107143,9.801880836486816,5.9120869636535645,-6.250272274017334,48.25991439819336,0.006724616512656212,-0.001376273692585528,0.005857530515640974,-0.0047095762565732
26.920000076293945,40,0.03612919896841049,0.011119554750621319,9.799654006958008,5.588895797729492,-6.323755264282227,48.07384490966797,0.000899692764505744,-0.004871228244155645,0.007022515404969454,-0.0041862898506224155
26.93000030517578,40,0.035136859863996506,0.018877921625971794,9.807518005371094,5.299288749694824,-6.344571590423584,48.746891021728516,-0.0016019943868741393,-0.003935200162231922,0.008187499828636646,-0.0036630036775022745
26.940000534057617,40,0.03550925850868225,0.017685653641819954,9.810393333435059,5.3302717208862305,-6.584784030914307,49.1655158996582,0.0002509823243599385,-0.0017244783230125904,0.008306748233735561,-0.0036630036775022745
26.950000762939453,40,0.03967621922492981,0.010065270587801933,9.812505722045898,5.749131679534912,-6.495952129364014,49.27631759643555,-0.002337685553357005,0.0006054911063984036,0.009290476329624653,-0.0036630036775022745
26.959999084472656,40,0.036407142877578735,0.007365958299487829,9.808695793151855,5.640632152557373,-6.3325581550598145,50.68916320800781,-0.002145766280591488,-0.0016731317155063152,0.011377179995179176,-0.0031397175043821335
26.969999313354492,40,0.03681862726807594,0.018474750220775604,9.802949905395508,5.1778998374938965,-6.423496723175049,51.94916534423828,-0.0052793282084167,-0.002588957780972123,0.011128021404147148,-0.0031397175043821335
26.979999542236328,40,0.03423897549510002,0.026699891313910484,9.805545806884766,5.09222412109375,-6.5255961418151855,52.94639587402344,-0.0011645641643553972,-0.0017912574112415314,0.010760736651718616,-0.0031397175043821335
26.989999771118164,40,0.031862352043390274,0.019355475902557373,9.81032943725586,5.7454657554626465,-6.40812349319458,54.078765869140625,0.0025761821307241917,-0.003569037886336446,0.007082280237227678,-0.002616431098431349
27,40,0.029421672224998474,0.02178959921002388,9.807856559753418,5.221890926361084,-6.674619674682617,56.073219299316406,-0.0009746084688231349,-0.0023482167162001133,0.0052994489669799805,-0.002616431098431349
27.010000228881836,40,0.03696845471858978,0.016507400199770927,9.808292388916016,5.264344215393066,-6.701028347015381,57.56855773925781,-0.0018477857811376452,-0.003805008949711919,0.008299453184008598,-0.0031397175043821335
27.020000457763672,40,0.043873582035303116,0.009932677261531353,9.817843437194824,5.4388298988342285,-6.996967792510986,59.15665054321289,0.000613496929872781,-0.006397605407983065,0.009661408141255379,-0.002616431098431349
27.030000686645508,40,0.0491827130317688,0.02005617693066597,9.814745903015137,5.964681148529053,-7.441127777099609,61.249176025390625,-0.001337123103439808,-0.004555290564894676,0.005868473090231419,-0.0020931449253112078
27.040000915527344,40,0.0426119863986969,0.012974793091416359,9.813135147094727,6.742031574249268,-7.762748718261719,63.646427154541016,-0.00301754055544734,-0.0029646598268300295,0.0034487168304622173,-0.0020931449253112078
27.049999237060547,40,0.03144543990492821,0.01090395450592041,9.806807518005371,6.846746444702148,-7.585084438323975,64.97606658935547,-0.000613496929872781,-0.0006346901645883918,0.006943671498447657,-0.0020931449253112078
27.059999465942383,40,0.029421672224998474,0.0112467585131526,9.815103530883789,6.850678443908691,-7.834902763366699,68.54519653320312,-0.001820008154027164,-0.00041611521737650037,0.009835369884967804,-0.0015698587521910667
27.06999969482422,40,0.035286687314510345,0.004454279784113169,9.816083908081055,7.003109455108643,-8.166053771972656,72.28234100341797,-0.004802616313099861,-0.005522183142602444,0.009562643244862556,-0.0015698587521910667
27.079999923706055,41,0.03905627876520157,-0.00039779924554750323,9.807372093200684,7.367483139038086,-8.433753967285156,75.2298812866211,-0.0014852714957669377,-0.007496933452785015,0.0042705475352704525,-0.0015698587521910667
27.09000015258789,40,0.032913319766521454,0.009998434223234653,9.802453994750977,7.891057968139648,-8.680336952209473,77.8509292602539,0.00038229572237469256,-0.007496933452785015,0.002171779051423073,-0.0010465724626556039
27.100000381469727,40,0.04198553040623665,0.016932131722569466,9.800697326660156,8.397042274475098,-9.118102073669434,81.92671203613281,-0.001840490847826004,-0.0073897503316402435,0.002171779051423073,-0.0010465724626556039
27.110000610351562,41,0.035849086940288544,0.010556838475167751,9.807159423828125,8.187612533569336,-9.29576587677002,85.02919006347656,-0.001840490847826004,-0.005059780552983284,0.002171779051423073,-0.0010465724626556039
27.1200008392334,41,0.032701607793569565,0.013879234902560711,9.816994667053223,8.63946533203125,-9.75391960144043,89.79353332519531,0.003942345269024372,-0.009669214487075806,0.010267750360071659,-0.0010465724626556039
27.1299991607666,41,0.040937818586826324,0.023583391681313515,9.809977531433105,8.977291107177734,-10.040505409240723,94.3865737915039,0.0010108038550242782,-0.0044781300239264965,0.010760736651718616,-0.0005232862313278019
27.139999389648438,41,0.0404546745121479,0.023103682324290276,9.819308280944824,9.316682815551758,-10.299978256225586,98.23796081542969,-0.0024841504637151957,-0.001750853261910379,0.008695637807250023,-0.0005232862313278019
27.149999618530273,41,0.035567887127399445,0.02171521820127964,9.81440544128418,10.109614372253418,-10.914203643798828,101.6568374633789,-0.004038024693727493,-0.0003914238477591425,0.004424588289111853,-0.0005232862313278019
27.15999984741211,41,0.03423897549510002,0.02171521820127964,9.803232192993164,10.423758506774902,-11.447195053100586,106.0889663696289,-0.0033859473187476397,-0.00467762490734458,0.007941427640616894,-0.0005232862313278019
27.170000076293945,42,0.04149370267987251,0.03252001479268074,9.818949699401855,10.648797988891602,-11.602237701416016,110.61537170410156,-0.003914006520062685,-0.00880950503051281,0.012073308229446411,-0.0005232862313278019
27.18000030517578,42,0.029086187481880188,0.025052707642316818,9.80261516571045,10.85822868347168,-12.293306350708008,115.49974822998047,-0.0011564268497750163,-0.007597382180392742,0.01007667277008295,-0.0005232862313278019
27.190000534057617,42,0.028370702639222145,0.01049647107720375,9.807220458984375,11.187568664550781,-13.054121971130371,120.38521575927734,0.000613496929872781,-0.0026574202347546816,0.011196764186024666,-0.0005232862313278019
27.200000762939453,42,0.04476495459675789,0.0187916811555624,9.818114280700684,11.64953327178955,-13.320618629455566,124.86294555664062,0.000613496929872781,-0.0007954648463055491,0.012554229237139225,-0.0005232862313278019
27.209999084472656,42,0.04088027402758598,0.013960085809230804,9.80436897277832,11.754247665405273,-13.587114334106445,128.96266174316406,-0.001181960105895996,-0.003157421015202999,0.004805902484804392,-7.585071622445011e-14
27.219999313354492,42,0.04303107038140297,0.020042162388563156,9.796697616577148,11.763412475585938,-14.096782684326172,133.56790161132812,-0.0019945313688367605,-0.005579422228038311,-0.0027361963875591755,-0.0005232862313278019
27.229999542236328,42,0.043873582035303116,0.017699668183922768,9.803990364074707,11.621447563171387,-14.810422897338867,138.0714111328125,-0.0010879645124077797,-0.007218874059617519,0.0015340117970481515,-0.0010465724626556039
27.239999771118164,42,0.04798734560608864,0.016932131722569466,9.80140495300293,11.968998908996582,-15.60991096496582,142.01239013671875,-0.0014280322939157486,-0.006249175872653723,0.010369041003286839,-0.0010465724626556039
27.25,42,0.04869088903069496,0.008625062182545662,9.80490779876709,12.753976821899414,-16.316728591918945,145.5907745361328,-0.0009639463969506323,-0.0034646603744477034,0.012689471244812012,-0.0010465724626556039
27.260000228881836,42,0.04869088903069496,0.0158110111951828,9.814105033874512,12.544547080993652,-16.67205810546875,150.1337127685547,-0.001840490847826004,-0.007281724829226732,0.00744142709299922,-0.0010465724626556039
27.270000457763672,42,0.04004644975066185,0.008349094539880753,9.802191734313965,12.539107322692871,-16.85433578491211,155.21624755859375,-0.001387628260999918,-0.0037211142480373383,0.005305060651153326,-0.0015698587521910667
27.280000686645508,42,0.03905627876520157,0.01608697883784771,9.813957214355469,12.616535186767578,-17.163368225097656,159.41197204589844,0.00012023025919916108,-0.00839508231729269,0.008306748233735561,-0.0015698587521910667
27.290000915527344,42,0.03459508717060089,0.008073125965893269,9.779324531555176,12.56266975402832,-17.922277450561523,162.78668212890625,-0.003477137302979827,-0.006065113004297018,0.008101921528577805,-0.0015698587521910667
27.299999237060547,42,0.03423897549510002,0.020861441269516945,9.803814888000488,12.49470329284668,-18.813079833984375,165.96693420410156,-0.007733035366982222,-0.0036947394255548716,0.0058931647799909115,-0.0015698587521910667
27.309999465942383,42,0.02503865398466587,0.02628270536661148,9.824063301086426,12.805122375488281,-18.99390411376953,169.96372985839844,-0.0007431269041262567,-0.00019978496129624546,0.007058149669319391,-0.0010465724626556039
27.31999969482422,42,0.019934723153710365,0.02186182700097561,9.815539360046387,13.014552116394043,-19.260400772094727,174.17425537109375,-0.004043636377900839,-0.0012783498968929052,0.007079754490405321,-0.0010465724626556039
27.329999923706055,42,0.029265329241752625,0.01700974814593792,9.805703163146973,13.223981857299805,-19.52689552307129,176.5210418701172,-0.0042944783344864845,-0.005687446799129248,0.008161124773323536,-0.0010465724626556039
27.34000015258789,42,0.06746501475572586,0.01687176339328289,9.805667877197266,13.196191787719727,-20.044939041137695,179.53424072265625,-0.007352563552558422,-0.004231215920299292,0.006268024910241365,-0.0005232862313278019
27.350000381469727,42,0.034629832953214645,0.012537125498056412,9.814979553222656,13.125712394714355,-20.608253479003906,183.44911193847656,-0.002231344347819686,-0.0009438937995582819,0.010639524087309837,7.696616374829393e-14
27.360000610351562,42,0.04869088903069496,0.02629995159804821,9.80614948272705,13.335142135620117,-20.8747501373291,187.3519287109375,-0.000613496929872781,-0.0037163442466408014,0.006615669000893831,0.0005232862313278019
27.3700008392334,42,0.0481523759663105,0.02144787460565567,9.82036018371582,13.544571876525879,-21.141244888305664,190.45440673828125,0.00021983757324051112,-0.0008762730867601931,0.010459108278155327,0.0005232862313278019
27.3799991607666,43,0.03939501941204071,0.01794113963842392,9.82493782043457,14.295906066894531,-21.40774154663086,195.56382751464844,-0.0009291539317928255,0.0018633492290973663,0.014757375232875347,0.0010465724626556039
27.389999389648438,42,0.041832443326711655,0.03006540983915329,9.822883605957031,14.541877746582031,-21.61846160888672,200.4365997314453,0.0017060908721759915,0.000900384911801666,0.009284865111112595,0.0015698587521910667
27.399999618530273,42,0.022175632417201996,0.01645781099796295,9.801177978515625,14.807804107666016,-21.935869216918945,205.37171936035156,-0.00023667259665671736,-0.0040188138373196125,0.007862303406000137,0.0015698587521910667
27.40999984741211,42,0.04223198443651199,0.013778981752693653,9.805545806884766,15.57906436920166,-22.468860626220703,210.98219299316406,-0.0042944783344864845,-0.006911634933203459,0.009004841558635235,0.002616431098431349
27.420000076293945,42,0.02880498766899109,0.025273695588111877,9.807408332824707,15.997922897338867,-23.001853942871094,216.96556091308594,-0.005341056734323502,-0.004700071644037962,0.006556465290486813,0.002616431098431349
27.43000030517578,42,0.027349049225449562,0.014206946827471256,9.820089340209961,16.8038330078125,-23.69901466369629,222.02743530273438,-0.007209746167063713,-0.0030502378940582275,0.00539148086681962,0.002616431098431349
27.440000534057617,42,0.04311792552471161,0.0008009369485080242,9.817808151245117,17.713747024536133,-24.287181854248047,228.31224060058594,-0.005979104898869991,-0.003416680730879307,0.00382722495123744,0.002616431098431349
27.450000762939453,42,0.03823113813996315,0.016112852841615677,9.810527801513672,18.608552932739258,-24.900981903076172,234.62765502929688,-0.0004914429737254977,-0.003938005771487951,0.0028463031630963087,0.0031397175043821335
27.459999084472656,42,0.03602822870016098,0.012149045243859291,9.823829650878906,19.446273803710938,-25.6507625579834,240.47381591796875,0.0019664729479700327,-0.006946427747607231,0.004350514151155949,0.0031397175043821335
27.469999313354492,42,0.040981244295835495,0.012149045243859291,9.791011810302734,20.283992767333984,-26.539081573486328,247.01119995117188,-0.001840490847826004,-0.004829701501876116,0.00403850432485342,0.0036630036775022745
27.479999542236328,42,0.028388073667883873,0.014201557263731956,9.83565616607666,21.018505096435547,-26.902084350585938,254.5314483642578,-0.0013867864618077874,-0.003211012575775385,0.006928519811481237,0.0031397175043821335
27.489999771118164,42,0.0268105361610651,0.02171521820127964,9.793924331665039,22.14470863342285,-27.590970993041992,261.1507263183594,0.0017512651393190026,0.0008243466727435589,0.005852760747075081,0.0031397175043821335
27.5,42,0.03423897549510002,0.018222497776150703,9.814188957214355,23.184999465942383,-28.344587326049805,267.5237121582031,0.0007495801546610892,-0.0026706077624112368,0.005771110765635967,0.0031397175043821335
27.510000228881836,42,0.03423897549510002,0.007365958299487829,9.80459976196289,24.022720336914062,-28.930097579956055,273.6380920410156,0.00657450407743454,-0.006165562197566032,0.0022761563304811716,0.0036630036775022745
27.520000457763672,42,0.03686205670237541,0.0060637337155640125,9.815267562866211,24.84069061279297,-29.200780868530273,279.0976867675781,0.005618274211883545,-0.004009554628282785,0.002171779051423073,0.0036630036775022745
27.530000686645508,42,0.0411115325987339,0.005325303878635168,9.78201675415039,25.259550094604492,-29.556108474731445,287.4079284667969,-0.0008876275387592614,-0.003815951757133007,0.008580879308283329,0.0036630036775022745
27.540000915527344,42,0.038590509444475174,0.013589252717792988,9.797308921813965,25.508241653442383,-30.994125366210938,293.73748779296875,-0.001840490847826004,-0.008846823126077652,0.0055090454407036304,0.0041862898506224155
27.549999237060547,42,0.05021088197827339,0.01995053142309189,9.79916763305664,25.959739685058594,-32.11721420288086,300.3144226074219,-0.0037288209423422813,-0.010895086452364922,0.005569932051002979,0.0036630036775022745
27.559999465942383,42,0.05032922700047493,0.01702915132045746,9.802248001098633,26.623979568481445,-32.766876220703125,307.4438781738281,-0.0007658538524992764,-0.005884978454560041,0.009381385520100594,0.0031397175043821335
27.56999969482422,42,0.040555644780397415,0.004388521425426006,9.81357192993164,27.31145477294922,-33.36745834350586,314.742431640625,-0.0026670913212001324,-0.002175657544285059,0.010760736651718616,0.0031397175043821335
27.579999923706055,42,0.04115279018878937,0.015215955674648285,9.813872337341309,27.625600814819336,-34.522274017333984,322.8310546875,-0.0042944783344864845,-0.002120101824402809,0.01000259816646576,0.0031397175043821335
27.59000015258789,42,0.04631643742322922,0.015719382092356682,9.812851905822754,27.93974494934082,-35.59944534301758,329.0794982910156,-0.004990607500076294,-0.0046773445792496204,0.010229871608316898,0.0036630036775022745
27.600000381469727,42,0.03237155079841614,0.01986105740070343,9.810093879699707,28.053003311157227,-36.438209533691406,335.48797607421875,-0.0048873526975512505,-0.006904059089720249,0.009492496959865093,0.0036630036775022745
27.610000610351562,42,0.029421672224998474,0.02270158939063549,9.809343338012695,28.010608673095703,-37.220794677734375,342.0015869140625,-0.0042944783344864845,-0.008641154505312443,0.0065904161892831326,0.0041862898506224155
27.6200008392334,42,0.03142806887626648,0.02530496008694172,9.800287246704102,28.012855529785156,-38.16960525512695,348.4871520996094,-0.004804580006748438,-0.006890310440212488,0.007176275830715895,0.0047095762565732
27.6299991607666,42,0.030087212100625038,0.021054403856396675,9.824268341064453,28.53643035888672,-39.41325378417969,355.8001403808594,-0.0064176577143371105,-0.002140865195542574,0.00896836631000042,0.005756148602813482
27.639999389648438,42,0.028895102441310883,0.020107919350266457,9.823308944702148,29.647851943969727,-40.49067306518555,364.14984130859375,-0.00604504207149148,-0.0036784654948860407,0.003922342788428068,0.006279435008764267
27.649999618530273,42,0.03645382821559906,0.009949925355613232,9.815241813659668,30.359275817871094,-41.868019104003906,372.3378601074219,-0.001840490847826004,-0.008075777441263199,0.0016622385010123253,0.006802720949053764
27.65999984741211,42,0.04134061560034752,0.00963407102972269,9.815241813659668,31.07820701599121,-43.17100524902344,380.42645263671875,-0.0026266872882843018,-0.006007873918861151,0.0065556238405406475,0.007849293760955334
27.670000076293945,42,0.041519757360219955,0.012149045243859291,9.805767059326172,32.02064514160156,-44.298763275146484,388.7462463378906,-0.005521472543478012,-0.0038426071405410767,0.006026161834597588,0.007849293760955334
27.68000030517578,42,0.03905627876520157,0.009742949157953262,9.808043479919434,32.96308135986328,-45.63124465942383,397.83209228515625,-0.005245377775281668,0.0014907335862517357,0.012800581753253937,0.008372579701244831
27.690000534057617,42,0.03905627876520157,0.007365958299487829,9.822598457336426,34.114349365234375,-47.052303314208984,406.4759826660156,-0.0030674845911562443,-0.004966907203197479,0.009229589253664017,0.008895865641534328
27.700000762939453,42,0.03393172100186348,0.007365958299487829,9.80688762664795,35.106510162353516,-48.60909652709961,416.5550231933594,-0.0031236014328897,-0.0038860978092998266,0.004625767003744841,0.008895865641534328
27.709999084472656,43,0.03731696680188179,0.0021398132666945457,9.804244041442871,36.270084381103516,-50.5832633972168,425.73583984375,-0.007783540524542332,-0.009711021557450294,0.004625767003744841,0.008895865641534328
27.719999313354492,42,0.0411723330616951,0.008528042584657669,9.807085990905762,37.69281005859375,-52.76260757446289,434.8187561035156,-0.006858455017209053,-0.012184930965304375,0.003508761990815401,0.009942438453435898
27.729999542236328,43,0.03628554195165634,0.011430018581449986,9.811850547790527,39.26968765258789,-54.62286376953125,446.48577880859375,-0.003583478508517146,-0.012404908426105976,0.007618756033480167,0.010465724393725395
27.739999771118164,43,0.042759642004966736,0.018646152690052986,9.814373016357422,40.945125579833984,-56.39950180053711,456.9012756347656,-0.0020744979847222567,-0.004461014177650213,0.008306748233735561,0.010989011265337467
27.75,43,0.04869088903069496,0.014942143112421036,9.80160903930664,43.22464370727539,-58.176143646240234,466.9515075683594,-0.005564401857554913,-0.004450913053005934,0.008306748233735561,0.011512297205626965
27.760000228881836,43,0.04869088903069496,0.010323991067707539,9.807842254638672,45.50962829589844,-60.3193473815918,477.1197509765625,-0.010224341414868832,-0.0006981022306717932,0.006568810902535915,0.011512297205626965
27.770000457763672,43,0.033447492867708206,0.012149045243859291,9.802968978881836,47.522830963134766,-62.560184478759766,487.5030822753906,-0.004393805284053087,-0.0013288550544530153,0.005045801401138306,0.012035583145916462
27.780000686645508,43,0.030840696766972542,0.015245061367750168,9.795849800109863,49.2612419128418,-64.5785903930664,498.0560302734375,0.0008764041704125702,-0.010038463398814201,0.006860618479549885,0.012035583145916462
27.790000915527344,43,0.03423897549510002,0.010602114722132683,9.80868148803711,51.46025848388672,-67.0658950805664,508.80389404296875,-0.002257158048450947,-0.010078306309878826,0.00694086542353034,0.012558870017528534
27.799999237060547,43,0.030981840565800667,0.010599958710372448,9.805407524108887,54.03023910522461,-69.55318450927734,519.9443359375,-0.006763337180018425,-0.003165277186781168,0.003989963326603174,0.012558870017528534
27.809999465942383,43,0.019441809505224228,0.018755029886960983,9.804045677185059,56.37541580200195,-72.38748931884766,532.0732421875,-0.006298690102994442,-0.003488510148599744,0.003848549211397767,0.013605441898107529
27.81999969482422,43,0.01836586929857731,0.018343234434723854,9.80896282196045,58.31278991699219,-75.18582153320312,543.781982421875,-0.0018099070293828845,-0.00700001884251833,0.007343503646552563,0.0141287287697196
27.829999923706055,43,0.026718249544501305,0.013491155579686165,9.806905746459961,60.05487060546875,-77.83462524414062,554.2780151367188,0.0027103011962026358,-0.00583503395318985,0.0077941217459738255,0.015175300650298595
27.84000015258789,43,0.05063214153051376,0.008639076724648476,9.809103012084961,62.56802749633789,-81.21024322509766,565.1366577148438,0.0024299975484609604,-0.00429715309292078,0.004625767003744841,0.015175300650298595
27.850000381469727,43,0.04751180484890938,0.007365958299487829,9.803138732910156,65.08118438720703,-84.41757202148438,577.989501953125,-0.0021513779647648335,-0.0028998448979109526,0.004003992769867182,0.015698587521910667
27.860000610351562,43,0.040199533104896545,0.018309814855456352,9.80809211730957,67.44510650634766,-87.5522232055664,591.1903076171875,-0.003565240651369095,-0.003815951757133007,0.0019229010213166475,0.016221873462200165
27.8700008392334,43,0.03531274572014809,0.01799827441573143,9.81416130065918,69.39847564697266,-91.2982406616211,604.2748413085938,-0.005521472543478012,-0.004002820700407028,0.0016922610811889172,0.016221873462200165
27.8799991607666,43,0.03423897549510002,0.01314619556069374,9.803729057312012,71.1730728149414,-95.56689453125,617.1549682617188,-0.005521472543478012,-0.005042945500463247,0.00647706026211381,0.01726844534277916
27.889999389648438,43,0.038121480494737625,0.01600397378206253,9.816326141357422,73.57510375976562,-99.30095672607422,630.1140747070312,-0.005710024852305651,-0.005042945500463247,0.011799178086221218,0.017791731283068657
27.899999618530273,43,0.04300827160477638,0.016932131722569466,9.800204277038574,75.25054168701172,-103.38722229003906,642.5239868164062,-0.009203296154737473,-0.005040420219302177,0.008300013840198517,0.0188383050262928
27.90999984741211,43,0.019744722172617912,0.024917956441640854,9.795849800109863,77.65555572509766,-107.61103057861328,655.7059326171875,-0.010368280112743378,-0.0015454657841473818,-0.001019864110276103,0.019884876906871796
27.920000076293945,43,0.035424571484327316,0.014312591403722763,9.795849800109863,80.21693420410156,-112.06668090820312,669.8304443359375,-0.009325630962848663,-0.007984868250787258,0.004009885247796774,0.021454736590385437
27.93000030517578,43,0.026574935764074326,0.01627994142472744,9.800036430358887,82.76202392578125,-116.57759857177734,684.6686401367188,-0.006077028810977936,-0.008723926730453968,0.008793001063168049,0.022501308470964432
27.940000534057617,43,0.04152410104870796,-0.004067311994731426,9.804954528808594,85.43142700195312,-120.87276458740234,699.7846069335938,-0.006501271855086088,-0.008723926730453968,0.008553942665457726,0.024071166291832924
27.950000762939453,43,0.026675906032323837,0.005823339801281691,9.827179908752441,88.78230285644531,-125.58085632324219,715.5186157226562,-0.002159514930099249,-0.009641717188060284,0.0064711677841842175,0.025641025975346565
27.959999084472656,43,0.024604368954896927,0.02905532345175743,9.82538890838623,92.22068786621094,-130.66012573242188,732.0859985351562,0.002809627912938595,-0.007383577059954405,0.008420104160904884,0.026164311915636063
27.969999313354492,43,0.03348114714026451,0.013653934001922607,9.798137664794922,95.92804718017578,-135.7589874267578,749.35009765625,0.003500706283375621,-0.00547616695985198,0.011915058828890324,0.027210883796215057
27.979999542236328,43,0.03423897549510002,0.03005247190594673,9.827606201171875,99.84088134765625,-140.78985595703125,766.5211181640625,0.00014043223927728832,-0.0006523668416775763,0.013214724138379097,0.0282574575394392
27.989999771118164,43,0.029661614447832108,0.008557148277759552,9.820571899414062,103.73721313476562,-145.79959106445312,783.1537475585938,-0.0031799988355487585,-0.0030390145257115364,0.009865953586995602,0.0282574575394392
28,43,0.04336221143603325,0.021207479760050774,9.801383972167969,107.08808898925781,-151.04067993164062,801.325439453125,-0.004902223590761423,-0.0068891881965100765,0.00647200969979167,0.027734169736504555
28.010000228881836,43,0.04858991876244545,0.017032384872436523,9.786458969116211,111.00269317626953,-155.96295166015625,819.2982788085938,-0.005521472543478012,-0.005178467370569706,0.007489968556910753,0.027210883796215057
28.020000457763672,43,0.043867070227861404,0.016969861462712288,9.786307334899902,114.9124755859375,-161.14303588867188,837.0281372070312,-0.005037745460867882,-0.0018810444744303823,0.008566288277506828,0.02668759785592556
28.030000686645508,43,0.03894879296422005,0.02171521820127964,9.805545806884766,118.78692626953125,-166.77711486816406,854.598388671875,-0.004716196097433567,0.00024858827237039804,0.009188343770802021,0.025641025975346565
28.040000915527344,43,0.034415945410728455,0.021539505571126938,9.805724143981934,122.64112854003906,-172.76614379882812,871.8695678710938,-0.006240889895707369,-0.0017216725973412395,0.01033705472946167,0.025641025975346565
28.049999237060547,43,0.03905627876520157,0.016932131722569466,9.810393333435059,126.4108657836914,-178.5402374267578,888.1575927734375,-0.006189262494444847,-0.003482056548818946,0.0028033738490194082,0.025117740035057068
28.059999465942383,43,0.039372220635414124,0.016932131722569466,9.80880355834961,130.5821990966797,-185.42152404785156,903.9144897460938,-0.00037780636921525,-0.005798558238893747,0.0033016910310834646,0.024071166291832924
28.06999969482422,43,0.04348815605044365,0.01654944196343422,9.787317276000977,134.46746826171875,-192.22177124023438,920.450927734375,-0.0004285921168047935,-0.003815951757133007,0.013041042722761631,0.022501308470964432
28.079999923706055,43,0.04087593033909798,0.014407455921173096,9.801155090332031,137.67330932617188,-198.92950439453125,935.9910888671875,-0.006301776506006718,-0.004039296414703131,0.011987730860710144,0.02093144878745079
28.09000015258789,42,0.056227900087833405,0.033461108803749084,9.805017471313477,140.69161987304688,-205.77308654785156,950.3433837890625,-0.0019894810393452644,-0.006120949052274227,0.01218638475984335,0.0193615909665823
28.100000381469727,43,0.03905627876520157,0.012149045243859291,9.80189323425293,144.86106872558594,-213.13711547851562,965.1256713867188,-0.005484435241669416,-0.002625994849950075,0.016846323385834694,0.017791731283068657
28.110000610351562,43,0.03905627876520157,0.012149045243859291,9.809725761413574,148.10723876953125,-220.06600952148438,976.760009765625,-0.004368833266198635,-0.0048942361027002335,0.011132510378956795,0.01726844534277916
28.1200008392334,43,0.03832342103123665,0.012876695021986961,9.805545806884766,150.8597412109375,-226.85533142089844,987.08837890625,-0.002113218419253826,-0.007224205881357193,0.005307586397975683,0.01726844534277916
28.1299991607666,43,0.032634295523166656,0.015338847413659096,9.805545806884766,153.4776153564453,-233.55760192871094,997.79345703125,-0.001840490847826004,-0.005439691245555878,0.007711629383265972,0.017791731283068657
28.139999389648438,43,0.02547619678080082,0.010828495025634766,9.80905532836914,156.22805786132812,-240.1075439453125,1008.674560546875,-0.004740326665341854,-0.01084261666983366,0.005406912881880999,0.0193615909665823
28.149999618530273,43,0.030362984165549278,0.029302183538675308,9.821148872375488,159.29908752441406,-246.40008544921875,1018.6921997070312,-0.0019030611729249358,-0.006072688847780228,0.0028165611438453197,0.021454736590385437
28.15999984741211,43,0.03828216716647148,0.03181500360369682,9.80452823638916,162.75466918945312,-252.52947998046875,1029.218505859375,-0.0022986845578998327,-0.0029733579140156507,0.004699560347944498,0.022501308470964432
28.170000076293945,43,0.05026734247803688,-0.0022002155892550945,9.805046081542969,166.47642517089844,-258.6589050292969,1039.7447509765625,-0.0030674845911562443,-0.00649188132956624,0.00819451455026865,0.023547880351543427
28.18000030517578,43,0.04135581851005554,0.002366193337365985,9.815461158752441,171.20848083496094,-264.2984924316406,1050.13525390625,-0.000193182029761374,-0.010161078535020351,0.006659439764916897,0.025641025975346565
28.190000534057617,43,0.04381386935710907,0.015721537172794342,9.800697326660156,176.7468719482422,-269.6620178222656,1060.6494140625,-0.0014423419488593936,-0.01052134856581688,0.007252033334225416,0.027210883796215057
28.200000762939453,43,0.028132932260632515,0.013428631238639355,9.800697326660156,182.62591552734375,-275.14447021484375,1071.4921875,-0.0036999208386987448,-0.009950920939445496,0.010722857899963856,0.029304029420018196
28.209999084472656,43,0.024604368954896927,0.019629288464784622,9.802063941955566,188.5946807861328,-281.00738525390625,1082.2401123046875,-0.00360003300011158,-0.006755630020052195,0.01039008516818285,0.03035060130059719
28.219999313354492,43,0.02745979093015194,0.023663165047764778,9.804108619689941,194.65859985351562,-286.6280822753906,1095.8074951171875,-0.005706096533685923,-0.005412193946540356,0.009718366898596287,0.03244374692440033
28.229999542236328,42,0.031244583427906036,0.016932131722569466,9.805217742919922,200.94386291503906,-292.5239562988281,1109.209716796875,-0.006341338623315096,-0.008316799998283386,0.011579200625419617,0.033490318804979324
28.239999771118164,43,0.02617105096578598,0.018487686291337013,9.815241813659668,207.51559448242188,-298.4083557128906,1122.7362060546875,-0.0030674845911562443,-0.003656860440969467,0.00902813021093607,0.03453689068555832
28.25,43,0.03433017432689667,0.016841579228639603,9.818534851074219,214.3220672607422,-304.09356689453125,1136.833740234375,-0.0030674845911562443,-0.0021265551913529634,0.00491027906537056,0.035583462566137314
28.260000228881836,42,0.03875662013888359,0.012446573004126549,9.816354751586914,221.1285400390625,-309.77880859375,1151.459716796875,-0.003289987798780203,-0.00850142352283001,0.005630257539451122,0.037153322249650955
28.270000457763672,42,0.029421672224998474,0.02171521820127964,9.807843208312988,227.4269561767578,-315.1192932128906,1166.408203125,-0.003812996204942465,-0.007336439564824104,0.00446527311578393,0.0376766100525856
28.280000686645508,42,0.029421672224998474,0.01622065156698227,9.820089340209961,234.172119140625,-321.16815185546875,1183.4046630859375,-0.0008104668813757598,-0.0065653943456709385,0.0035957430955022573,0.037153322249650955
28.290000915527344,42,0.0351640023291111,0.011166987009346485,9.814310073852539,240.76844787597656,-327.5642395019531,1200.30029296875,-0.0031039605382829905,-0.009914444759488106,0.005889236461371183,0.035060178488492966
28.299999237060547,42,0.03792279586195946,0.02087114378809929,9.813530921936035,247.2187957763672,-334.2146911621094,1216.10107421875,-0.004268945194780827,-0.008749459870159626,0.007054221350699663,0.032967034727334976
28.309999465942383,42,0.029421672224998474,0.022421307861804962,9.820805549621582,254.10659790039062,-341.31842041015625,1231.20556640625,-0.0042944783344864845,-0.006445023696869612,0.007079754490405321,0.030873887240886688
28.31999969482422,42,0.03791194036602974,0.0148246418684721,9.813105583190918,260.2847900390625,-348.3361511230469,1247.3828125,-0.0032170359045267105,-0.008424824103713036,0.004924869630485773,0.029304029420018196
28.329999923706055,42,0.04649883508682251,0.018678491935133934,9.808187484741211,266.46295166015625,-354.78729248046875,1262.58837890625,-0.0030674845911562443,-0.004662192892283201,0.005641200579702854,0.0287807434797287
28.34000015258789,43,0.04613512009382248,0.02425283007323742,9.800993919372559,272.22869873046875,-360.7444763183594,1275.8634033203125,-0.0030674845911562443,-0.0057228002697229385,0.004899336490780115,0.027734169736504555
28.350000381469727,42,0.04402884095907211,0.014771819114685059,9.805233001708984,277.8800048828125,-365.9925842285156,1287.43017578125,-0.002176069188863039,-0.0062699392437934875,0.00016868980310391635,0.0287807434797287
28.360000610351562,42,0.036655768752098083,0.012132874689996243,9.817657470703125,284.0121765136719,-370.3536682128906,1298.260986328125,-0.001011084415949881,0.001194717944599688,0.0026378293987363577,0.029827315360307693
28.3700008392334,43,0.039178963750600815,0.016932131722569466,9.802689552307129,290.71392822265625,-374.7952575683594,1309.895263671875,-0.002915688557550311,-0.002133570145815611,0.006927958689630032,0.03244374692440033
28.3799991607666,43,0.04133410006761551,0.016932131722569466,9.79382038116455,297.68548583984375,-379.5420227050781,1320.8634033203125,-0.0042944783344864845,-0.004153774585574865,0.010422913357615471,0.03453689068555832
28.389999389648438,42,0.03644731268286705,0.019522566348314285,9.811199188232422,304.43994140625,-384.72711181640625,1333.2437744140625,-0.0004342036845628172,-0.0013021995546296239,0.008127455599606037,0.0376766100525856
28.399999618530273,43,0.028882073238492012,0.02171521820127964,9.814698219299316,311.1185607910156,-389.9728088378906,1346.8424072265625,0.0024861146230250597,-0.0024604503996670246,0.006369877140969038,0.0376766100525856
28.40999984741211,42,0.027352305129170418,0.01625838130712509,9.80209732055664,318.11981201171875,-395.0850830078125,1360.9830322265625,0.0008017688523977995,-0.0060816677287220955,0.010384192690253258,0.0387231819331646
28.420000076293945,42,0.029421672224998474,0.0065542240627110004,9.80435562133789,326.1828918457031,-400.947998046875,1375.498291015625,-0.0024429047480225563,-0.006582229398190975,0.010927964001893997,0.03819989413022995
28.43000030517578,43,0.029421672224998474,0.016914883628487587,9.810393333435059,333.5712890625,-406.64739990234375,1389.5035400390625,-0.0031494153663516045,-0.006228974089026451,0.0062890686094760895,0.03610675036907196
28.440000534057617,42,0.023508885875344276,0.026498304679989815,9.816344261169434,340.3986511230469,-411.9671325683594,1403.312744140625,0.0001738218852551654,-0.007390591781586409,0.006292436271905899,0.033490318804979324
28.450000762939453,42,0.034916460514068604,0.014480759389698505,9.81399917602539,347.0429382324219,-417.15948486328125,1417.8021240234375,-0.003751829033717513,-0.0035446269903331995,0.009946762584149837,0.03192045912146568
28.459999084472656,42,0.04077821597456932,0.010439337231218815,9.804162979125977,353.5179443359375,-422.458251953125,1432.4119873046875,-0.0010032281279563904,-0.00300758914090693,0.007079754490405321,0.030873887240886688
28.469999313354492,42,0.03905627876520157,0.005864304024726152,9.794327735900879,359.17254638671875,-427.9658508300781,1444.1571044921875,0.0018890317296609282,-0.005779478698968887,0.006785141304135323,0.029827315360307693
28.479999542236328,42,0.03905627876520157,0.009005596861243248,9.797511100769043,363.7989196777344,-433.996826171875,1459.3839111328125,-0.006663168780505657,-0.01092202216386795,0.004796362016350031,0.027734169736504555
28.489999771118164,43,0.0423601008951664,0.018709754571318626,9.797372817993164,368.0151062011719,-439.6390686035156,1471.6109619140625,-0.00547489570453763,-0.0074270679615437984,0.006986600812524557,0.027210883796215057
28.5,42,0.040500275790691376,0.02171521820127964,9.799243927001953,371.93792724609375,-445.0555725097656,1484.16552734375,-0.003144925693050027,-0.0039321137592196465,0.0023266614880412817,0.027734169736504555
28.510000228881836,43,0.025285109877586365,0.0012051869416609406,9.811092376708984,375.5038146972656,-450.28668212890625,1497.30712890625,-0.004193748813122511,-0.003815951757133007,0.008929364383220673,0.029827315360307693
28.520000457763672,43,0.026811620220541954,0.010453350841999054,9.808172225952148,378.5223693847656,-455.2960205078125,1508.6861572265625,-0.0042944783344864845,-0.005944462027400732,0.0031482113990932703,0.031397175043821335
28.530000686645508,43,0.022258145734667778,0.020488454028964043,9.81275463104248,381.1402282714844,-461.0700988769531,1521.7608642578125,-0.0022899864707142115,-0.010278924368321896,0.006180763244628906,0.03192045912146568
28.540000915527344,43,0.023438313975930214,0.025340532884001732,9.793194770812988,384.6898193359375,-467.5627136230469,1536.1800537109375,-0.0027807278092950583,-0.009297440759837627,0.009900465607643127,0.03192045912146568
28.549999237060547,43,0.0432080440223217,0.02280399762094021,9.834832191467285,388.15887451171875,-474.07208251953125,1549.3897705078125,-0.0013110287254676223,-0.006967470981180668,0.009882508777081966,0.03035060130059719
28.559999465942383,43,0.037320226430892944,0.010425322689116001,9.803404808044434,391.54730224609375,-480.4981384277344,1562.4080810546875,0.00020272194524295628,-0.00300506385974586,0.007085085846483707,0.030873887240886688
28.56999969482422,43,0.03423897549510002,0.018862830474972725,9.7987699508667,395.24530029296875,-486.89892578125,1576.9647216796875,0.0013677068054676056,-0.00287038367241621,0.005098551046103239,0.029827315360307693
28.579999923706055,42,0.03423897549510002,0.006110087968409061,9.82046890258789,399.2244873046875,-492.58416748046875,1589.0423583984375,0.00045608935761265457,-0.004508152604103088,0.005317967850714922,0.03192045912146568
28.59000015258789,42,0.03823765367269516,0.006553146056830883,9.796768188476562,402.5656433105469,-496.33642578125,1601.0234375,-0.004394646733999252,-0.006933520548045635,0.0045923772267997265,0.032967034727334976
28.600000381469727,42,0.018715467303991318,0.015444491058588028,9.823755264282227,406.2112731933594,-500.252685546875,1614.2581787109375,-0.006270912010222673,-0.007019379176199436,0.006239686161279678,0.035060178488492966
28.610000610351562,43,0.0397956483066082,0.02104038931429386,9.779817581176758,410.2117614746094,-504.0357971191406,1627.463623046875,-0.0042944783344864845,-0.006055292673408985,0.008015221916139126,0.035060178488492966
28.6200008392334,42,0.027045048773288727,0.00918346643447876,9.826650619506836,414.41778564453125,-507.3373107910156,1639.8365478515625,-0.0038503138348460197,-0.007496933452785015,0.006296925246715546,0.032967034727334976
28.6299991607666,42,0.03743422403931618,0.011612201109528542,9.782987594604492,418.71112060546875,-511.1571044921875,1653.6868896484375,-0.0026853291783481836,-0.006732622627168894,0.007844065316021442,0.03035060130059719
28.639999389648438,42,0.047748491168022156,0.02077951468527317,9.824569702148438,424.46826171875,-515.8047485351562,1666.298095703125,-0.001840490847826004,-0.004402652848511934,0.008893449790775776,0.026164311915636063
28.649999618530273,42,0.04869088903069496,0.02171521820127964,9.78979206085205,430.04022216796875,-520.5748291015625,1678.4324951171875,-0.002614902798086405,-0.002588957780972123,0.007337891962379217,0.023547880351543427
28.65999984741211,42,0.035235658288002014,0.02616843581199646,9.799694061279297,435.29156494140625,-524.7962646484375,1689.630126953125,-0.005325344391167164,-0.003569598775357008,0.008110620081424713,0.020408162847161293
28.670000076293945,42,0.029684415087103844,0.02197609469294548,9.800697326660156,440.0073547363281,-528.0860595703125,1699.707275390625,-0.0042944783344864845,-0.008053330704569817,0.006945635192096233,0.021978022530674934
28.68000030517578,42,0.04329381138086319,0.007941610179841518,9.79604434967041,443.67236328125,-530.4845581054688,1709.0147705078125,-0.0042944783344864845,-0.0028052879497408867,0.005924870725721121,0.02459445409476757
28.690000534057617,42,0.02509945258498192,0.01202615350484848,9.800572395324707,448.0656433105469,-532.2652587890625,1716.781005859375,-0.004274276085197926,-0.006280040368437767,0.0070393504574894905,0.02668759785592556
28.700000762939453,42,0.03886302188038826,0.016923507675528526,9.7912015914917,451.98687744140625,-534.3115234375,1725.5462646484375,-0.0019443068886175752,-0.007445025257766247,0.002379411133006215,0.029827315360307693
28.709999084472656,42,0.029591042548418045,0.03086097352206707,9.819664001464844,455.7566223144531,-537.0023803710938,1735.4454345703125,0.0026118161622434855,-0.011949240230023861,0.002171779051423073,0.03401360660791397
28.719999313354492,42,0.039210449904203415,0.007365958299487829,9.797245979309082,459.3443603515625,-540.4061889648438,1746.4676513671875,0.004118551965802908,-0.007149570155888796,0.005324982106685638,0.0387231819331646
28.729999542236328,43,0.042978957295417786,0.007588026579469442,9.837231636047363,462.55499267578125,-544.42236328125,1758.4405517578125,0.0033054198138415813,-0.0013246461749076843,0.003874643472954631,0.042909473180770874
28.739999771118164,42,0.025190653279423714,0.012149045243859291,9.79336166381836,466.9530029296875,-550.2852783203125,1770.51806640625,0.00028633599868044257,-0.0019890691619366407,0.004325822461396456,0.046572476625442505
28.75,42,0.03496422991156578,0.012149045243859291,9.826501846313477,472.3819885253906,-556.439697265625,1784.1409912109375,-0.004073658958077431,-0.0034539983607828617,0.004625767003744841,0.046572476625442505
28.760000228881836,42,0.043009355664253235,0.013007133267819881,9.788763046264648,478.52734375,-562.7620239257812,1798.7513427734375,-0.005521472543478012,-0.005422014277428389,0.007034861017018557,0.04552590101957321
28.770000457763672,42,0.035242173820734024,0.020221110433340073,9.815241813659668,485.5345458984375,-569.1891479492188,1812.536376953125,-0.004780449904501438,-0.00404687225818634,0.00978879351168871,0.046572476625442505
28.780000686645508,42,0.04558683559298515,0.009067042730748653,9.813517570495605,493.5295104980469,-575.5910034179688,1824.3753662109375,-0.0036154650151729584,-0.001909944461658597,0.009402710013091564,0.04971219226717949
28.790000915527344,42,0.05576321482658386,0.020443178713321686,9.800697326660156,501.802001953125,-581.3651123046875,1839.4447021484375,-0.0036844888236373663,-0.0038299807347357273,0.007072739768773317,0.05546833947300911
28.799999237060547,42,0.03905627876520157,0.012854057364165783,9.797839164733887,510.3515930175781,-587.6092529296875,1853.341064453125,-0.00540446862578392,-0.0062699392437934875,0.0075177461840212345,0.06279435008764267
28.809999465942383,42,0.03983582183718681,0.016932131722569466,9.786012649536133,519.0737915039062,-593.8013305664062,1868.0849609375,-0.0052695078775286674,-0.0057769534178078175,0.011012700386345387,0.06959707289934158
28.81999969482422,42,0.04132650047540665,0.01861812360584736,9.809539794921875,528.9071655273438,-600.7007446289062,1883.46728515625,-0.0009125994401983917,-0.005042945500463247,0.009766907431185246,0.07326007634401321
28.829999923706055,42,0.03125869482755661,0.025586316362023354,9.803696632385254,540.2537231445312,-608.806396484375,1899.7100830078125,0.001591612701304257,-0.0076257213950157166,0.004505676683038473,0.07326007634401321
28.84000015258789,42,0.034116290509700775,0.01975325681269169,9.798831939697266,551.7723999023438,-617.423095703125,1919.3221435546875,-0.0024544086772948503,-0.013017985038459301,0.008614549413323402,0.07273678481578827
28.850000381469727,42,0.0181422121822834,0.011099073104560375,9.810393333435059,563.1922607421875,-626.4589233398438,1938.51611328125,-0.0038045786786824465,-0.010932965204119682,0.011745025403797626,0.07169021666049957
28.860000610351562,42,0.02604076638817787,0.008484922349452972,9.810393333435059,575.3485107421875,-634.5751342773438,1959.1773681640625,-0.0023893131874501705,-0.009219157509505749,0.006767464801669121,0.07012035697698593
28.8700008392334,42,0.017362670972943306,0.012149045243859291,9.809189796447754,587.1638793945312,-642.0086059570312,1978.8223876953125,-0.005158677231520414,-0.00516387727111578,0.011866799555718899,0.06855049729347229
28.8799991607666,42,0.023338427767157555,0.013405992649495602,9.802997589111328,598.3139038085938,-648.7957763671875,1996.8741455078125,-0.002076181350275874,-0.0062699392437934875,0.010760736651718616,0.06855049729347229
28.889999389648438,42,0.018451640382409096,0.019584011286497116,9.79719352722168,609.6209716796875,-654.57568359375,2015.5931396484375,-0.0067361206747591496,-0.0062699392437934875,0.010760736651718616,0.06907378137111664
28.899999618530273,42,0.02058940753340721,0.02789323590695858,9.806352615356445,620.5112915039062,-661.5045776367188,2032.9892578125,-0.007910364307463169,-0.007431837730109692,0.001465548761188984,0.06488749384880066
28.90999984741211,42,0.04455975070595741,0.02981746755540371,9.815637588500977,631.5630493164062,-669.117919921875,2052.946533203125,-0.0046757920645177364,-0.004197265487164259,0.0075441207736730576,0.0575614869594574
28.920000076293945,42,0.05869680643081665,0.02803122065961361,9.800884246826172,641.9334106445312,-676.7922973632812,2071.94482421875,-0.0042944783344864845,-0.0069295926950871944,0.013496150262653828,0.04971219226717949
28.93000030517578,42,0.04066964611411095,0.03128139302134514,9.802367210388184,651.5457153320312,-683.9148559570312,2088.683837890625,-0.0033186073414981365,-0.009448675438761711,0.010538233444094658,0.04238618537783623
28.940000534057617,42,0.03714216873049736,0.026268690824508667,9.813082695007324,660.8374633789062,-689.9259033203125,2103.627685546875,-0.003981346730142832,-0.010864783078432083,0.006792156025767326,0.03610675036907196
28.950000762939453,42,0.028109047561883926,0.016932131722569466,9.798055648803711,669.7382202148438,-694.2786865234375,2118.3642578125,-0.003442625282332301,-0.009474208578467369,0.004149054642766714,0.030873887240886688
28.959999084472656,42,0.041526276618242264,0.016932131722569466,9.810393333435059,676.5479736328125,-697.892333984375,2129.690185546875,-0.004647172521799803,-0.008723926730453968,0.00418861722573638,0.026164311915636063
28.969999313354492,42,0.05539950355887413,0.011298502795398235,9.810393333435059,682.873046875,-700.7730102539062,2139.1357421875,-0.004065802786499262,-0.009451761841773987,0.0038979321252554655,0.02302459441125393
28.979999542236328,42,0.05244310945272446,0.0025828713551163673,9.800527572631836,688.9659423828125,-703.3247680664062,2147.37646484375,-0.0043991366401314735,-0.008619269356131554,0.007393728010356426,0.019884876906871796
28.989999771118164,42,0.04184329882264137,0.01064631249755621,9.788196563720703,694.4970703125,-706.0466918945312,2154.527587890625,-0.005521472543478012,-0.008100749924778938,0.011364554055035114,0.013082155957818031
29,42,0.0327569805085659,0.011290956288576126,9.801567077636719,698.476318359375,-709.1558227539062,2159.0703125,-0.005521472543478012,-0.0054730805568397045,0.010904114693403244,0.005756148602813482
29.010000228881836,42,0.026773620396852493,-0.000046371165808523074,9.815241813659668,702.2683715820312,-711.1536254882812,2166.088623046875,-0.007920465432107449,-0.0018417625688016415,0.008094346150755882,-0.0005232862313278019
29.020000457763672,42,0.03837662562727928,0.01369705330580473,9.81298828125,705.0030517578125,-713.0191040039062,2171.6494140625,-0.010403073392808437,-0.004677905701100826,0.0071061295457184315,-0.005756148602813482
29.030000686645508,42,0.03714977204799652,0.026498304679989815,9.801101684570312,706.6688232421875,-714.0552978515625,2174.939697265625,-0.005484996363520622,-0.0076565854251384735,0.007043278776109219,-0.013082155957818031
29.040000915527344,42,0.024604368954896927,0.024137483909726143,9.802966117858887,707.4523315429688,-713.3260498046875,2176.064697265625,0.000613496929872781,-0.005042945500463247,0.0015323281986638904,-0.02459445409476757
29.049999237060547,42,0.029498757794499397,0.02171521820127964,9.81031608581543,707.5570678710938,-709.861572265625,2175.843017578125,0.000613496929872781,-0.004115895833820105,0.0036305354442447424,-0.037153322249650955
29.059999465942383,42,0.03675565496087074,0.014218805357813835,9.808077812194824,706.4616088867188,-706.6516723632812,2177.94970703125,0.00027399027021601796,-0.0011534900404512882,0.0047955201007425785,-0.05128205195069313
29.06999969482422,42,0.0416424460709095,0.01250155083835125,9.80258560180664,703.80078125,-701.6616821289062,2175.854736328125,-0.001840490847826004,-0.00728144496679306,0.005960504990071058,-0.061747774481773376
29.079999923706055,42,0.043873582035303116,0.022205708548426628,9.809212684631348,699.4861450195312,-694.2499389648438,2169.7724609375,-0.0017947556916624308,-0.005180151201784611,0.007079754490405321,-0.07116692513227463
29.09000015258789,43,0.03842330724000931,0.026498304679989815,9.814603805541992,693.7515258789062,-684.453369140625,2160.628173828125,-0.0006297707441262901,-0.008675104938447475,0.007079754490405321,-0.07901622354984283
29.100000381469727,42,0.03423897549510002,0.023723531514406204,9.807580947875977,687.1283569335938,-672.9718627929688,2149.5830078125,-0.004059629514813423,-0.0064265052787959576,0.008228464983403683,-0.08738879859447479
29.110000610351562,42,0.04283130168914795,0.013183925300836563,9.805545806884766,678.9605712890625,-660.1800537109375,2134.070556640625,-0.006467882078140974,-0.0062699392437934875,0.008306748233735561,-0.09680795669555664
29.1200008392334,43,0.04869088903069496,0.007365958299487829,9.802593231201172,669.4825439453125,-646.6935424804688,2115.4384765625,-0.004699080716818571,-0.0072946324944496155,0.004207977559417486,-0.10675039142370224
29.1299991607666,42,0.03968165069818497,0.004384209867566824,9.812786102294922,658.8941040039062,-632.527099609375,2096.6044921875,-0.00910789705812931,-0.006534249521791935,-0.00045196188148111105,-0.11564625799655914
29.139999389648438,42,0.04038410261273384,0.0025828713551163673,9.810812950134277,646.8379516601562,-617.263916015625,2076.380859375,-0.006826749071478844,-0.0026672405656427145,0.004795519635081291,-0.12192569673061371
29.149999618530273,43,0.043873582035303116,0.0025828713551163673,9.802383422851562,632.8125610351562,-600.3843383789062,2051.72900390625,-0.0013281443389132619,-0.0005232983385212719,0.007918420247733593,-0.1261119842529297
29.15999984741211,42,0.043873582035303116,0.012149045243859291,9.803929328918457,617.6289672851562,-582.4403076171875,2025.135986328125,-0.00249312911182642,-0.006348222494125366,0.006753435358405113,-0.12820513546466827
29.170000076293945,42,0.030749497935175896,0.016932131722569466,9.815451622009277,601.5618896484375,-563.5220336914062,1997.6085205078125,-0.006438420619815588,-0.005663035903126001,0.008711351081728935,-0.1329147070646286
29.18000030517578,42,0.01790335588157177,0.020258840173482895,9.806601524353027,585.3310546875,-543.9904174804688,1966.6014404296875,-0.004712268244475126,-0.0032415962778031826,0.008150182664394379,-0.13867084681987762
29.190000534057617,42,0.02864973060786724,0.018319517374038696,9.817906379699707,568.433837890625,-524.5799560546875,1933.346923828125,-0.003021749434992671,-0.006178468931466341,0.0052621313370764256,-0.1428571492433548
29.200000762939453,43,0.03423897549510002,0.016932131722569466,9.79333209991455,550.3350219726562,-505.8115539550781,1899.3734130859375,-0.0037658580113202333,-0.007138065993785858,0.004097146913409233,-0.14652015268802643
29.209999084472656,43,0.03423897549510002,0.023999501019716263,9.8135404586792,531.6957397460938,-486.89031982421875,1862.25439453125,-0.0030674845911562443,-0.005509556736797094,0.004331995267421007,-0.14913657307624817
29.219999313354492,43,0.03423897549510002,0.019292952492833138,9.806679725646973,511.35040283203125,-468.6123352050781,1820.82275390625,-0.0026628824416548014,-0.0062699392437934875,0.008280374109745026,-0.14809000492095947
29.229999542236328,43,0.03423897549510002,0.024275468662381172,9.800697326660156,490.7560729980469,-449.62744140625,1779.4593505859375,-0.0014978977851569653,-0.006612532306462526,0.01252953801304102,-0.1449502855539322
29.239999771118164,42,0.03423897549510002,0.01527632400393486,9.800697326660156,470.4010925292969,-430.2233581542969,1736.3228759765625,-0.0014552489155903459,-0.006935765501111746,0.007954896427690983,-0.13919414579868317
29.25,42,0.04574969410896301,0.015958698466420174,9.800697326660156,450.5059509277344,-410.7154846191406,1690.271240234375,-0.0047316281124949455,-0.005042945500463247,-0.0008534776861779392,-0.135007843375206
29.260000228881836,43,0.04869088903069496,0.016932131722569466,9.792835235595703,431.0289611816406,-390.9947814941406,1643.069091796875,-0.007218163926154375,-0.0053560771048069,0.0018586473306640983,-0.12925170361995697
29.270000457763672,48,0.04869088903069496,0.016932131722569466,9.791001319885254,412.5642395019531,-371.1882019042969,1596.4024658203125,-0.009862106293439865,-0.007591490168124437,0.0003796890377998352,-0.11721611768007278
29.280000686645508,43,0.03250943869352341,0.008898874744772911,9.815427780151367,395.1309509277344,-352.6792907714844,1551.1334228515625,-0.0030674845911562443,-0.008723926730453968,0.008306748233735561,-0.11721611768007278
29.290000915527344,42,0.05411076173186302,0.015537199564278126,9.795243263244629,370.82171630859375,-326.8247375488281,1484.92724609375,-0.0030674845911562443,-0.008723926730453968,0.008306748233735561,-0.11093667894601822
29.299999237060547,43,0.041588157415390015,0.016932131722569466,9.807845115661621,343.9594421386719,-297.7383728027344,1408.8848876953125,-0.0030674845911562443,-0.007588403765112162,0.008306748233735561,-0.10622710734605789
29.309999465942383,43,0.05181773751974106,0.016932131722569466,9.810393333435059,330.4896545410156,-281.736083984375,1366.0322265625,-0.011655600741505623,-0.007496933452785015,0.00293917628005147,-0.09994766861200333
29.31999969482422,43,0.04053827375173569,0.0040543414652347565,9.81909465789795,318.34271240234375,-265.3021545410156,1324.148681640625,-0.010860424488782883,-0.007496933452785015,0.006217800546437502,-0.09366823732852936
29.329999923706055,43,0.03905627876520157,0.033113993704319,9.811247825622559,308.1071472167969,-249.5027313232422,1286.3101806640625,-0.0037829738575965166,-0.008446428924798965,0.008029250428080559,-0.08738879859447479
29.34000015258789,43,0.03905627876520157,0.009480995126068592,9.819375038146973,298.6028137207031,-234.1165771484375,1248.966064453125,-0.006277926731854677,-0.005173978395760059,0.01008172333240509,-0.08163265138864517
29.350000381469727,43,0.016397474333643913,0.011865531094372272,9.820089340209961,289.317138671875,-219.35853576660156,1212.1527099609375,-0.007149981800466776,-0.003815951757133007,0.009109780192375183,-0.07692307978868484
29.360000610351562,43,0.02877350151538849,0.02585473842918873,9.792305946350098,280.21502685546875,-205.55657958984375,1177.4501953125,-0.005221528001129627,-0.00686982786282897,0.009833686985075474,-0.07326007634401321
29.3700008392334,43,0.029421672224998474,0.021860748529434204,9.809803009033203,272.2566833496094,-192.3206024169922,1143.6552734375,-0.004995938390493393,-0.00802246667444706,0.0037461360916495323,-0.07012035697698593
29.3799991607666,43,0.015201019123196602,0.02171521820127964,9.80085277557373,264.3879089355469,-179.99623107910156,1112.1343994140625,-0.0023242176976054907,-0.005578580312430859,-0.0027881043497473,-0.06802721321582794
29.389999389648438,43,0.043766096234321594,0.012041245587170124,9.824588775634766,256.9891357421875,-168.4877471923828,1081.755126953125,-0.0011188286589458585,-0.003238509874790907,0.0012337870430201292,-0.06698063760995865
29.399999618530273,43,0.03918765112757683,0.0029741853941231966,9.801225662231445,249.70687866210938,-157.79515075683594,1052.0521240234375,0.0005405449774116278,-0.003104390576481819,0.006564321927726269,-0.06698063760995865
29.40999984741211,43,0.043672721832990646,0.016732702031731606,9.819079399108887,241.92971801757812,-147.91844177246094,1022.8067016601562,0.00506804883480072,-0.004269375465810299,0.005852760747075081,-0.06698063760995865
29.420000076293945,43,0.03959696367383003,0.011612201109528542,9.797210693359375,232.81951904296875,-138.9464111328125,994.219482421875,0.003511649090796709,-0.005434360355138779,0.004678516648709774,-0.06802721321582794
29.43000030517578,43,0.04869088903069496,0.003257699543610215,9.819746971130371,224.2852783203125,-129.24147033691406,964.6165771484375,-0.001124159898608923,-0.004952316638082266,0.003818807192146778,-0.06907378137111664
29.440000534057617,43,0.04828157275915146,0.011742639355361462,9.814417839050293,215.08909606933594,-119.89410400390625,933.8632202148438,-0.009469850920140743,-0.002164153615012765,0.008574144914746284,-0.06959707289934158
29.450000762939453,43,0.044831179082393646,0.009267550893127918,9.806991577148438,205.51318359375,-110.86365509033203,902.9142456054688,-0.009607898071408272,-0.0060698832385241985,0.008301417343318462,-0.06907378137111664
29.459999084472656,42,0.05295990779995918,0.026498304679989815,9.817330360412598,195.9908447265625,-102.03718566894531,871.7901000976562,-0.005664851050823927,-0.010747780092060566,0.001885022153146565,-0.06698063760995865
29.469999313354492,42,0.048073116689920425,0.026498304679989815,9.797093391418457,186.88064575195312,-93.42047882080078,838.6600341796875,-0.006748466286808252,-0.007496933452785015,0.00004326883936300874,-0.06488749384880066
29.479999542236328,43,0.043873582035303116,0.0258159302175045,9.806928634643555,177.77044677734375,-85.4120864868164,805.2047119140625,-0.006729105953127146,-0.0074775731191039085,0.00474192900583148,-0.06227106228470802
29.489999771118164,42,0.043116841465234756,0.02171521820127964,9.816003799438477,168.97174072265625,-78.40809631347656,774.2965698242188,-0.005564121529459953,-0.006312588229775429,0.011731837876141071,-0.060177918523550034
29.5,42,0.03740382567048073,0.02171521820127964,9.816762924194336,160.7601318359375,-71.5648193359375,744.1561279296875,-0.0032768002711236477,-0.0062699392437934875,0.008620722219347954,-0.05860805884003639
29.510000228881836,42,0.028525959700345993,0.020825868472456932,9.806106567382812,152.9250030517578,-65.05902099609375,714.0285034179688,-0.0030674845911562443,-0.007330266293138266,0.0061860946007072926,-0.05703819915652275
29.520000457763672,42,0.023639172315597534,0.013098762370646,9.82784366607666,144.89114379882812,-59.86079025268555,684.2577514648438,-0.006062438245862722,-0.014485158957540989,0.0018594891298562288,-0.054421767592430115
29.530000686645508,42,0.024960482493042946,0.000881786982063204,9.816965103149414,137.56109619140625,-53.55371856689453,655.338134765625,-0.003939539659768343,-0.010468036867678165,0.0018810939509421587,-0.052328623831272125
29.540000915527344,42,0.04056107625365257,0.009956393390893936,9.805545806884766,129.97808837890625,-48.31955337524414,627.0430908203125,-0.001318885013461113,-0.007849627174437046,0.005668978206813335,-0.04918890818953514
29.549999237060547,42,0.031768981367349625,0.0025828713551163673,9.803183555603027,122.87163543701172,-43.902503967285156,599.5946044921875,0.00019879377214238048,-0.005872352048754692,0.005455173086374998,-0.046572476625442505
29.559999465942383,42,0.036569997668266296,0.001348561025224626,9.800853729248047,116.13469696044922,-40.113975524902344,573.0789794921875,-0.0023876295890659094,-0.0035423822700977325,0.003125203540548682,-0.04395604506134987
29.56999969482422,42,0.02679642103612423,0.00040638892096467316,9.811278343200684,109.40251922607422,-36.7293586730957,547.7208251953125,-0.004982751328498125,-0.003965503070503473,0.0042365966364741325,-0.04133961349725723
29.579999923706055,42,0.023933399468660355,0.010110546834766865,9.802088737487793,103.32905578613281,-33.26490783691406,525.4494018554688,-0.003016418544575572,-0.0044166818261146545,0.005852760747075081,-0.039246466010808945
29.59000015258789,42,0.0400453619658947,0.014049558900296688,9.805545806884766,97.1648178100586,-30.801387786865234,501.92950439453125,0.0005150119541212916,-0.004380206111818552,0.007545524276793003,-0.037153322249650955
29.600000381469727,44,0.04590277746319771,0.010386514477431774,9.804014205932617,91.25141143798828,-28.716367721557617,480.94927978515625,-0.001675226609222591,-0.0030339639633893967,0.011040478944778442,-0.035060178488492966
29.610000610351562,42,0.03260280564427376,0.018511401489377022,9.802297592163086,85.7834701538086,-26.6561279296875,461.7789611816406,-0.005867993459105492,-0.0005752063589170575,0.012334251776337624,-0.03244374692440033
29.6200008392334,42,0.04071633145213127,0.02171521820127964,9.808887481689453,80.70597839355469,-24.536624908447266,442.99658203125,-0.0042944783344864845,-0.004387781955301762,0.00849137268960476,-0.030873887240886688
29.6299991607666,42,0.0421440415084362,0.023432472720742226,9.813501358032227,75.36551666259766,-22.93764877319336,424.4924621582031,-0.005875569302588701,-0.009596824645996094,0.004031209275126457,-0.029827315360307693
29.639999389648438,42,0.033659204840660095,0.022925812751054764,9.80858325958252,71.38592529296875,-21.668519973754883,405.5769348144531,-0.010175238363444805,-0.005297154653817415,0.004835924133658409,-0.0282574575394392
29.649999618530273,42,0.033946920186281204,0.016932131722569466,9.803665161132812,67.4388427734375,-19.870285034179688,388.78173828125,-0.008433653973042965,-0.00588553911074996,0.0011369852581992745,-0.027210883796215057
29.65999984741211,42,0.04481489583849907,0.01308367121964693,9.808499336242676,63.603885650634766,-18.275724411010742,373.54730224609375,-0.004945433232933283,-0.003815951757133007,0.0023019700311124325,-0.026164311915636063
29.670000076293945,42,0.03504131734371185,0.011352403089404106,9.81200885772705,59.86834716796875,-17.189802169799805,358.758544921875,-0.010293083265423775,-0.0037477698642760515,0.003671500599011779,-0.025117740035057068
29.68000030517578,42,0.027344705536961555,0.010745488107204437,9.804877281188965,55.88917922973633,-16.03498649597168,343.0245056152344,-0.00796311441808939,-0.002644513500854373,0.008306748233735561,-0.02302459441125393
29.690000534057617,42,0.024604368954896927,0.00897649023681879,9.814713478088379,52.84286880493164,-15.05602741241455,329.37432861328125,-0.005633145105093718,-0.01312937680631876,0.008306748233735561,-0.021978022530674934
29.700000762939453,41,0.026820307597517967,0.019132329151034355,9.811169624328613,50.04338455200195,-14.213050842285156,315.4945068359375,-0.002194026717916131,-0.010304456576704979,0.007197599858045578,-0.020408162847161293
29.709999084472656,41,0.03627794235944748,0.017176836729049683,9.802997589111328,47.7024040222168,-13.598550796508789,302.7447204589844,-0.0007933512097224593,-0.010998060926795006,0.007079754490405321,-0.0193615909665823
29.719999313354492,41,0.03916376456618309,0.01448722742497921,9.800806045532227,45.652923583984375,-13.078173637390137,291.01531982421875,-0.009479670785367489,-0.00822252407670021,0.008064884692430496,-0.0188383050262928
29.729999542236328,41,0.04151216149330139,0.014524958096444607,9.795849800109863,43.491573333740234,-12.362953186035156,279.10552978515625,-0.007040834985673428,-0.009343176148831844,0.0036911414936184883,-0.018315019086003304
29.739999771118164,41,0.04869088903069496,0.022053711116313934,9.793339729309082,42.02556228637695,-11.563465118408203,268.246826171875,-0.0037992477882653475,-0.009950920939445496,0.003032891545444727,-0.01726844534277916
29.75,41,0.04612752050161362,0.026191074401140213,9.806479454040527,40.04638671875,-11.054198265075684,258.56463623046875,-0.0038665877655148506,-0.009950920939445496,0.0033987730275839567,-0.016221873462200165
29.760000228881836,40,0.04650643467903137,0.02432936802506447,9.812140464782715,38.31785202026367,-10.558323860168457,248.56582641601562,-0.0042944783344864845,-0.004054167307913303,0.007821338251233101,-0.015698587521910667
29.770000457763672,40,0.04058387875556946,0.015765735879540443,9.81098461151123,36.779056549072266,-10.117950439453125,238.5739288330078,-0.00496956380084157,-0.0028353105299174786,0.010760736651718616,-0.014652014710009098
29.780000686645508,40,0.03146715462207794,0.007365958299487829,9.809662818908691,35.18639373779297,-9.791263580322266,229.53994750976562,-0.0049083963967859745,-0.00749524962157011,0.010147660039365292,-0.013605441898107529
29.790000915527344,40,0.037945594638586044,0.013008210808038712,9.811264991760254,34.24395751953125,-8.991775512695312,221.7837371826172,-0.004845545627176762,-0.009399853646755219,0.011186943389475346,-0.013082155957818031
29.799999237060547,40,0.03514120355248451,0.014042013324797153,9.806453704833984,33.025604248046875,-8.66042423248291,213.93019104003906,-0.0035652408841997385,-0.008723926730453968,0.010280376300215721,-0.012558870017528534
29.809999465942383,40,0.03836251050233841,0.012149045243859291,9.800697326660156,32.03864669799805,-8.62265396118164,207.0617218017578,-0.0031757899560034275,-0.008723926730453968,0.006279809400439262,-0.012558870017528534
29.81999969482422,40,0.03777405247092247,0.012149045243859291,9.822181701660156,31.02957534790039,-8.493443489074707,200.74595642089844,-0.007975460030138493,-0.007263767533004284,0.005619595292955637,-0.012035583145916462
29.829999923706055,40,0.02488122507929802,0.015246139839291573,9.803242683410645,29.937429428100586,-8.080282211303711,194.46885681152344,-0.006763337180018425,-0.004422013182193041,0.0027778404764831066,-0.012035583145916462
29.84000015258789,40,0.016598330810666084,0.02326430380344391,9.80219841003418,29.62328338623047,-7.813786029815674,188.3746795654297,-0.0028264629654586315,-0.006993004120886326,0.005107810255140066,-0.011512297205626965
29.850000381469727,40,0.01822798326611519,0.007087833248078823,9.800556182861328,28.52179718017578,-7.296819686889648,183.32191467285156,-0.002735553774982691,-0.009413883090019226,0.007616792339831591,-0.010989011265337467
29.860000610351562,40,0.02977018617093563,0.011016067117452621,9.799198150634766,27.51763343811035,-7.01442289352417,177.3199005126953,-0.007390442304313183,-0.0062699392437934875,0.010409725829958916,-0.011512297205626965
29.8700008392334,40,0.0376361683011055,0.013559069484472275,9.807535171508789,26.673763275146484,-6.836759090423584,171.15406799316406,-0.0017854963662102818,-0.005994966719299555,0.007134749088436365,-0.010989011265337467
29.8799991607666,40,0.045989636331796646,0.019033154472708702,9.810393333435059,25.866613388061523,-6.638128757476807,165.5953369140625,-0.0006205114768818021,-0.00017004305846057832,0.008299733512103558,-0.010465724393725395
29.889999389648438,40,0.02393774315714836,0.014693125151097775,9.813952445983887,24.819612503051758,-6.3725104331970215,161.0502166748047,-0.002929437207058072,-0.010556702502071857,0.008306748233735561,-0.009942438453435898
29.899999618530273,40,0.029392357915639877,0.015729082748293877,9.811613082885742,23.877178192138672,-6.727838516235352,154.9560546875,-0.007451328914612532,-0.011177915148437023,0.008306748233735561,-0.009942438453435898
29.90999984741211,40,0.04526438191533089,0.027879225090146065,9.821489334106445,23.255924224853516,-6.674468994140625,149.79647827148438,-0.006941508036106825,-0.00497420271858573,0.007272796239703894,-0.0094191525131464
29.920000076293945,40,0.041201647371053696,0.027563368901610374,9.817400932312012,22.509437561035156,-6.449529647827148,145.09805297851562,-0.00869235210120678,-0.008675666525959969,0.007079754490405321,-0.009942438453435898
29.93000030517578,40,0.04287038370966911,0.018924275413155556,9.815241813659668,21.722803115844727,-6.36807107925415,140.78591918945312,-0.004652784205973148,-0.005401251371949911,0.006169820670038462,-0.0094191525131464
29.940000534057617,40,0.036106400191783905,0.016932131722569466,9.811332702636719,21.251201629638672,-6.706621170043945,137.02560424804688,-0.003915409557521343,-0.002968026790767908,0.0024610613472759724,-0.0094191525131464
29.950000762939453,40,0.042145129293203354,0.005157135892659426,9.802436828613281,19.9946231842041,-6.795453071594238,133.3690948486328,-0.0042944783344864845,-0.004160789307206869,0.0017307009547948837,-0.008372579701244831
29.959999084472656,40,0.043873582035303116,0.006576862186193466,9.808794021606445,19.51870346069336,-6.957868576049805,128.6112060546875,-0.0042944783344864845,-0.006490759085863829,0.001447872375138104,-0.008372579701244831
29.969999313354492,40,0.03978153318166733,0.015491923317313194,9.802157402038574,19.204559326171875,-7.135532855987549,125.13817596435547,-0.0016468876274302602,-0.003525547217577696,-0.0003790101036429405,-0.008372579701244831
29.979999542236328,40,0.03073321282863617,0.016932131722569466,9.804885864257812,18.85280990600586,-7.185591697692871,122.1036376953125,-0.0011861688690260053,-0.0019346359185874462,0.005689460784196854,-0.008372579701244831
29.989999771118164,40,0.025190653279423714,0.008530198596417904,9.792771339416504,18.433950424194336,-7.007927417755127,118.0728988647461,-0.002529605058953166,-0.004891710821539164,0.011063206009566784,-0.007849293760955334
30,40,0.04610689356923103,0.015905875712633133,9.8256254196167,18.015090942382812,-6.830263614654541,114.5271987915039,-0.001840490847826004,-0.007221680134534836,0.008306748233735561,-0.007849293760955334
30.010000228881836,40,0.0268409363925457,0.021271081641316414,9.807796478271484,17.689414978027344,-6.494497776031494,112.4605484008789,-0.0034959365148097277,-0.007068481296300888,0.007065163925290108,-0.007849293760955334
30.020000457763672,40,0.02904384396970272,0.012899333611130714,9.810012817382812,17.786975860595703,-6.6048479080200195,110.28646850585938,-0.0063966140151023865,-0.0031122469808906317,0.006736881099641323,-0.007326007355004549
30.030000686645508,40,0.03393063321709633,0.01662597991526127,9.81946849822998,17.836820602416992,-6.84807014465332,107.02738189697266,-0.005521472543478012,-0.0016518072225153446,0.011408044025301933,-0.007326007355004549
30.040000915527344,40,0.03423897549510002,0.012386205606162548,9.801658630371094,17.542158126831055,-6.969956874847412,102.79368591308594,-0.004610135685652494,-0.003500294638797641,0.008622406050562859,-0.006802720949053764
30.049999237060547,40,0.043534841388463974,0.01676396280527115,9.810052871704102,17.332727432250977,-7.236453056335449,99.91280364990234,-0.0007793221157044172,-0.007165282964706421,0.005289067514240742,-0.006802720949053764
30.059999465942383,40,0.043873582035303116,0.03098386526107788,9.796151161193848,17.621448516845703,-7.587467670440674,98.71868896484375,-0.0020481229294091463,-0.005250577814877033,0.009533742442727089,-0.006802720949053764
30.06999969482422,40,0.03445611894130707,0.021620353683829308,9.805523872375488,17.485218048095703,-7.751763820648193,96.7369613647461,-0.004210864193737507,-0.007371512241661549,0.009533742442727089,-0.007326007355004549
30.079999923706055,40,0.05329104885458946,0.0027984713669866323,9.810283660888672,17.221567153930664,-7.712088108062744,94.46353149414062,-0.0018808949971571565,-0.003876557806506753,0.009533742442727089,-0.007326007355004549
30.09000015258789,40,0.04333941265940666,0.012502629309892654,9.805007934570312,16.960283279418945,-7.644397735595703,92.52182006835938,0.0027386401779949665,-0.006105517037212849,0.004954611416906118,-0.007326007355004549
30.100000381469727,46,0.029421672224998474,0.02171521820127964,9.791001319885254,16.540063858032227,-7.91089391708374,91.35478973388672,-0.0012636100873351097,-0.010601034387946129,0.004625767003744841,-0.007326007355004549
30.110000610351562,40,0.030055727809667587,0.02077089063823223,9.79163932800293,16.016489028930664,-8.177390098571777,85.7038345336914,-0.007965078577399254,-0.011177915148437023,0.004625767003744841,-0.007326007355004549
30.1200008392334,40,0.0375102236866951,0.008133494295179844,9.801864624023438,15.90045166015625,-8.23645305633545,84.45143127441406,-0.00920245423913002,-0.011177915148437023,0.004625767003744841,-0.007326007355004549
30.1299991607666,40,0.021155063062906265,0.0164793711155653,9.814324378967285,15.843511581420898,-8.333059310913086,83.00542449951172,-0.00920245423913002,-0.00938442163169384,0.005522513296455145,-0.006802720949053764
30.139999389648438,40,0.03476445749402046,0.01110554113984108,9.806075096130371,15.641680717468262,-8.483261108398438,80.34615325927734,-0.005863504018634558,-0.008723926730453968,0.0025138109922409058,-0.006802720949053764
30.149999618530273,40,0.03786633908748627,0.003764359513297677,9.811591148376465,15.23062515258789,-8.532367706298828,77.7281723022461,-0.002749021863564849,-0.011042111553251743,0.0017175135435536504,-0.007326007355004549
30.15999984741211,40,0.030750583857297897,0.01148930937051773,9.817414283752441,14.91648006439209,-8.088207244873047,75.62290954589844,-0.004683367908000946,-0.01027275063097477,0.002171779051423073,-0.006802720949053764
30.170000076293945,40,0.03905627876520157,0.007365958299487829,9.801436424255371,14.426430702209473,-8.017106056213379,73.23845672607422,-0.006099756341427565,-0.00807521678507328,0.003469199640676379,-0.006802720949053764
30.18000030517578,40,0.03985970467329025,0.009759118780493736,9.807971000671387,14.156394958496094,-8.070877075195312,71.27027893066406,-0.00434806989505887,-0.003976726438850164,0.004039065912365913,-0.006802720949053764
30.190000534057617,40,0.04300066828727722,0.020848507061600685,9.814818382263184,14.012862205505371,-8.093850135803223,68.78675079345703,-0.0014934083446860313,-0.0006596621824428439,0.0060222335159778595,-0.007326007355004549
30.200000762939453,40,0.03622908517718315,0.018803538754582405,9.79669189453125,13.831932067871094,-7.980841159820557,65.01419830322266,0.000613496929872781,-0.0032126959413290024,0.009996425360441208,-0.007326007355004549
30.209999084472656,40,0.027640020474791527,0.02549360878765583,9.819070816040039,13.831932067871094,-7.714345455169678,61.911712646484375,0.000613496929872781,-0.007872635498642921,0.008757366798818111,-0.006802720949053764
30.219999313354492,39,0.041219018399715424,0.02064152993261814,9.817418098449707,13.64313793182373,-7.447849273681641,60.10773849487305,-0.0014184925239533186,-0.009823255240917206,0.00564176170155406,-0.007326007355004549
30.229999542236328,40,0.04869088903069496,0.016932131722569466,9.817988395690918,13.294048309326172,-7.299829006195068,58.224021911621094,-0.0070251221768558025,-0.005716627463698387,0.008306748233735561,-0.006802720949053764
30.239999771118164,40,0.04502986744046211,0.014508787542581558,9.800762176513672,13.101499557495117,-7.249393939971924,55.89431381225586,-0.0075461664237082005,-0.004889185540378094,0.008092101663351059,-0.007326007355004549
30.25,39,0.041977930814027786,0.011207951232790947,9.813943862915039,13.061351776123047,-7.144059658050537,53.211830139160156,-0.005216197110712528,-0.009645645506680012,0.006927116774022579,-0.007326007355004549
30.260000228881836,39,0.05226830765604973,0.020365562289953232,9.807657241821289,12.433062553405762,-6.611067295074463,50.88496398925781,-0.003158113220706582,-0.0073156761936843395,0.006124646868556738,-0.007326007355004549
30.270000457763672,39,0.027461962774395943,0.016932131722569466,9.806448936462402,12.107298851013184,-6.1636223793029785,48.344688415527344,-0.004351717419922352,-0.005157423671334982,0.009505122900009155,-0.007326007355004549
30.280000686645508,39,0.03274069353938103,0.013956851325929165,9.814058303833008,11.793153762817383,-5.913578510284424,46.52260208129883,-0.006681687198579311,-0.009817362762987614,0.008340138010680676,-0.007326007355004549
30.290000915527344,40,0.02785390429198742,0.007365958299487829,9.802275657653809,11.530715942382812,-5.779778480529785,44.20537185668945,-0.007880061864852905,-0.011082516983151436,0.007175153121352196,-0.006802720949053764
30.299999237060547,40,0.02787887677550316,0.0024890853092074394,9.8104887008667,11.294146537780762,-5.667923450469971,41.47621154785156,-0.004766701254993677,-0.01010832842439413,0.007079754490405321,-0.006802720949053764
30.309999465942383,39,0.03594571352005005,0.0031843953765928745,9.811501502990723,10.985145568847656,-5.490259170532227,39.757015228271484,-0.00026416967739351094,-0.009950920939445496,0.004057023208588362,-0.006279435008764267
30.31999969482422,39,0.042608730494976044,0.019951609894633293,9.795849800109863,10.880431175231934,-5.312595367431641,35.768104553222656,-0.006005479488521814,-0.007114216685295105,-0.0003834993694908917,-0.006279435008764267
30.329999923706055,39,0.037616629153490067,0.02242993377149105,9.793992042541504,10.692996978759766,-5.415622711181641,33.179656982421875,-0.005324782803654671,-0.008037056773900986,0.005559269804507494,-0.006802720949053764
30.34000015258789,39,0.02744784764945507,0.027478206902742386,9.796783447265625,10.541718482971191,-5.395960330963135,31.517393112182617,-0.0001867285609478131,-0.006259276997298002,0.009949848987162113,-0.006279435008764267
30.350000381469727,39,0.04104096069931984,0.025656387209892273,9.805545806884766,10.40341854095459,-5.075843811035156,30.085336685180664,0.001840490847826004,-0.007321568205952644,0.007722572889178991,-0.006279435008764267
30.360000610351562,40,0.03771108016371727,0.027202239260077477,9.809679985046387,10.157920837402344,-4.545811176300049,28.173059463500977,-0.001647168304771185,-0.007328863255679607,0.00445769727230072,-0.006279435008764267
30.3700008392334,39,0.03154532238841057,0.02171521820127964,9.804555892944336,9.529631614685059,-4.989971160888672,25.957000732421875,-0.0042944783344864845,-0.0062699392437934875,0.004034295678138733,-0.006279435008764267
30.3799991607666,39,0.03204583749175072,0.023892778903245926,9.799830436706543,9.257999420166016,-4.980290412902832,24.21268081665039,-0.0042944783344864845,-0.0056964256800711155,0.008066849783062935,-0.006279435008764267
30.389999389648438,39,0.029421672224998474,0.024251753464341164,9.80356216430664,9.371554374694824,-4.946257591247559,23.097455978393555,-0.004805983044207096,-0.0029969268944114447,0.008918702602386475,-0.006279435008764267
30.399999618530273,40,0.02475745417177677,0.014768585562705994,9.80289077758789,9.525581359863281,-4.708552837371826,21.432344436645508,-0.004172985907644033,-0.001033961190842092,0.005075262393802404,-0.006279435008764267
30.40999984741211,40,0.0341966338455677,0.0049814218655228615,9.812810897827148,9.328094482421875,-4.20477819442749,18.657075881958008,-0.0010655177757143974,-0.0029764443170279264,0.007015220355242491,-0.006279435008764267
30.420000076293945,40,0.03633548691868782,0.012396984733641148,9.800320625305176,8.59508991241455,-4.382442474365234,17.770648956298828,-0.0016648451564833522,-0.004466906655579805,0.008557310327887535,-0.006279435008764267
30.43000030517578,40,0.03730719909071922,0.01667017862200737,9.793824195861816,8.244522094726562,-4.235676288604736,15.063201904296875,-0.0077119916677474976,-0.0054795341566205025,0.006116229109466076,-0.006279435008764267
30.440000534057617,40,0.03564063087105751,0.012149045243859291,9.79544448852539,8.001420021057129,-3.997746229171753,13.159561157226562,-0.006144088227301836,-0.002991876332089305,0.007482673041522503,-0.005756148602813482
30.450000762939453,40,0.02996344305574894,0.004167531616985798,9.807180404663086,7.5596184730529785,-3.8495256900787354,11.719120979309082,-0.003904186189174652,-0.005182395689189434,0.00827869027853012,-0.005756148602813482
30.459999084472656,40,0.036987997591495514,0.005988274235278368,9.803489685058594,6.979960918426514,-3.8123576641082764,10.09323787689209,-0.010352006182074547,-0.006579704117029905,-0.0010445554507896304,-0.005756148602813482
30.469999313354492,40,0.03905627876520157,0.01774602197110653,9.796674728393555,6.979960918426514,-3.6346936225891113,7.766374111175537,-0.009125293232500553,-0.011147051118314266,0.005914489272981882,-0.005756148602813482
30.479999542236328,40,0.04194427281618118,0.013112776912748814,9.809416770935059,6.775852680206299,-3.889904022216797,6.951336860656738,-0.0033003692515194416,-0.008817080408334732,0.010574429295957088,-0.005756148602813482
30.489999771118164,40,0.03500114381313324,0.013238903135061264,9.800359725952148,6.488935947418213,-3.893465280532837,5.683764934539795,-0.0008306688978336751,-0.007605519611388445,0.006287104915827513,-0.005756148602813482
30.5,39,0.029421672224998474,0.016932131722569466,9.794048309326172,6.227710247039795,-3.804633140563965,4.803284168243408,-0.004839092027395964,-0.004327736794948578,0.00796555820852518,-0.005756148602813482
30.510000228881836,39,0.03251812234520912,0.023081043735146523,9.795849800109863,5.933225154876709,-3.6436469554901123,3.7508740425109863,-0.007510251831263304,-0.00878790020942688,0.0053235795348882675,-0.005232862196862698
30.520000457763672,40,0.03423897549510002,0.013924511149525642,9.811779975891113,5.4096503257751465,-3.304370164871216,0.8152502775192261,-0.006110698916018009,-0.005289017688483,0.00276100542396307,-0.005232862196862698
30.530000686645508,39,0.03423897549510002,0.013790839351713657,9.8070650100708,4.886075496673584,-3.393202066421509,-0.6251893043518066,-0.0037807291373610497,-0.0020752083510160446,0.004782893694937229,-0.005232862196862698
30.540000915527344,39,0.03423897549510002,0.013650699518620968,9.800697326660156,4.446432590484619,-3.339632034301758,-0.7334585189819336,-0.0014507595915347338,-0.0021703264210373163,0.0050443983636796474,-0.005232862196862698
30.549999237060547,39,0.044362153857946396,0.015499469824135303,9.810885429382324,4.502485275268555,-3.1500802040100098,-1.5169005393981934,-0.0035989107564091682,-0.005574371665716171,0.0053721205331385136,-0.005756148602813482
30.559999465942383,39,0.052134767174720764,0.016932131722569466,9.818707466125488,4.74736213684082,-2.972140312194824,-2.884044885635376,-0.0048371278680861,-0.0061282445676624775,0.007905794307589531,-0.005756148602813482
30.56999969482422,39,0.04296809807419777,0.009955314919352531,9.8377685546875,4.591501712799072,-2.9461076259613037,-3.7622106075286865,-0.004916813690215349,-0.006909951101988554,0.008911406621336937,-0.005232862196862698
30.579999923706055,39,0.035473428666591644,0.00025115686003118753,9.804667472839355,3.963212013244629,-2.6796116828918457,-3.540604591369629,-0.006081798579543829,-0.009844579733908176,0.006625769659876823,-0.0047095762565732
30.59000015258789,39,0.02693430706858635,0.0014261770993471146,9.820406913757324,3.6060516834259033,-2.796457529067993,-3.5102603435516357,-0.007246783468872309,-0.009682963602244854,0.006619035732001066,-0.0047095762565732
30.600000381469727,39,0.028326189145445824,0.006278255954384804,9.811058044433594,3.4893338680267334,-2.974121570587158,-4.5547871589660645,-0.005357611458748579,-0.007933241315186024,0.00778851006180048,-0.0047095762565732
30.610000610351562,39,0.029421672224998474,0.014894711785018444,9.820807456970215,3.4893338680267334,-3.2217578887939453,-5.9549970626831055,-0.0013620950048789382,-0.007975328713655472,0.005748664028942585,-0.0047095762565732
30.6200008392334,39,0.03328246250748634,0.020765500143170357,9.809395790100098,3.4726598262786865,-3.478071451187134,-6.6875739097595215,-0.003692064667120576,-0.0062699392437934875,0.007057588547468185,-0.005232862196862698
30.6299991607666,39,0.03030869923532009,0.017812857404351234,9.809500694274902,3.3679449558258057,-3.2115752696990967,-6.0227556228637695,-0.004770629573613405,-0.005519096273928881,0.0036490540951490402,-0.0047095762565732
30.639999389648438,39,0.04142095893621445,0.024874836206436157,9.810393333435059,3.360051393508911,-3.0272152423858643,-6.484893798828125,-0.002217034576460719,-0.0027772297617048025,0.00556712644174695,-0.005232862196862698
30.649999618530273,39,0.043873582035303116,0.026498304679989815,9.794013023376465,3.143289566040039,-3.0334348678588867,-6.8859992027282715,-0.004547004122287035,-0.003942214418202639,0.010508211329579353,-0.0047095762565732
30.65999984741211,39,0.039734847843647,0.022388968616724014,9.803497314453125,3.1152632236480713,-2.9604532718658447,-6.915655136108398,-0.006684212479740381,-0.005042945500463247,0.008371002040803432,-0.0047095762565732
30.670000076293945,39,0.03905627876520157,0.02171521820127964,9.792840003967285,3.175100326538086,-2.7331817150115967,-6.950191497802734,-0.005523717030882835,-0.005038456059992313,0.009527008049190044,-0.005232862196862698
30.68000030517578,39,0.034778572618961334,0.013220577500760555,9.81252670288086,2.3373806476593018,-2.6443495750427246,-8.279828071594238,-0.006688701920211315,-0.0027084865141659975,0.006032053846865892,-0.0047095762565732
30.690000534057617,39,0.029891785234212875,0.016465358436107635,9.802116394042969,2.94538950920105,-3.0811362266540527,-7.861141681671143,-0.0034328049514442682,-0.004799398593604565,0.005852760747075081,-0.0047095762565732
30.700000762939453,39,0.03383834660053253,0.008161522448062897,9.800697326660156,2.9440886974334717,-2.924438953399658,-8.500495910644531,-0.008283541537821293,-0.008172579109668732,0.004809549544006586,-0.0047095762565732
30.709999084472656,39,0.03872513771057129,0.007365958299487829,9.791667938232422,2.73465895652771,-3.0283186435699463,-8.867659568786621,-0.0072400495409965515,-0.009705129079520702,0.00855057593435049,-0.005232862196862698
30.719999313354492,39,0.04361192509531975,0.011889247223734856,9.786417007446289,2.436537504196167,-3.2352757453918457,-8.89631462097168,-0.005829273257404566,-0.006274147890508175,0.006776162888854742,-0.0047095762565732
30.729999542236328,40,0.020747920498251915,0.012149045243859291,9.814081192016602,1.9629254341125488,-2.643120765686035,-9.529412269592285,-0.0020927360747009516,-0.008471681736409664,0.005852760747075081,-0.005232862196862698
30.739999771118164,40,0.02917630225419998,0.00748777249827981,9.815241813659668,2.4865002632141113,-2.643120765686035,-9.529412269592285,-0.006179722957313061,-0.00915574561804533,0.009033461101353168,-0.005232862196862698
30.75,42,0.024657567963004112,0.016826486214995384,9.800857543945312,2.328925371170044,-2.7153501510620117,-9.709600448608398,-0.008469288237392902,-0.0072575947269797325,0.008561238646507263,-0.0047095762565732
30.760000228881836,40,0.02477591298520565,0.016932131722569466,9.80078411102295,1.9542042016983032,-3.009734630584717,-10.059402465820312,-0.007975460030138493,-0.0062699392437934875,0.007079754490405321,-0.0047095762565732
30.770000457763672,40,0.03439423441886902,0.016932131722569466,9.805076599121094,1.6073616743087769,-3.2095189094543457,-9.740570068359375,-0.006757164373993874,-0.009315678849816322,0.004034015350043774,-0.0041862898506224155
30.780000686645508,40,0.03905627876520157,0.016708986833691597,9.791227340698242,1.3979318141937256,-2.9915518760681152,-8.149317741394043,-0.005521472543478012,-0.011310630477964878,0.0020390627905726433,-0.0047095762565732
30.790000915527344,40,0.03876205161213875,0.01302545890212059,9.795849800109863,1.1885018348693848,-3.1692159175872803,-8.038514137268066,-0.006006602197885513,-0.010436050593852997,0.0024285134859383106,-0.0041862898506224155
30.799999237060547,40,0.03423897549510002,0.02541491389274597,9.796581268310547,1.162249207496643,-3.269183397293091,-8.41227912902832,-0.005479104351252317,-0.00948543194681406,0.0034835091792047024,-0.0047095762565732
30.809999465942383,40,0.03423897549510002,0.012579167261719704,9.805981636047363,1.0282069444656372,-3.4148707389831543,-8.217231750488281,-0.0055952658876776695,-0.005186604335904121,0.008306748233735561,-0.0041862898506224155
30.81999969482422,40,0.034741662442684174,0.016932131722569466,9.809381484985352,0.9461378455162048,-3.3404345512390137,-7.8429036140441895,-0.010160928592085838,-0.0028880604077130556,0.007409440819174051,-0.0041862898506224155
30.829999923706055,40,0.039628446102142334,0.016932131722569466,9.804152488708496,0.961422324180603,-3.0631792545318604,-7.429285049438477,-0.005047285463660955,-0.003815951757133007,0.006048328243196011,-0.0041862898506224155
30.84000015258789,40,0.04323192685842514,0.01502083707600832,9.827849388122559,0.5425624847412109,-3.5961713790893555,-5.545632839202881,-0.0032425690442323685,-0.004166120663285255,0.010937224142253399,-0.0041862898506224155
30.850000381469727,40,0.03834513947367668,0.005407231859862804,9.816673278808594,0.9079710245132446,-3.6301794052124023,-4.699312686920166,-0.004068327601999044,-0.0062699392437934875,0.004625767003744841,-0.0041862898506224155
30.860000610351562,40,0.03501960262656212,0.02171521820127964,9.821795463562012,0.5187045335769653,-3.5055336952209473,-3.4572675228118896,-0.0019426234066486359,-0.0063210055232048035,0.004778965841978788,-0.0036630036775022745
30.8700008392334,40,0.03905627876520157,0.02087114378809929,9.808112144470215,0.22578641772270203,-3.701204776763916,-1.7581207752227783,-0.004272592719644308,-0.0074859908781945705,0.00827392004430294,-0.0031397175043821335
30.8799991607666,40,0.03997587412595749,0.016932131722569466,9.818238258361816,0.4108853340148926,-4.157904624938965,0.10760607570409775,-0.0031404364854097366,-0.00634289113804698,0.0071527063846588135,-0.0036630036775022745
30.889999389648438,40,0.040906332433223724,0.011039783246815205,9.811388969421387,0.515600323677063,-4.069072723388672,1.5480456352233887,-0.0030674845911562443,-0.0051779062487185,0.002711622742936015,-0.0031397175043821335
30.899999618530273,40,0.02624596655368805,-0.007562188431620598,9.810980796813965,0.8292722105979919,-4.157503128051758,3.0990381240844727,-0.006157556548714638,-0.005042945500463247,0.004231826867908239,-0.0031397175043821335
30.90999984741211,40,0.017225872725248337,0.01296616904437542,9.803796768188477,0.5840405225753784,-4.042964935302734,3.889268398284912,-0.0077164811082184315,-0.005042945500463247,0.007529811002314091,-0.0036630036775022745
30.920000076293945,40,0.024604368954896927,0.028903324156999588,9.827375411987305,0.5525845885276794,-4.100046157836914,5.204577445983887,-0.007069454528391361,-0.007760962471365929,0.00558873126283288,-0.002616431098431349
30.93000030517578,40,0.02587139420211315,0.01919916644692421,9.81498908996582,0.928281307220459,-4.444865703582764,7.231597900390625,-0.00421647634357214,-0.0061919367872178555,0.008001754060387611,-0.002616431098431349
30.940000534057617,41,0.032094694674015045,0.013476063497364521,9.806077003479004,1.4208141565322876,-4.951524257659912,9.330286026000977,-0.0022854970302432775,-0.005042945500463247,0.007969766855239868,-0.0031397175043821335
30.950000762939453,41,0.03765028342604637,0.016932131722569466,9.818674087524414,1.4208141565322876,-5.040356159210205,11.32474136352539,-0.001840490847826004,-0.00648290291428566,0.0041998401284217834,-0.0031397175043821335
30.959999084472656,41,0.03423897549510002,0.015467129647731781,9.815241813659668,1.8525934219360352,-5.348960876464844,13.684701919555664,-0.0011825213441625237,-0.00881287269294262,0.0067775659263134,-0.0031397175043821335
30.969999313354492,41,0.03423897549510002,0.015217033214867115,9.819906234741211,1.8200732469558716,-5.54703950881958,15.664704322814941,-0.0035932990722358227,-0.008759000338613987,0.008972855284810066,-0.0031397175043821335
30.979999542236328,41,0.03423897549510002,0.016906259581446648,9.82978630065918,1.6617591381072998,-5.730597496032715,17.799367904663086,-0.005680563393980265,-0.006962982006371021,0.007613705936819315,-0.0031397175043821335
30.989999771118164,41,0.03423897549510002,0.00903793703764677,9.819618225097656,1.91263747215271,-6.053723335266113,20.68393898010254,-0.0042944783344864845,-0.007685766089707613,0.00641897926107049,-0.0031397175043821335
31,41,0.035992398858070374,0.012149045243859291,9.804226875305176,1.7032074928283691,-6.142555236816406,22.789196014404297,-0.00470441160723567,-0.008721121586859226,0.004218639340251684,-0.002616431098431349
31.010000228881836,41,0.04270210117101669,0.0139590073376894,9.815896987915039,1.4009768962860107,-6.625011920928955,25.974611282348633,-0.00586939649656415,-0.0062699392437934875,0.005852760747075081,-0.0031397175043821335
31.020000457763672,41,0.04301369935274124,0.013174222782254219,9.805893898010254,1.3597649335861206,-6.926468849182129,27.42149543762207,-0.006176636088639498,-0.00598402414470911,0.004995015449821949,-0.0031397175043821335
31.030000686645508,41,0.032277096062898636,0.013209796510636806,9.78632926940918,1.5081455707550049,-7.104133129119873,28.742591857910156,-0.004742290358990431,-0.00571466377004981,0.0035152153577655554,-0.002616431098431349
31.040000915527344,42,0.027390306815505028,0.019698280841112137,9.80478572845459,1.7557719945907593,-7.379005432128906,31.371896743774414,-0.006424672435969114,-0.00840013287961483,0.008400463499128819,-0.002616431098431349
31.049999237060547,41,0.030906926840543747,0.027361784130334854,9.812507629394531,2.1746318340301514,-8.089661598205566,34.36357879638672,-0.004694030154496431,-0.006170051172375679,0.0008448973530903459,-0.0031397175043821335
31.059999465942383,42,0.04122661426663399,0.027918033301830292,9.80650520324707,1.700280785560608,-8.295164108276367,36.410118103027344,-0.009088817983865738,-0.005232339724898338,-0.00016857207810971886,-0.0031397175043821335
31.06999969482422,42,0.04835323244333267,0.018820788711309433,9.8026123046875,1.8488092422485352,-8.599530220031738,38.00947570800781,-0.005593863315880299,-0.011057264171540737,0.003326382488012314,-0.002616431098431349
31.079999923706055,42,0.04658026248216629,0.026498304679989815,9.817365646362305,2.2175586223602295,-8.784818649291992,39.821083068847656,-0.005521472543478012,-0.00661449646577239,0.004539627581834793,-0.0031397175043821335
31.09000015258789,42,0.03667748346924782,0.02177450805902481,9.810574531555176,2.3784446716308594,-8.828156471252441,41.87497329711914,-0.005521472543478012,-0.0062699392437934875,0.010019995272159576,-0.0031397175043821335
31.100000381469727,42,0.021997574716806412,0.012070351280272007,9.790922164916992,2.0652754306793213,-9.009130477905273,43.4499626159668,-0.005521472543478012,-0.010337285697460175,0.008727063424885273,-0.002616431098431349
31.110000610351562,42,0.027776818722486496,0.014865605160593987,9.796289443969727,1.8558454513549805,-9.542122840881348,47.54967498779297,-0.004566644784063101,-0.0102230878546834,0.008306748233735561,-0.0031397175043821335
31.1200008392334,42,0.04128633067011833,0.02428409270942211,9.815960884094238,2.2142770290374756,-9.937478065490723,50.27595138549805,-0.0060801152139902115,-0.0072724660858511925,0.006521111819893122,-0.002616431098431349
31.1299991607666,42,0.04968322813510895,0.021222572773694992,9.798201560974121,2.341963052749634,-10.19685173034668,52.00437927246094,-0.005917657166719437,-0.0062699392437934875,0.0066835698671638966,-0.0031397175043821335
31.139999389648438,42,0.052873048931360245,0.016932131722569466,9.792919158935547,2.2604851722717285,-10.428787231445312,53.62938690185547,-0.006290272809565067,-0.005501138977706432,0.002466953592374921,-0.002616431098431349
31.149999618530273,42,0.045895177870988846,0.008604580536484718,9.805545806884766,2.410551071166992,-10.790410995483398,56.177860260009766,-0.008868839591741562,-0.0029225721955299377,0.0025449558161199093,-0.002616431098431349
31.15999984741211,42,0.03814319521188736,0.013962240889668465,9.808428764343262,1.7822611331939697,-11.234570503234863,58.7263298034668,-0.007850319147109985,-0.0026515282224863768,0.0052705490961670876,-0.002616431098431349
31.170000076293945,42,0.03717365488409996,0.018801383674144745,9.810393333435059,1.6793791055679321,-11.530158996582031,61.089481353759766,-0.0037731535267084837,-0.006147043313831091,0.005852760747075081,-0.0020931449253112078
31.18000030517578,42,0.03605211526155472,0.016932131722569466,9.804347038269043,1.9943814277648926,-11.79665470123291,64.21630096435547,-0.001840490847826004,-0.008723926730453968,0.005852760747075081,-0.002616431098431349
31.190000534057617,42,0.021944373846054077,0.01998394913971424,9.803791046142578,2.1720597743988037,-12.323979377746582,67.22212219238281,-0.0022992456797510386,-0.007806417066603899,0.00539400614798069,-0.0020931449253112078
31.200000762939453,42,0.021256033331155777,0.01235278695821762,9.815034866333008,1.794796109199524,-13.207032203674316,69.32585144042969,-0.002670738846063614,-0.006666684988886118,0.0030387837905436754,-0.0020931449253112078
31.209999084472656,42,0.03424223139882088,0.020125167444348335,9.803924560546875,1.690081238746643,-13.473527908325195,72.87154388427734,-0.001840490847826004,-0.007831670343875885,0.0010567383142188191,-0.0020931449253112078
31.219999313354492,42,0.029209958389401436,0.023239510133862495,9.81236457824707,1.5853662490844727,-13.74002456665039,75.72088623046875,-0.001022307900711894,-0.00899665430188179,0.005443949718028307,-0.0015698587521910667
31.229999542236328,42,0.03130755200982094,0.02171521820127964,9.803224563598633,1.5500966310501099,-14.359992980957031,78.9318618774414,0.0012083350447937846,-0.008897327817976475,0.008096029981970787,-0.0015698587521910667
31.239999771118164,42,0.03766005486249924,0.02511199750006199,9.802735328674316,1.6847301721572876,-14.892984390258789,82.22429656982422,-0.002286619506776333,-0.003964661154896021,0.00603878777474165,-0.0020931449253112078
31.25,42,0.042546842247247696,0.016100993379950523,9.819597244262695,1.8973233699798584,-15.139567375183105,85.47721862792969,-0.005348071455955505,-0.004956244956701994,-0.001249101129360497,-0.0015698587521910667
31.260000228881836,42,0.043873582035303116,0.01921856962144375,9.82493782043457,1.6878935098648071,-15.67255973815918,89.35533142089844,-0.0031415587291121483,-0.0038406432140618563,0.002319927327334881,-0.0015698587521910667
31.270000457763672,42,0.04024404659867287,0.018111463636159897,9.813979148864746,2.1816680431365967,-16.375991821289062,91.7452621459961,-0.006636513397097588,-0.005005627870559692,0.00930983666330576,-0.0015698587521910667
31.280000686645508,42,0.03535725921392441,0.009586638770997524,9.795502662658691,2.022230386734009,-16.829132080078125,95.83877563476562,-0.0022377977147698402,-0.012936615385115147,0.008406074717640877,-0.0015698587521910667
31.290000915527344,42,0.03800748288631439,0.02233291231095791,9.817549705505371,1.654693365097046,-17.097383499145508,99.68009185791016,-0.0061031230725348,-0.008303612470626831,0.007241090293973684,-0.0010465724626556039
31.299999237060547,42,0.04289427027106285,-0.0001768093352438882,9.782450675964355,1.4208141565322876,-17.3204402923584,102.7308349609375,-0.006748466286808252,-0.0064932843670248985,0.007079754490405321,-0.0010465724626556039
31.309999465942383,42,0.043873582035303116,0.012415311299264431,9.803068161010742,1.4230018854141235,-17.679481506347656,106.28811645507812,-0.008631746284663677,-0.0025033794809132814,0.010846314951777458,-0.0010465724626556039
31.31999969482422,42,0.03989661857485771,0.009034702554345131,9.818397521972656,1.527716875076294,-18.212472915649414,110.38782501220703,-0.008322822861373425,-0.005760118365287781,0.010228469036519527,-0.0010465724626556039
31.329999923706055,42,0.03905627876520157,0.007365958299487829,9.807872772216797,1.3854262828826904,-18.186691284179688,113.877685546875,-0.0022521077189594507,-0.008314554579555988,0.007898498326539993,-0.0005232862313278019
31.34000015258789,42,0.043172210454940796,0.019626053050160408,9.822113990783691,1.3492993116378784,-18.401071548461914,117.87416076660156,-0.003920179791748524,-0.007968313992023468,0.007079754490405321,-0.0005232862313278019
31.350000381469727,42,0.022946486249566078,0.017559528350830078,9.808089256286621,1.4540143013000488,-19.187543869018555,122.62786865234375,-0.006748466286808252,-0.007496933452785015,0.008466961793601513,-0.0005232862313278019
31.360000610351562,42,0.036806683987379074,0.016932131722569466,9.792698860168457,1.5241987705230713,-20.373559951782227,127.71686553955078,-0.004853682592511177,-0.00812852755188942,0.007638958748430014,-0.0005232862313278019
31.3700008392334,42,0.03905627876520157,0.008344782516360283,9.799705505371094,1.2100539207458496,-19.929397583007812,131.48416137695312,-0.003637070069089532,-0.008723926730453968,0.006422346457839012,-0.0005232862313278019
31.3799991607666,42,0.030268527567386627,0.011728624813258648,9.813962936401367,1.6061495542526245,-20.389007568359375,136.19088745117188,-0.006324784364551306,-0.007708773948252201,0.006064601708203554,-0.0005232862313278019
31.389999389648438,42,0.02049494907259941,0.012149045243859291,9.824225425720215,1.5518113374710083,-20.956357955932617,141.677734375,-0.007865752093493938,-0.0058243717066943645,0.004180199466645718,-0.0005232862313278019
31.399999618530273,42,0.024319913238286972,0.021150346845388412,9.82493782043457,1.3311767578125,-21.455718994140625,147.5922393798828,-0.005905030760914087,-0.006960737518966198,0.003015214577317238,1.1005789785382622e-13
31.40999984741211,42,0.033809032291173935,0.02171521820127964,9.815674781799316,1.3906590938568115,-21.912670135498047,153.28843688964844,-0.008034663274884224,-0.010856365785002708,0.0031364269088953733,0.0005232862313278019
31.420000076293945,42,0.04358261078596115,0.02171521820127964,9.815241813659668,1.1812291145324707,-22.445661544799805,157.27735900878906,-0.009061039425432682,-0.008912759833037853,0.004814600106328726,0.0005232862313278019
31.43000030517578,42,0.024908367544412613,0.02171521820127964,9.810469627380371,1.4479241371154785,-22.978652954101562,161.4677734375,-0.0001766276400303468,-0.00543800788000226,0.0013398475712165236,0.0005232862313278019
31.440000534057617,42,0.04865831509232521,0.021902790293097496,9.800837516784668,2.1153564453125,-23.751407623291016,167.32313537597656,-0.004565522540360689,-0.006954845041036606,0.003534295130521059,0.0005232862313278019
31.450000762939453,42,0.04842597618699074,0.03553841635584831,9.810393333435059,2.399996757507324,-24.28783416748047,173.38607788085938,-0.006307388190180063,-0.0027359838131815195,0.004846306052058935,0.0010465724626556039
31.459999084472656,42,0.038854338228702545,0.0167316235601902,9.810596466064453,2.239406108856201,-24.504472732543945,178.7501678466797,0.000567481154575944,-0.005077457521110773,0.008295244537293911,0.0010465724626556039
31.469999313354492,42,0.03396754711866379,0.012688045389950275,9.813876152038574,3.0771257877349854,-25.21512794494629,184.2903289794922,-0.0040924581699073315,-0.008572411723434925,0.007130259647965431,0.0010465724626556039
31.479999542236328,42,0.030103499069809914,0.020361250266432762,9.794089317321777,3.2031562328338623,-25.753286361694336,189.18499755859375,-0.0054089585319161415,-0.009838406927883625,0.007079754490405321,0.0015698587521910667
31.489999771118164,42,0.03905627876520157,0.003805323503911495,9.832568168640137,3.847588062286377,-26.74413299560547,195.44728088378906,-0.0013115900801494718,-0.0036360970698297024,0.007079754490405321,0.0015698587521910667
31.5,42,0.0385763943195343,0.016932131722569466,9.811359405517578,4.265028953552246,-27.720684051513672,202.31744384765625,-0.0035848815459758043,-0.0075412653386592865,0.008070215582847595,0.0015698587521910667
31.510000228881836,42,0.033689603209495544,0.018568536266684532,9.820089340209961,4.488767623901367,-28.40154457092285,209.17965698242188,-0.010793645866215229,-0.0077954744920134544,0.0018075811676681042,0.0015698587521910667
31.520000457763672,42,0.030659383162856102,0.028823552653193474,9.819466590881348,5.316287994384766,-28.77417755126953,215.70985412597656,-0.010284105315804482,-0.007496933452785015,0.004916451871395111,0.002616431098431349
31.530000686645508,42,0.03836793452501297,0.009415236301720142,9.81454849243164,5.839862823486328,-29.662498474121094,222.02561950683594,-0.005984716583043337,-0.009910236112773418,0.008688623085618019,0.002616431098431349
31.540000915527344,42,0.0327233225107193,-0.0017161938594654202,9.809630393981934,6.363437652587891,-30.196443557739258,228.25299072265625,-0.0035520531237125397,-0.008208213374018669,0.007306466344743967,0.002616431098431349
31.549999237060547,42,0.028740931302309036,0.023212559521198273,9.807210922241211,6.828032493591309,-30.79070472717285,234.77000427246094,-0.006469565909355879,-0.007630771491676569,0.0051723443903028965,0.0031397175043821335
31.559999465942383,42,0.04510369896888733,0.010927670635282993,9.815241813659668,7.212480068206787,-31.70570945739746,241.9659423828125,-0.008584046736359596,-0.006868705619126558,0.003388952696695924,0.0036630036775022745
31.56999969482422,42,0.03135423734784126,0.025538884103298187,9.819131851196289,7.487246036529541,-33.0632438659668,250.1378936767578,-0.0074190618470311165,-0.005599343683570623,0.003284575417637825,0.0041862898506224155
31.579999923706055,42,0.03905627876520157,0.019658394157886505,9.827337265014648,7.38253116607666,-34.6622200012207,259.1129455566406,-0.003782132174819708,-0.007258716970682144,0.0031425999477505684,0.0047095762565732
31.59000015258789,43,0.0379510223865509,0.011051640845835209,9.79736042022705,7.907761573791504,-36.032169342041016,267.3262023925781,-0.001980782952159643,-0.006994407158344984,-0.00035235466202721,0.0047095762565732
31.600000381469727,42,0.03893793746829033,0.010865147225558758,9.79088306427002,8.470625877380371,-37.25364685058594,276.384033203125,-0.006378095597028732,-0.004186322446912527,0.002078625140711665,0.005232862196862698
31.610000610351562,42,0.05101974308490753,0.020479829981923103,9.803041458129883,8.87162971496582,-38.40846252441406,285.41864013671875,-0.004596387036144733,-0.004426221828907728,0.012598000466823578,0.005756148602813482
31.6200008392334,42,0.03993244841694832,0.02084527164697647,9.797171592712402,9.227665901184082,-39.660011291503906,293.8692321777344,-0.0025795490946620703,-0.003081663278862834,0.010021678172051907,0.005756148602813482
31.6299991607666,42,0.032188065350055695,0.024414531886577606,9.797913551330566,10.379530906677246,-41.43665313720703,304.28472900390625,-0.006074503529816866,-0.0044899145141243935,0.007448441814631224,0.006279435008764267
31.639999389648438,42,0.036150913685560226,0.01169305108487606,9.799773216247559,10.470587730407715,-42.23157501220703,313.8838806152344,-0.00908011943101883,-0.0017289677634835243,0.009166738949716091,0.006802720949053764
31.649999618530273,42,0.027899503707885742,0.0186925046145916,9.809366226196289,10.829936027526855,-43.064170837402344,322.8045654296875,-0.00791513454169035,-0.004801643081009388,0.005973411723971367,0.006802720949053764
31.65999984741211,42,0.027787676081061363,0.012149045243859291,9.79416275024414,11.306208610534668,-44.434017181396484,332.0978698730469,-0.00675014965236187,-0.00014170407666824758,0.008303381502628326,0.007849293760955334
31.670000076293945,42,0.02925555780529976,0.018746407702565193,9.807049751281738,11.67959976196289,-46.40760803222656,342.4936828613281,-0.007911767810583115,-0.0036248741671442986,0.009470050223171711,0.008372579701244831
31.68000030517578,42,0.01978706568479538,0.024408062919974327,9.804181098937988,11.889029502868652,-48.45074462890625,354.0171813964844,-0.004671583417803049,-0.0016133671160787344,0.005128573626279831,0.0094191525131464
31.690000534057617,42,0.021587176248431206,0.012149045243859291,9.808581352233887,12.921515464782715,-50.4066047668457,365.7584228515625,-0.012608743272721767,-0.0034405305050313473,0.0035864836536347866,0.009942438453435898
31.700000762939453,42,0.03021315671503544,0.014005361124873161,9.794257164001465,13.655406951904297,-53.35744857788086,378.2493591308594,-0.006292236503213644,-0.003815951757133007,0.004376047290861607,0.010465724393725395
31.709999084472656,42,0.042934443801641464,0.016932131722569466,9.790117263793945,14.391190528869629,-56.27947235107422,390.76422119140625,-0.0015486833872273564,-0.003815951757133007,0.007371561601758003,0.011512297205626965
31.719999313354492,42,0.05069945752620697,0.018926432356238365,9.806350708007812,15.053833961486816,-59.004119873046875,403.557373046875,-0.004026520997285843,-0.004669207613915205,0.0048937248066067696,0.011512297205626965
31.729999542236328,42,0.05558624491095543,0.015525341965258121,9.809062957763672,15.295547485351562,-62.11715316772461,417.5903015136719,-0.007895213551819324,-0.007416686043143272,0.0057725138030946255,0.012035583145916462
31.739999771118164,42,0.054030418395996094,0.009498242288827896,9.809283256530762,16.23798179626465,-65.31510925292969,430.77587890625,-0.005556264892220497,-0.007265451364219189,0.002704327693209052,0.012035583145916462
31.75,42,0.04647386446595192,0.007746492512524128,9.795849800109863,17.010896682739258,-68.44115447998047,444.0511474609375,-0.004401942249387503,-0.008271625265479088,0.0017194777028635144,0.013082155957818031
31.760000228881836,42,0.04158707335591316,0.013934212736785412,9.809656143188477,17.743900299072266,-71.90770721435547,457.2201232910156,-0.003705813316628337,-0.009950920939445496,0.004609212279319763,0.012558870017528534
31.770000457763672,42,0.036700282245874405,0.012462742626667023,9.808341026306152,18.655027389526367,-75.30622863769531,470.784912109375,-0.004013333469629288,-0.008321288973093033,0.007482392713427544,0.013082155957818031
31.780000686645508,42,0.0366644561290741,0.005024541635066271,9.805646896362305,19.8563232421875,-78.18195343017578,485.0895080566406,-0.004823660012334585,-0.005307536106556654,0.007127734832465649,0.013605441898107529
31.790000915527344,42,0.03157138079404831,0.007194556295871735,9.810046195983887,20.58932876586914,-82.09056091308594,497.6102600097656,-0.003936453256756067,-0.004654336720705032,0.002979580545797944,0.0141287287697196
31.799999237060547,42,0.024604368954896927,0.010221580974757671,9.811020851135254,21.77835464477539,-85.45758056640625,511.28912353515625,-0.006903909612447023,-0.0062699392437934875,0.0028861460741609335,0.0141287287697196
31.809999465942383,42,0.029872242361307144,0.014316903427243233,9.817439079284668,22.968297958374023,-89.25312805175781,526.05615234375,-0.0031137808691710234,-0.006565113551914692,0.004330592695623636,0.014652014710009098
31.81999969482422,42,0.031535554677248,0.012149045243859291,9.823404312133789,24.03602409362793,-93.55352783203125,540.412109375,0.00038033162127248943,-0.007730098441243172,0.004331434145569801,0.0141287287697196
31.829999923706055,42,0.029421672224998474,0.012149045243859291,9.813042640686035,24.978458404541016,-98.14309692382812,553.6353149414062,0.00041344057535752654,-0.008381614461541176,0.00796443596482277,0.0141287287697196
31.84000015258789,42,0.03510645776987076,0.014971249736845493,9.803558349609375,25.9208927154541,-102.58470153808594,568.1505126953125,0.005875288974493742,-0.006924822460860014,0.005743613466620445,0.0141287287697196
31.850000381469727,42,0.03905627876520157,0.019823327660560608,9.80261516571045,26.960975646972656,-107.44049072265625,580.1858520507812,-0.0029260702431201935,-0.013443349860608578,0.004625767003744841,0.013605441898107529
31.860000610351562,42,0.036074914038181305,0.018755029886960983,9.791696548461914,27.861963272094727,-111.89227294921875,593.9750366210938,0.0005688840174116194,-0.008783410303294659,0.004625767003744841,0.013082155957818031
31.8700008392334,42,0.03423897549510002,0.013902951963245869,9.801505088806152,28.796710968017578,-116.44429779052734,607.7283935546875,-0.0028368444181978703,-0.0018232439178973436,0.009226222522556782,0.013082155957818031
31.8799991607666,42,0.03735931217670441,0.015247217379510403,9.822955131530762,29.987539291381836,-121.2488021850586,620.3440551757812,-0.0030674845911562443,-0.0002738591574598104,0.010621847584843636,0.013605441898107529
31.889999389648438,42,0.04862574487924576,0.02643362618982792,9.813735008239746,31.662979125976562,-125.77922821044922,632.5323486328125,-0.005119676236063242,-0.007317639887332916,0.011786832474172115,0.014652014710009098
31.899999618530273,42,0.0502488873898983,0.018336765468120575,9.802265167236328,32.50566482543945,-130.9278106689453,646.152587890625,-0.010341905988752842,-0.007759840693324804,0.0013827768852934241,0.015175300650298595
31.90999984741211,42,0.04869088903069496,0.018759341910481453,9.810747146606445,33.66149139404297,-136.48484802246094,659.3606567382812,-0.007146053947508335,-0.0102031659334898,-0.002411280060186982,0.015698587521910667
31.920000076293945,42,0.04189433157444,0.025089358910918236,9.80498218536377,34.9730339050293,-141.84373474121094,673.0169677734375,-0.008041677996516228,-0.009497777558863163,0.0006240776856429875,0.016221873462200165
31.93000030517578,42,0.04945957288146019,0.016168907284736633,9.800697326660156,36.30393600463867,-146.95872497558594,687.1353759765625,-0.009980513714253902,-0.00950198620557785,0.002949838526546955,0.016221873462200165
31.940000534057617,42,0.03582194447517395,0.01917329430580139,9.8042573928833,37.624576568603516,-152.23439025878906,701.1397094726562,-0.003984994255006313,-0.007086719386279583,0.004830873571336269,0.01726844534277916
31.950000762939453,42,0.0366351418197155,0.01813410222530365,9.809175491333008,40.033023834228516,-158.09730529785156,715.8765258789062,-0.002002668334171176,-0.005696986801922321,0.0025825542397797108,0.018315019086003304
31.959999084472656,42,0.04273249953985214,0.02058224007487297,9.799294471740723,41.925636291503906,-163.5226287841797,730.88623046875,-0.0037024461198598146,-0.0062699392437934875,0.0009018558776006103,0.0193615909665823
31.969999313354492,42,0.028890758752822876,0.010557916946709156,9.818467140197754,44.258426666259766,-169.26927185058594,746.5402221679688,-0.0009473918471485376,-0.007860008627176285,0.003231825539842248,0.020408162847161293
31.979999542236328,42,0.03986513242125511,0.0035778656601905823,9.817258834838867,47.054691314697266,-175.3098602294922,761.7881469726562,0.00043644843390211463,-0.009014892391860485,0.00696583790704608,0.022501308470964432
31.989999771118164,42,0.032219551503658295,0.01801121048629284,9.811331748962402,50.07258987426758,-181.37124633789062,775.852294921875,-0.00305850594304502,-0.007090928498655558,0.007106691133230925,0.02302459441125393
32,42,0.04128415882587433,0.02171521820127964,9.810393333435059,53.737613677978516,-187.58949279785156,792.3619384765625,-0.004833480343222618,-0.005581947509199381,-0.0002822086098603904,0.024071166291832924
32.0099983215332,42,0.0277789905667305,0.02571028657257557,9.806344032287598,57.125389099121094,-193.8077392578125,808.1870727539062,-0.0030674845911562443,-0.004379925783723593,0.0016916998429223895,0.025641025975346565
32.02000045776367,42,0.04097690433263779,0.010242062620818615,9.809664726257324,60.74766540527344,-200.08352661132812,825.5005493164062,-0.004607329610735178,-0.00582998339086771,0.00896668154746294,0.02668759785592556
32.029998779296875,42,0.043873582035303116,0.015632063150405884,9.810393333435059,64.38755798339844,-206.53746032714844,843.5348510742188,-0.01118253543972969,-0.004763764329254627,0.011355855502188206,0.029304029420018196
32.040000915527344,42,0.0565699003636837,0.016932131722569466,9.814652442932129,67.97415161132812,-213.43800354003906,861.82958984375,-0.007783540524542332,-0.01050619687885046,0.007655513007193804,0.031397175043821335
32.04999923706055,42,0.04972231388092041,0.021203167736530304,9.79792594909668,72.16275024414062,-221.43287658691406,882.2173461914062,-0.005623324774205685,-0.0026568591129034758,0.014170113019645214,0.032967034727334976
32.060001373291016,42,0.03557765856385231,0.004355103708803654,9.800248146057129,76.25248718261719,-229.26004028320312,902.1866455078125,-0.009118279442191124,-0.004986828658729792,0.004850233905017376,0.035583462566137314
32.06999969482422,42,0.03423897549510002,0.0025828713551163673,9.818572998046875,80.8564224243164,-236.95120239257812,923.6248779296875,-0.008065527305006981,-0.002769092796370387,0.0057626934722065926,0.037153322249650955
32.08000183105469,42,0.043259069323539734,0.011538896709680557,9.797395706176758,86.02140045166016,-244.8016815185547,945.727294921875,0.0006238786154426634,-0.006888627540320158,0.010152430273592472,0.0387231819331646
32.09000015258789,42,0.030134985223412514,0.025790058076381683,9.832719802856445,91.74740600585938,-252.71466064453125,967.8080444335938,-0.0001853256835602224,-0.009522750042378902,0.007722011301666498,0.03976975381374359
32.099998474121094,42,0.029421672224998474,0.021882308647036552,9.806562423706055,98.02793884277344,-260.0887145996094,989.6387329101562,-0.006318891886621714,-0.013754517771303654,0.006128855515271425,0.040816325694322586
32.11000061035156,41,0.03885867819190025,0.017030229791998863,9.791299819946289,103.89197540283203,-267.6394348144531,1011.91015625,-0.005308789666742086,-0.010414445772767067,0.003186090150848031,0.04186289757490158
32.119998931884766,42,0.043804094195365906,0.02644009329378605,9.781647682189941,110.482666015625,-274.710693359375,1034.3524169921875,-0.006775121670216322,-0.0070701646618545055,0.002171779051423073,0.04186289757490158
32.130001068115234,41,0.038946621119976044,0.026389427483081818,9.814579010009766,117.56999206542969,-281.0677795410156,1056.07275390625,-0.00874033197760582,-0.007799683138728142,0.0044663953594863415,0.04238618537783623
32.13999938964844,42,0.03388068825006485,0.02153734862804413,9.786514282226562,124.86843872070312,-286.90386962890625,1077.325927734375,-0.004985276609659195,-0.009426790289580822,0.007961349561810493,0.04395604506134987
32.150001525878906,42,0.02435574121773243,0.016932131722569466,9.797350883483887,132.0515594482422,-292.8033142089844,1099.125244140625,-0.001840490847826004,-0.011232628487050533,0.010174596682190895,0.046572476625442505
32.15999984741211,41,0.020423293113708496,0.016932131722569466,9.823017120361328,138.64859008789062,-300.44287109375,1122.0615234375,-0.005892404355108738,-0.008352994918823242,0.008445356972515583,0.04918890818953514
32.16999816894531,41,0.030196869745850563,0.01731697842478752,9.797410011291504,146.2046661376953,-308.9699401855469,1146.104736328125,-0.007845268584787846,-0.005366459023207426,0.00533592514693737,0.05180533602833748
32.18000030517578,42,0.03859919309616089,0.02126138098537922,9.814321517944336,153.9535675048828,-318.8971862792969,1172.0933837890625,-0.002475171582773328,-0.006587279960513115,0.007354727480560541,0.05337519571185112
32.189998626708984,42,0.035292115062475204,0.017977790907025337,9.807135581970215,161.62637329101562,-330.033203125,1197.9517822265625,-0.0005649558734148741,-0.005042945500463247,0.009238007478415966,0.05285191163420677
32.20000076293945,41,0.043873582035303116,0.025906482711434364,9.818889617919922,169.03103637695312,-341.9050598144531,1221.510009765625,-0.003398293163627386,-0.00371971121057868,0.003067964455112815,0.050235480070114136
32.209999084472656,42,0.04453912377357483,0.019732775166630745,9.810393333435059,175.5233612060547,-354.1638488769531,1244.778564453125,-0.004563278052955866,-0.0014789674896746874,0.003515776479616761,0.045002616941928864
32.220001220703125,42,0.04795586317777634,0.008095764555037022,9.808913230895996,181.45391845703125,-364.5958557128906,1266.66015625,-0.005521472543478012,-0.006063148844987154,0.009133909828960896,0.03819989413022995
32.22999954223633,42,0.04306907206773758,0.011350247077643871,9.802316665649414,186.07485961914062,-374.9287109375,1285.01611328125,-0.005521472543478012,-0.005477289669215679,0.01292516104876995,0.03244374692440033
32.2400016784668,42,0.04080427438020706,0.007365958299487829,9.806875228881836,189.60910034179688,-384.3406982421875,1300.7891845703125,-0.005852561444044113,-0.008392837829887867,0.01018133107572794,0.02668759785592556
32.25,41,0.04680392146110535,0.01017630472779274,9.7947998046875,192.38169860839844,-392.23846435546875,1315.5205078125,-0.010346394963562489,-0.003753662109375,0.002296358346939087,0.02302459441125393
32.2599983215332,42,0.03703034296631813,0.02070944383740425,9.811412811279297,194.4759979248047,-399.34503173828125,1330.7005615234375,-0.005686455871909857,-0.00025870761601254344,0.009286267682909966,0.02093144878745079
32.27000045776367,42,0.027256762608885765,0.016932131722569466,9.808706283569336,195.66964721679688,-407.5552062988281,1340.9036865234375,-0.004397733137011528,-0.008001142181456089,0.0027913085650652647,0.019884876906871796
32.279998779296875,41,0.02093900553882122,0.018075888976454735,9.788472175598145,197.27455139160156,-414.9198303222656,1353.5924072265625,-0.00854139868170023,-0.009785656817257404,0.005356968846172094,0.019884876906871796
32.290000915527344,41,0.02704722061753273,0.022927967831492424,9.798308372497559,198.69813537597656,-422.19683837890625,1364.744873046875,-0.006203291472047567,-0.007951479405164719,0.0018538774456828833,0.0193615909665823
32.29999923706055,41,0.02907533012330532,0.023934820666909218,9.800349235534668,199.63978576660156,-430.0607604980469,1373.8355712890625,0.00010479812772246078,-0.005621509626507759,0.0037579205818474293,0.019884876906871796
32.310001373291016,41,0.0217717457562685,0.015581398271024227,9.792999267578125,200.2662811279297,-438.8489990234375,1384.92724609375,0.00008908547897590324,-0.005042945500463247,0.01338279340416193,0.018315019086003304
32.31999969482422,42,0.040486160665750504,0.010729318484663963,9.806076049804688,200.7898712158203,-447.2880554199219,1396.67236328125,-0.0014271906111389399,-0.006670332979410887,0.012827238067984581,0.018315019086003304
32.33000183105469,41,0.04237421602010727,0.010343395173549652,9.801885604858398,201.8870849609375,-455.7966003417969,1407.376953125,-0.007102282717823982,-0.006745248567312956,0.00625062920153141,0.01726844534277916
32.34000015258789,41,0.04376284033060074,0.016932131722569466,9.807347297668457,202.9141387939453,-463.93505859375,1417.4888916015625,-0.011808798648416996,-0.0062699392437934875,0.008226501755416393,0.01726844534277916
32.349998474121094,41,0.05186985433101654,0.018558833748102188,9.797595977783203,203.4893341064453,-471.5574035644531,1427.697509765625,-0.00786210410296917,-0.008780605159699917,0.010104730725288391,0.016221873462200165
32.36000061035156,41,0.045275237411260605,0.023410912603139877,9.810393333435059,203.55531311035156,-478.5358581542969,1438.562255859375,-0.007027085870504379,-0.01061225775629282,0.007741090841591358,0.015698587521910667
32.369998931884766,41,0.03905627876520157,0.019439559429883957,9.803238868713379,204.39303588867188,-482.97747802734375,1448.2021484375,-0.009138200432062149,-0.008439975790679455,0.006072457879781723,0.0141287287697196
32.380001068115234,41,0.03720948472619057,0.005532280076295137,9.79843521118164,204.3468017578125,-487.9440002441406,1457.187255859375,-0.0037549156695604324,-0.0062699392437934875,0.007275602780282497,0.013605441898107529
32.38999938964844,42,0.028490131720900536,0.0044855414889752865,9.808465003967285,204.45651245117188,-492.9532775878906,1467.4698486328125,-0.0025116477627307177,-0.007029199507087469,0.01084883976727724,0.0141287287697196
32.400001525878906,42,0.023758599534630775,0.015252606943249702,9.805545806884766,204.84918212890625,-497.82794189453125,1477.3731689453125,-0.005795603152364492,-0.008088684640824795,0.008624369278550148,0.013082155957818031
32.40999984741211,41,0.02736642025411129,0.026498304679989815,9.795204162597656,205.50498962402344,-502.5360412597656,1485.3470458984375,-0.0033230965491384268,-0.0057587153278291225,0.008000070229172707,0.010465724393725395
32.41999816894531,41,0.028853844851255417,0.01805971935391426,9.79841136932373,206.9709930419922,-507.244140625,1494.6544189453125,-0.0042944783344864845,-0.004590363707393408,0.002171779051423073,0.006802720949053764
32.43000030517578,41,0.03862742334604263,0.009544596076011658,9.81788158416748,207.10923767089844,-511.2281494140625,1499.54638671875,-0.003899696748703718,-0.008197551593184471,0.002566560870036483,0.0010465724626556039
32.439998626708984,41,0.03934616222977638,0.014396675862371922,9.808406829833984,206.89842224121094,-513.5271606445312,1502.7886962890625,-0.0008918362436816096,-0.003676782129332423,0.005991930607706308,-0.006279435008764267
32.45000076293945,41,0.03890536352992058,0.021565375849604607,9.80539321899414,205.99009704589844,-514.6495971679688,1503.94873046875,-0.005498745013028383,-0.0013998427893966436,0.008291596546769142,-0.013605441898107529
32.459999084472656,42,0.03666554391384125,0.02411269024014473,9.803139686584473,204.23011779785156,-514.6616821289062,1502.2113037109375,-0.0020037908107042313,-0.007224767003208399,0.00596162723377347,-0.019884876906871796
32.470001220703125,42,0.029421672224998474,0.01680600643157959,9.805801391601562,202.13580322265625,-512.2632446289062,1496.671142578125,-0.0007299392600543797,-0.007496933452785015,0.008073863573372364,-0.02668759785592556
32.47999954223633,41,0.034504976123571396,0.01719624176621437,9.810126304626465,199.63636779785156,-508.661865234375,1486.8441162109375,-0.0027105817571282387,-0.006448390893638134,0.005161121021956205,-0.032967034727334976
32.4900016784668,42,0.04427855461835861,0.008752265945076942,9.80029010772705,197.19993591308594,-503.06732177734375,1475.0047607421875,-0.00010788458166643977,-0.007256472948938608,0.0016661668196320534,-0.0387231819331646
32.5,42,0.043329641222953796,0.00046136692981235683,9.79315185546875,194.6871795654297,-495.56573486328125,1460.8284912109375,-0.005858173128217459,-0.007496933452785015,-0.0009042633464559913,-0.04552590101957321
32.5099983215332,42,0.044556498527526855,0.010774594731628895,9.804839134216309,192.1244659423828,-486.4858093261719,1444.2540283203125,-0.009700490161776543,-0.007496933452785015,-0.0032342327758669853,-0.05180533602833748
32.52000045776367,42,0.045871295034885406,0.011332998983561993,9.818078994750977,189.6768341064453,-476.31292724609375,1425.489013671875,-0.008828435093164444,-0.00829743966460228,0.002440859330818057,-0.0565149150788784
32.529998779296875,42,0.043873582035303116,0.015971632674336433,9.81136703491211,185.90708923339844,-464.58709716796875,1401.6663818359375,-0.007236963137984276,-0.007985429838299751,0.005114263854920864,-0.06070120260119438
32.540000915527344,42,0.04091501608490944,0.015840118750929832,9.802568435668945,182.30368041992188,-452.4379577636719,1375.2037353515625,-0.008101442828774452,-0.01020288560539484,0.003949278965592384,-0.06436420977115631
32.54999923706055,42,0.04814043268561363,0.009142502211034298,9.809839248657227,178.7433624267578,-439.2843933105469,1346.8790283203125,-0.006744537968188524,-0.009946992620825768,0.0015553360572084785,-0.06802721321582794
32.560001373291016,42,0.031825438141822815,0.01966809667646885,9.812124252319336,175.11500549316406,-425.0513610839844,1317.4110107421875,-0.0053994180634617805,-0.00915434304624796,0.0030326107516884804,-0.07273678481578827
32.56999969482422,42,0.03245515003800392,0.01706472598016262,9.810393333435059,171.24119567871094,-409.9665222167969,1286.963623046875,-0.005767544731497765,-0.012649297714233398,0.005608371924608946,-0.0753532201051712
32.58000183105469,42,0.029346758499741554,0.018576081842184067,9.803878784179688,166.31959533691406,-394.1544189453125,1251.17431640625,-0.004722930025309324,-0.011859734542667866,0.005112580023705959,-0.07692307978868484
32.59000015258789,42,0.02791036106646061,0.01515019778162241,9.804024696350098,160.8603515625,-377.73419189453125,1216.80712890625,-0.006254357751458883,-0.005903496406972408,0.007940305396914482,-0.07849293202161789
32.599998474121094,42,0.022670716047286987,0.018852049484848976,9.805545806884766,155.70069885253906,-361.5976867675781,1180.6839599609375,-0.008279893547296524,-0.005347379017621279,0.007079754490405321,-0.07796964794397354
32.61000061035156,42,0.030121956020593643,0.018294723704457283,9.809012413024902,150.65768432617188,-345.49072265625,1144.028564453125,-0.008960030041635036,-0.006027514580637217,0.0056252069771289825,-0.07587650418281555
32.619998931884766,42,0.02721007727086544,0.013442645780742168,9.803319931030273,145.4219207763672,-328.96234130859375,1108.3092041015625,-0.0072537981905043125,-0.005042945500463247,0.00025903794448822737,-0.07482992857694626
32.630001068115234,42,0.03177223727107048,0.00859056692570448,9.822338104248047,140.18617248535156,-311.9066162109375,1071.7442626953125,-0.0030674845911562443,-0.004924539010971785,0.003753992263227701,-0.07273678481578827
32.63999938964844,42,0.03789239376783371,0.0037384876050055027,9.811402320861816,135.52674865722656,-295.584228515625,1035.2808837890625,-0.003123881993815303,-0.004041541367769241,0.006910562515258789,-0.07064364105463028
32.650001525878906,42,0.046502090990543365,0.013672259636223316,9.805545806884766,131.1337432861328,-279.08538818359375,1000.5664672851562,-0.004288866650313139,-0.008701479993760586,0.0034156080801039934,-0.06855049729347229
32.65999984741211,42,0.05248327925801277,0.013166677206754684,9.805545806884766,126.79351043701172,-262.51361083984375,965.76708984375,-0.0042944783344864845,-0.007564553990960121,0.004558146465569735,-0.06593406945466995
32.66999816894531,42,0.04192255809903145,0.012149045243859291,9.789999961853027,122.48487854003906,-246.0098114013672,930.38720703125,-0.002099750330671668,-0.007496933452785015,0.009015223011374474,-0.06279435008764267
32.68000030517578,42,0.03905627876520157,0.012149045243859291,9.801979064941406,118.5057144165039,-229.5758819580078,896.9246826171875,-0.003911200445145369,-0.007496933452785015,0.006427677348256111,-0.05965463072061539
32.689998626708984,42,0.023052886128425598,0.016121475026011467,9.801519393920898,115.03903198242188,-214.35926818847656,864.6552124023438,-0.006241170223802328,-0.008470279164612293,0.0039060688577592373,-0.055991627275943756
32.70000076293945,42,0.036068398505449295,0.0007664409349672496,9.800697326660156,111.8951644897461,-199.96231079101562,834.1431884765625,-0.008571140468120575,-0.009635264053940773,0.006132783368229866,-0.05389848351478577
32.709999084472656,42,0.043196097016334534,0.010131028480827808,9.813196182250977,108.6983413696289,-185.88328552246094,804.5651245117188,-0.008353126235306263,-0.010800248943269253,-0.001413523219525814,-0.05180533602833748
32.720001220703125,42,0.043873582035303116,0.02050785906612873,9.811005592346191,105.54902648925781,-172.01882934570312,775.3436279296875,-0.008762778714299202,-0.00960327684879303,0.003470321651548147,-0.050758764147758484
32.72999954223633,42,0.03531600162386894,0.01321842148900032,9.810393333435059,102.89733123779297,-158.66616821289062,746.2605590820312,-0.003399976994842291,-0.007998617365956306,0.006856129039078951,-0.04971219226717949
32.7400016784668,42,0.03423897549510002,0.01646643504500389,9.810393333435059,99.44174194335938,-146.76266479492188,718.559814453125,-0.002039705403149128,-0.006833632476627827,0.00518946023657918,-0.048665620386600494
32.75,42,0.03865673765540123,0.03009128011763096,9.81928539276123,96.07051849365234,-135.21707153320312,691.5733032226562,-0.004895769990980625,-0.0032634816598147154,0.0058283498510718346,-0.0476190485060215
32.7599983215332,42,0.03905627876520157,0.0179152674973011,9.797510147094727,92.42060089111328,-124.72172546386719,664.252685546875,-0.006600037217140198,-0.0017528175376355648,0.005461907014250755,-0.046572476625442505
32.77000045776367,42,0.03905627876520157,0.007883398793637753,9.818778038024902,88.4404296875,-114.77083587646484,637.5960083007812,-0.0060663665644824505,-0.004293225239962339,0.00483059324324131,-0.04604918882250786
32.779998779296875,42,0.011298970319330692,0.021146034821867943,9.815434455871582,84.18779754638672,-104.62023162841797,612.8057250976562,-0.005974334664642811,-0.006288738455623388,0.007079754490405321,-0.045002616941928864
32.790000915527344,42,0.024239569902420044,0.026377568021416664,9.805790901184082,79.37090301513672,-95.82586669921875,586.3237915039062,-0.009183654561638832,-0.00801741611212492,0.00813952088356018,-0.04395604506134987
32.79999923706055,42,0.03891730681061745,0.017052866518497467,9.819879531860352,75.28057861328125,-87.9560317993164,560.8989868164062,-0.0030674845911562443,-0.005687446799129248,0.00930450577288866,-0.042909473180770874
32.810001373291016,42,0.04369986802339554,0.021542737260460854,9.80598258972168,70.63888549804688,-80.17144775390625,537.0379638671875,-0.0037551959976553917,-0.0045036631636321545,0.005084241274744272,-0.04133961349725723
32.81999969482422,42,0.03439531475305557,0.011838581413030624,9.82868480682373,65.5291976928711,-72.49568176269531,513.9468383789062,-0.006079554092139006,-0.006828021258115768,0.006745298393070698,-0.039246466010808945
32.83000183105469,42,0.03973376005887985,0.0032555432990193367,9.797213554382324,60.41326904296875,-65.22256469726562,490.97015380859375,-0.0015248338459059596,-0.0029046146664768457,0.004836204927414656,-0.037153322249650955
32.84000015258789,42,0.052917562425136566,0.01751856319606304,9.823749542236328,55.910526275634766,-58.915489196777344,468.92034912109375,0.0017540709814056754,-0.006183519493788481,0.006950124632567167,-0.035060178488492966
32.849998474121094,42,0.04460318014025688,0.02577388845384121,9.80517864227295,51.31052017211914,-52.6909294128418,448.8260192871094,-0.0005758986226283014,-0.003853549947962165,0.0034551704302430153,-0.032967034727334976
32.86000061035156,42,0.05220533534884453,0.018656931817531586,9.80113410949707,47.139244079589844,-47.274410247802734,429.343017578125,0.000532688747625798,-0.002669766079634428,0.0011064016725867987,-0.030873887240886688
32.869998931884766,42,0.03905627876520157,0.0335635170340538,9.806053161621094,43.11194610595703,-42.088497161865234,410.97998046875,-0.0015548563096672297,-0.003673134371638298,0.006365668028593063,-0.029827315360307693
32.880001068115234,42,0.03733650967478752,0.01328741293400526,9.809239387512207,39.21656036376953,-36.998435974121094,393.9190979003906,-0.004906993359327316,-0.009948956780135632,0.01014625746756792,-0.027734169736504555
32.88999938964844,42,0.025247110053896904,0.019800689071416855,9.801344871520996,35.970394134521484,-32.734500885009766,377.63104248046875,-0.006481630727648735,-0.00829743966460228,0.010760736651718616,-0.027210883796215057
32.900001525878906,42,0.028709445148706436,0.008780294097959995,9.806262016296387,32.82794189453125,-29.350357055664062,359.6969299316406,-0.0031558687333017588,-0.007496933452785015,0.009862586855888367,-0.026164311915636063
32.90999984741211,42,0.024604368954896927,0.017708292230963707,9.809606552124023,29.844776153564453,-25.840463638305664,343.9241638183594,0.0015040704747661948,-0.004988512489944696,0.009533742442727089,-0.025641025975346565
32.91999816894531,42,0.028860360383987427,0.01917976140975952,9.805545806884766,27.07648277282715,-22.65755844116211,328.85491943359375,-0.000029040504159638658,-0.003815951757133007,0.007211348507553339,-0.02459445409476757
32.93000030517578,42,0.050532255321741104,0.008280102163553238,9.802765846252441,24.428600311279297,-20.01858139038086,314.0715026855469,-0.003264735220000148,-0.003815951757133007,0.0037163940723985434,-0.023547880351543427
32.939998626708984,42,0.05634515732526779,0.013132181949913502,9.794986724853516,21.738649368286133,-17.872770309448242,300.0455627441406,-0.002994252135977149,-0.005116177722811699,0.008022797293961048,-0.022501308470964432
32.95000076293945,44,0.04551192373037338,0.015880003571510315,9.805061340332031,19.644350051879883,-15.474305152893066,286.8599853515625,-0.00007617855590069667,-0.006858043372631073,0.012626620009541512,-0.021454736590385437
32.959999084472656,42,0.031980693340301514,0.014391285367310047,9.790699005126953,17.806812286376953,-13.366262435913086,271.9537048339844,0.00026220575091429055,-0.00697083817794919,0.010409445501863956,-0.02093144878745079
32.970001220703125,42,0.028200246393680573,0.02171521820127964,9.803133010864258,16.209718704223633,-11.219597816467285,257.8251037597656,-0.004625006578862667,-0.00580585328862071,0.004594060592353344,-0.019884876906871796
32.97999954223633,42,0.03778816759586334,0.022974321618676186,9.798401832580566,14.853065490722656,-9.060644149780273,244.99160766601562,-0.007192069664597511,-0.0066512529738247395,0.0017074125353246927,-0.0188383050262928
32.9900016784668,42,0.03423897549510002,0.026498304679989815,9.806891441345215,13.618008613586426,-7.108245849609375,233.07518005371094,-0.001027077785693109,-0.009950920939445496,0.0076266126707196236,-0.018315019086003304
33,42,0.031424809247255325,0.02230704016983509,9.806145668029785,11.733139038085938,-5.864597797393799,221.55165100097656,0.0023480672389268875,-0.007170333527028561,0.006686937063932419,-0.01726844534277916
33.0099983215332,42,0.027557505294680595,0.01361512579023838,9.797335624694824,10.860623359680176,-4.542876720428467,210.02813720703125,-0.005374726839363575,0.001022719545289874,0.009749792516231537,-0.016221873462200165
33.02000045776367,42,0.02805476076900959,0.012326914817094803,9.802253723144531,9.655365943908691,-3.0387015342712402,199.43264770507812,-0.009813285432755947,-0.004580823704600334,0.011068818159401417,-0.016221873462200165
33.029998779296875,42,0.02304745838046074,0.004186935722827911,9.810422897338867,8.232253074645996,-1.7308497428894043,189.80348205566406,-0.005705535411834717,-0.0015460270224139094,0.013398787006735802,-0.014652014710009098
33.040000915527344,42,0.04074130207300186,0.0090390145778656,9.81500244140625,6.925947666168213,-0.7492334246635437,181.00299072265625,-0.007765302434563637,-0.003815951757133007,0.015488578006625175,-0.0141287287697196
33.04999923706055,42,0.04738260433077812,0.008664948865771294,9.805545806884766,5.878798484802246,0.6720787286758423,173.02517700195312,0.0003895906265825033,-0.003815951757133007,0.008498667739331722,-0.013605441898107529
33.060001373291016,42,0.04986019805073738,0.008015992119908333,9.801874160766602,4.831648826599121,1.1744486093521118,163.38011169433594,-0.003918495960533619,-0.0026829533744603395,0.0015087591018527746,-0.013082155957818031
33.06999969482422,42,0.04576706513762474,0.013172067701816559,9.799660682678223,3.7105894088745117,1.7440067529678345,155.34999084472656,-0.003223489271476865,-0.011156870983541012,0.005228742025792599,-0.012558870017528534
33.08000183105469,41,0.04869088903069496,0.013213030993938446,9.809496879577637,2.854776620864868,2.407688856124878,147.72372436523438,-0.0010495244059711695,-0.012404908426105976,0.009888681583106518,-0.012035583145916462
33.09000015258789,41,0.038528624922037125,0.015661170706152916,9.81933307647705,2.4550740718841553,3.0552947521209717,140.34884643554688,0.0012804451398551464,-0.010510966181755066,0.006025881506502628,-0.012035583145916462
33.099998474121094,41,0.022502431645989418,0.011539975181221962,9.814360618591309,2.4538323879241943,3.5003323554992676,134.91554260253906,0.0009555288124829531,-0.01083588320761919,0.004625767003744841,-0.010989011265337467
33.11000061035156,41,0.01761564239859581,0.016932131722569466,9.802882194519043,1.8255425691604614,4.388652801513672,127.49175262451172,-0.0026783146895468235,-0.010354962199926376,0.0054487199522554874,-0.010465724393725395
33.119998931884766,41,0.023933399468660355,0.014707139693200588,9.805545806884766,1.5990246534347534,4.322642803192139,120.83318328857422,-0.007338253781199455,-0.007668089587241411,0.00661370437592268,-0.009942438453435898
33.130001068115234,41,0.03423897549510002,0.014443029649555683,9.807870864868164,1.326949119567871,4.156615734100342,114.76078796386719,-0.005008845590054989,-0.004173134919255972,0.006380819715559483,-0.009942438453435898
33.13999938964844,41,0.04137861728668213,0.028747014701366425,9.803208351135254,1.0329667329788208,4.130131721496582,109.65972137451172,-0.001840490847826004,-0.003862809156998992,0.0033050579950213432,-0.0094191525131464
33.150001525878906,41,0.04624152183532715,0.026255754753947258,9.798314094543457,1.006359338760376,4.063871383666992,106.08586883544922,-0.004140157252550125,-0.007342611905187368,0.002094618510454893,-0.008895865641534328
33.15999984741211,41,0.04639243707060814,0.017150966450572014,9.803232192993164,0.5874994993209839,4.330367565155029,102.09696197509766,-0.007774281315505505,-0.008412198163568974,0.005450403317809105,-0.008895865641534328
33.16999816894531,40,0.03574920445680618,0.02171521820127964,9.80294132232666,0.16863958537578583,4.375962257385254,97.64881896972656,-0.006947961635887623,-0.0067208376713097095,0.006954052951186895,-0.008895865641534328
33.18000030517578,40,0.024604368954896927,0.0190762747079134,9.808721542358398,-0.001293100998736918,4.375962257385254,93.6326904296875,0.00004363087282399647,-0.008274712599813938,0.005792435258626938,-0.008372579701244831
33.189998626708984,41,0.0327862910926342,0.014224194921553135,9.809752464294434,-0.0389573760330677,4.471816539764404,89.45809173583984,0.004133423324674368,-0.01027780119329691,0.007652987726032734,-0.008372579701244831
33.20000076293945,40,0.03346269205212593,0.006595188286155462,9.816804885864258,-0.06509177386760712,4.716092109680176,84.58287811279297,-0.003597227158024907,-0.009323815815150738,0.00717711728066206,-0.007849293760955334
33.209999084472656,40,0.029421672224998474,0.005428791977465153,9.80763053894043,0.4584830701351166,4.804924011230469,81.2587890625,-0.005521472543478012,-0.003197544487193227,0.010161970742046833,-0.008372579701244831
33.220001220703125,41,0.03822896629571915,0.016110695898532867,9.804713249206543,0.6090810298919678,4.9728569984436035,77.63870239257812,-0.004958059638738632,-0.0065516456961631775,0.0009447852498851717,-0.007849293760955334
33.22999954223633,40,0.03485783189535141,0.01574740931391716,9.80132007598877,0.645119309425354,4.626181602478027,74.9269027709961,-0.0007711851503700018,-0.008329706266522408,0.0011024734703823924,-0.007849293760955334
33.2400016784668,40,0.029421672224998474,0.012149045243859291,9.802038192749023,0.7774468660354614,4.415964126586914,71.49732971191406,-0.0030506495386362076,-0.0025552876759320498,0.00338193797506392,-0.007326007355004549
33.25,40,0.03885433450341225,0.005905268248170614,9.805545806884766,1.0525083541870117,4.738137245178223,66.77259063720703,-0.0018856648821383715,-0.00022531811555381864,0.0022169530857354403,-0.007849293760955334
33.2599983215332,40,0.037446167320013046,0.01853727363049984,9.805545806884766,1.1572233438491821,4.915801048278809,63.670108795166016,-0.001840490847826004,-0.00013497007603291422,0.002171779051423073,-0.007849293760955334
33.27000045776367,40,0.047371748834848404,0.019978560507297516,9.812153816223145,0.8631818890571594,4.416917324066162,58.985347747802734,0.0013329143403097987,-0.0022505735978484154,-0.0020594277884811163,-0.007326007355004549
33.279998779296875,40,0.04345015436410904,0.010274402797222137,9.815241813659668,0.6241585612297058,4.4574713706970215,54.697750091552734,0.0008446981082670391,-0.003584750462323427,0.006225937511771917,-0.007849293760955334
33.290000915527344,40,0.03905627876520157,0.0141616715118289,9.818685531616211,0.7180531620979309,4.7239670753479,51.614410400390625,-0.004055421333760023,-0.007551085669547319,0.010174316354095936,-0.007326007355004549
33.29999923706055,40,0.04254792630672455,0.013465283438563347,9.81657600402832,1.0069801807403564,4.946373462677002,49.45497131347656,-0.007265021558851004,-0.005236829165369272,0.004658314865082502,-0.007326007355004549
33.310001373291016,40,0.029629042372107506,0.012149045243859291,9.808073997497559,0.9065223932266235,5.0376129150390625,46.79570007324219,-0.007975460030138493,-0.0013866553781554103,0.0029815444722771645,-0.007326007355004549
33.31999969482422,40,0.02823498845100403,0.012149045243859291,9.801891326904297,1.1159522533416748,5.3041090965271,44.13642883300781,-0.0049844346940517426,-0.00387375196442008,0.005642042029649019,-0.007326007355004549
33.33000183105469,40,0.04422209784388542,0.012149045243859291,9.800697326660156,1.3253822326660156,5.224631309509277,40.00990295410156,-0.0037532318383455276,-0.009698675945401192,0.0077655017375946045,-0.007326007355004549
33.34000015258789,40,0.04869088903069496,0.012149045243859291,9.808284759521484,1.363815188407898,5.143674373626709,37.33667755126953,-0.006789431441575289,-0.01115743163973093,0.01017796341329813,-0.007326007355004549
33.349998474121094,40,0.02949550189077854,0.019772661849856377,9.810393333435059,1.2266687154769897,5.2262115478515625,35.919795989990234,-0.0069555374793708324,-0.007704004179686308,0.010302542708814144,-0.006802720949053764
33.36000061035156,40,0.02851293236017227,0.006192015949636698,9.814327239990234,1.0408307313919067,5.432666778564453,33.831180572509766,-0.005293918773531914,-0.005542665719985962,0.008806468918919563,-0.007326007355004549
33.369998931884766,40,0.03339971974492073,0.0025828713551163673,9.815241813659668,1.1455457210540771,4.899674892425537,31.947528839111328,-0.004559910856187344,-0.0062699392437934875,0.006469764746725559,-0.006802720949053764
33.380001068115234,40,0.03828651085495949,-0.0014359134947881103,9.815241813659668,1.162249207496643,5.038640975952148,29.691364288330078,-0.0002377949422225356,-0.005894237197935581,0.002071891212835908,-0.006802720949053764
33.38999938964844,40,0.014354162849485874,0.005975338164716959,9.806955337524414,1.4160248041152954,5.036032676696777,26.357511520385742,0.0012408827897161245,-0.005670331418514252,0.004312074277549982,-0.006802720949053764
33.400001525878906,40,0.022711973637342453,0.01567949540913105,9.801332473754883,1.7960083484649658,5.122206687927246,23.479291915893555,0.002060749102383852,-0.006741881836205721,0.0033987730275839567,-0.006802720949053764
33.40999984741211,40,0.024604368954896927,0.012706371024250984,9.817830085754395,2.0386087894439697,5.5702290534973145,22.300373077392578,-0.002409515203908086,-0.003626276971772313,0.0039677973836660385,-0.006802720949053764
33.41999816894531,40,0.03758079558610916,0.016443798318505287,9.80703067779541,1.829178810119629,5.481396675109863,19.9735107421875,-0.005138475447893143,-0.0024612920824438334,0.006696757394820452,-0.006802720949053764
33.43000030517578,40,0.03905627876520157,0.021295875310897827,9.809967994689941,1.5252926349639893,5.39256477355957,17.046958923339844,-0.002168774139136076,-0.001690247212536633,0.003530086250975728,-0.006802720949053764
33.439998626708984,39,0.0435207262635231,0.030580691993236542,9.801407814025879,1.5605918169021606,5.244444370269775,15.312461853027344,-0.00796816498041153,-0.007489638403058052,0.005860055796802044,-0.006802720949053764
33.45000076293945,39,0.05747538432478905,0.013274477794766426,9.809823036193848,1.6793791055679321,5.2974629402160645,13.245306015014648,-0.005638195667415857,-0.0051596686244010925,0.008190025575459003,-0.006802720949053764
33.459999084472656,39,0.058325495570898056,0.021290486678481102,9.79649543762207,1.7208867073059082,5.547155380249023,10.338461875915527,-0.005521472543478012,-0.002829698845744133,0.01273324154317379,-0.006279435008764267
33.470001220703125,39,0.04897968843579292,0.01707550510764122,9.786444664001465,1.9303165674209595,5.3694915771484375,9.11962890625,-0.005521472543478012,-0.0015443435404449701,0.007991652935743332,-0.006802720949053764
33.47999954223633,39,0.04869088903069496,-0.0019026874797418714,9.800471305847168,1.6352403163909912,5.534214496612549,8.96847152709961,-0.005521472543478012,-0.0072575947269797325,0.006097149569541216,-0.006279435008764267
33.4900016784668,39,0.03900308161973953,0.012260078452527523,9.810317993164062,1.1684280633926392,5.8413896560668945,6.91914701461792,-0.007362664677202702,-0.008723926730453968,0.006773356813937426,-0.006279435008764267
33.5,39,0.03410543501377106,0.02145002968609333,9.805142402648926,1.0072166919708252,5.933230876922607,4.8063812255859375,-0.0028239379171282053,-0.012158275581896305,0.003645406337454915,-0.006279435008764267
33.5099983215332,39,0.030233783647418022,0.011947458609938622,9.791206359863281,1.1894478797912598,5.7555670738220215,3.365941286087036,-0.006986120715737343,-0.013631902635097504,0.005358091089874506,-0.005756148602813482
33.52000045776367,39,0.04760083556175232,0.007907113991677761,9.796398162841797,1.2889004945755005,5.595759868621826,1.9533432722091675,-0.010429447516798973,-0.009224489331245422,0.007814323529601097,-0.006279435008764267
33.529998779296875,39,0.030447671189904213,0.016592562198638916,9.806578636169434,1.18418550491333,6.128751754760742,1.620934247970581,-0.009756888262927532,-0.004252259619534016,0.010324428789317608,-0.006802720949053764
33.540000915527344,39,0.0430506132543087,0.012149045243859291,9.816777229309082,1.162249207496643,6.240406036376953,-0.5508931279182434,-0.008591903373599052,-0.003199508646503091,0.010766629129648209,-0.006279435008764267
33.54999923706055,39,0.0337580069899559,0.013104152865707874,9.78614616394043,1.045827031135559,6.240406036376953,-2.717402458190918,-0.005232751369476318,-0.0071072024293243885,0.006791033782064915,-0.006279435008764267
33.560001373291016,39,0.031073039397597313,0.021168673411011696,9.825907707214355,0.8027534484863281,6.126243591308594,-4.312252998352051,-0.0023270235396921635,-0.010691381990909576,0.003885305719450116,-0.006279435008764267
33.56999969482422,39,0.042013756930828094,0.016316594555974007,9.799592971801758,0.49768465757369995,5.817112445831299,-5.463860034942627,-0.003916531801223755,-0.009950920939445496,0.006748385261744261,-0.005756148602813482
33.58000183105469,39,0.029421672224998474,0.012149045243859291,9.822161674499512,0.2882547080516815,5.994776725769043,-5.9070725440979,-0.005883987061679363,-0.009588406421244144,0.00894816406071186,-0.005756148602813482
33.59000015258789,38,0.029421672224998474,0.012149045243859291,9.804781913757324,0.7033895254135132,6.021059989929199,-7.577627182006836,-0.006147455424070358,-0.00932493805885315,0.005527283530682325,-0.006279435008764267
33.599998474121094,38,0.03273526579141617,0.011326530948281288,9.804031372070312,0.7743722200393677,6.185607433319092,-9.734939575195312,-0.0038174856454133987,-0.010700922459363937,0.007591259200125933,-0.006279435008764267
33.61000061035156,38,0.04869088903069496,0.009148970246315002,9.816474914550781,0.5649423003196716,6.350079536437988,-11.383095741271973,-0.0014875162160024047,-0.008017977699637413,0.003919817507266998,-0.006279435008764267
33.619998931884766,38,0.045788779854774475,0.01789262890815735,9.802644729614258,0.41759631037712097,6.336912631988525,-12.084920883178711,-0.00007337274291785434,-0.004502821248024702,-0.00005325206075212918,-0.005756148602813482
33.630001068115234,38,0.03734954074025154,0.019656237214803696,9.807263374328613,0.6270262598991394,6.248080253601074,-13.636163711547852,-0.006643527653068304,-0.011020507663488388,0.002434125170111656,-0.006279435008764267
33.63999938964844,38,0.04537186771631241,0.01434601005166769,9.799190521240234,0.45378240942955017,6.402721405029297,-15.693559646606445,-0.0043135578744113445,-0.007525552995502949,0.00825904868543148,-0.006279435008764267
33.650001525878906,38,0.03423897549510002,0.022882692515850067,9.806843757629395,0.45765528082847595,6.3391194343566895,-16.143653869628906,-0.005449923686683178,-0.008652377873659134,0.009462193585932255,-0.006279435008764267
33.65999984741211,38,0.03797490894794464,0.025261837989091873,9.795849800109863,0.5158368349075317,6.279881477355957,-16.549827575683594,-0.0044280365109443665,-0.00763049116358161,0.005159998778253794,-0.005756148602813482
33.66999816894531,38,0.04606129229068756,0.01779884286224842,9.797172546386719,0.44993913173675537,6.312811374664307,-18.08864974975586,-0.0042944783344864845,-0.008528360165655613,0.003594340058043599,-0.006279435008764267
33.68000030517578,38,0.04044056311249733,0.007365958299487829,9.799304008483887,0.13579422235488892,6.1351470947265625,-20.415515899658203,-0.002355643082410097,-0.007754509337246418,0.007276443764567375,-0.005756148602813482
33.689998626708984,37,0.04096604511141777,0.013139726594090462,9.804628372192383,0.23010273277759552,6.823733329772949,-21.87797737121582,-0.006377534009516239,-0.004774707369506359,0.007399339694529772,-0.005756148602813482
33.70000076293945,38,0.031192468479275703,0.023473436012864113,9.814207077026367,0.2572718560695648,6.547631740570068,-23.318416595458984,-0.007975460030138493,-0.002970552071928978,0.0011619575088843703,-0.005756148602813482
33.709999084472656,37,0.02301163040101528,0.010606426745653152,9.79581069946289,0.15131521224975586,6.19546365737915,-24.310388565063477,-0.004841897636651993,-0.003372348379343748,0.004757921677082777,-0.005756148602813482
33.720001220703125,37,0.029760416597127914,0.004401457495987415,9.813909530639648,-0.001293100998736918,6.0584282875061035,-25.01471710205078,-0.004510247614234686,-0.006701477337628603,0.004699840676039457,-0.005756148602813482
33.72999954223633,41,0.04869088903069496,0.016932131722569466,9.82978630065918,-0.001293100998736918,5.801713466644287,-26.082080841064453,-0.003543355269357562,-0.010042672045528889,0.002171779051423073,-0.005756148602813482
33.7400016784668,37,0.045088496059179306,0.016932131722569466,9.82978630065918,-0.001293100998736918,5.801713466644287,-26.082080841064453,-0.001840490847826004,-0.011177915148437023,0.002171779051423073,-0.005756148602813482
33.75,37,0.03905627876520157,0.013217343017458916,9.818490028381348,0.41866064071655273,5.801713466644287,-27.237442016601562,-0.00451726233586669,-0.006895080674439669,0.002707133302465081,-0.005756148602813482
33.7599983215332,37,0.03711611405014992,0.003513185540214181,9.806554794311523,0.3480031490325928,5.801713466644287,-28.36349105834961,-0.007502114865928888,-0.0018353090854361653,0.004818808753043413,-0.005756148602813482
33.77000045776367,37,0.040267933160066605,0.00977205391973257,9.803107261657715,0.10327403992414474,5.890419960021973,-28.9179744720459,-0.007159802597016096,-0.004645638633519411,0.005023073870688677,-0.005232862196862698
33.779998779296875,37,0.05077002942562103,0.022369563579559326,9.802892684936523,0.4174189269542694,6.130733013153076,-29.014013290405273,-0.006927478592842817,-0.00942258071154356,0.001992766512557864,-0.005756148602813482
33.790000915527344,37,0.04706231877207756,0.016932131722569466,9.81196403503418,0.7315638661384583,6.130733013153076,-31.008468627929688,-0.00314520625397563,-0.010603278875350952,0.005200402811169624,-0.005756148602813482
33.79999923706055,37,0.03462006151676178,0.014729777351021767,9.802546501159668,0.23178786039352417,5.823858737945557,-31.471826553344727,0.00038818796747364104,-0.008047999814152718,0.006403827574104071,-0.005232862196862698
33.810001373291016,37,0.03628445789217949,0.01442039106041193,9.810393333435059,0.13044317066669464,5.859672546386719,-31.484338760375977,-0.000123597274068743,-0.005042945500463247,0.0029088733717799187,-0.005232862196862698
33.81999969482422,37,0.039159420877695084,0.016932131722569466,9.808021545410156,0.3398731052875519,5.915951251983643,-31.592044830322266,0.002257158048450947,-0.004941654857248068,0.000528117991052568,-0.005232862196862698
33.83000183105469,37,0.039092108607292175,0.016932131722569466,9.817755699157715,0.49910372495651245,5.635260105133057,-32.106082916259766,-0.006709184497594833,-0.00409092428162694,0.00941589754074812,-0.005232862196862698
33.84000015258789,37,0.036385428160429,0.019410453736782074,9.82978630065918,0.39438873529434204,5.279932498931885,-32.99250411987305,-0.005544200073927641,-0.012245817109942436,0.00592094287276268,-0.005232862196862698
33.849998474121094,40,0.029421672224998474,0.02171521820127964,9.82978630065918,-0.582251250743866,5.582091331481934,-33.77641677856445,-0.003236957360059023,-0.008978135883808136,0.00471050338819623,-0.005232862196862698
33.86000061035156,37,0.026786649599671364,0.016482606530189514,9.819178581237793,-0.906270444393158,5.69204044342041,-34.01641845703125,-0.005227981600910425,-0.005483181681483984,0.008946760557591915,-0.005232862196862698
33.869998931884766,37,0.027308877557516098,0.0202049408107996,9.813115119934082,-0.8585249185562134,5.7325439453125,-34.47111129760742,-0.005521472543478012,-0.005042945500463247,0.009533742442727089,-0.005232862196862698
33.880001068115234,37,0.029421672224998474,0.02098972350358963,9.818033218383789,-0.753809928894043,5.762388706207275,-35.22308349609375,-0.0007403208292089403,-0.003130484838038683,0.00570882111787796,-0.005232862196862698
33.88999938964844,37,0.03226515278220177,0.019755413755774498,9.817228317260742,-0.6490949988365173,5.5847249031066895,-35.11227798461914,-0.0038576095830649137,-0.000800515350420028,0.007308430504053831,-0.005232862196862698
33.900001525878906,37,0.037151940166950226,0.018822943791747093,9.80644702911377,-0.7510309815406799,5.757673740386963,-35.43880844116211,-0.005521472543478012,-0.0076248799450695515,0.009138960391283035,-0.0047095762565732
33.90999984741211,37,0.042038727551698685,0.016932131722569466,9.812703132629395,-0.8557459115982056,5.668089389801025,-35.771217346191406,-0.00013005107757635415,-0.007326899562031031,0.007223132997751236,-0.0047095762565732
33.91999816894531,37,0.043873582035303116,0.010871615260839462,9.817018508911133,-0.7978895902633667,5.812222003936768,-36.27565002441406,0.0009429025813005865,-0.005751139484345913,0.00443637277930975,-0.0047095762565732
33.93000030517578,37,0.05011642724275589,0.007365958299487829,9.812100410461426,-0.5588366985321045,6.030213832855225,-36.815086364746094,-0.0012596820015460253,-0.005623754113912582,0.00210640300065279,-0.005232862196862698
33.939998626708984,37,0.04712637513875961,0.007365958299487829,9.807182312011719,-0.2699688971042633,5.704906463623047,-37.052738189697266,-0.0030088424682617188,-0.005042945500463247,0.003865664592012763,-0.005232862196862698
33.95000076293945,37,0.040613189339637756,0.010603193193674088,9.808826446533203,-0.47939881682395935,5.971402168273926,-37.606754302978516,-0.0037723116111010313,-0.006087279412895441,0.008124087937176228,-0.005232862196862698
33.959999084472656,37,0.04238615557551384,0.012149045243859291,9.80034065246582,-0.9444373250007629,6.165618896484375,-37.439517974853516,-0.002607326954603195,-0.00657661771401763,0.010454058647155762,-0.005232862196862698
33.970001220703125,37,0.0472729466855526,0.018899481743574142,9.795849800109863,-1.043564796447754,5.880338191986084,-37.23543167114258,-0.0014423420652747154,-0.0058392430655658245,0.011589582078158855,-0.005756148602813482
33.97999954223633,37,0.038284339010715485,0.014826797880232334,9.80632209777832,-0.8702026009559631,5.380902290344238,-37.04829788208008,0.00005878234878764488,-0.007496933452785015,0.009416177868843079,-0.005232862196862698
33.9900016784668,37,0.020085636526346207,0.019175449386239052,9.81395435333252,-0.7999886274337769,5.231478214263916,-36.825408935546875,0.0007439685286954045,-0.0061262804083526134,0.005852760747075081,-0.0047095762565732
34,36,0.02940104342997074,0.02171521820127964,9.804348945617676,-1.0094186067581177,6.030966281890869,-37.49022674560547,-0.0024311200249940157,-0.001998328370973468,0.006277003791183233,-0.005232862196862698
34.0099983215332,37,0.023207057267427444,0.014412845484912395,9.811800003051758,-1.310496211051941,5.664252281188965,-36.79737854003906,0.000613496929872781,-0.005343170370906591,0.008306748233735561,-0.0047095762565732
34.02000045776367,36,0.023533856496214867,0.015869224444031715,9.807700157165527,-1.2221596240997314,5.415788173675537,-35.981937408447266,-0.0000913300973479636,-0.007232623174786568,0.008394851349294186,-0.0047095762565732
34.029998779296875,37,0.03605319932103157,0.016932131722569466,9.813226699829102,-0.9505274891853333,5.471214294433594,-35.74612808227539,-0.009176359511911869,-0.0037898574955761433,0.009403270669281483,-0.0047095762565732
34.040000915527344,37,0.03128475323319435,0.009215806610882282,9.79568862915039,-0.7949331998825073,5.69204044342041,-36.14823532104492,-0.00801137462258339,-0.0026248726062476635,0.003578346921131015,-0.0041862898506224155
34.04999923706055,36,0.04524266719818115,0.023074576631188393,9.814884185791016,-0.899648129940033,5.69204044342041,-35.815826416015625,-0.005717320367693901,-0.0071052382700145245,0.007915052585303783,-0.0047095762565732
34.060001373291016,36,0.0406414195895195,0.014509866014122963,9.811988830566406,-1.200548529624939,5.69204044342041,-35.27582550048828,-0.0023202896118164062,-0.007496933452785015,0.006172626279294491,-0.0047095762565732
34.06999969482422,36,0.03905627876520157,0.004018767736852169,9.810393333435059,-1.220592737197876,5.3801751136779785,-35.26641082763672,-0.002845542738214135,-0.007496933452785015,0.004847709089517593,-0.0041862898506224155
34.08000183105469,36,0.04738369211554527,0.010851132683455944,9.80201244354248,-1.4585813283920288,5.642056465148926,-35.22899627685547,-0.004010527394711971,-0.0008956330711953342,0.00368272396735847,-0.0041862898506224155
34.09000015258789,36,0.04869088903069496,0.007945922203361988,9.804957389831543,-1.8429697751998901,6.418371200561523,-34.76754379272461,-0.006056546233594418,0.001092023798264563,0.0033987730275839567,-0.0047095762565732
34.099998474121094,37,0.05729623883962631,0.020182302221655846,9.80987548828125,-1.424109935760498,6.240706920623779,-33.88112258911133,-0.006748466286808252,-0.003822124330326915,0.006674871779978275,-0.0041862898506224155
34.11000061035156,36,0.049581173807382584,0.017374111339449883,9.805994033813477,-1.318862795829773,6.063043117523193,-33.54777145385742,-0.005234434735029936,-0.007783970329910517,0.009820779785513878,-0.0041862898506224155
34.119998931884766,36,0.044249240309000015,0.016932131722569466,9.801074981689453,-1.134177803993225,6.224581241607666,-31.8614501953125,-0.0008194454712793231,-0.009418933652341366,0.006590696983039379,-0.0041862898506224155
34.130001068115234,37,0.03936244919896126,0.021411221474409103,9.805237770080566,-0.9801504015922546,6.209082126617432,-31.221782684326172,-0.00005850176603416912,-0.006785933393985033,0.005297765601426363,-0.0041862898506224155
34.13999938964844,37,0.02989504300057888,0.008070969954133034,9.805545806884766,-0.9987756013870239,6.125692367553711,-31.429813385009766,-0.002982467645779252,-0.003244963241741061,0.006508766207844019,-0.0041862898506224155
34.150001525878906,37,0.020121464505791664,0.007365958299487829,9.786827087402344,-1.2941179275512695,6.4438018798828125,-30.59644317626953,-0.004803457763046026,-0.003097937209531665,0.005852760747075081,-0.0036630036775022745
34.15999984741211,37,0.02450665459036827,0.012052025645971298,9.805152893066406,-1.2941179275512695,6.177305698394775,-30.59644317626953,-0.003733591176569462,-0.0011341297067701817,0.0027239685878157616,-0.0036630036775022745
34.16999816894531,37,0.03418251872062683,0.016904104501008987,9.795989036560059,-0.9484580159187317,6.20404052734375,-29.682052612304688,-0.002153341891244054,0.0012362439883872867,-0.0008113901130855083,-0.0041862898506224155
34.18000030517578,37,0.034128233790397644,0.016932131722569466,9.805434226989746,-0.7151405215263367,6.6601386070251465,-27.85414695739746,-0.005844424478709698,-0.0034929995890706778,0.0030758208595216274,-0.0041862898506224155
34.189998626708984,36,0.029421672224998474,0.016932131722569466,9.80105972290039,-0.7968252897262573,7.054540634155273,-26.237337112426758,-0.007792238611727953,-0.0028499008622020483,0.0026936654467135668,-0.0041862898506224155
34.20000076293945,37,0.03042052686214447,0.016932131722569466,9.810142517089844,-1.1775479316711426,6.8768768310546875,-25.662799835205078,-0.011457507498562336,-0.004213819745928049,0.004028964787721634,-0.0036630036775022745
34.209999084472656,38,0.04869088903069496,0.01661519892513752,9.806188583374023,-1.2822628021240234,6.699213027954102,-23.335935592651367,-0.009744822978973389,-0.006133014336228371,0.0010817102156579494,-0.0041862898506224155
34.220001220703125,37,0.04907957464456558,0.011763121001422405,9.814850807189941,-1.108398199081421,7.07297420501709,-23.66205596923828,-0.004219562280923128,-0.0055673569440841675,0.002546358620747924,-0.0041862898506224155
34.22999954223633,37,0.052591852843761444,0.008730706758797169,9.810393333435059,-1.2404301166534424,7.285398960113525,-22.66482925415039,-0.003054577624425292,-0.01359318196773529,0.008268027566373348,-0.0036630036775022745
34.2400016784668,38,0.043873582035303116,0.02171521820127964,9.808799743652344,-1.3359507322311401,7.485509395599365,-21.058778762817383,-0.0018895930843427777,-0.010098227299749851,0.004773073364049196,-0.0036630036775022745
34.25,37,0.04327644035220146,0.02052941918373108,9.798853874206543,-1.0498913526535034,7.727076053619385,-19.718318939208984,-0.0029563733842223883,-0.007719155866652727,0.0023940016981214285,-0.0036630036775022745
34.2599983215332,37,0.03772302344441414,0.012149045243859291,9.81539249420166,-0.4216015934944153,7.460579872131348,-17.834667205810547,-0.0030674845911562443,-0.007496933452785015,0.0011179056018590927,-0.0036630036775022745
34.27000045776367,37,0.030893897637724876,0.012149045243859291,9.788376808166504,-0.19053097069263458,7.699538707733154,-15.425623893737793,-0.0070349425077438354,-0.007496933452785015,0.0009447852498851717,-0.0036630036775022745
34.279998779296875,38,0.037445079535245895,0.011349169537425041,9.803130149841309,-0.280050128698349,7.712429523468018,-14.648688316345215,-0.00518589373677969,-0.0084267882630229,0.0009447852498851717,-0.0036630036775022745
34.290000915527344,38,0.030296755954623222,0.009103694930672646,9.811718940734863,-0.1884615123271942,7.878958225250244,-13.263806343078613,-0.0008230929961428046,-0.00525254150852561,0.0026804779190570116,-0.0036630036775022745
34.29999923706055,38,0.030460698530077934,0.017869992181658745,9.794898986816406,0.0767848864197731,8.279680252075195,-10.9271821975708,-0.0009981775656342506,-0.0005926027079112828,0.005816284567117691,-0.0041862898506224155
34.310001373291016,38,0.015983818098902702,0.017687808722257614,9.796103477478027,-0.12643665075302124,8.54529857635498,-9.920101165771484,-0.0025843188632279634,-0.0003956326108891517,0.006335926242172718,-0.0031397175043821335
34.31999969482422,38,0.018703525885939598,0.0015070270746946335,9.811970710754395,0.29242318868637085,8.722962379455566,-7.9256463050842285,-0.0030674845911562443,-0.002043782966211438,0.00926185678690672,-0.0036630036775022745
34.33000183105469,38,0.01842883974313736,0.0012342931004241109,9.805338859558105,0.06182560697197914,8.831757545471191,-5.673485279083252,-0.0024476745165884495,-0.004448387771844864,0.009508490562438965,-0.0036630036775022745
34.34000015258789,38,0.030644183978438377,0.01336287334561348,9.81270694732666,-0.017346248030662537,9.016644477844238,-4.005589485168457,-0.003513893811032176,-0.007943342439830303,0.008195356465876102,-0.0031397175043821335
34.349998474121094,39,0.03940696641802788,0.016932131722569466,9.796202659606934,0.22413085401058197,9.174395561218262,-2.3889036178588867,-0.0050256806425750256,-0.006976169068366289,0.006063198670744896,-0.0036630036775022745
34.36000061035156,39,0.04806226119399071,0.015580319799482822,9.807653427124023,0.5532350540161133,9.123634338378906,0.3178565800189972,-0.0016917812172323465,-0.0030227405950427055,0.0022461339831352234,-0.0031397175043821335
34.369998931884766,39,0.041393816471099854,0.012149045243859291,9.80213737487793,1.0768098831176758,9.567794799804688,2.2015082836151123,0.0015803893329575658,-0.003444177797064185,0.003138671861961484,-0.002616431098431349
34.380001068115234,39,0.05682504177093506,0.012149045243859291,9.807055473327637,0.9869950413703918,9.565938949584961,4.085160255432129,-0.003079549875110388,-0.004757311195135117,0.000337320874677971,-0.0031397175043821335
34.38999938964844,39,0.04879837483167648,0.013707834295928478,9.813552856445312,1.0298033952713013,9.530601501464844,6.102263450622559,-0.006996221840381622,-0.010682404041290283,0.001924023381434381,-0.002616431098431349
34.400001525878906,39,0.04397455230355263,0.023443253710865974,9.815139770507812,1.2007412910461426,9.530601501464844,8.492630958557129,-0.008346953429281712,-0.00798093993216753,0.0011305318912491202,-0.0031397175043821335
34.40999984741211,39,0.05521710216999054,0.029277391731739044,9.805545806884766,1.3333053588867188,9.577851295471191,11.299839973449707,-0.009687022306025028,-0.0041871643625199795,0.002295516664162278,-0.002616431098431349
34.41999816894531,39,0.04765511676669121,0.015166367404162884,9.803755760192871,1.6474502086639404,9.93317985534668,13.626704216003418,-0.0030674845911562443,-0.0076203905045986176,0.0033987730275839567,-0.002616431098431349
34.43000030517578,39,0.02757379040122032,0.012149045243859291,9.808135986328125,1.7734510898590088,9.570277214050293,16.55081558227539,-0.0030674845911562443,-0.009950359351933002,0.0033987730275839567,-0.002616431098431349
34.439998626708984,39,0.024604368954896927,0.006437799893319607,9.822019577026367,1.8086615800857544,9.185079574584961,19.321861267089844,-0.0030674845911562443,-0.008786216378211975,0.010386998765170574,-0.0020931449253112078
34.45000076293945,42,0.024604368954896927,-0.0022002155892550945,9.82493782043457,2.1681573390960693,8.944114685058594,23.264972686767578,-0.007478265091776848,-0.004313146695494652,0.012966127134859562,-0.0020931449253112078
34.459999084472656,40,0.020491693168878555,0.005966713652014732,9.812520980834961,2.863291025161743,8.924402236938477,28.571069717407227,-0.003812715644016862,-0.004856637679040432,0.008011293597519398,-0.0020931449253112078
34.470001220703125,39,0.01709558628499508,0.016932131722569466,9.802267074584961,2.968005895614624,9.190897941589355,32.44917678833008,-0.0030674845911562443,-0.005042945500463247,0.007079754490405321,-0.002616431098431349
34.47999954223633,39,0.026372993364930153,0.016932131722569466,9.794928550720215,2.871687173843384,9.372122764587402,35.263675689697266,-0.0012341487454250455,-0.0022929415572434664,0.007996422238647938,-0.0020931449253112078
34.4900016784668,40,0.029709385707974434,0.023678258061408997,9.794692039489746,3.2986178398132324,9.227639198303223,37.71228790283203,-0.006596109364181757,-0.0022166226990520954,0.00574277201667428,-0.0020931449253112078
34.5,40,0.026938648894429207,0.019692890346050262,9.810543060302734,3.6186163425445557,9.048320770263672,40.47410583496094,-0.00682450458407402,-0.005759557243436575,0.004625767003744841,-0.0020931449253112078
34.5099983215332,40,0.0366329699754715,0.016912726685404778,9.807964324951172,3.64543080329895,9.004982948303223,43.71577072143555,-0.00625211326405406,-0.006035652011632919,0.007548329886049032,-0.0020931449253112078
34.52000045776367,40,0.04882008582353592,0.016675567254424095,9.810393333435059,3.750145673751831,9.07666015625,47.042236328125,-0.006079834885895252,-0.005042945500463247,0.010871006175875664,-0.0020931449253112078
34.529998779296875,40,0.050965454429388046,0.004841281566768885,9.818070411682129,3.854860544204712,8.36600399017334,50.47713088989258,-0.0037016046699136496,-0.006256191059947014,0.009561239741742611,-0.0020931449253112078
34.540000915527344,40,0.05913977697491646,0.010363876819610596,9.822308540344238,4.289153099060059,7.725244998931885,53.82484436035156,-0.004018945153802633,-0.005863092839717865,0.010347436182200909,-0.0020931449253112078
34.54999923706055,40,0.05186985060572624,0.016932131722569466,9.814691543579102,4.5814208984375,7.495866775512695,56.781803131103516,-0.005300652701407671,-0.003333347151055932,0.011063486337661743,-0.0020931449253112078
34.560001373291016,40,0.03630508482456207,0.016932131722569466,9.818699836730957,4.785913467407227,7.556484222412109,59.61703872680664,-0.0034880798775702715,-0.0021683622617274523,0.008376332931220531,-0.0015698587521910667
34.56999969482422,40,0.03423897549510002,0.016932131722569466,9.819260597229004,5.239540100097656,7.5417375564575195,62.995872497558594,-0.0057288240641355515,-0.0035134819336235523,0.012138964608311653,-0.0015698587521910667
34.58000183105469,40,0.03423897549510002,0.016932131722569466,9.812333106994629,6.0772600173950195,7.364073753356934,68.20361328125,-0.007126412820070982,-0.006351308431476355,0.008940587751567364,-0.0015698587521910667
34.59000015258789,40,0.03423897549510002,0.013993503525853157,9.795500755310059,6.20426607131958,7.261773586273193,73.03533935546875,-0.000613496929872781,0.00015375087969005108,0.004968640394508839,-0.0010465724626556039
34.599998474121094,40,0.02212243154644966,0.015156665816903114,9.79529857635498,6.589896202087402,7.063895225524902,76.98377227783203,-0.001131174387410283,-0.00433362927287817,-0.003100394271314144,-0.0010465724626556039
34.61000061035156,40,0.018068384379148483,0.010778906755149364,9.806934356689453,7.257890224456787,6.7637176513671875,80.83879089355469,-0.004515578504651785,-0.007939133793115616,0.0026139793917536736,-0.0005232862313278019
34.619998931884766,40,0.016618959605693817,0.013657167553901672,9.804017066955566,8.021167755126953,6.369867324829102,85.65399932861328,-0.006699925288558006,-0.01245344989001751,0.007128295488655567,8.774886606178686e-14
34.630001068115234,40,0.018207354471087456,0.020146727561950684,9.790923118591309,8.963602066040039,5.748043060302734,92.08058166503906,-0.0055349403992295265,-0.01361843477934599,0.008293280377984047,0.0005232862313278019
34.63999938964844,40,0.029708299785852432,0.015148041769862175,9.789481163024902,9.429616928100586,5.045387268066406,98.80962371826172,-0.007824505679309368,-0.007874319329857826,0.00485219806432724,0.0005232862313278019
34.650001525878906,40,0.030862411484122276,0.005443884059786797,9.804593086242676,10.060626983642578,4.4547119140625,105.11963653564453,-0.0036174291744828224,-0.010765456594526768,0.008983797393739223,0.0005232862313278019
34.65999984741211,40,0.03286772221326828,0.012847589328885078,9.817329406738281,10.701333045959473,3.921720027923584,110.92081451416016,-0.004094982985407114,-0.005012923385947943,0.003368750447407365,0.0010465724626556039
34.66999816894531,40,0.03775450959801674,0.013441567309200764,9.820089340209961,11.246489524841309,3.242263078689575,116.37300109863281,-0.009121926501393318,-0.003815951757133007,0.005068247672170401,0.0010465724626556039
34.68000030517578,40,0.05698138475418091,0.012149045243859291,9.812873840332031,11.87477970123291,1.9986151456832886,121.91315460205078,-0.00862248707562685,-0.0029124710708856583,0.010370164178311825,0.0010465724626556039
34.689998626708984,40,0.052179280668497086,0.015777593478560448,9.8177490234375,12.096153259277344,1.1864618062973022,128.314453125,-0.002926631597802043,-0.008479258045554161,0.005255958531051874,0.0010465724626556039
34.70000076293945,40,0.04869088903069496,0.005839509889483452,9.812594413757324,12.382744789123535,0.38697367906570435,133.43466186523438,-0.0029518839437514544,-0.010398452170193195,0.006848553195595741,0.0005232862313278019
34.709999084472656,40,0.04110393300652504,0.006349403876811266,9.806575775146484,12.802077293395996,-0.2786644995212555,138.64491271972656,-0.009316652081906796,-0.007081107702106237,0.008816288784146309,0.0005232862313278019
34.720001220703125,40,0.04291924089193344,0.0035304336342960596,9.817208290100098,13.381705284118652,-1.0969622135162354,144.6142578125,-0.006984437815845013,-0.0056983898393809795,0.010273081250488758,0.0005232862313278019
34.72999954223633,40,0.03600868582725525,0.026009971275925636,9.804259300231934,14.128545761108398,-2.6871354579925537,151.31268310546875,-0.001247055595740676,-0.008050245232880116,0.009020554833114147,0.0010465724626556039
34.7400016784668,40,0.038240909576416016,0.023334374651312828,9.824862480163574,15.280410766601562,-4.019615650177002,162.72540283203125,-0.00008207082282751799,-0.008356642909348011,0.004789908416569233,0.0010465724626556039
34.75,43,0.03498486056923866,0.005545215681195259,9.817493438720703,15.512604713439941,-4.2882184982299805,165.02598571777344,0.000613496929872781,-0.007678190246224403,0.006215275265276432,0.0015698587521910667
34.7599983215332,40,0.03423897549510002,0.0025828713551163673,9.815241813659668,16.043954849243164,-4.939310550689697,167.96214294433594,0.000613496929872781,-0.009950920939445496,0.010760736651718616,0.0015698587521910667
34.77000045776367,40,0.017397413030266762,0.010943841189146042,9.806767463684082,16.91744613647461,-5.947912216186523,173.9358673095703,-0.00042269978439435363,-0.00856932532042265,0.011451533995568752,0.0020931449253112078
34.779998779296875,40,0.027809390798211098,0.01639852114021778,9.818467140197754,17.6108341217041,-6.658568382263184,181.28184509277344,-0.0016505353851243854,-0.00475955568253994,0.012931334786117077,0.0020931449253112078
34.790000915527344,40,0.016373587772250175,0.016932131722569466,9.815712928771973,17.92498016357422,-7.369224548339844,186.82200622558594,0.0021819614339619875,-0.0044800941832363605,0.010880826972424984,0.0020931449253112078
34.79999923706055,40,0.037063997238874435,0.008157210424542427,9.797453880310059,18.599328994750977,-7.77431058883667,194.17259216308594,-0.001999862492084503,-0.007337561808526516,0.005693389102816582,0.002616431098431349
34.810001373291016,40,0.021102948114275932,0.02073531597852707,9.827468872070312,19.528785705566406,-8.574049949645996,201.5408477783203,-0.002678033895790577,-0.005977851338684559,0.004236316308379173,0.002616431098431349
34.81999969482422,39,0.04257615655660629,0.0036134393885731697,9.7930908203125,20.65776824951172,-9.36235237121582,208.6131591796875,0.001840490847826004,-0.0026596649549901485,-0.00003473352626315318,0.002616431098431349
34.83000183105469,40,0.03924627974629402,0.011771745048463345,9.8096284866333,21.930696487426758,-9.8702392578125,215.5867462158203,0.001840490847826004,-0.004989634733647108,0.0081201596185565,0.0031397175043821335
34.84000015258789,40,0.02966270036995411,0.01681247353553772,9.810393333435059,23.291990280151367,-11.202719688415527,223.12135314941406,-0.0027128264773637056,0.001787030603736639,0.012860066257417202,0.0036630036775022745
34.849998474121094,40,0.048486776649951935,0.016913805156946182,9.824708938598633,24.074308395385742,-12.04404067993164,231.16648864746094,-0.0030674845911562443,-0.0009099431918002665,0.0067568025551736355,0.0047095762565732
34.86000061035156,40,0.04851500317454338,0.012061727233231068,9.805634498596191,25.38274383544922,-13.209640502929688,240.0923309326172,-0.004081795457750559,-0.003390586469322443,0.00788138248026371,0.0047095762565732
34.869998931884766,40,0.039685994386672974,0.007834888063371181,9.810393333435059,26.479854583740234,-14.461766242980957,249.50003051757812,0.0014193342067301273,-0.012386671267449856,0.0025929356925189495,0.005756148602813482
34.880001068115234,40,0.05719092860817909,0.021489916369318962,9.810393333435059,27.02622413635254,-15.693926811218262,258.9326171875,-0.0004936876357533038,-0.011297724209725857,0.002725371392443776,0.006802720949053764
34.88999938964844,40,0.03423897549510002,0.016637837514281273,9.810094833374023,27.65451431274414,-17.204071044921875,268.0184631347656,-0.00266877468675375,-0.007466068957000971,0.00836847722530365,0.007326007355004549
34.900001525878906,40,0.033873092383146286,0.011785759590566158,9.807019233703613,28.59162712097168,-19.412832260131836,278.5203552246094,-0.0015349347377195954,-0.007036214228719473,0.008461911231279373,0.007849293760955334
34.90999984741211,40,0.028550930321216583,0.008662792854011059,9.82493782043457,30.239423751831055,-21.168230056762695,289.4613037109375,-0.0055433581583201885,-0.00679266732186079,0.009192552417516708,0.008372579701244831
34.91999816894531,40,0.019282208755612373,0.01971013844013214,9.822904586791992,31.747650146484375,-23.04107666015625,300.5415954589844,-0.007917940616607666,-0.004985425621271133,0.008191709406673908,0.008895865641534328
34.93000030517578,40,0.016692787408828735,0.003723395522683859,9.805545806884766,32.89951705932617,-25.222652435302734,312.0550537109375,-0.004427475389093161,-0.004396199248731136,0.005852760747075081,0.0094191525131464
34.939998626708984,40,0.03070932626724243,0.014066807925701141,9.806193351745605,34.06072235107422,-27.54813575744629,324.6618957519531,-0.002358729485422373,-0.0071159000508487225,0.007925715297460556,0.009942438453435898
34.95000076293945,40,0.03834296390414238,0.02366532012820244,9.809675216674805,35.422019958496094,-30.213096618652344,336.7394104003906,-0.003979943692684174,-0.010407150723040104,0.008023358881473541,0.009942438453435898
34.959999084472656,40,0.038152966648340225,0.010474910959601402,9.807121276855469,36.7833137512207,-32.73414993286133,348.7272033691406,-0.007098354399204254,-0.009995253756642342,0.004187214188277721,0.010465724393725395
34.970001220703125,40,0.05576864257454872,0.024805843830108643,9.812668800354004,38.024105072021484,-35.32366943359375,361.3952331542969,-0.01009723637253046,-0.008161356672644615,0.006517183501273394,0.010989011265337467
34.97999954223633,40,0.043873582035303116,0.015101687982678413,9.80348014831543,39.42575454711914,-37.8978157043457,374.42974853515625,-0.00893225148320198,-0.009680718183517456,0.008847152814269066,0.011512297205626965
34.9900016784668,44,0.043873582035303116,0.007365958299487829,9.815241813659668,41.11053466796875,-40.04167175292969,385.8194274902344,-0.006518106907606125,-0.008099346421658993,0.010760736651718616,0.011512297205626965
35,40,0.043873582035303116,0.007365958299487829,9.814173698425293,41.11053466796875,-40.04167175292969,385.8194274902344,0.000613496929872781,-0.005042945500463247,0.010760736651718616,0.011512297205626965
35.0099983215332,40,0.04274335503578186,0.007365958299487829,9.810393333435059,42.02316665649414,-42.51913833618164,397.021484375,0.0006976721342653036,-0.005127120763063431,0.01059238612651825,0.012035583145916462
35.02000045776367,40,0.0414557009935379,0.012130718678236008,9.806771278381348,44.004058837890625,-45.41834259033203,410.4392395019531,0.001729660201817751,-0.00618127454072237,0.008218083530664444,0.012558870017528534
35.029998779296875,40,0.04234490171074867,0.023977940902113914,9.799681663513184,45.758907318115234,-48.31406021118164,423.7330322265625,-0.004095263779163361,-0.0015213355654850602,0.0035581449046730995,0.012558870017528534
35.040000915527344,40,0.029959099367260933,0.014273783192038536,9.806351661682129,46.58036804199219,-51.05240249633789,436.27166748046875,-0.0042944783344864845,-0.003612247761338949,0.0011484893038868904,0.012558870017528534
35.04999923706055,41,0.045281752943992615,0.007365958299487829,9.794432640075684,48.36052322387695,-53.27320098876953,448.3492126464844,-0.00216821301728487,-0.004879084415733814,0.0041341837495565414,0.012035583145916462
35.060001373291016,40,0.04278027266263962,0.008833116851747036,9.79992389678955,49.84755325317383,-56.074222564697266,459.5996398925781,-0.003842738224193454,-0.008046315982937813,0.005626890808343887,0.011512297205626965
35.06999969482422,40,0.030968811362981796,0.010612894780933857,9.815418243408203,51.679264068603516,-58.60660934448242,471.4872741699219,-0.0033553638495504856,-0.009663041681051254,0.00679187523201108,0.011512297205626965
35.08000183105469,40,0.03423897549510002,0.00897110067307949,9.805545806884766,53.814571380615234,-60.79904556274414,483.41864013671875,-0.004821695853024721,-0.008196709677577019,0.006202648859471083,0.011512297205626965
35.09000015258789,40,0.02918064408004284,0.01382317952811718,9.808938980102539,56.070289611816406,-62.71261978149414,495.0275573730469,-0.002261086367070675,-0.0058667403645813465,0.003407471114769578,0.012035583145916462
35.099998474121094,40,0.02329825796186924,0.013445879332721233,9.817008018493652,58.164588928222656,-64.4892578125,506.5510559082031,-0.004378934390842915,-0.008055295795202255,0.003677954198792577,0.012558870017528534
35.11000061035156,40,0.03489691764116287,0.010990194976329803,9.816415786743164,60.7796516418457,-66.26589965820312,518.4052124023438,-0.004675230942666531,-0.00856876466423273,0.0018614534055814147,0.013082155957818031
35.119998931884766,40,0.04576815292239189,0.009407689794898033,9.808486938476562,63.397525787353516,-68.24508666992188,528.9979248046875,-0.004325623624026775,-0.007496933452785015,0.00223406869918108,0.013082155957818031
35.130001068115234,40,0.044762782752513885,0.003650091588497162,9.813451766967773,65.85034942626953,-70.66160583496094,540.123291015625,-0.007222653366625309,-0.005795752629637718,0.008595189079642296,0.013082155957818031
35.13999938964844,40,0.03702273964881897,0.014168139547109604,9.816751480102539,68.3976821899414,-73.208740234375,551.864501953125,-0.006677198223769665,-0.005331105552613735,0.006144007667899132,0.013082155957818031
35.150001525878906,40,0.04265107214450836,0.019020218402147293,9.80342960357666,71.53324890136719,-75.2319107055664,563.0244140625,-0.0017383581725880504,-0.007939975708723068,-0.0026340638287365437,0.012558870017528534
35.15999984741211,40,0.044818151742219925,0.02171521820127964,9.809442520141602,74.56997680664062,-76.91972351074219,573.6615600585938,0.00023246384807862341,-0.007961860857903957,0.0004798575537279248,0.012035583145916462
35.16999816894531,44,0.03423897549510002,0.02171521820127964,9.820089340209961,79.75747680664062,-80.21312713623047,592.2184448242188,-0.0034847131464630365,-0.008503107354044914,0.0028098272159695625,0.010989011265337467
35.18000030517578,40,0.04579637944698334,0.014830031432211399,9.810784339904785,82.09307861328125,-81.71747589111328,600.5936889648438,-0.0116564417257905,-0.014858896844089031,0.004625767003744841,0.010989011265337467
35.189998626708984,40,0.04403969645500183,0.014458120800554752,9.807886123657227,83.16304779052734,-82.40605926513672,604.029296875,-0.0116564417257905,-0.013688861392438412,0.005405790638178587,0.010465724393725395
35.20000076293945,41,0.03677302598953247,0.011983033269643784,9.807843208312988,86.15047454833984,-84.26624298095703,613.5712280273438,-0.010459470562636852,-0.007629930041730404,0.00993273314088583,0.009942438453435898
35.209999084472656,40,0.036313772201538086,0.0025828713551163673,9.808305740356445,88.76834869384766,-85.42105865478516,621.5490112304688,-0.0006844846648164093,-0.008510963059961796,0.013001760467886925,0.0094191525131464
35.220001220703125,40,0.026832249015569687,0.00772493239492178,9.799606323242188,91.01631927490234,-86.65432739257812,630.99462890625,-0.0018853843212127686,-0.005042945500463247,0.009533742442727089,0.008895865641534328
35.22999954223633,40,0.008650918491184711,0.009509023278951645,9.791504859924316,93.82650756835938,-88.07080078125,639.2692260742188,-0.00771030830219388,-0.005042945500463247,0.009533742442727089,0.008372579701244831
35.2400016784668,40,0.012070911005139351,0.012783987447619438,9.804086685180664,96.75125122070312,-89.50740814208984,646.39111328125,-0.006863505579531193,-0.00837880838662386,0.008421787992119789,0.008372579701244831
35.25,40,0.021806489676237106,0.011376118287444115,9.816024780273438,99.33158111572266,-90.80803680419922,653.14697265625,-0.006748466286808252,-0.008723926730453968,0.005156912375241518,0.008372579701244831
35.2599983215332,40,0.025521794334053993,0.013059955090284348,9.817203521728516,101.74002838134766,-91.96285247802734,660.9031982421875,-0.003784657223150134,-0.0037842453457415104,0.004625767003744841,0.008895865641534328
35.27000045776367,40,0.032358523458242416,0.016932131722569466,9.809330940246582,104.04955291748047,-93.45333862304688,668.659423828125,-0.00584526639431715,-0.003514885203912854,0.006477621383965015,0.0094191525131464
35.279998779296875,40,0.04025164619088173,0.016932131722569466,9.796468734741211,106.57633972167969,-94.96348571777344,676.9663696289062,-0.007612384390085936,-0.00467986986041069,0.0018962457543238997,0.009942438453435898
35.290000915527344,44,0.043873582035303116,0.016932131722569466,9.791001319885254,110.43885040283203,-97.23384094238281,690.3973999023438,-0.004767823498696089,-0.005844854284077883,0.006133064161986113,0.013605441898107529
35.29999923706055,40,0.043873582035303116,0.016932131722569466,9.797331809997559,115.29633331298828,-100.23599243164062,707.2860107421875,-0.0030674845911562443,-0.0062699392437934875,0.009533742442727089,0.013605441898107529
35.310001373291016,40,0.03744399547576904,0.016932131722569466,9.807168006896973,118.9561538696289,-102.89874267578125,718.0394287109375,-0.003745375433936715,-0.004914157558232546,0.002754833083599806,0.015175300650298595
35.31999969482422,40,0.03423897549510002,0.016932131722569466,9.803783416748047,121.78345489501953,-105.2083740234375,729.6737670898438,-0.0042944783344864845,-0.0025841877795755863,0.0003432130324654281,0.016221873462200165
35.33000183105469,40,0.03423897549510002,0.016932131722569466,9.804072380065918,125.0147476196289,-107.72364044189453,741.0515747070312,-0.003740605665370822,-0.0019158367067575455,0.003952645696699619,0.016745159402489662
35.34000015258789,40,0.03423897549510002,0.013533197343349457,9.819326400756836,127.85955047607422,-110.34746551513672,753.364990234375,-0.0030674845911562443,-0.005048276390880346,0.0036420393735170364,0.017791731283068657
35.349998474121094,40,0.03773171082139015,0.019084898754954338,9.810877799987793,130.45797729492188,-112.95870971679688,766.986083984375,-0.00392719404771924,-0.007434362545609474,0.004321052692830563,0.0193615909665823
35.36000061035156,40,0.035494059324264526,0.014641381800174713,9.81988525390625,133.4805145263672,-115.45804595947266,781.5595092773438,-0.005521472543478012,-0.0054107909090816975,0.006835365667939186,0.020408162847161293
35.369998931884766,40,0.03423897549510002,0.012149045243859291,9.813972473144531,136.3078155517578,-118.12300109863281,795.409912109375,-0.0033806166611611843,-0.005658266134560108,0.00401044636964798,0.021454736590385437
35.380001068115234,40,0.04164135828614235,0.01582394726574421,9.80294418334961,139.5713348388672,-121.3060302734375,811.6604614257812,0.0020921744871884584,-0.003815951757133007,0.00536510581150651,0.024071166291832924
35.38999938964844,40,0.04010290652513504,0.0094443429261446,9.808286666870117,142.98489379882812,-124.8586654663086,829.25390625,-0.002204127609729767,-0.0039977701380848885,0.004853320308029652,0.02668759785592556
35.400001525878906,40,0.03521611541509628,0.026430392637848854,9.802663803100586,146.82156372070312,-129.07452392578125,847.7078247070312,-0.00405485974624753,-0.005282564088702202,0.012975105084478855,0.0287807434797287
35.40999984741211,40,0.026419678702950478,0.023517634719610214,9.8203706741333,151.1618194580078,-134.16091918945312,866.5835571289062,-0.002013891702517867,-0.007612533867359161,0.01064513623714447,0.03035060130059719
35.41999816894531,40,0.028583502396941185,0.029616961255669594,9.800910949707031,154.40798950195312,-139.40200805664062,884.9768676757812,-0.005508846137672663,-0.009942503646016121,0.008315165527164936,0.030873887240886688
35.43000030517578,40,0.04561615362763405,0.007162216119468212,9.808073043823242,158.12258911132812,-144.8020477294922,904.2623901367188,-0.003199920291081071,-0.008790144696831703,0.00018131632532458752,0.030873887240886688
35.439998626708984,40,0.0404546745121479,0.014849435538053513,9.806249618530273,161.96145629882812,-150.04489135742188,922.482666015625,-0.0019687176682054996,-0.010921461507678032,-0.0002822086098603904,0.029827315360307693
35.45000076293945,40,0.05580664426088333,0.016932131722569466,9.805545806884766,165.65769958496094,-155.4617156982422,939.8646240234375,-0.009097795933485031,-0.009104399010539055,0.0038648229092359543,0.0282574575394392
35.459999084472656,40,0.04981134459376335,0.016932131722569466,9.801260948181152,168.973388671875,-161.15103149414062,956.7803344726562,-0.005555703304708004,-0.009698675945401192,0.001701520406641066,0.02668759785592556
35.470001220703125,44,0.04869088903069496,0.021227961406111717,9.805051803588867,171.69598388671875,-166.48094177246094,973.068359375,0.0020946997683495283,-0.011776400730013847,0.0036830047611147165,0.024071166291832924
35.47999954223633,40,0.053086936473846436,0.008620750159025192,9.796697616577148,174.3184356689453,-171.64097595214844,988.61474609375,0.0025930171832442284,-0.009852715767920017,0.006327228154987097,0.021978022530674934
35.4900016784668,40,0.04457712545990944,0.01623358763754368,9.80034351348877,176.48292541503906,-176.66502380371094,1000.9288330078125,-0.003680560505017638,-0.010301370173692703,0.0062910327687859535,0.020408162847161293
35.5,40,0.043873582035303116,0.01242932491004467,9.805261611938477,178.31951904296875,-181.25025939941406,1012.9264526367188,-0.0060217538848519325,-0.00827106460928917,0.0029459104407578707,0.018315019086003304
35.5099983215332,40,0.030060071498155594,0.007577246520668268,9.814813613891602,180.1006622314453,-185.22357177734375,1025.3031005859375,-0.006186176091432571,-0.006934642791748047,0.006262413691729307,0.016745159402489662
35.52000045776367,40,0.024747682735323906,0.012006749399006367,9.80583381652832,182.18565368652344,-188.60235595703125,1035.92041015625,-0.004337688442319632,-0.006894238758832216,0.008952653035521507,0.014652014710009098
35.529998779296875,40,0.034091319888830185,0.01685882732272148,9.815093040466309,183.75637817382812,-192.15562438964844,1045.4495849609375,-0.002381176222115755,-0.0051885684952139854,0.008701810613274574,0.0141287287697196
35.540000915527344,40,0.019995521754026413,0.02145218476653099,9.786441802978516,185.24508666992188,-195.15234375,1055.3258056640625,-0.0025888083036988974,-0.00333727546967566,0.008367354981601238,0.013082155957818031
35.54999923706055,40,0.034373603761196136,0.0028502154164016247,9.805681228637695,186.9408721923828,-197.9462432861328,1064.994140625,-0.0026738252490758896,-0.0038389593828469515,0.005042434204369783,0.013082155957818031
35.560001373291016,40,0.03905627876520157,0.011946381069719791,9.811009407043457,189.12161254882812,-201.0625762939453,1073.9949951171875,-0.004649136681109667,-0.00662459759041667,0.0069167353212833405,0.013605441898107529
35.56999969482422,40,0.03768828138709068,0.007909270003437996,9.823837280273438,191.9156951904297,-204.95709228515625,1082.2418212890625,-0.006692069116979837,-0.00778958247974515,0.006899900268763304,0.015175300650298595
35.58000183105469,39,0.01737135648727417,0.016250835731625557,9.804855346679688,194.3241424560547,-208.6880340576172,1092.3248291015625,-0.009737526997923851,-0.007570726331323385,-0.0008172823581844568,0.01726844534277916
35.59000015258789,39,0.04786574840545654,0.007365958299487829,9.79709529876709,197.2633056640625,-212.8692169189453,1103.71826171875,-0.005905311554670334,-0.0034321127459406853,0.002509040990844369,0.019884876906871796
35.599998474121094,39,0.0385742224752903,0.007365958299487829,9.811848640441895,200.3639373779297,-217.4583282470703,1116.83984375,-0.0009333626949228346,-0.008830548264086246,0.004732389003038406,0.02302459441125393
35.61000061035156,39,0.03534206002950668,0.00846120622009039,9.82160758972168,203.89859008789062,-222.12184143066406,1130.911865234375,-0.004383704159408808,-0.009683243930339813,0.0056296964175999165,0.025641025975346565
35.619998931884766,39,0.0451156385242939,0.016932131722569466,9.797100067138672,208.0724334716797,-226.66357421875,1144.96826171875,-0.006713673938065767,-0.0026933348271995783,-0.00019522738875821233,0.027210883796215057
35.630001068115234,38,0.052817679941654205,0.017617739737033844,9.804850578308105,212.15631103515625,-231.81582641601562,1158.929443359375,-0.006748466286808252,-0.002588957780972123,0.006603322457522154,0.0282574575394392
35.63999938964844,38,0.04717089235782623,0.022469818592071533,9.800697326660156,216.52488708496094,-236.8875732421875,1177.20849609375,-0.005662886891514063,-0.004760116804391146,0.003823016071692109,0.03035060130059719
35.650001525878906,38,0.03905627876520157,0.025674711912870407,9.801531791687012,220.8525848388672,-242.1896514892578,1193.999267578125,-0.002450761152431369,-0.012207938358187675,0.007493054494261742,0.03192045912146568
35.65999984741211,38,0.04085421934723854,0.020822633057832718,9.806449890136719,224.9628448486328,-248.0742950439453,1210.7642822265625,-0.0008789293933659792,-0.009785656817257404,0.00734518701210618,0.033490318804979324
35.66999816894531,39,0.047722432762384415,0.015970556065440178,9.810393333435059,228.9856719970703,-254.64894104003906,1228.7591552734375,-0.0015130493557080626,-0.005125717725604773,0.004381097387522459,0.035060178488492966
35.68000030517578,39,0.0417977012693882,0.013179613277316093,9.810393333435059,233.5931396484375,-261.57781982421875,1246.930908203125,-0.004353120923042297,-0.007166124414652586,0.0075864894315600395,0.035583462566137314
35.689998626708984,39,0.03202412277460098,0.01583257131278515,9.8126220703125,237.69387817382812,-269.8822937011719,1266.389404296875,-0.008623609319329262,-0.007948393002152443,0.007982674054801464,0.03610675036907196
35.70000076293945,39,0.022250546142458916,0.013317597098648548,9.817720413208008,242.16165161132812,-278.68841552734375,1284.5096435546875,-0.009002397768199444,-0.0060698832385241985,0.012074431404471397,0.03610675036907196
35.709999084472656,39,0.016216160729527473,0.01569458656013012,9.807884216308594,246.4036407470703,-287.8376159667969,1301.9615478515625,-0.008626976050436497,-0.0056944615207612514,0.01371416449546814,0.03663003817200661
35.720001220703125,38,0.021102948114275932,0.012149045243859291,9.799372673034668,250.3333740234375,-297.3056945800781,1319.744140625,-0.005665412172675133,-0.0062699392437934875,0.011398224160075188,0.037153322249650955
35.72999954223633,38,0.024604368954896927,0.008022461086511612,9.795849800109863,254.42340087890625,-307.1842956542969,1338.9683837890625,-0.0028954865410923958,-0.005214943550527096,0.0112882349640131,0.0387231819331646
35.7400016784668,38,0.030423784628510475,0.005022385623306036,9.804634094238281,258.71673583984375,-317.6664733886719,1360.02099609375,-0.0028980118222534657,-0.00288497400470078,0.011056752875447273,0.04029304161667824
35.75,38,0.03930056467652321,0.01868819259107113,9.817267417907715,262.7603759765625,-327.7250671386719,1380.6331787109375,0.00019346267799846828,-0.0021689236164093018,0.007919822819530964,0.040816325694322586
35.7599983215332,38,0.03579697385430336,0.012149045243859291,9.79588508605957,269.3203125,-343.7944641113281,1412.924072265625,0.0011575493263080716,-0.005181834567338228,0.006674591451883316,0.042909473180770874
35.77000045776367,45,0.04869088903069496,0.012149045243859291,9.786153793334961,276.88433837890625,-361.4602355957031,1447.7303466796875,-0.0011724202195182443,-0.007326618302613497,0.00975203700363636,0.045002616941928864
35.779998779296875,37,0.04869088903069496,0.013869533315300941,9.796616554260254,282.31048583984375,-372.4350280761719,1468.4605712890625,-0.0030674845911562443,-0.002588957780972123,0.002171779051423073,0.045002616941928864
35.790000915527344,37,0.0450863242149353,0.016932131722569466,9.804359436035156,287.5462341308594,-383.0060119628906,1488.18359375,-0.0033783717080950737,-0.0028998448979109526,0.0023272226098924875,0.046572476625442505
35.79999923706055,36,0.04467158019542694,0.018790604546666145,9.789920806884766,292.6026306152344,-393.0445861816406,1510.942626953125,-0.00524116912856698,-0.004949511028826237,0.0034922074992209673,0.0476190485060215
35.810001373291016,36,0.0438019260764122,0.019787753000855446,9.793895721435547,298.1497497558594,-403.32513427734375,1532.0069580078125,-0.0018090654630213976,-0.0037216756027191877,0.0046886177733540535,0.048665620386600494
35.81999969482422,36,0.023389456793665886,0.014935676008462906,9.793025016784668,303.9732666015625,-413.4978332519531,1551.8585205078125,-0.0006440805154852569,-0.00022672103659715503,0.007018587086349726,0.04814233258366585
35.83000183105469,36,0.023290658369660378,0.014214493334293365,9.80841064453125,309.58892822265625,-423.1263427734375,1571.2213134765625,-0.000613496929872781,-0.006941377185285091,0.0036765511613339186,0.0476190485060215
35.84000015258789,36,0.0299395564943552,0.012663251720368862,9.814120292663574,314.4057922363281,-432.4537048339844,1586.7337646484375,-0.0038306729402393103,-0.00856932532042265,0.011977910064160824,0.04447932913899422
35.849998474121094,36,0.02238517440855503,0.01177282352000475,9.807397842407227,319.2226867675781,-441.6995544433594,1602.2462158203125,-0.007325627375394106,-0.01074469368904829,0.00816280860453844,0.040816325694322586
35.86000061035156,36,0.01978706568479538,0.010114858858287334,9.815241813659668,323.6818542480469,-449.8456115722656,1615.941650390625,-0.004181964322924614,-0.011177915148437023,0.00044113717740401626,0.0387231819331646
35.869998931884766,36,0.026861563324928284,0.007265704218298197,9.819988250732422,327.8342590332031,-457.5648498535156,1628.49658203125,-0.0012947547947987914,-0.010291550308465958,0.005581716541200876,0.035060178488492966
35.880001068115234,36,0.03181132301688194,0.009738637134432793,9.81027889251709,331.6341247558594,-464.9638366699219,1639.6177978515625,-0.000613496929872781,-0.007477853447198868,0.010779816657304764,0.031397175043821335
35.88999938964844,36,0.029421672224998474,0.01728355884552002,9.800875663757324,334.77557373046875,-470.8267517089844,1646.820068359375,-0.0021381904371082783,-0.007032286375761032,0.010463036596775055,0.025117740035057068
35.900001525878906,36,0.034554917365312576,0.016304735094308853,9.802962303161621,338.12213134765625,-475.99365234375,1651.8519287109375,-0.00726951053366065,-0.007496933452785015,0.007432729471474886,0.019884876906871796
35.90999984741211,36,0.04432849586009979,0.0021311892196536064,9.800697326660156,341.2390441894531,-480.6827697753906,1656.0128173828125,-0.005961147602647543,-0.008135261945426464,0.0032994463108479977,0.016221873462200165
35.91999816894531,36,0.04869088903069496,0.0031725375447422266,9.806142807006836,344.4894714355469,-484.80535888671875,1658.8734130859375,-0.0029931298922747374,-0.008723926730453968,-0.0007841734332032502,0.013082155957818031
35.93000030517578,36,0.04869088903069496,0.0046105897054076195,9.804807662963867,347.8008117675781,-488.7076416015625,1661.215087890625,-0.0022372363600879908,-0.007180995307862759,0.0013782874448224902,0.011512297205626965
35.939998626708984,36,0.05153545364737511,0.011055952869355679,9.803560256958008,350.7456970214844,-493.0204162597656,1664.642822265625,0.000613496929872781,-0.004590644035488367,0.006175151560455561,0.009942438453435898
35.95000076293945,36,0.04476603865623474,0.014038779772818089,9.799680709838867,353.9918518066406,-496.3960266113281,1665.3076171875,-0.002118549542501569,-0.0042062439024448395,0.005016059149056673,0.007849293760955334
35.959999084472656,36,0.042039815336465836,0.015111389569938183,9.795849800109863,356.47808837890625,-500.4162902832031,1666.419189453125,-0.007318893447518349,-0.006684361957013607,0.006837610621005297,0.005756148602813482
35.970001220703125,36,0.03776753693819046,0.010869459249079227,9.798921585083008,359.6798400878906,-504.9976806640625,1667.8280029296875,-0.0049889241345226765,-0.011177915148437023,0.009267468005418777,0.0041862898506224155
35.97999954223633,36,0.031116468831896782,0.007365958299487829,9.803839683532715,363.8719787597656,-510.5422058105469,1670.16357421875,-0.003271749708801508,-0.010565119795501232,0.008715278469026089,0.006279435008764267
35.9900016784668,36,0.032613664865493774,0.010535279288887978,9.81518268585205,368.8820495605469,-517.4733276367188,1674.24609375,-0.003583197947591543,-0.007781445514410734,0.009764944203197956,0.011512297205626965
36,36,0.02771602012217045,0.012149045243859291,9.81352424621582,375.58380126953125,-525.2017211914062,1680.1187744140625,0.001519502722658217,-0.009870673529803753,0.0020915321074426174,0.017791731283068657
36.0099983215332,36,0.017942441627383232,0.015456349588930607,9.793632507324219,382.8308410644531,-533.2384643554688,1688.4915771484375,-0.0030857224483042955,-0.008687450550496578,0.0010906889801844954,0.024071166291832924
36.02000045776367,36,0.025171110406517982,0.016932131722569466,9.803264617919922,389.4977722167969,-541.4346923828125,1696.4029541015625,-0.004250707104802132,-0.006357481237500906,0.010410567745566368,0.029304029420018196
36.029998779296875,36,0.01901186630129814,0.027267998084425926,9.817377090454102,395.9476318359375,-549.7669067382812,1704.8426513671875,-0.0020520512480288744,-0.01075479481369257,0.00963952299207449,0.03192045912146568
36.040000915527344,36,0.03266686573624611,0.017224270850419998,9.820089340209961,402.6493835449219,-558.2642211914062,1714.524169921875,-0.005018104799091816,-0.01011870987713337,0.006356128491461277,0.030873887240886688
36.04999923706055,36,0.03905627876520157,0.01931558921933174,9.798297882080078,409.35113525390625,-567.05859375,1722.7236328125,-0.006518668029457331,-0.005962138529866934,0.008844347670674324,0.029827315360307693
36.060001373291016,35,0.03905627876520157,0.01441068947315216,9.820616722106934,415.2743225097656,-575.522705078125,1733.085693359375,-0.006748466286808252,-0.010654063895344734,0.003922623116523027,0.029827315360307693
36.06999969482422,36,0.03905627876520157,0.012149045243859291,9.807154655456543,421.64764404296875,-584.76416015625,1742.6881103515625,-0.005875288974493742,-0.007165844086557627,0.002171779051423073,0.032967034727334976
36.08000183105469,36,0.050508368760347366,0.015939293429255486,9.808381080627441,431.5697326660156,-599.5906372070312,1761.3179931640625,-0.004710304085165262,-0.0042317770421504974,0.0029829475097358227,0.037153322249650955
36.09000015258789,36,0.05739504098892212,0.016932131722569466,9.806482315063477,442.2740783691406,-615.8258666992188,1784.3145751953125,-0.001297841197811067,-0.0030667923856526613,0.0041479323990643024,0.04133961349725723
36.099998474121094,36,0.04250015690922737,0.028716830536723137,9.813508987426758,442.2740783691406,-615.8258666992188,1784.3145751953125,-0.0035094046033918858,-0.008086159825325012,0.004625767003744841,0.04447932913899422
36.11000061035156,46,0.03905627876520157,0.015292493626475334,9.80308723449707,447.8775939941406,-626.5654907226562,1797.9300537109375,-0.0061233253218233585,-0.008654061704874039,0.005250907968729734,0.04133961349725723
36.119998931884766,35,0.03905627876520157,0.012149045243859291,9.800697326660156,450.99774169921875,-636.0592041015625,1808.0660400390625,-0.005521472543478012,-0.005042945500463247,0.005852760747075081,0.04133961349725723
36.130001068115234,35,0.05155065283179283,0.012149045243859291,9.813271522521973,452.59124755859375,-643.86865234375,1816.520751953125,-0.006022595334798098,-0.006045191548764706,0.00434939144179225,0.03244374692440033
36.13999938964844,35,0.04503963887691498,0.016353245824575424,9.810979843139648,452.4512939453125,-649.5873413085938,1823.353271484375,-0.00806580763310194,-0.00705781951546669,0.0034891210962086916,0.020408162847161293
36.150001525878906,35,0.03956982120871544,0.016932131722569466,9.810393333435059,449.5690002441406,-652.7996826171875,1827.1617431640625,-0.00816681794822216,-0.005892834160476923,0.006606970448046923,0.007326007355004549
36.15999984741211,34,0.025936536490917206,0.02561650052666664,9.814794540405273,445.6945495605469,-653.0662231445312,1827.7158203125,-0.003382580354809761,-0.0047278497368097305,0.007676556706428528,-0.0047095762565732
36.16999816894531,35,0.020161636173725128,0.013264775276184082,9.797357559204102,439.33636474609375,-652.2428588867188,1822.560302734375,-0.004800652153789997,-0.003815951757133007,0.006612021010369062,-0.016745159402489662
36.18000030517578,34,0.01978706568479538,0.016629213467240334,9.791308403015137,431.0203552246094,-649.3633422851562,1815.7459716796875,-0.006366310641169548,-0.004198106937110424,0.00876943115144968,-0.027734169736504555
36.189998626708984,34,0.03353217616677284,0.016932131722569466,9.795612335205078,420.9704895019531,-644.2280883789062,1807.0706787109375,-0.0037782038561999798,-0.0063990079797804356,0.004109492525458336,-0.04029304161667824
36.20000076293945,34,0.024936595931649208,0.012313979677855968,9.805211067199707,409.2221374511719,-636.9343872070312,1794.3367919921875,0.0003452586242929101,-0.007832231000065804,-0.0002151490334654227,-0.05389848351478577
36.209999084472656,34,0.010442343540489674,0.002774755470454693,9.79604434967041,394.8761901855469,-626.8075561523438,1773.0626220703125,-0.004279326647520065,-0.013596548698842525,0.0009649873245507479,-0.0664573535323143
36.220001220703125,34,0.02464996837079525,0.012011061422526836,9.805448532104492,379.2409362792969,-613.8682861328125,1752.080810546875,-0.0007843725034035742,-0.005441655870527029,0.005624926649034023,-0.07901622354984283
36.22999954223633,35,0.03950359299778938,0.002804939402267337,9.801034927368164,363.3614501953125,-598.252197265625,1728.8526611328125,-0.00615362823009491,0.0004971856251358986,0.0025286818854510784,-0.08948194980621338
36.2400016784668,35,0.058325495570898056,0.012509097345173359,9.81469440460205,347.2300109863281,-580.2444458007812,1702.8197021484375,-0.00465643173083663,-0.0010000105248764157,0.0053098308853805065,-0.09785452485084534
36.25,35,0.058074694126844406,0.021466201171278954,9.800949096679688,330.679443359375,-560.3318481445312,1673.4947509765625,-0.00035844589001499116,-0.008250020444393158,0.005852760747075081,-0.1041339635848999
36.2599983215332,35,0.05350819230079651,0.017568150535225868,9.804579734802246,313.6108703613281,-539.1009521484375,1639.1458740234375,-0.002152500208467245,-0.006262924987822771,0.0076967584900557995,-0.10989011079072952
36.27000045776367,36,0.05233887955546379,0.024950295686721802,9.792570114135742,296.1482238769531,-517.3685913085938,1600.52197265625,-0.000487514742417261,-0.0007429957040585577,0.0031468085944652557,-0.11564625799655914
36.279998779296875,36,0.039974793791770935,0.008277946151793003,9.810855865478516,278.9566955566406,-495.9812316894531,1564.134765625,0.0014114779187366366,-0.0028978807386010885,0.004136709030717611,-0.11983254551887512
36.290000915527344,36,0.04816214740276337,0.016932131722569466,9.81204891204834,262.38214111328125,-474.4151306152344,1526.958984375,0.00036854716017842293,-0.006514889188110828,0.008796648122370243,-0.11930926144123077
36.29999923706055,36,0.043873582035303116,0.016932131722569466,9.790969848632812,246.509765625,-452.38934326171875,1487.26171875,0.0020823541563004255,-0.005475045181810856,0.008738848380744457,-0.11878597736358643
36.310001373291016,36,0.041870441287755966,0.016932131722569466,9.822249412536621,231.1185302734375,-430.0920715332031,1446.0350341796875,0.0006227561389096081,-0.0019800905138254166,0.008303661830723286,-0.11721611768007278
36.31999969482422,36,0.029421672224998474,0.018396057188510895,9.805545806884766,216.45843505859375,-407.6175537109375,1401.7139892578125,-0.005267263390123844,-0.00013497007603291422,0.006234074477106333,-0.11669283360242844
36.33000183105469,36,0.027808303013443947,0.024896396324038506,9.803921699523926,202.03958129882812,-385.34771728515625,1359.8602294921875,-0.005047846585512161,-0.0015987769002094865,0.0036355857737362385,-0.11564625799655914
36.34000015258789,36,0.01978706568479538,0.016062185168266296,9.797613143920898,188.36378479003906,-363.4239501953125,1315.9158935546875,-0.0010394235141575336,-0.005093731451779604,0.004149054642766714,-0.11459968239068985
36.349998474121094,36,0.01978706568479538,0.011210107244551182,9.803642272949219,175.2744140625,-341.7489318847656,1270.1182861328125,-0.0036600781604647636,-0.007860850542783737,0.003128289943560958,-0.1130298301577568
36.36000061035156,37,0.021817347034811974,0.007365958299487829,9.799936294555664,162.29241943359375,-320.1764221191406,1225.8182373046875,-0.00646591791883111,-0.008723926730453968,0.00860865693539381,-0.11041339486837387
36.369998931884766,37,0.027252420783042908,0.00844288058578968,9.814149856567383,150.8784942626953,-300.1003723144531,1181.8294677734375,-0.001840490847826004,-0.007764329668134451,0.00977364182472229,-0.10779696702957153
36.380001068115234,37,0.026711735874414444,0.012149045243859291,9.816201210021973,139.81199645996094,-280.61383056640625,1136.3701171875,-0.0029078323859721422,-0.004171732347458601,0.010227065533399582,-0.10465724766254425
36.38999938964844,37,0.04502009600400925,0.010934138670563698,9.829708099365234,129.626708984375,-262.1467590332031,1091.46533203125,-0.008854811079800129,-0.006154058035463095,0.007195635698735714,-0.10099424421787262
36.400001525878906,37,0.0407043918967247,0.009933754801750183,9.815241813659668,120.33243560791016,-245.02755737304688,1047.7828369140625,-0.005521472543478012,-0.0048813289031386375,0.008199003525078297,-0.0962846651673317
36.40999984741211,37,0.06241320073604584,0.015579242259263992,9.813870429992676,111.61478424072266,-229.33822631835938,1005.2205200195312,-0.005521472543478012,-0.0013863745843991637,0.005869034677743912,-0.09209837764501572
36.41999816894531,38,0.06704919040203094,0.016414690762758255,9.803187370300293,102.71400451660156,-214.50328063964844,962.5613403320312,-0.008992016315460205,-0.007146203424781561,0.00816645659506321,-0.08791209012269974
36.43000030517578,38,0.05500973016023636,0.02948005311191082,9.793708801269531,94.65296173095703,-201.17221069335938,921.4818115234375,-0.011392131447792053,-0.0031175778713077307,0.012686103582382202,-0.08372579514980316
36.439998626708984,38,0.052041396498680115,0.034504614770412445,9.80565071105957,86.83209991455078,-188.0833740234375,881.9046630859375,-0.00649229297414422,-0.005687446799129248,0.013214724138379097,-0.08006279170513153
36.45000076293945,38,0.04233729839324951,0.026394816115498543,9.802453994750977,79.61321258544922,-175.287353515625,842.4519653320312,-0.0045506516471505165,-0.008211580105125904,0.00933144148439169,-0.0774463638663292
36.459999084472656,38,0.0452708974480629,0.01183858048170805,9.815241813659668,73.17967987060547,-162.83424377441406,802.3963623046875,-0.00520329037681222,-0.005088680889457464,0.010124372318387032,-0.07482992857694626
36.470001220703125,38,0.037276796996593475,0.006116556003689766,9.813450813293457,67.00150299072266,-150.30892944335938,763.0613403320312,-0.005521472543478012,-0.0012755440548062325,0.009067131206393242,-0.07273678481578827
36.47999954223633,38,0.03423897549510002,0.006641542073339224,9.812253952026367,61.421810150146484,-139.0529022216797,725.7316284179688,-0.005521472543478012,-0.0017045569838955998,0.009091542102396488,-0.07064364105463028
36.4900016784668,38,0.028483616188168526,-0.000295389152597636,9.811380386352539,56.69890213012695,-128.0513916015625,687.3085327148438,-0.004798687994480133,-0.001866173348389566,0.009533742442727089,-0.067503921687603
36.5,38,0.01978706568479538,0.0025828713551163673,9.81554889678955,52.300872802734375,-117.68323516845703,651.0408935546875,-0.005616029258817434,-0.001361963921226561,0.008212191984057426,-0.06488749384880066
36.5099983215332,38,0.021844489499926567,0.006668492220342159,9.815292358398438,47.876800537109375,-108.2652359008789,617.3027954101562,-0.0037546351086348295,-0.0007631976623088121,0.00648098811507225,-0.06070120260119438
36.52000045776367,38,0.03311200812458992,0.005813637748360634,9.800130844116211,43.38588333129883,-99.9238052368164,582.7572021484375,-0.003297282848507166,-0.0055025420151650906,0.003705731825903058,-0.0575614869594574
36.529998779296875,38,0.041677188128232956,0.006522961892187595,9.809966087341309,39.720855712890625,-92.19541931152344,549.9595947265625,-0.005798969883471727,-0.011930160224437714,0.0014195333933457732,-0.054421767592430115
36.540000915527344,38,0.04811980202794075,0.021431704983115196,9.808401107788086,36.46396255493164,-85.8519287109375,519.5802612304688,-0.0042944783344864845,-0.012003392912447453,0.004648213740438223,-0.05180533602833748
36.54999923706055,38,0.05131939426064491,0.021860748529434204,9.800697326660156,33.26545715332031,-79.46454620361328,490.669921875,-0.00394374830648303,-0.011527522467076778,0.007780092302709818,-0.048665620386600494
36.560001373291016,38,0.043873582035303116,0.016932131722569466,9.803117752075195,30.279216766357422,-72.96138000488281,462.9652404785156,-0.0030674845911562443,-0.0062699392437934875,0.0039762151427567005,-0.04552590101957321
36.56999969482422,38,0.04139924421906471,0.026759181171655655,9.810525894165039,27.894540786743164,-67.09029388427734,436.5252380371094,-0.003974332008510828,-0.006723362952470779,0.006532896310091019,-0.04343275725841522
36.58000183105469,38,0.03905627876520157,0.03859023377299309,9.812681198120117,25.800241470336914,-62.204532623291016,410.5973205566406,-0.00715194595977664,-0.00855922419577837,0.00936903990805149,-0.04029304161667824
36.59000015258789,38,0.028603045269846916,0.03046857938170433,9.818283081054688,22.737167358398438,-57.01992416381836,386.2536315917969,-0.0020458782091736794,-0.0073942397721111774,0.008614829741418362,-0.03819989413022995
36.599998474121094,38,0.022469859570264816,0.01638774201273918,9.811437606811523,20.44354820251465,-52.53302764892578,363.28448486328125,-0.004253793507814407,-0.006391993258148432,0.01182499248534441,-0.03610675036907196
36.61000061035156,38,0.024604368954896927,0.006683583837002516,9.811776161193848,18.884916305541992,-48.33740997314453,341.9194641113281,-0.003088809084147215,-0.009886947460472584,0.007165051996707916,-0.033490318804979324
36.619998931884766,38,0.030247898772358894,0.010988038964569569,9.805891036987305,17.537988662719727,-43.965431213378906,322.0553283691406,-0.009929446503520012,-0.009950920939445496,0.007079754490405321,-0.03192045912146568
36.630001068115234,38,0.0458039790391922,0.005449273623526096,9.813307762145996,16.28141212463379,-40.589813232421875,301.9999694824219,-0.011511099524796009,-0.007787618320435286,0.007079754490405321,-0.029827315360307693
36.63999938964844,38,0.038704510778188705,0.009558610618114471,9.830897331237793,15.11934757232666,-37.37455749511719,283.94482421875,-0.012676084414124489,-0.006477290764451027,0.008099396713078022,-0.0282574575394392
36.650001525878906,37,0.032451894134283066,0.013923433609306812,9.82243537902832,13.757638931274414,-34.473297119140625,265.8094787597656,-0.00713763665407896,-0.0014817732153460383,0.009264381602406502,-0.02668759785592556
36.65999984741211,38,0.040438391268253326,0.009071354754269123,9.827719688415527,12.563911437988281,-31.64250946044922,248.39129638671875,-0.009103968739509583,-0.00013497007603291422,0.005055621732026339,-0.02459445409476757
36.66999816894531,38,0.0407043881714344,0.010512640699744225,9.812307357788086,11.705379486083984,-28.799331665039062,232.36752319335938,-0.005427757278084755,-0.005970275495201349,0.006733233109116554,-0.02302459441125393
36.68000030517578,39,0.029340244829654694,0.02501174435019493,9.816994667053223,10.762944221496582,-26.312036514282227,217.40911865234375,-0.0038390904664993286,-0.007952321320772171,0.006763536483049393,-0.021978022530674934
36.689998626708984,38,0.024604368954896927,0.024712059646844864,9.8082914352417,10.123390197753906,-23.739093780517578,203.94631958007812,-0.0021656875032931566,-0.007496933452785015,0.005143163725733757,-0.02093144878745079
36.70000076293945,38,0.038114964962005615,0.02171521820127964,9.810894966125488,9.647886276245117,-21.94063377380371,190.53915405273438,0.000034090957342414185,-0.0055541698820889,0.003978178836405277,-0.019884876906871796
36.709999084472656,39,0.04042644798755646,0.02171521820127964,9.815241813659668,8.762598991394043,-20.21066665649414,177.24166870117188,-0.0034855545964092016,-0.006158266682177782,0.0033987730275839567,-0.0193615909665823
36.720001220703125,39,0.0355396568775177,0.04266507551074028,9.815241813659668,7.537593364715576,-18.41822624206543,164.28684997558594,-0.004834041465073824,-0.009247496724128723,0.003922342788428068,-0.018315019086003304
36.72999954223633,39,0.03423897549510002,0.021928662434220314,9.81163215637207,6.718705654144287,-17.08574676513672,152.03326416015625,-0.0038444220554083586,-0.01087404228746891,0.005548888351768255,-0.01726844534277916
36.7400016784668,39,0.0415501594543457,0.012149045243859291,9.810393333435059,6.613990783691406,-15.753266334533691,141.50697326660156,-0.00760424742475152,-0.010407150723040104,0.008278409950435162,-0.01726844534277916
36.75,39,0.040148504078388214,0.008450426161289215,9.806644439697266,6.095087051391602,-14.280240058898926,131.06832885742188,-0.0029443081002682447,-0.0055948542430996895,0.009748108685016632,-0.016221873462200165
36.7599983215332,39,0.04285084083676338,0.007365958299487829,9.813182830810547,5.525067329406738,-12.819527626037598,120.09791564941406,0.00033796342904679477,-0.004642552230507135,0.006804220844060183,-0.015175300650298595
36.77000045776367,39,0.04000953584909439,-0.0003072471881750971,9.823019027709961,5.102601051330566,-11.684122085571289,109.64807891845703,-0.0018946434138342738,-0.006642835680395365,0.005212187301367521,-0.014652014710009098
36.779998779296875,39,0.04692335054278374,0.0017053792253136635,9.813061714172363,4.856629848480225,-11.096882820129395,101.22705078125,-0.008126975037157536,-0.0030435039661824703,0.0024748097639530897,-0.0141287287697196
36.790000915527344,39,0.03267880901694298,-0.001391715370118618,9.802336692810059,4.228340148925781,-9.94206714630127,92.80601501464844,-0.00875492300838232,-0.006001420319080353,0.004625767003744841,-0.013605441898107529
36.79999923706055,40,0.029421672224998474,0.013974099420011044,9.81709098815918,3.778615713119507,-9.241693496704102,85.2352523803711,-0.0030949818901717663,-0.0026714494451880455,0.004543275106698275,-0.012558870017528534
36.810001373291016,39,0.04184764251112938,0.008706990629434586,9.811752319335938,3.359755754470825,-8.345373153686523,78.1538314819336,-0.004259966313838959,-0.0061664036475121975,0.0010483207879588008,-0.012558870017528534
36.81999969482422,40,0.03545062988996506,0.011547520756721497,9.827347755432129,3.0613389015197754,-7.551854610443115,71.41149139404297,-0.0020335325971245766,-0.010791831649839878,0.012249515391886234,-0.012035583145916462
36.83000183105469,39,0.04708186537027359,0.024900708347558975,9.825477600097656,2.9566237926483154,-7.090790271759033,64.82466125488281,0.0002964369487017393,-0.010109450668096542,0.007872404530644417,-0.011512297205626965
36.84000015258789,40,0.03998999297618866,0.022178757935762405,9.807425498962402,2.8519089221954346,-6.024806499481201,57.95486831665039,0.0016199517995119095,-0.008944465778768063,0.007079754490405321,-0.010989011265337467
36.849998474121094,40,0.02137654833495617,0.030492296442389488,9.823338508605957,2.555738687515259,-5.770900726318359,52.300594329833984,-0.0009928465588018298,-0.0058905896730721,0.008024199865758419,-0.010465724393725395
36.86000061035156,40,0.03325532004237175,0.03128139302134514,9.806865692138672,2.028113603591919,-5.412136554718018,47.0616340637207,-0.0027229273691773415,-0.005925382021814585,0.0065418751910328865,-0.010465724393725395
36.869998931884766,40,0.03423897549510002,0.013175301253795624,9.833073616027832,1.8191567659378052,-5.047027111053467,42.457706451416016,-0.0022470569238066673,-0.0038086564745754004,0.004211905412375927,-0.0094191525131464
36.880001068115234,40,0.01109702792018652,0.0029580153059214354,9.806686401367188,1.846976399421692,-4.705793857574463,38.282352447509766,-0.004874165169894695,-0.005622632335871458,0.0011235172860324383,-0.0094191525131464
36.88999938964844,40,0.024246083572506905,0.007247378118336201,9.796090126037598,0.7998266220092773,-4.083970069885254,33.407020568847656,-0.006052056793123484,-0.005407704971730709,0.0025034293066710234,-0.008895865641534328
36.900001525878906,40,0.02464345470070839,0.007443574257194996,9.81973934173584,0.5700568556785583,-4.5022478103637695,28.53168487548828,-0.006155872717499733,-0.001278350013308227,0.007797769270837307,-0.008895865641534328
36.90999984741211,40,0.03423897549510002,0.026233116164803505,9.796207427978516,0.8262566924095154,-4.22223424911499,24.47751808166504,-0.008465640246868134,-0.0006251503946259618,0.009043562225997448,-0.008372579701244831
36.91999816894531,40,0.03423897549510002,0.011676881462335587,9.814923286437988,0.9268918633460999,-3.8242204189300537,21.159183502197266,-0.008387918584048748,-0.005140869412571192,0.008610901422798634,-0.007849293760955334
36.93000030517578,40,0.03492297604680061,-0.001521075377240777,9.805545806884766,0.6320521235466003,-3.5577244758605957,17.91680335998535,-0.005521472543478012,-0.008275553584098816,0.008070496842265129,-0.007849293760955334
36.939998626708984,40,0.04839340224862099,0.012739788740873337,9.805246353149414,0.14750148355960846,-3.3044703006744385,13.784744262695312,-0.0051351082511246204,-0.007496933452785015,0.002626044675707817,-0.007849293760955334
36.95000076293945,40,0.04240569844841957,0.020986489951610565,9.80217456817627,0.6710762977600098,-3.3933024406433105,11.679486274719238,-0.0033214129507541656,-0.005550802685320377,0.004188336431980133,-0.007849293760955334
36.959999084472656,40,0.025477280840277672,0.014749182388186455,9.820089340209961,0.60630202293396,-3.4108331203460693,8.862735748291016,-0.0003511508693918586,-0.0017090464243665338,0.010591263882815838,-0.006802720949053764
36.970001220703125,40,0.03373303264379501,0.03934052214026451,9.818562507629395,0.4563544690608978,-3.2089922428131104,6.12281608581543,0.0004131599562242627,-0.006895922590047121,0.0013454592553898692,-0.007326007355004549
36.97999954223633,40,0.030572528019547462,0.02764098532497883,9.805545806884766,0.3865543305873871,-2.824045181274414,3.4635119438171387,-0.0008901527617126703,-0.0045075914822518826,0.004090412519872189,-0.006802720949053764
36.9900016784668,40,0.03776645287871361,0.03222248703241348,9.806843757629395,0.3451650142669678,-2.4325523376464844,0.6592751145362854,-0.0030674845911562443,-0.009721964597702026,0.009381105192005634,-0.006802720949053764
37,40,0.030136071145534515,0.009493930265307426,9.812366485595703,-0.07369482517242432,-2.5213844776153564,-1.445982813835144,-0.0030388650484383106,-0.006241319701075554,0.0070511349476873875,-0.006802720949053764
37.0099983215332,40,0.03188732638955116,0.02093690261244774,9.79979419708252,0.14090874791145325,-2.3799102306365967,-2.6894357204437256,-0.0007088954444043338,-0.003911350388079882,0.004721165634691715,-0.006802720949053764
37.02000045776367,40,0.02234717458486557,0.015237515792250633,9.814936637878418,0.2572718560695648,-2.314101219177246,-4.495068550109863,-0.006199924275279045,-0.004933237098157406,0.003508481429889798,-0.006802720949053764
37.029998779296875,40,0.03423897549510002,0.005533358082175255,9.791930198669434,0.05047311261296272,-2.13866925239563,-6.2297210693359375,-0.004637913312762976,-0.010319327935576439,0.00550932576879859,-0.006279435008764267
37.040000915527344,40,0.03423897549510002,0.0007556609925813973,9.800843238830566,-0.40593278408050537,-1.8084710836410522,-7.386865615844727,-0.007274280767887831,-0.007204845082014799,0.005852760747075081,-0.006279435008764267
37.04999923706055,40,0.036362629383802414,0.007931908592581749,9.815814971923828,-0.510647714138031,-2.0749671459198,-9.381319999694824,-0.009837976656854153,-0.008132455870509148,0.008646535687148571,-0.005756148602813482
37.060001373291016,40,0.04274227097630501,-0.004736749920994043,9.804113388061523,-0.7123023867607117,-2.670407295227051,-11.273200035095215,-0.008690949529409409,-0.007854677736759186,0.009533742442727089,-0.006279435008764267
37.06999969482422,39,0.04025707766413689,0.006159675773233175,9.810407638549805,-0.7046157717704773,-2.2485179901123047,-12.850532531738281,-0.0047464994713664055,-0.009111413732171059,0.010340983048081398,-0.006279435008764267
37.08000183105469,40,0.045143865048885345,0.01819339208304882,9.795849800109863,-0.743314802646637,-1.8062891960144043,-13.683963775634766,-0.000086560110503342,-0.007715227548032999,0.008525042794644833,-0.006279435008764267
37.09000015258789,40,0.04601135477423668,0.02437572367489338,9.80124282836914,-0.883033275604248,-1.9345463514328003,-14.21276569366455,-0.002942063380032778,-0.008319605141878128,0.007762976456433535,-0.006279435008764267
37.099998474121094,39,0.04046553373336792,0.029882149770855904,9.813823699951172,-0.7783183455467224,-2.201042413711548,-16.20722007751465,-0.004884827416390181,-0.00870849471539259,0.002715831156820059,-0.006279435008764267
37.11000061035156,39,0.04239484295248985,0.025030069053173065,9.810393333435059,-0.7769879698753357,-2.204428195953369,-17.65469741821289,-0.004185892641544342,-0.00526011735200882,-0.0010585845448076725,-0.005756148602813482
37.119998931884766,40,0.03595982864499092,0.017103534191846848,9.810393333435059,-1.0134391784667969,-2.0038414001464844,-19.428735733032227,-0.006018667481839657,-0.003583347424864769,0.0004475903988350183,-0.005756148602813482
37.130001068115234,40,0.029421672224998474,0.015397059731185436,9.810393333435059,-1.2190849781036377,-1.7373453378677368,-20.56614112854004,-0.004572537261992693,-0.005478131119161844,-0.0002822086098603904,-0.005756148602813482
37.13999938964844,40,0.03110886923968792,0.03630702942609787,9.808695793151855,-1.2347538471221924,-1.496029257774353,-20.695276260375977,-0.001359850401058793,-0.0062699392437934875,0.0015836750390008092,-0.005756148602813482
37.150001525878906,40,0.03423897549510002,0.042142242193222046,9.809081077575684,-1.0457820892333984,-1.3227039575576782,-20.165752410888672,-0.0033786522690206766,-0.005958771798759699,0.008653270080685616,-0.006279435008764267
37.15999984741211,40,0.0324128083884716,0.026998497545719147,9.813404083251953,-1.2552119493484497,-1.2338719367980957,-22.271011352539062,-0.0032978439703583717,-0.005042945500463247,0.014404119923710823,-0.005756148602813482
37.16999816894531,40,0.025630366057157516,0.002738103736191988,9.804670333862305,-1.1235939264297485,-1.217369556427002,-23.744735717773438,-0.00032225079485215247,-0.003920048475265503,0.0042514679953455925,-0.005756148602813482
37.18000030517578,40,0.02568248100578785,-0.011766389012336731,9.7998046875,-1.0962474346160889,-1.3718349933624268,-25.459712982177734,-0.005771753378212452,0.0020687368232756853,0.002922621788457036,-0.006279435008764267
37.189998626708984,40,0.024065854027867317,-0.0036856995429843664,9.805545806884766,-1.2370893955230713,-1.546389102935791,-26.727848052978516,-0.008101723156869411,-0.0004506270634010434,0.00947061087936163,-0.005756148602813482
37.20000076293945,40,0.01646478660404682,0.009455122984945774,9.805545806884766,-1.3887220621109009,-1.546389102935791,-26.73935890197754,-0.010428325273096561,-0.0062699392437934875,0.008306748233735561,-0.005756148602813482
37.209999084472656,40,0.031125154346227646,0.016465356573462486,9.807733535766602,-1.0745772123336792,-1.546389102935791,-27.736587524414062,-0.009263341315090656,-0.0062699392437934875,0.008306748233735561,-0.005756148602813482
37.220001220703125,40,0.0345701165497303,0.023942366242408752,9.812650680541992,-1.3106735944747925,-1.3129981756210327,-27.957504272460938,-0.004786061588674784,-0.009582233615219593,0.006098552141338587,-0.006279435008764267
37.22999954223633,40,0.03173423931002617,0.024202164262533188,9.803605079650879,-1.2891216278076172,-1.2743253707885742,-28.423521041870117,-0.009504923596978188,-0.00786674302071333,0.006894849706441164,-0.005756148602813482
37.2400016784668,40,0.03662102669477463,0.0193500854074955,9.805384635925293,-1.2074073553085327,-1.3992719650268555,-29.223480224609375,-0.006509128026664257,-0.003576613264158368,0.011000075377523899,-0.005756148602813482
37.25,40,0.0439593568444252,0.007195634301751852,9.812687873840332,-1.1680874824523926,-1.5005686283111572,-30.201656341552734,-0.00460340129211545,-0.008097383193671703,0.007397376000881195,-0.005756148602813482
37.2599983215332,39,0.05373293533921242,0.015321600250899792,9.810620307922363,-0.43508267402648926,-1.2340725660324097,-31.088083267211914,-0.002582354936748743,-0.009950920939445496,0.0032845751848071814,-0.005756148602813482
37.27000045776367,40,0.05055396631360054,0.02356506697833538,9.812634468078613,-0.8798995614051819,-1.3006339073181152,-31.974504470825195,-0.0010464380029588938,-0.009950920939445496,0.0053479899652302265,-0.005756148602813482
37.279998779296875,40,0.035893600434064865,0.019573232159018517,9.813070297241211,-1.182721495628357,-1.6391586065292358,-32.39375305175781,0.00011854674085043371,-0.00921887718141079,0.006347710732370615,-0.005756148602813482
37.290000915527344,40,0.032151151448488235,0.010874848812818527,9.812494277954102,-1.2451012134552002,-1.9169906377792358,-32.56349563598633,-0.00005653767584590241,-0.01006399653851986,0.004512691404670477,-0.005232862196862698
37.29999923706055,40,0.028641045093536377,0.00536195607855916,9.807577133178711,-1.1892846822738647,-1.9228593111038208,-32.984745025634766,0.0018186052329838276,-0.008745812810957432,0.005222849547863007,-0.006279435008764267
37.310001373291016,40,0.021735919639468193,0.010214034467935562,9.81420612335205,-1.2939996719360352,-1.6563632488250732,-34.42518997192383,0.0015643959632143378,-0.0062699392437934875,0.007625770755112171,-0.005756148602813482
37.31999969482422,40,0.016849130392074585,0.012149045243859291,9.805306434631348,-1.607908010482788,-1.8335256576538086,-35.422916412353516,-0.002808505669236183,-0.008205968886613846,0.007822740823030472,-0.005756148602813482
37.33000183105469,40,0.011962340213358402,0.021107226610183716,9.801902770996094,-1.1217609643936157,-1.5359559059143066,-35.31927490234375,-0.004716476891189814,-0.009911919943988323,0.00623575784265995,-0.005756148602813482
37.34000015258789,40,0.025536995381116867,0.020388200879096985,9.799352645874023,-0.8879113793373108,-1.421141505241394,-35.580299377441406,-0.005521472543478012,-0.008216911926865578,0.0028258205857127905,-0.005756148602813482
37.349998474121094,40,0.031092582270503044,0.013808087445795536,9.799015998840332,-1.0973412990570068,-1.546389102935791,-36.63017272949219,-0.006713393144309521,-0.009652940556406975,-0.0015092025278136134,-0.005756148602813482
37.36000061035156,40,0.03263755142688751,0.012149045243859291,9.810406684875488,-1.2877912521362305,-1.5410220623016357,-38.0103645324707,-0.00901362020522356,-0.008016013540327549,-0.0012732313480228186,-0.005756148602813482
37.369998931884766,41,0.03752433881163597,0.01867310144007206,9.805322647094727,-1.18307626247406,-1.4521899223327637,-38.453575134277344,-0.003241446567699313,-0.0046950215473771095,0.0007615638896822929,-0.005756148602813482
37.380001068115234,40,0.04241112992167473,0.015053178183734417,9.807450294494629,-1.8566282987594604,-1.436715841293335,-37.432762145996094,-0.004742290358990431,-0.0024770046584308147,0.0067438953556120396,-0.005756148602813482
37.38999938964844,41,0.03702491149306297,0.008749032393097878,9.810393333435059,-2.0133755207061768,-1.3316824436187744,-36.758182525634766,-0.009252398274838924,-0.0017115715891122818,0.0034986608661711216,-0.005756148602813482
37.400001525878906,40,0.03423897549510002,0.02471098117530346,9.810393333435059,-1.7739087343215942,-1.3123962879180908,-37.01069641113281,-0.01041738223284483,-0.009866464883089066,0.005828630644828081,-0.005756148602813482
37.40999984741211,40,0.03423897549510002,0.024205399677157402,9.803221702575684,-1.6308791637420654,-1.4922171831130981,-38.01061248779297,-0.0046648490242660046,-0.009950920939445496,0.007005680352449417,-0.005232862196862698
37.41999816894531,40,0.026973390951752663,0.02532220631837845,9.81532096862793,-1.2120193243026733,-1.0480570793151855,-38.23221969604492,-0.0021126572974026203,-0.007769099902361631,0.008170665241777897,-0.005232862196862698
37.43000030517578,41,0.024604368954896927,0.01914634369313717,9.801460266113281,-1.4435924291610718,-1.2344988584518433,-38.847110748291016,-0.004927195608615875,-0.007496933452785015,0.0052200439386069775,-0.005232862196862698
37.439998626708984,40,0.035919658839702606,0.013187158852815628,9.79205322265625,-1.4159798622131348,-0.9791382551193237,-39.222625732421875,-0.0006870098295621574,-0.00943071860820055,0.007526444271206856,-0.005756148602813482
37.45000076293945,40,0.01985003799200058,0.0235909391194582,9.825793266296387,-1.4254698753356934,-0.8547182679176331,-39.490562438964844,-0.0021011531352996826,-0.0063313874416053295,0.005592098459601402,-0.005756148602813482
37.459999084472656,40,0.02670196443796158,0.022615348920226097,9.822826385498047,-1.7011817693710327,-1.1684643030166626,-39.70096969604492,-0.008124730549752712,-0.007571568246930838,0.006311515346169472,-0.005232862196862698
37.470001220703125,40,0.021461233496665955,0.029619116336107254,9.820089340209961,-1.8058967590332031,-0.901968240737915,-39.368560791015625,-0.00730598671361804,-0.009504792280495167,0.0047371587716042995,-0.005232862196862698
37.47999954223633,40,0.02788647636771202,0.015197630040347576,9.799712181091309,-1.8112478256225586,-0.7197648286819458,-38.40530776977539,-0.0019271911587566137,-0.008513208478689194,0.006274197716265917,-0.005232862196862698
37.4900016784668,40,0.025302480906248093,0.024418842047452927,9.820722579956055,-1.661655068397522,-0.859358012676239,-38.911834716796875,-0.00004335022822488099,-0.010781168937683105,0.006993053946644068,-0.005756148602813482
37.5,40,0.024604368954896927,0.01402153167873621,9.812291145324707,-1.5024540424346924,-0.9980232119560242,-39.01002883911133,-0.0000186588367796503,-0.008278359659016132,0.0046630846336483955,-0.005232862196862698
37.5099983215332,40,0.045895181596279144,0.007921128533780575,9.806108474731445,-1.4234004020690918,-0.9762541055679321,-38.392948150634766,0.0022119840141385794,-0.0020561288110911846,0.0033987730275839567,-0.005756148602813482
37.52000045776367,40,0.04869088903069496,0.011662866920232773,9.81425666809082,-1.4223065376281738,-0.8864941000938416,-38.93886184692383,0.0009987386874854565,-0.004186883568763733,0.006694512907415628,-0.005232862196862698
37.529998779296875,40,0.03989661857485771,0.016514945775270462,9.810815811157227,-1.3175915479660034,-0.7088301181793213,-38.717254638671875,-0.006338533014059067,-0.009132737293839455,0.009534865617752075,-0.005232862196862698
37.540000915527344,40,0.03458965942263603,0.008062346838414669,9.828374862670898,-1.3753591775894165,-0.5311660766601562,-39.09740447998047,-0.008695438504219055,-0.008216911926865578,0.006012974306941032,-0.005232862196862698
37.54999923706055,40,0.03877507895231247,0.016373727470636368,9.793265342712402,-1.480074167251587,-0.5938902497291565,-39.59144973754883,-0.0042944783344864845,-0.004385537467896938,0.009533742442727089,-0.005232862196862698
37.560001373291016,40,0.052873048931360245,-0.005932252388447523,9.814176559448242,-1.5205765962600708,-0.833149790763855,-39.593013763427734,-0.0051856134086847305,-0.0062699392437934875,0.008197040297091007,-0.005232862196862698
37.56999969482422,40,0.03480788692831993,0.006942304316908121,9.805831909179688,-1.4007841348648071,-1.0172091722488403,-38.65162658691406,-0.008880904875695705,-0.006591488607227802,0.00233255373314023,-0.005232862196862698
37.58000183105469,40,0.0389835350215435,0.03092026337981224,9.810319900512695,-1.086639165878296,-1.2837051153182983,-38.43001937866211,-0.006649700924754143,-0.008822692558169365,0.00349753862246871,-0.005232862196862698
37.59000015258789,40,0.034109774976968765,0.03128139302134514,9.815171241760254,-1.4739840030670166,-1.550201177597046,-38.39398193359375,-0.005631742067635059,-0.009693625383079052,0.004368471447378397,-0.005232862196862698
37.599998474121094,40,0.024604368954896927,0.03101189248263836,9.810393333435059,-1.6188466548919678,-1.3883373737335205,-38.1936149597168,-0.009126696735620499,-0.00153873220551759,-0.0037864218465983868,-0.005232862196862698
37.61000061035156,40,0.024604368954896927,0.02191895991563797,9.810187339782715,-1.5912340879440308,-1.1076964139938354,-37.902000427246094,-0.00578325754031539,-0.005920893047004938,0.002875203499570489,-0.005232862196862698
37.619998931884766,40,0.024604368954896927,0.026498304679989815,9.80499267578125,-1.626030683517456,-1.0721083879470825,-37.56201934814453,-0.0001328563957940787,-0.001959046581760049,0.004476496484130621,-0.005232862196862698
37.630001068115234,40,0.024604368954896927,0.026156578212976456,9.795502662658691,-1.207170844078064,-0.8056123852729797,-36.4539909362793,0.0016292111249640584,-0.006440534722059965,0.005641480907797813,-0.005232862196862698
37.63999938964844,40,0.02543168142437935,0.021304499357938766,9.793082237243652,-1.2589665651321411,-1.0980908870697021,-37.63684844970703,-0.001020624302327633,-0.013219163753092289,0.00966758094727993,-0.005232862196862698
37.650001525878906,40,0.03568840026855469,0.016452420502901077,9.814269065856934,-1.2245543003082275,-1.335394263267517,-37.016265869140625,-0.000057098903198493645,-0.007725328207015991,0.0071939523331820965,-0.005232862196862698
37.65999984741211,40,0.049243513494729996,0.011600343510508537,9.806657791137695,-1.1648354530334473,-1.3603734970092773,-35.687503814697266,-0.002705250633880496,-0.00006482390017481521,0.005023073870688677,-0.005232862196862698
37.66999816894531,40,0.05226396396756172,0.006748264189809561,9.812737464904785,-1.1444069147109985,-1.2000395059585571,-34.88754653930664,-0.005062156356871128,-0.0038224051240831614,0.004625767003744841,-0.0047095762565732
37.68000030517578,41,0.04456518217921257,0.0012094990815967321,9.794458389282227,-1.0396919250488281,-1.1112076044082642,-34.444332122802734,-0.004815803375095129,-0.007496933452785015,0.006037104409188032,-0.0041862898506224155
37.689998626708984,41,0.0479298010468483,-0.003960589878261089,9.789982795715332,-1.6390091180801392,-1.1930172443389893,-34.74608612060547,-0.003650818718597293,-0.005565954372286797,0.009654393419623375,-0.0041862898506224155
37.70000076293945,41,0.04636529088020325,0.012973715551197529,9.807049751281738,-1.7352392673492432,-1.3463289737701416,-33.95250701904297,-0.0053940871730446815,-0.0026526504661887884,0.011987730860710144,-0.0047095762565732
37.709999084472656,41,0.05742543935775757,0.01871945522725582,9.794624328613281,-1.424760341644287,-1.523992896080017,-33.005828857421875,-0.005896893795579672,-0.0018816054798662663,0.009389522485435009,-0.0047095762565732
37.720001220703125,40,0.04963002726435661,0.02457299642264843,9.810393333435059,-0.9280589818954468,-1.587670087814331,-32.34101104736328,-0.00398274976760149,-0.0039618550799787045,0.005852760747075081,-0.0041862898506224155
37.72999954223633,40,0.03527799993753433,0.014868838712573051,9.812484741210938,-0.5230349898338318,-1.330955147743225,-31.67619514465332,-0.005125849042087793,-0.0062699392437934875,0.0062483842484653,-0.0047095762565732
37.7400016784668,40,0.03462223336100578,0.00956723466515541,9.816742897033691,-0.7324649095535278,-1.5086191892623901,-31.011375427246094,-0.003960864152759314,-0.007604396902024746,0.007079754490405321,-0.0041862898506224155
37.75,40,0.020965062081813812,0.016932131722569466,9.807916641235352,-0.6120811104774475,-1.7562302350997925,-29.299591064453125,-0.0025242739357054234,-0.010634704492986202,0.004906911868602037,-0.0047095762565732
37.7599983215332,40,0.024604368954896927,0.01940937712788582,9.808964729309082,-0.4605371057987213,-1.7280910015106201,-28.53016471862793,-0.001242285710759461,-0.007675945293158293,-0.0027361963875591755,-0.0047095762565732
37.77000045776367,40,0.027238305658102036,0.022575462237000465,9.796302795410156,-0.2891853451728821,-1.6594480276107788,-27.905637741088867,-0.003851716872304678,-0.0031793066300451756,-0.0017030860763043165,-0.0047095762565732
37.779998779296875,40,0.02869316004216671,0.008019226603209972,9.811788558959961,-0.001293100998736918,-1.9553874731063843,-25.597606658935547,-0.000613496929872781,-0.007411355152726173,0.006109495181590319,-0.0047095762565732
37.790000915527344,40,0.014969762414693832,-0.009428206831216812,9.813776969909668,-0.001293100998736918,-1.6000595092773438,-24.711181640625,-0.0005899278912693262,-0.0062228012830019,0.009510173462331295,-0.0041862898506224155
37.79999923706055,40,0.02259688824415207,-0.023086469620466232,9.811928749084473,0.4431985914707184,-1.8480467796325684,-24.29509162902832,0.0005750569398514926,-0.003892831737175584,0.008345188573002815,-0.0036630036775022745
37.810001373291016,40,0.042246099561452866,-0.0038808174431324005,9.805610656738281,0.5164576768875122,-1.9850817918777466,-22.465120315551758,-0.003892682259902358,-0.003815951757133007,0.0038005695678293705,-0.0041862898506224155
37.81999969482422,40,0.04869088903069496,0.02667294070124626,9.791178703308105,0.505844235420227,-1.9176175594329834,-20.242021560668945,-0.006423550192266703,-0.0048804874531924725,0.0033987730275839567,-0.0041862898506224155
37.83000183105469,40,0.04869088903069496,0.0326213464140892,9.80244255065918,0.7895975708961487,-1.843080997467041,-18.960622787475586,0.000269220006885007,-0.006045471876859665,0.0013937196927145123,-0.0041862898506224155
37.84000015258789,40,0.05049425736069679,0.026498304679989815,9.803730964660645,0.8943125605583191,-2.376073122024536,-17.963394165039062,-0.0028620969969779253,-0.007210457231849432,0.0037663381081074476,-0.0041862898506224155
37.849998474121094,40,0.05912674963474274,0.0283578559756279,9.795042991638184,1.2850571870803833,-2.423774480819702,-15.45287036895752,-0.005172987002879381,-0.008375441655516624,0.0011117329122498631,-0.0041862898506224155
37.86000061035156,40,0.06213308498263359,0.03706701844930649,9.799836158752441,1.7746928930282593,-2.3036932945251465,-14.366300582885742,-0.0006224756361916661,-0.009540426544845104,0.0005342908552847803,-0.0036630036775022745
37.869998931884766,40,0.047472719103097916,0.05561832711100578,9.81806468963623,1.882393717765808,-2.400425434112549,-12.958207130432129,-0.001177470781840384,-0.006932959426194429,0.003962746821343899,-0.0036630036775022745
37.880001068115234,40,0.030731039121747017,0.07161261141300201,9.815241813659668,1.5500966310501099,-2.734435796737671,-10.004940032958984,-0.006529891397804022,-0.007120389491319656,0.005852760747075081,-0.0036630036775022745
37.88999938964844,40,0.015485475771129131,0.05938054621219635,9.815241813659668,1.5500966310501099,-2.645603656768799,-6.3484392166137695,-0.00794150959700346,-0.008093454875051975,0.009005122818052769,-0.0031397175043821335
37.900001525878906,40,0.0034916161093860865,0.025415994226932526,9.804069519042969,1.5500966310501099,-2.643120765686035,-6.246238708496094,-0.00845385529100895,-0.010339248925447464,0.008576950989663601,-0.0031397175043821335
37.90999984741211,48,-0.0042994520626962185,0.007365958299487829,9.791001319885254,1.6273173093795776,-2.57761287689209,-5.020585536956787,-0.007390722632408142,-0.011099631898105145,0.006651583593338728,-0.0031397175043821335
37.91999816894531,40,-0.0019402002217248082,-0.004346513655036688,9.802873611450195,1.6793791055679321,-2.890782117843628,-2.5785388946533203,-0.0030674845911562443,-0.007496933452785015,0.009533742442727089,-0.0031397175043821335
37.93000030517578,40,-0.0019108860287815332,-0.026195421814918518,9.805464744567871,1.7074646949768066,-3.4823100566864014,0.575312614440918,-0.004979664925485849,-0.0059671890921890736,0.011063486337661743,-0.0036630036775022745
37.939998626708984,40,0.005693439859896898,-0.030720867216587067,9.800878524780273,1.857914924621582,-3.736867904663086,3.5558269023895264,-0.00920245423913002,-0.002588957780972123,0.01348043791949749,-0.0031397175043821335
37.95000076293945,40,0.035511430352926254,-0.018467238172888756,9.805545806884766,3.3239243030548096,-3.648036003112793,6.215100288391113,-0.0071351113729178905,-0.0033642114140093327,0.011019154451787472,-0.0036630036775022745
37.959999084472656,40,0.05614538490772247,-0.009147926233708858,9.805545806884766,3.785947322845459,-4.268957138061523,8.343194007873535,0.000024270535504911095,-0.005877121817320585,0.011005686596035957,-0.0031397175043821335
37.970001220703125,40,0.0637388527393341,-0.006983302533626556,9.800097465515137,4.231769561767578,-4.266298770904541,11.088056564331055,-0.003336284076794982,-0.004084751009941101,0.005046362057328224,-0.0031397175043821335
37.97999954223633,40,0.07628859579563141,-0.009739749133586884,9.807024955749512,4.618345737457275,-4.0252838134765625,14.156380653381348,-0.00530430069193244,-0.006559501867741346,-0.0010748584754765034,-0.002616431098431349
37.9900016784668,40,0.09379461407661438,-0.003290073713287711,9.806650161743164,4.613260746002197,-4.600534915924072,16.831357955932617,-0.001861254102550447,-0.011167533695697784,0.005831997375935316,-0.002616431098431349
38,40,0.09002067893743515,0.019949454814195633,9.806564331054688,5.555695533752441,-5.5776872634887695,20.70946502685547,-0.004191223531961441,-0.010002548806369305,0.003502027830109,-0.002616431098431349
38.0099983215332,39,0.07644277065992355,0.04017166048288345,9.807390213012695,5.777246475219727,-5.866855144500732,23.92012596130371,-0.0042944783344864845,-0.007724206428974867,-0.0010546563426032662,-0.0020931449253112078
38.02000045776367,39,0.05750687047839165,0.042598236352205276,9.799398422241211,6.1441330909729,-6.2113237380981445,27.23067283630371,-0.0042944783344864845,-0.0064455848187208176,0.004798887297511101,-0.002616431098431349
38.029998779296875,40,0.054938074201345444,0.04084756597876549,9.80842399597168,6.749659061431885,-6.829285144805908,31.012428283691406,-0.008251835592091084,-0.008248617872595787,0.003874082351103425,-0.0020931449253112078
38.040000915527344,39,0.0423601008951664,0.021825173869729042,9.82166862487793,7.531887531280518,-7.675848007202148,35.837242126464844,-0.010129784233868122,-0.005941936746239662,0.005253433249890804,-0.0020931449253112078
38.04999923706055,40,0.02118871919810772,0.018627826124429703,9.828221321105957,8.579036712646484,-8.2976713180542,43.371849060058594,-0.011294769123196602,-0.007638908457010984,0.004987439606338739,-0.0020931449253112078
38.060001373291016,40,0.004973613191395998,0.02171521820127964,9.816372871398926,8.660633087158203,-8.346125602722168,43.958961486816406,-0.005229945760220289,-0.007920615375041962,0.007035702932626009,-0.0020931449253112078
38.06999969482422,43,-0.023292895406484604,0.0250925924628973,9.810393333435059,9.16454792022705,-8.651470184326172,46.16798400878906,-0.0025817938148975372,-0.006755630485713482,0.009048051200807095,-0.0020931449253112078
38.08000183105469,39,-0.03320327401161194,0.026498304679989815,9.810393333435059,9.755291938781738,-9.135858535766602,49.9833984375,-0.0030674845911562443,-0.0062699392437934875,0.009533742442727089,-0.0020931449253112078
38.09000015258789,39,-0.02966276742517948,0.0018907948397099972,9.813957214355469,10.31126880645752,-9.7463960647583,54.45378112792969,-0.003684769384562969,-0.005652654450386763,0.010151027701795101,-0.0015698587521910667
38.099998474121094,40,-0.021165985614061356,-0.03207375854253769,9.80070972442627,11.358418464660645,-10.634716033935547,58.6642951965332,-0.004849754273891449,-0.007819324731826782,0.007984357886016369,-0.0010465724626556039
38.11000061035156,39,0.0033255021553486586,-0.04046491160988808,9.806958198547363,11.99356746673584,-10.911395072937012,61.56694793701172,-0.004534939303994179,-0.00871158204972744,0.005612300243228674,-0.0010465724626556039
38.119998931884766,40,0.04764208942651749,0.0004807710356544703,9.810393333435059,12.778722763061523,-11.710180282592773,65.19475555419922,-0.0022049692925065756,-0.007199233863502741,0.00578598165884614,-0.0010465724626556039
38.130001068115234,39,0.09269153326749802,0.031105678528547287,9.79886531829834,13.670307159423828,-12.595942497253418,69.92781829833984,-0.0013519939966499805,-0.010808666236698627,0.0037680217064917088,-0.0010465724626556039
38.13999938964844,39,0.12500882148742676,0.06308671087026596,9.807587623596191,14.729931831359863,-13.395430564880371,75.06495666503906,-0.0046036820858716965,-0.0093364417552948,0.004625767003744841,-0.0005232862313278019
38.150001525878906,39,0.15828698873519897,0.06168746575713158,9.806410789489746,16.05338478088379,-14.17886734008789,79.249755859375,-0.00871199369430542,-0.00578032061457634,0.004135305993258953,-0.0010465724626556039
38.15999984741211,40,0.14819855988025665,0.03199179470539093,9.809597969055176,16.57695960998535,-14.623027801513672,85.23312377929688,-0.006748466286808252,-0.000007304304290300934,0.003271107329055667,-0.0005232862313278019
38.16999816894531,39,0.11636222153902054,0.022431010380387306,9.802148818969727,16.93077850341797,-15.715219497680664,90.40817260742188,-0.00626361696049571,-0.006027514580637217,0.009776166640222073,0
38.18000030517578,40,0.07382294535636902,0.042396653443574905,9.817466735839844,17.908334732055664,-16.9588680267334,95.5219497680664,-0.0019588973373174667,-0.0038751550018787384,0.011928527615964413,0
38.189998626708984,39,0.03407720476388931,0.05404121056199074,9.79877758026123,19.016918182373047,-18.202516555786133,101.03225708007812,-0.004288866650313139,-0.005040139891207218,0.010763542726635933,5.056714189087888e-14
38.20000076293945,39,0.012202282436192036,0.06801964342594147,9.821843147277832,19.614580154418945,-19.43668556213379,107.05547332763672,-0.007781015243381262,-0.006205124314874411,0.009598556905984879,0.0005232862313278019
38.209999084472656,39,-0.011719207279384136,0.02177019603550434,9.816133499145508,21.708879470825195,-20.591501235961914,112.48481750488281,-0.003574780421331525,-0.0062699392437934875,0.008433572016656399,0.0010465724626556039
38.220001220703125,39,-0.0361531525850296,-0.027190417051315308,9.783936500549316,22.98127555847168,-21.668846130371094,119.26701354980469,-0.0020293239504098892,-0.00938442163169384,0.009344909340143204,0.0015698587521910667
38.22999954223633,39,-0.05607379227876663,-0.02641749009490013,9.80401611328125,24.40015983581543,-23.471017837524414,126.60079193115234,-0.0076974015682935715,-0.008974769152700901,0.009533742442727089,0.0015698587521910667
38.2400016784668,39,-0.020627472549676895,-0.03521613031625748,9.791708946228027,26.097448348999023,-25.262353897094727,133.8229217529297,-0.007374168839305639,-0.008723926730453968,0.0031347430776804686,0.0020931449253112078
38.25,39,0.004510013852268457,-0.021824132651090622,9.814411163330078,28.01755714416504,-26.58159065246582,140.56326293945312,-0.00504419906064868,-0.00531539274379611,-0.000759481976274401,0.002616431098431349
38.2599983215332,38,0.033665720373392105,0.016173219308257103,9.791481971740723,30.11185646057129,-28.713560104370117,147.21144104003906,-0.00508460309356451,-0.0046060760505497456,0.003231544978916645,0.0031397175043821335
38.27000045776367,38,0.04425575211644173,0.02657592110335827,9.805379867553711,32.1083869934082,-30.016145706176758,156.34246826171875,-0.00624958798289299,-0.005771060939878225,0.009493338875472546,0.0031397175043821335
38.279998779296875,38,0.09283702075481415,0.039950668811798096,9.795849800109863,34.02477264404297,-31.818668365478516,164.4880828857422,-0.004750146996229887,-0.010266577824950218,0.007991092279553413,0.0036630036775022745
38.290000915527344,38,0.12430854141712189,0.0033072875812649727,9.79603385925293,36.00690841674805,-33.57301330566406,172.33934020996094,-0.0012551925610750914,-0.011819610372185707,0.007042156532406807,0.0036630036775022745
38.29999923706055,38,0.08596989512443542,0.022965697571635246,9.800443649291992,38.17340087890625,-35.15764236450195,180.3770294189453,-0.0015548563096672297,-0.008866744115948677,0.009533742442727089,0.0041862898506224155
38.310001373291016,37,0.0631427988409996,0.04626883193850517,9.797466278076172,40.581844329833984,-37.28961181640625,188.24403381347656,-0.003814399242401123,-0.007496933452785015,0.00809350423514843,0.0047095762565732
38.31999969482422,37,0.06353365629911423,0.05480874702334404,9.818122863769531,42.677650451660156,-39.598388671875,195.55970764160156,-0.0026494143530726433,-0.006660792976617813,0.006688901223242283,0.0047095762565732
38.33000183105469,37,0.06519804894924164,0.04630008712410927,9.797239303588867,44.93124008178711,-42.04315185546875,203.20980834960938,-0.001840490847826004,-0.007535373326390982,0.00795068684965372,0.005232862196862698
38.34000015258789,38,0.03693697229027748,0.006839894223958254,9.808794021606445,47.179893493652344,-44.483726501464844,211.140869140625,-0.003310750937089324,-0.011867590248584747,0.006197598297148943,0.005232862196862698
38.349998474121094,37,0.0173898134380579,0.0007977031636983156,9.799468040466309,49.25687026977539,-46.57160568237305,219.35861206054688,-0.008439545519649982,-0.00580585328862071,0.0029346870724111795,0.0047095762565732
38.36000061035156,38,-0.0008197457063943148,-0.01907091960310936,9.823591232299805,51.0964469909668,-47.964576721191406,227.87159729003906,-0.010769515298306942,-0.0039859856478869915,0.0009447852498851717,0.005232862196862698
38.369998931884766,38,-0.011331607587635517,-0.059249069541692734,9.813013076782227,53.92374801635742,-50.363037109375,236.07101440429688,-0.011695162393152714,-0.005042945500463247,0.0012688598362728953,0.005232862196862698
38.380001068115234,38,-0.026799745857715607,-0.02849264070391655,9.803135871887207,55.8040657043457,-52.39634323120117,244.3615264892578,0.000613496929872781,-0.004812866449356079,0.004533735569566488,0.005232862196862698
38.38999938964844,38,-0.03757435083389282,-0.012194354087114334,9.813475608825684,57.84864044189453,-54.45502853393555,253.3878631591797,0.000613496929872781,0.0010120572987943888,0.002203765558078885,0.005756148602813482
38.400001525878906,38,-0.010147095657885075,0.008305974304676056,9.806498527526855,60.18932342529297,-56.55564880371094,262.91693115234375,-0.0016844860510900617,-0.005801924970000982,0.002171779051423073,0.006279435008764267
38.40999984741211,38,0.014481192454695702,0.012149045243859291,9.81243896484375,62.659706115722656,-58.63031005859375,272.3542175292969,-0.006188420578837395,-0.008443904109299183,0.008693673647940159,0.007326007355004549
38.41999816894531,38,0.0530337356030941,0.015383045189082623,9.814626693725586,65.59172058105469,-60.93994140625,281.107666015625,-0.007773439399898052,-0.008723926730453968,0.0023589283227920532,0.007849293760955334
38.43000030517578,38,0.066804900765419,0.033380258828401566,9.799337387084961,68.43120574951172,-64.0345687866211,292.3089904785156,-0.006049531511962414,-0.011612819507718086,0.0009447852498851717,0.008895865641534328
38.439998626708984,38,0.06926621496677399,0.05519682541489601,9.809161186218262,71.46241760253906,-66.94422912597656,303.4729309082031,-0.0010166961001232266,-0.009702042676508427,0.001845740363933146,0.0094191525131464
38.45000076293945,38,0.09111182391643524,0.0590517558157444,9.809453010559082,74.3868637084961,-69.88211059570312,314.5802001953125,-0.001064395415596664,-0.0053681423887610435,0.008883348666131496,0.009942438453435898
38.459999084472656,38,0.10168122500181198,0.06819212436676025,9.809110641479492,77.0047378540039,-73.12798309326172,325.98175048828125,-0.004171302076429129,-0.003815951757133007,0.011987730860710144,0.010989011265337467
38.470001220703125,38,0.09594866633415222,0.04484155774116516,9.79284381866455,79.62261199951172,-76.59243774414062,337.8376770019531,-0.0033766883425414562,-0.010965232737362385,0.007698161993175745,0.011512297205626965
38.47999954223633,38,0.07640150934457779,-0.01264388207346201,9.81857681274414,82.83435821533203,-80.30878448486328,350.2172546386719,-0.0024934096727520227,-0.014127133414149284,0.002667010063305497,0.012035583145916462
38.4900016784668,38,0.05056591331958771,-0.030998991802334785,9.810495376586914,86.08052825927734,-83.85034942626953,361.9185485839844,-0.0018856647657230496,-0.0076776291243731976,0.0021266050171107054,0.012035583145916462
38.5,38,0.024604368954896927,-0.014812818728387356,9.804001808166504,89.02762603759766,-87.52621459960938,373.594970703125,-0.0027291004080325365,-0.00523346196860075,0.0055143763311207294,0.012035583145916462
38.5099983215332,38,0.019471121951937675,-0.0005012872279621661,9.812115669250488,91.6707763671875,-91.2632827758789,385.58843994140625,-0.0041207969188690186,-0.008257035166025162,0.008773639798164368,0.012558870017528534
38.52000045776367,39,0.0030301883816719055,0.0025828713551163673,9.811657905578613,94.39691162109375,-94.46725463867188,397.6659851074219,-0.0010307254269719124,-0.0066871680319309235,0.009938625618815422,0.012035583145916462
38.529998779296875,39,-0.010966808535158634,0.0007459590560756624,9.805545806884766,97.64307403564453,-98.55352783203125,409.7435302734375,-0.001100871479138732,-0.004700072109699249,0.007674873806536198,0.012558870017528534
38.540000915527344,39,-0.012014520354568958,-0.0022002155892550945,9.807476997375488,100.56581115722656,-102.15965270996094,421.6499328613281,-0.00580233708024025,-0.0035350872203707695,0.001683843438513577,0.013082155957818031
38.54999923706055,40,0.0008283649221993983,-0.004175112117081881,9.810393333435059,103.33682250976562,-106.05386352539062,433.38671875,-0.0063107553869485855,-0.0023701023310422897,0.007869036868214607,0.012558870017528534
38.560001373291016,39,0.01908678188920021,0.011411692947149277,9.810393333435059,106.40835571289062,-110.04869842529297,445.356689453125,-0.004451324697583914,-0.0018325033597648144,0.005382221192121506,0.012558870017528534
38.56999969482422,39,0.018220383673906326,0.05085464194417,9.821101188659668,110.21126556396484,-113.52142333984375,457.9249267578125,-0.005142122972756624,-0.005422295071184635,0.0024562913458794355,0.013082155957818031
38.58000183105469,39,0.023337341845035553,0.06736421585083008,9.812519073486328,113.03856658935547,-118.31834411621094,468.11883544921875,-0.000613496929872781,-0.009786779060959816,0.0057542757131159306,0.013082155957818031
38.59000015258789,39,0.0526580773293972,0.05125781521201134,9.79984188079834,116.47698974609375,-123.41151428222656,478.77459716796875,-0.000613496929872781,-0.003961855545639992,0.002259321277961135,0.013605441898107529
38.599998474121094,39,0.07964235544204712,0.019825484603643417,9.80113410949707,120.03730010986328,-128.5105438232422,490.9828796386719,-0.00402090884745121,-0.00495175551623106,0.002171779051423073,0.014652014710009098
38.61000061035156,39,0.08001693338155746,0.00019402288307901472,9.803102493286133,123.52127075195312,-134.31866455078125,504.4915466308594,-0.005368273705244064,-0.00611674040555954,0.002171779051423073,0.015698587521910667
38.619998931884766,40,0.0704355239868164,-0.0022002155892550945,9.807633399963379,126.98094940185547,-141.2867889404297,518.5635375976562,-0.009568615816533566,-0.008293511345982552,0.007230708375573158,0.01726844534277916
38.630001068115234,39,0.07786722481250763,0.002853449434041977,9.798410415649414,131.1695556640625,-147.32737731933594,532.635498046875,-0.006630340591073036,-0.005874596536159515,0.007356971502304077,0.018315019086003304
38.63999938964844,39,0.09548398852348328,0.0047701336443424225,9.80859088897705,135.63938903808594,-154.0836944580078,545.7155151367188,-0.005521472543478012,-0.007706248667091131,0.006191986612975597,0.0188383050262928
38.650001525878906,39,0.08502749353647232,-0.00008194518159143627,9.81794261932373,140.48802185058594,-160.6890106201172,560.0703125,-0.0022184376139193773,-0.007072409614920616,0.006678519304841757,0.019884876906871796
38.65999984741211,39,0.054193273186683655,-0.0158692579716444,9.809005737304688,145.78201293945312,-167.09805297851562,574.8090209960938,-0.004432245157659054,-0.007033688947558403,0.004024755675345659,0.020408162847161293
38.66999816894531,39,0.032582178711891174,-0.014904447831213474,9.797856330871582,151.5167999267578,-173.28610229492188,589.166259765625,-0.006748466286808252,-0.0060934522189199924,0.002873519668355584,0.02093144878745079
38.68000030517578,39,0.007250350434333086,0.007375659886747599,9.804581642150879,157.59027099609375,-178.9713592529297,603.7922973632812,-0.0041895401664078236,-0.0031237509101629257,0.006597430445253849,0.021454736590385437
38.689998626708984,39,-0.0042994520626962185,0.02869527041912079,9.801451683044434,163.16278076171875,-186.44149780273438,617.464111328125,-0.002418213291093707,-0.0019396863644942641,0.004334240220487118,0.022501308470964432
38.70000076293945,39,-0.010362067259848118,0.039074257016181946,9.80195140838623,169.9226531982422,-193.735595703125,631.9730834960938,-0.003583197947591543,-0.003620384493842721,0.000553651072550565,0.023547880351543427
38.709999084472656,39,-0.01083326619118452,0.04084756597876549,9.811786651611328,176.99481201171875,-201.01760864257812,646.7127075195312,-0.006562999915331602,-0.005042945500463247,0.004759885836392641,0.02459445409476757
38.720001220703125,40,-0.0027761985547840595,0.028256522491574287,9.812050819396973,184.0914306640625,-208.4580841064453,661.2266235351562,-0.00886266678571701,-0.005434640683233738,0.00629636412486434,0.025641025975346565
38.72999954223633,40,0.016716672107577324,0.018498465418815613,9.813653945922852,191.7298583984375,-216.10415649414062,675.4175415039062,-0.006840217392891645,-0.006929311435669661,0.004625767003744841,0.02668759785592556
38.7400016784668,39,0.027913618832826614,0.013646387495100498,9.811911582946777,199.05990600585938,-224.09906005859375,690.0435180664062,-0.009091061539947987,-0.00899160373955965,0.005161121021956205,0.02668759785592556
38.75,39,0.05307282134890556,0.012149045243859291,9.810393333435059,207.12857055664062,-231.88507080078125,705.1036987304688,-0.0038831422571092844,-0.01015658862888813,0.007696758955717087,0.0282574575394392
38.7599983215332,38,0.07348746061325073,0.018996501341462135,9.810393333435059,215.51605224609375,-240.2476043701172,720.3445434570312,-0.002127808751538396,-0.010603278875350952,0.010329759679734707,0.029827315360307693
38.77000045776367,39,0.0705592930316925,0.007744336500763893,9.803313255310059,224.03089904785156,-249.21461486816406,735.286865234375,-0.004457778297364712,-0.006514889188110828,0.006589854601770639,0.030873887240886688
38.779998779296875,40,0.07513448596000671,-0.0009788413299247622,9.807917594909668,232.5589599609375,-258.3075256347656,749.54931640625,-0.006669902708381414,-0.009852716699242592,-0.00014472244947683066,0.030873887240886688
38.790000915527344,39,0.08490806818008423,-0.009461624547839165,9.806714057922363,240.41258239746094,-266.74658203125,764.7293701171875,-0.0020099636167287827,-0.00402779271826148,0.008010170422494411,0.030873887240886688
38.79999923706055,40,0.07605082541704178,0.0030323974788188934,9.805545806884766,248.7087860107422,-275.0354309082031,778.5045166015625,-0.004085723776370287,-0.003815951757133007,0.004938898608088493,0.029827315360307693
38.810001373291016,39,0.053799163550138474,0.018672022968530655,9.797905921936035,256.57440185546875,-283.73077392578125,793.5787963867188,0.0031297742389142513,-0.004876559134572744,0.008868196979165077,0.029304029420018196
38.81999969482422,40,0.029365215450525284,0.01787753775715828,9.799738883972168,264.15325927734375,-292.3353576660156,808.2284545898438,-0.004692908376455307,-0.006041544023901224,0.006537946872413158,0.029304029420018196
38.83000183105469,39,0.03640822693705559,0.013025459833443165,9.812577247619629,271.723388671875,-300.49359130859375,820.7783813476562,-0.0030021085403859615,-0.008143117651343346,0.009599118493497372,0.0282574575394392
38.84000015258789,39,0.015031646937131882,0.012149045243859291,9.823301315307617,278.843994140625,-309.6432800292969,834.8504028320312,-0.001840490847826004,-0.009598507545888424,0.0028895132709294558,0.029304029420018196
38.849998474121094,39,0.0020052765030413866,0.012149045243859291,9.812639236450195,286.4394226074219,-318.39019775390625,848.5204467773438,-0.003465633373707533,-0.011576062999665737,0.00296807661652565,0.03035060130059719
38.86000061035156,39,0.0005178513238206506,0.008035396225750446,9.802054405212402,294.57635498046875,-327.3345947265625,862.7450561523438,-0.007296727504581213,-0.007150973193347454,0.006126891355961561,0.031397175043821335
38.869998931884766,38,0.0005178513238206506,0.015731239691376686,9.800697326660156,303.0910339355469,-336.47320556640625,876.6784057617188,-0.007136794738471508,-0.002438845345750451,0.007768307346850634,0.03192045912146568
38.880001068115234,39,0.0047998991794884205,0.012680498883128166,9.800697326660156,311.93115234375,-345.6576232910156,890.3137817382812,-0.0030152963008731604,-0.00637431675568223,0.00392093975096941,0.032967034727334976
38.88999938964844,39,0.014038221910595894,0.029431544244289398,9.809455871582031,321.3554992675781,-354.6296691894531,905.7154541015625,-0.0011780320201069117,-0.010613379999995232,0.0014113965444266796,0.03453689068555832
38.900001525878906,39,0.028232818469405174,0.0181125421077013,9.810393333435059,330.3742370605469,-364.63397216796875,921.43896484375,-0.0013379649026319385,-0.0069357650354504585,-0.00011890851601492614,0.03610675036907196
38.90999984741211,39,0.04738369211554527,0.003556305542588234,9.778759956359863,340.3017883300781,-375.3890075683594,939.124267578125,-0.0019350475631654263,-0.002588957780972123,-0.0016660487744957209,0.03976975381374359
38.91999816894531,39,0.06237085908651352,0.01163807325065136,9.822348594665527,350.8251953125,-386.7145690917969,957.517578125,-0.0061870175413787365,-0.0044814967550337315,0.006518306210637093,0.042909473180770874
38.93000030517578,44,0.08629018068313599,0.025938821956515312,9.787666320800781,361.80474853515625,-398.6805419921875,976.4677734375,-0.009479951113462448,-0.008090929128229618,0.010127739049494267,0.04709576070308685
38.939998626708984,39,0.09192827343940735,0.021832719445228577,9.795611381530762,373.3139953613281,-411.5425720214844,997.0293579101562,-0.006239486858248711,-0.00601544976234436,0.009070217609405518,0.05128205195069313
38.95000076293945,39,0.07772064954042435,0.026449793949723244,9.781557083129883,384.51849365234375,-423.8013916015625,1019.6331787109375,-0.0037170364521443844,-0.005427906755357981,0.011410288512706757,0.05389848351478577
38.959999084472656,39,0.07223671674728394,0.026050934568047523,9.805455207824707,397.05548095703125,-436.9786376953125,1042.1488037109375,-0.0010049116099253297,-0.007366461679339409,0.008698162622749805,0.058084771037101746
38.970001220703125,38,0.042915984988212585,0.0022659392561763525,9.801339149475098,409.8179931640625,-450.7907409667969,1064.7039794921875,-0.004636790603399277,-0.006475326605141163,0.011782343499362469,0.06070120260119438
38.97999954223633,38,0.01565701887011528,-0.006755844224244356,9.81962776184082,422.76165771484375,-465.494384765625,1087.596923828125,-0.010403634048998356,-0.0099380137398839,0.008293841034173965,0.06384091824293137
38.9900016784668,38,0.02792881801724434,-0.0019037654856219888,9.808589935302734,436.2890319824219,-481.419677734375,1110.884521484375,-0.005743694957345724,-0.007608044892549515,0.0059638721868395805,0.06593406945466995
39,38,0.005703211296349764,0.0025828713551163673,9.783157348632812,450.0067138671875,-497.58709716796875,1132.15869140625,-0.011068617925047874,-0.003059216309338808,0.006962189916521311,0.067503921687603
39.0099983215332,37,0.009277374483644962,0.004320607520639896,9.805986404418945,463.6346435546875,-512.61279296875,1155.7115478515625,-0.0074667613953351974,-0.008873478509485722,0.0007952341111376882,0.06855049729347229
39.02000045776367,37,0.00102487881667912,0.020708365365862846,9.809883117675781,477.2475891113281,-527.44775390625,1176.68017578125,-0.007733877282589674,-0.010936331935226917,0.004644846543669701,0.06802721321582794
39.029998779296875,37,0.00879423227161169,0.012149045243859291,9.806706428527832,490.53582763671875,-541.7661743164062,1197.1805419921875,-0.0061286562122404575,-0.007484307046979666,0.005852760747075081,0.06698063760995865
39.040000915527344,37,0.03100898303091526,0.012790455482900143,9.815241813659668,503.359130859375,-555.2686157226562,1219.224853515625,-0.0037986866664141417,-0.0062699392437934875,0.0024071892257779837,0.06541077792644501
39.04999923706055,37,0.013014394789934158,0.01835293509066105,9.813081741333008,516.448486328125,-568.7711181640625,1238.1722412109375,-0.0038668683264404535,-0.007868707180023193,0.0025435530114918947,0.06541077792644501
39.060001373291016,37,0.03020664118230343,0.02571891061961651,9.801487922668457,529.3455810546875,-581.4577026367188,1256.8143310546875,-0.0042944783344864845,-0.006511802785098553,0.004873522557318211,0.06488749384880066
39.06999969482422,37,0.03765679523348808,0.022563602775335312,9.806406021118164,541.6526489257812,-594.3755493164062,1274.974609375,-0.005645209923386574,-0.0063936770893633366,0.0038266635965555906,0.06279435008764267
39.08000183105469,37,0.05812789499759674,0.02741568349301815,9.80760383605957,553.5067138671875,-607.5137329101562,1291.97900390625,-0.0061351098120212555,-0.007496933452785015,0.0046252054162323475,0.060177918523550034
39.09000015258789,37,0.07362100481987,0.027335911989212036,9.804847717285156,565.197509765625,-620.7877807617188,1307.9427490234375,-0.005521472543478012,-0.007496933452785015,0.007079754490405321,0.058084771037101746
39.099998474121094,37,0.0615142285823822,0.008982958272099495,9.828784942626953,577.1349487304688,-634.201416015625,1324.341552734375,-0.003074779873713851,-0.009943625889718533,0.008058431558310986,0.0575614869594574
39.11000061035156,37,0.0727774053812027,0.0000484929078083951,9.796699523925781,587.738525390625,-648.05029296875,1338.134521484375,-0.0002411619498161599,-0.012349913828074932,0.009106412529945374,0.0565149150788784
39.119998931884766,37,0.06917175650596619,0.008559304289519787,9.811613082885742,598.6268920898438,-662.2391357421875,1351.7088623046875,-0.002936451928690076,-0.0084896394982934,0.008306748233735561,0.05546833947300911
39.130001068115234,37,0.05196865275502205,0.009624368511140347,9.803256034851074,609.6219482421875,-676.405029296875,1365.4532470703125,-0.005824783816933632,-0.004133011680096388,0.00951999332755804,0.05494505539536476
39.13999938964844,37,0.031557269394397736,-0.00007978916255524382,9.803646087646484,620.3568115234375,-690.3423461914062,1378.894287109375,-0.006989768706262112,-0.0016032662242650986,0.011525608599185944,0.054421767592430115
39.150001525878906,37,0.018963010981678963,-0.0041826581582427025,9.797508239746094,630.4268188476562,-704.0076904296875,1391.0269775390625,-0.0076168738305568695,-0.0033061306457966566,0.005163646303117275,0.05285191163420677
39.15999984741211,36,0.003855329705402255,0.004052185453474522,9.816001892089844,640.8983764648438,-717.33251953125,1404.43408203125,-0.006459745578467846,-0.007379649206995964,0.008306748233735561,0.05180533602833748
39.16999816894531,36,-0.002580770291388035,0.011980877257883549,9.80208683013916,651.538818359375,-729.7971801757812,1414.6226806640625,-0.015116322785615921,-0.0062699392437934875,0.008140923455357552,0.048665620386600494
39.18000030517578,36,-0.009116755798459053,0.02171521820127964,9.815241813659668,661.9800415039062,-742.0560302734375,1422.7093505859375,-0.010456383228302002,-0.0062699392437934875,0.0046459692530334,0.04552590101957321
39.189998626708984,36,0.0027012177743017673,0.025067798793315887,9.810144424438477,672.4896240234375,-754.1648559570312,1429.538818359375,-0.005796445067971945,-0.008586440235376358,0.005784017499536276,0.04238618537783623
39.20000076293945,36,0.02108883298933506,0.034771956503391266,9.80246639251709,683.5494384765625,-765.94287109375,1435.6834716796875,-0.005521472543478012,-0.0065314434468746185,0.002564035588875413,0.03976975381374359
39.209999084472656,36,0.02593328058719635,0.03721901774406433,9.801867485046387,695.1727905273438,-777.4022216796875,1440.3370361328125,-0.0034530069679021835,-0.008338403888046741,0.0011375464964658022,0.03819989413022995
39.220001220703125,36,0.04766706004738808,0.02563159354031086,9.807302474975586,707.2508544921875,-789.1701049804688,1443.451171875,-0.0011230374220758677,-0.007751703727990389,-0.000027438332836027257,0.03663003817200661
39.22999954223633,36,0.059406865388154984,0.014979872852563858,9.819001197814941,726.6985473632812,-811.5698852539062,1449.843505859375,-0.0015237114857882261,-0.009317362681031227,0.0006280058878473938,0.03610675036907196
39.2400016784668,36,0.06999581307172775,0.012149045243859291,9.808344841003418,740.9166259765625,-828.7014770507812,1454.90283203125,-0.003536901669576764,-0.0065580992959439754,0.0009447852498851717,0.037153322249650955
39.25,44,0.0727774053812027,0.012149045243859291,9.805545806884766,742.9676513671875,-831.494140625,1455.68701171875,-0.006653067655861378,-0.007401534356176853,0.004875767044723034,0.042909473180770874
39.2599983215332,37,0.0640786811709404,0.007830576039850712,9.807733535766602,755.4287719726562,-848.4610595703125,1460.4515380859375,-0.007975460030138493,-0.008723926730453968,0.007079754490405321,0.042909473180770874
39.27000045776367,36,0.05126402527093887,0.0025828713551163673,9.808135032653809,767.5003051757812,-865.6758422851562,1462.9490966796875,-0.007313281763345003,-0.009386105462908745,0.007741932757198811,0.04395604506134987
39.279998779296875,36,0.04174993187189102,0.0025828713551163673,9.805545806884766,781.21728515625,-882.5386352539062,1467.279296875,-0.006148297339677811,-0.011151258833706379,0.007106409873813391,0.04552590101957321
39.290000915527344,37,0.031855836510658264,0.012047712691128254,9.810342788696289,795.7161865234375,-899.1980590820312,1472.129638671875,-0.006059632636606693,-0.012404908426105976,0.006929080933332443,0.04814233258366585
39.29999923706055,37,0.026969049125909805,0.011974409222602844,9.805368423461914,810.7688598632812,-916.0908813476562,1476.636962890625,-0.0053200130350887775,-0.008119548670947552,0.009259050711989403,0.05180533602833748
39.310001373291016,36,0.019560152664780617,0.01760803908109665,9.79838752746582,827.5232543945312,-933.9461059570312,1481.4014892578125,-0.00430991081520915,-0.0026043900288641453,0.011589020490646362,0.055991627275943756
39.31999969482422,36,0.014969762414693832,0.028708206489682198,9.80852222442627,842.0972900390625,-953.8271484375,1488.69287109375,-0.00533993449062109,-0.005042945500463247,0.011101926676928997,0.05913134664297104
39.33000183105469,36,0.012308682315051556,0.03178266063332558,9.8125638961792,858.079345703125,-974.3978881835938,1495.3349609375,-0.0006799953989684582,-0.005333069246262312,0.0049823890440166,0.061747774481773376
39.34000015258789,36,0.015613589435815811,0.02793096750974655,9.821385383605957,873.3163452148438,-994.95263671875,1500.8355712890625,0.0016987958224490285,-0.005357480142265558,0.002171779051423073,0.06227106228470802
39.349998474121094,36,0.014186963438987732,0.03283586725592613,9.818513870239258,887.603515625,-1015.8062744140625,1505.234375,-0.0039622667245566845,-0.0020263867918401957,0.002005673246458173,0.061747774481773376
39.36000061035156,36,0.021630603820085526,0.026601793244481087,9.813281059265137,902.2858276367188,-1037.916015625,1509.1309814453125,-0.001840490847826004,-0.00679042236879468,0.0015693652676418424,0.060177918523550034
39.369998931884766,35,0.03236069530248642,0.016932131722569466,9.812283515930176,917.3648071289062,-1059.8575439453125,1515.3359375,-0.0019667537417262793,-0.012236557900905609,0.008180485107004642,0.06122449040412903
39.380001068115234,35,0.04627300798892975,0.016932131722569466,9.792226791381836,932.7008666992188,-1081.072021484375,1519.0015869140625,-0.005461708176881075,-0.007576619274914265,0.004685531370341778,0.06122449040412903
39.38999938964844,36,0.05658618360757828,0.007763740140944719,9.818477630615234,948.2162475585938,-1103.8885498046875,1522.3629150390625,-0.008956662379205227,-0.00978706032037735,0.002335640136152506,0.06436420977115631
39.400001525878906,35,0.04573557898402214,-0.006792495958507061,9.795136451721191,963.7821655273438,-1127.9930419921875,1527.5338134765625,-0.01136856246739626,-0.011033975519239902,0.007587050087749958,0.06959707289934158
39.40999984741211,36,0.05835806205868721,-0.005378160160034895,9.81369686126709,979.1839599609375,-1152.2469482421875,1535.276123046875,-0.005530170165002346,-0.009135824628174305,0.0062646581791341305,0.07169021666049957
39.41999816894531,36,0.06796009838581085,0.0010628910968080163,9.79825210571289,993.8440551757812,-1177.2088623046875,1539.486572265625,-0.0042944783344864845,-0.005846818443387747,0.003934688400477171,0.07587650418281555
39.43000030517578,36,0.04446855187416077,0.0025828713551163673,9.801568984985352,1009.517822265625,-1202.4832763671875,1547.6949462890625,-0.006088532507419586,-0.0041459184139966965,0.002501745941117406,0.08006279170513153
39.439998626708984,36,0.037664394825696945,0.019588323310017586,9.806946754455566,1025.26220703125,-1227.4564208984375,1554.0885009765625,-0.0034083942882716656,-0.0013108976418152452,0.00551185104995966,0.08058608323335648
39.45000076293945,36,0.04954100027680397,0.02302822284400463,9.816097259521484,1040.539306640625,-1251.3282470703125,1558.63916015625,-0.0010674818186089396,-0.004000014625489712,0.0032147099263966084,0.07953950762748718
39.459999084472656,35,0.035686228424310684,0.014637069776654243,9.823677062988281,1055.605224609375,-1274.0638427734375,1562.6016845703125,-0.0020354967564344406,-0.008402938954532146,0.0023667849600315094,0.08006279170513153
39.470001220703125,36,0.018520040437579155,0.015757111832499504,9.802995681762695,1072.569091796875,-1297.604248046875,1567.47705078125,-0.0037164753302931786,-0.0041100033558905125,0.004696754738688469,0.08163265138864517
39.47999954223633,36,0.007563035469502211,0.02428624778985977,9.818211555480957,1090.420166015625,-1320.2247314453125,1575.06494140625,-0.0042944783344864845,-0.001255903160199523,0.006439742632210255,0.08686551451683044
39.4900016784668,36,0.020426549017429352,0.041482508182525635,9.790765762329102,1108.1043701171875,-1344.4207763671875,1582.272705078125,-0.002719560405239463,-0.006965788081288338,0.007604727055877447,0.09366823732852936
39.5,36,0.024604368954896927,0.05326073616743088,9.804506301879883,1126.5867919921875,-1368.202880859375,1588.8345947265625,-0.0001505333202658221,-0.012103842571377754,0.008769712410867214,0.10047096014022827
39.5099983215332,36,0.024604368954896927,0.01635647937655449,9.806456565856934,1145.9642333984375,-1390.4705810546875,1594.8760986328125,0.0018163605127483606,-0.010825220495462418,0.006727060303092003,0.10622710734605789
39.52000045776367,36,0.03256697952747345,0.0034129314590245485,9.821572303771973,1165.020751953125,-1411.784912109375,1600.7425537109375,0.002599750878289342,-0.0033482180442661047,0.0029784580692648888,0.10361067205667496
39.529998779296875,36,0.0301881842315197,0.0025828713551163673,9.80863094329834,1183.5552978515625,-1431.4168701171875,1604.62060546875,-0.0007327452185563743,-0.0014004040276631713,0.008029812015593052,0.09785452485084534
39.540000915527344,36,0.041782502084970474,-0.005599150434136391,9.797252655029297,1200.39990234375,-1446.816162109375,1606.1995849609375,0.003712266683578491,-0.011670339852571487,0.006649899762123823,0.08843537420034409
39.54999923706055,36,0.052253108471632004,-0.00282329972833395,9.80849838256836,1216.1763916015625,-1459.7548828125,1607.6776123046875,0.006748466286808252,-0.019613955169916153,0.004472848493605852,0.07796964794397354
39.560001373291016,36,0.07906367629766464,0.002028779359534383,9.784674644470215,1230.58740234375,-1469.90380859375,1609.7384033203125,0.006657557096332312,-0.017630785703659058,0.0033987730275839567,0.0664573535323143
39.56999969482422,36,0.07808328419923782,0.0025828713551163673,9.824869155883789,1242.8353271484375,-1475.53662109375,1612.047607421875,0.005376971792429686,-0.006183238700032234,0.0034276731312274933,0.05860805884003639
39.58000183105469,36,0.09078936278820038,0.01568380743265152,9.7943754196167,1253.516357421875,-1475.27001953125,1615.7041015625,-0.0004479525377973914,-0.002688284497708082,0.004592658020555973,0.05180533602833748
39.59000015258789,36,0.05183728039264679,0.01249616127461195,9.817978858947754,1261.1551513671875,-1471.16943359375,1619.9124755859375,-0.00853662844747305,0.003070421516895294,0.008021394722163677,0.04029304161667824
39.599998474121094,36,0.05322808027267456,0.03467385843396187,9.801824569702148,1266.17578125,-1465.067138671875,1623.17822265625,-0.007062720600515604,-0.0007334556430578232,0.007236881647258997,0.023547880351543427
39.61000061035156,36,0.05350819230079651,0.049786344170570374,9.805334091186523,1268.55615234375,-1457.4652099609375,1624.5272216796875,-0.0027170353569090366,-0.005393394734710455,0.008087611757218838,0.006279435008764267
39.619998931884766,36,0.05818435177206993,0.03648490086197853,9.810251235961914,1268.5684814453125,-1448.345703125,1623.9473876953125,0.001942903851158917,-0.0015406958991661668,0.009252597577869892,-0.008372579701244831
39.630001068115234,36,0.03934290632605553,0.017216723412275314,9.796066284179688,1267.940185546875,-1436.97509765625,1624.7230224609375,-0.003119392553344369,0.010471105575561523,0.006882223300635815,-0.017791731283068657
39.63999938964844,36,-0.03249756246805191,0.016932131722569466,9.833870887756348,1267.4051513671875,-1421.0902099609375,1627.86962890625,-0.01456160843372345,0.0178762786090374,0.002565438626334071,-0.018315019086003304
39.650001525878906,36,0.015927359461784363,0.016796303912997246,9.781167984008789,1264.68017578125,-1403.54736328125,1628.3199462890625,-0.012180010788142681,0.0027808586601167917,0.002464428311213851,-0.0287807434797287
39.65999984741211,36,0.04765946418046951,0.011944225057959557,9.776457786560059,1259.7442626953125,-1383.1370849609375,1626.463134765625,-0.005184210371226072,-0.0005188093637116253,0.006190022453665733,-0.04186289757490158
39.66999816894531,36,0.022673973813652992,0.008187394589185715,9.779510498046875,1252.275390625,-1358.4290771484375,1624.0191650390625,-0.0030674845911562443,-0.0003134214784950018,0.007035141810774803,-0.06070120260119438
39.68000030517578,36,-0.005318935960531235,0.02000119723379612,9.826659202575684,1240.1285400390625,-1328.6702880859375,1623.465087890625,-0.0036412787158042192,-0.005616739857941866,0.007574143819510937,-0.08320251107215881
39.689998626708984,37,0.045532550662755966,-0.0005530312191694975,9.788240432739258,1220.695556640625,-1294.4241943359375,1615.2015380859375,-0.004806263837963343,-0.0072935097850859165,0.01004552748054266,-0.10779696702957153
39.70000076293945,36,0.060721661895513535,0.01548976730555296,9.811367988586426,1197.3681640625,-1258.6170654296875,1609.1065673828125,-0.005521472543478012,-0.006025269627571106,0.011660289019346237,-0.13343799114227295
39.709999084472656,36,0.04182484373450279,0.003132651560008526,9.815630912780762,1170.5272216796875,-1221.2100830078125,1601.1678466796875,-0.005133705213665962,-0.0025252653285861015,0.009337052702903748,-0.15227629244327545
39.720001220703125,36,0.0637659952044487,0.007984730415046215,9.788204193115234,1140.4244384765625,-1182.634765625,1589.480224609375,-0.004620236344635487,-0.005042945500463247,0.0035508498549461365,-0.16797488927841187
39.72999954223633,36,0.06726741790771484,0.01421233732253313,9.82766342163086,1107.2684326171875,-1143.921142578125,1575.5924072265625,-0.004730225540697575,-0.00425169849768281,0.010233238339424133,-0.1794871836900711
39.7400016784668,36,0.06390497088432312,0.027255062013864517,9.791522979736328,1069.67578125,-1100.3934326171875,1559.193603515625,-0.002042230684310198,-0.0021689236164093018,0.008710227906703949,-0.1925693303346634
39.75,38,0.06629678606987,0.032932888716459274,9.819252014160156,1030.2860107421875,-1054.4404296875,1541.5845947265625,-0.0029277538415044546,-0.006549400743097067,0.010621005669236183,-0.20355834066867828
39.7599983215332,37,0.05562207102775574,0.03816334530711174,9.815241813659668,989.1901245117188,-1006.1077880859375,1521.398193359375,-0.0021513779647648335,-0.008879370056092739,0.009533742442727089,-0.21402406692504883
39.77000045776367,38,0.03902044892311096,0.022643376141786575,9.816218376159668,946.5413818359375,-955.533447265625,1497.7296142578125,-0.006717040669173002,-0.011099351570010185,0.009470891207456589,-0.22082678973674774
39.779998779296875,39,0.016666729003190994,0.006333234254270792,9.814855575561523,902.6498413085938,-903.02099609375,1470.4974365234375,-0.004387070890516043,-0.005274427123367786,0.004810952581465244,-0.22396650910377502
39.790000915527344,38,0.006444752216339111,0.0036845875438302755,9.800315856933594,858.5648803710938,-849.2776489257812,1443.572265625,-0.009887920692563057,-0.007280322723090649,0.0102192098274827,-0.22553636133670807
39.79999923706055,39,0.012510624714195728,0.007365958299487829,9.815241813659668,814.9204711914062,-796.8052368164062,1412.6373291015625,-0.005146050825715065,-0.006440253928303719,0.012874094769358635,-0.22344322502613068
39.810001373291016,39,0.018538497388362885,0.007365958299487829,9.810215950012207,771.6768798828125,-746.2975463867188,1379.198974609375,0.0006788730970583856,-0.0062699392437934875,0.0112253837287426,-0.2171637862920761
39.81999969482422,39,0.014969762414693832,0.007365958299487829,9.797176361083984,729.69189453125,-698.5609741210938,1343.6380615234375,0.0009078294970095158,-0.005337277892976999,0.007962752133607864,-0.2103610634803772
39.83000183105469,40,0.02051992155611515,0.007365958299487829,9.799301147460938,689.683349609375,-653.8567504882812,1306.484619140625,-0.004610416479408741,-0.0067842500284314156,0.007079754490405321,-0.2014652043581009
39.84000015258789,40,0.03423897549510002,0.007365958299487829,9.79438304901123,650.9387817382812,-610.684326171875,1269.808837890625,-0.004322536755353212,-0.008305576629936695,0.0054624686017632484,-0.19309261441230774
39.849998474121094,40,0.03423897549510002,0.013428631238639355,9.792537689208984,613.04541015625,-570.48046875,1228.12939453125,-0.0008275825530290604,-0.008723926730453968,0.008358937688171864,-0.18576660752296448
39.86000061035156,40,0.03902696445584297,0.023328984156250954,9.79906177520752,576.573486328125,-531.7233276367188,1188.654296875,-0.0014403779059648514,-0.009408552199602127,0.008706861175596714,-0.18001046776771545
39.869998931884766,40,0.0470254048705101,0.01362482737749815,9.808897972106934,541.1244506835938,-494.02667236328125,1148.662841796875,-0.0043127164244651794,-0.007460457272827625,0.005211906973272562,-0.17425431311130524
39.880001068115234,40,0.04560855031013489,0.017701825127005577,9.811749458312988,506.5044250488281,-457.39093017578125,1106.2252197265625,-0.005521472543478012,-0.006164159160107374,0.005641200114041567,-0.16535845398902893
39.88999938964844,40,0.055908698588609695,0.02710629813373089,9.805545806884766,473.309814453125,-422.3911437988281,1063.7877197265625,-0.007017266005277634,-0.0064997379668056965,0.008306748233735561,-0.16431188583374023
39.900001525878906,40,0.060464344918727875,0.01587030105292797,9.805545806884766,440.4181823730469,-389.87652587890625,1020.6018676757812,-0.0057097445242106915,-0.003733179299160838,0.007433570921421051,-0.15750916302204132
39.90999984741211,40,0.046747464686632156,0.01785597763955593,9.801633834838867,409.6783752441406,-360.17681884765625,977.9548950195312,0.00023891728778835386,-0.001736543606966734,0.005852760747075081,-0.14861328899860382
39.91999816894531,40,0.043873582035303116,0.010150432586669922,9.810029983520508,380.8194580078125,-332.6284484863281,935.133056640625,-0.000613496929872781,-0.0032140989787876606,0.005540190264582634,-0.1407639980316162
39.93000030517578,40,0.037626396864652634,0.013568771071732044,9.817212104797363,353.4524230957031,-306.6161193847656,892.4112548828125,-0.0021168659441173077,-0.0045418222434818745,0.005126889795064926,-0.13239142298698425
39.939998626708984,40,0.025117911398410797,0.01957862265408039,9.805028915405273,327.2294616699219,-281.72662353515625,851.1195068359375,-0.007598354946821928,-0.002588957780972123,0.007833964191377163,-0.1240188404917717
39.95000076293945,41,0.015344332903623581,0.014726543799042702,9.80368709564209,303.2497253417969,-259.51861572265625,811.2304077148438,-0.005394929088652134,-0.0022093276493251324,0.012493904680013657,-0.11773940175771713
39.959999084472656,41,0.014734162017703056,0.012149045243859291,9.802765846252441,280.76214599609375,-238.435791015625,772.218505859375,-0.0040363408625125885,0.0008338865009136498,0.016443965956568718,-0.10989011079072952
39.970001220703125,40,0.005625039339065552,0.009805472567677498,9.800891876220703,259.6005554199219,-218.44081115722656,733.4991455078125,0.0006059211445972323,-0.003821002319455147,0.008291596546769142,-0.10361067205667496
39.97999954223633,41,-0.006686932407319546,0.00977852288633585,9.80811882019043,239.68756103515625,-199.7914581298828,695.8291625976562,-0.0028890331741422415,-0.006150971632450819,0.0013016881421208382,-0.0962846651673317
39.9900016784668,41,0.0006991652771830559,0.022075271233916283,9.809846878051758,221.0227508544922,-182.880859375,660.631103515625,-0.005278486758470535,-0.007375440560281277,0.00315578724257648,-0.08895865827798843
40,40,0.01817912608385086,0.023629747331142426,9.798434257507324,204.2683563232422,-168.4012451171875,629.2738647460938,-0.004477980546653271,-0.008540424518287182,0.0013117891503497958,-0.08163265138864517
40.0099983215332,41,0.03733651340007782,0.02217121236026287,9.806007385253906,189.39015197753906,-154.98269653320312,599.1455688476562,-0.0072389268316328526,-0.008723926730453968,0.0038892338052392006,-0.07482992857694626
40.02000045776367,40,0.04116581752896309,0.015744175761938095,9.81584358215332,175.93592834472656,-142.90066528320312,569.228759765625,-0.0006196697358973324,-0.008723926730453968,0.005545240826904774,-0.06802721321582794
40.029998779296875,40,0.052942536771297455,0.015638532117009163,9.81729507446289,163.52256774902344,-131.9053497314453,541.2264404296875,-0.0007319034193642437,-0.008723926730453968,0.009282619692385197,-0.06279435008764267
40.040000915527344,40,0.05460258945822716,0.013235668651759624,9.80378246307373,152.06512451171875,-121.69774627685547,516.6101684570312,-0.00343140191398561,-0.007928471080958843,0.00757891358807683,-0.05703819915652275
40.04999923706055,40,0.05743955448269844,0.018947992473840714,9.804654121398926,142.7454833984375,-112.54805755615234,493.7847595214844,-0.003561031771823764,-0.0030962538439780474,0.006586207076907158,-0.05285191163420677
40.060001373291016,40,0.05418567731976509,0.02056930400431156,9.810393333435059,133.23426818847656,-103.88591003417969,469.54034423828125,-0.0023960471153259277,0.0018793425988405943,0.0023796919267624617,-0.04918890818953514
40.06999969482422,40,0.05174608156085014,0.010865146294236183,9.798094749450684,124.55984497070312,-95.93378448486328,446.21868896484375,-0.0024499192368239164,0.0004988693981431425,0.0015379399992525578,-0.046572476625442505
40.08000183105469,40,0.05350819230079651,0.007365958299487829,9.794146537780762,116.42732238769531,-88.53168487548828,424.9729309082031,-0.0036149038933217525,-0.002588957780972123,0.004078347701579332,-0.04395604506134987
40.09000015258789,40,0.03753736987709999,0.013708910904824734,9.795849800109863,108.62357330322266,-81.64994049072266,405.6932067871094,-0.0038090681191533804,-0.002588957780972123,0.00679664546623826,-0.04186289757490158
40.099998474121094,40,0.02615802176296711,0.010451194830238819,9.805703163146973,101.39823913574219,-75.60936737060547,386.4134521484375,-0.0034908857196569443,-0.0013187539298087358,0.009870723821222782,-0.039246466010808945
40.11000061035156,40,0.02127123437821865,0.01729433983564377,9.80033016204834,94.8885269165039,-69.74223327636719,367.13372802734375,-0.0042944783344864845,0.000007847163033147808,0.005852760747075081,-0.03610675036907196
40.119998931884766,40,0.01978706568479538,0.025093670934438705,9.785576820373535,88.55152893066406,-64.80170440673828,349.99066162109375,-0.003995095379650593,-0.0028883409686386585,0.00525399437174201,-0.03453689068555832
40.130001068115234,40,0.016314959153532982,0.026498304679989815,9.798776626586914,83.01197814941406,-60.36260986328125,334.32220458984375,-0.0030674845911562443,-0.0033412035554647446,0.004585643298923969,-0.03192045912146568
40.13999938964844,40,0.011428169906139374,0.01594899594783783,9.812674522399902,78.02391815185547,-56.098670959472656,319.8166198730469,-0.0034182146191596985,-0.001361963921226561,0.008306187577545643,-0.029827315360307693
40.150001525878906,40,0.017374614253640175,0.008563616313040257,9.815241813659668,72.63816833496094,-51.8717041015625,306.4364318847656,-0.005408116616308689,-0.00170203170273453,0.0013982090167701244,-0.027734169736504555
40.15999984741211,40,0.01610650308430195,0.01832921989262104,9.804129600524902,68.76371002197266,-48.58491897583008,290.9239807128906,-0.004191784653812647,-0.0047862110659480095,0.006160841789096594,-0.026164311915636063
40.16999816894531,40,0.026219908148050308,0.01799180544912815,9.804471969604492,64.63693237304688,-45.298133850097656,277.3695068359375,-0.0018618152244016528,0.0010387126822024584,0.013150750659406185,-0.025641025975346565
40.18000030517578,40,0.03706074133515358,0.013139727525413036,9.790170669555664,60.68649673461914,-42.112369537353516,264.3577575683594,-0.002994813257828355,-0.00006229880091268569,0.01206040196120739,-0.024071166291832924
40.189998626708984,40,0.03905627876520157,0.008287648670375347,9.813549995422363,56.9167594909668,-39.09225845336914,251.6898651123047,-0.009621365927159786,-0.0012272836174815893,0.004341535735875368,-0.024071166291832924
40.20000076293945,40,0.05093179643154144,0.011296346783638,9.820089340209961,53.27189636230469,-36.3026008605957,239.49119567871094,-0.004247620701789856,-0.0034225729759782553,0.0044290777295827866,-0.022501308470964432
40.209999084472656,40,0.04948020353913307,0.012149045243859291,9.820089340209961,50.75873947143555,-33.99296951293945,226.19483947753906,-0.0011308938264846802,0.00005722986679757014,0.005594062153249979,-0.021454736590385437
40.220001220703125,40,0.06508079171180725,0.008080672472715378,9.815966606140137,47.43059158325195,-31.760156631469727,217.21031188964844,-0.0042386422865092754,0.0038108828011900187,0.010384192690253258,-0.020408162847161293
40.22999954223633,40,0.04712528735399246,0.007365958299487829,9.798467636108398,44.502891540527344,-29.987178802490234,206.52610778808594,-0.005521472543478012,0.0013958963099867105,0.011987730860710144,-0.0193615909665823
40.2400016784668,40,0.05234647914767265,0.032604098320007324,9.81290340423584,42.009273529052734,-28.687854766845703,196.15782165527344,-0.0031746679451316595,-0.00013497007603291422,0.01042319368571043,-0.018315019086003304
40.25,40,0.04059039056301117,0.02323843352496624,9.806574821472168,39.78980255126953,-27.610633850097656,188.4907684326172,-0.003281008917838335,-0.005897043272852898,0.00665270583704114,-0.017791731283068657
40.2599983215332,40,0.021554604172706604,0.030403900891542435,9.805545806884766,38.009647369384766,-26.01165771484375,181.28857421875,-0.0010032280115410686,-0.005343170370906591,0.00857526808977127,-0.016745159402489662
40.27000045776367,40,0.015342161059379578,0.03128139302134514,9.805545806884766,35.93849563598633,-24.90639877319336,172.13624572753906,-0.000544473179616034,-0.0007657228852622211,0.00960276648402214,-0.015698587521910667
40.279998779296875,40,0.005940982140600681,0.026799067854881287,9.810088157653809,34.278785705566406,-24.08619499206543,164.8214874267578,-0.0030674845911562443,0.0014677258441224694,0.007613986264914274,-0.014652014710009098
40.290000915527344,40,0.014502906240522861,0.008293038234114647,9.805780410766602,32.908504486083984,-22.847688674926758,158.2936248779297,-0.0016508159460499883,0.0011848972644656897,0.010195639915764332,-0.0141287287697196
40.29999923706055,40,0.02892984449863434,0.0027456493116915226,9.782130241394043,31.62862777709961,-21.31818199157715,151.62078857421875,0.000613496929872781,-0.0029991716146469116,0.010343227535486221,-0.013605441898107529
40.310001373291016,40,0.029421672224998474,0.0025828713551163673,9.80031681060791,30.267332077026367,-20.962854385375977,144.86181640625,-0.0004311172815505415,-0.0034677470102906227,0.005322176497429609,-0.013082155957818031
40.31999969482422,40,0.024673854932188988,0.012055259197950363,9.805520057678223,29.00948143005371,-20.256511688232422,138.97848510742188,-0.0022088976111263037,-0.0034475447610020638,0.007365949917584658,-0.012558870017528534
40.33000183105469,40,0.029877671971917152,0.007705528289079666,9.805431365966797,27.437397003173828,-19.412031173706055,133.85707092285156,0.0001651236816542223,-0.005821566097438335,0.008755121380090714,-0.012035583145916462
40.34000015258789,40,0.04869088903069496,0.021350855007767677,9.800328254699707,26.142118453979492,-18.75406837463379,128.7518768310547,-0.0016783132450655103,-0.004140306729823351,0.009625493548810482,-0.011512297205626965
40.349998474121094,40,0.04919683188199997,0.01290256716310978,9.791510581970215,25.16994285583496,-18.33513832092285,124.1886215209961,-0.0008138339035212994,-0.006670613307505846,0.002171779051423073,-0.010989011265337467
40.36000061035156,40,0.057680580765008926,0.026818471029400826,9.802319526672363,24.15383529663086,-17.96225357055664,121.39248657226562,-0.003220122307538986,-0.011216074228286743,0.0022862572222948074,-0.010989011265337467
40.369998931884766,40,0.04869088903069496,0.032448865473270416,9.82138729095459,23.734975814819336,-17.251598358154297,115.963134765625,-0.007880061864852905,-0.012381059117615223,0.005781211890280247,-0.009942438453435898
40.380001068115234,40,0.05007517337799072,0.04517250135540962,9.785948753356934,22.804187774658203,-16.46856117248535,112.61026763916016,-0.003410919336602092,-0.007840367965400219,0.00813503097742796,-0.009942438453435898
40.38999938964844,40,0.06048823148012161,0.03926613926887512,9.825511932373047,22.303821563720703,-16.184459686279297,109.0222396850586,-0.0009092324180528522,-0.007496933452785015,0.006148496177047491,-0.009942438453435898
40.400001525878906,40,0.03725508227944374,0.023517634719610214,9.79220962524414,21.945804595947266,-15.997014045715332,104.88423919677734,-0.003664847929030657,-0.008514050394296646,0.002801409689709544,-0.0094191525131464
40.40999984741211,40,0.02728390507400036,0.004578249529004097,9.803394317626953,21.08484649658203,-15.306071281433105,100.87042999267578,-0.008114910684525967,-0.0029932791367173195,0.005992210935801268,-0.0094191525131464
40.41999816894531,39,0.04017673432826996,0.013995658606290817,9.817112922668457,20.037696838378906,-14.773078918457031,98.4327621459961,-0.0020576631650328636,-0.003148161806166172,0.003507358953356743,-0.008895865641534328
40.43000030517578,40,0.020595921203494072,-0.001397105399519205,9.804767608642578,19.99997329711914,-14.162240028381348,93.95597076416016,-0.0018797725206241012,-0.006309221498668194,0.0013406892539933324,-0.008895865641534328
40.439998626708984,40,0.024604368954896927,0.004327075555920601,9.822285652160645,19.567100524902344,-13.768440246582031,90.54244232177734,-0.0046056462451815605,-0.005189691204577684,-0.0005933762877248228,-0.0094191525131464
40.45000076293945,40,0.023656541481614113,0.009325763210654259,9.810393333435059,18.74883460998535,-13.682767868041992,87.83805847167969,-0.004814400803297758,-0.001694736653007567,-0.0008021307876333594,-0.0094191525131464
40.459999084472656,40,0.01978706568479538,-0.0011901294346898794,9.80629825592041,17.91478157043457,-13.768489837646484,84.99152374267578,-0.0036494156811386347,-0.0014250953681766987,0.003588167019188404,-0.0094191525131464
40.470001220703125,40,0.01978706568479538,0.0068991840817034245,9.799751281738281,17.600635528564453,-13.413161277770996,81.77824401855469,-0.0065658059902489185,-0.0014228506479412317,0.009411969222128391,-0.008895865641534328
40.47999954223633,40,0.020943349227309227,0.020567147061228752,9.81814956665039,16.599014282226562,-12.641261100769043,75.96692657470703,-0.0062610916793346405,-0.00013497007603291422,0.010424597188830376,-0.008372579701244831
40.4900016784668,40,0.027055906131863594,0.019366255030035973,9.782539367675781,16.288299560546875,-12.404033660888672,74.19151306152344,0.0003045739431399852,-0.0005940055125392973,0.006470606662333012,-0.008372579701244831
40.5,43,0.03423897549510002,0.026498304679989815,9.786153793334961,15.895692825317383,-12.487298011779785,72.21820831298828,0.0010464381193742156,-0.003347095800563693,0.0053839050233364105,-0.008372579701244831
40.5099983215332,40,0.03969793766736984,0.025143258273601532,9.794394493103027,15.303056716918945,-12.49863338470459,68.39669036865234,-0.000613496929872781,-0.007496933452785015,0.009533742442727089,-0.008372579701244831
40.52000045776367,40,0.05207396671175957,0.018867142498493195,9.809468269348145,15.512486457824707,-11.965641975402832,65.84822845458984,-0.0011595133692026138,-0.0077699413523077965,0.008441709913313389,-0.008895865641534328
40.529998779296875,40,0.05320202186703682,0.015135105699300766,9.79887580871582,14.152078628540039,-11.521431922912598,63.410491943359375,-0.003911481238901615,-0.007879930548369884,0.005891762208193541,-0.008895865641534328
40.540000915527344,40,0.05842320993542671,0.020153196528553963,9.80712890625,13.67175579071045,-11.145212173461914,61.820274353027344,-0.007677479647099972,-0.004113932140171528,0.012136721052229404,-0.008372579701244831
40.54999923706055,40,0.050333570688962936,0.015301117673516273,9.808740615844727,13.184721946716309,-10.695684432983398,59.668155670166016,-0.005521472543478012,-0.0063569201156497,0.012518876232206821,-0.008372579701244831
40.560001373291016,41,0.046659521758556366,0.012149045243859291,9.80382251739502,12.544576644897461,-10.241467475891113,56.852783203125,-0.00549650052562356,-0.007521905470639467,0.0034736888483166695,-0.008372579701244831
40.56999969482422,41,0.032457321882247925,0.012149045243859291,9.800697326660156,12.151260375976562,-9.9966402053833,54.19350814819336,-0.00433151563629508,-0.00868688989430666,0.0069686430506408215,-0.008372579701244831
40.58000183105469,41,0.029421672224998474,0.008473064750432968,9.811875343322754,12.151260375976562,-10.08547306060791,51.53423309326172,-0.0031665307469666004,-0.004212136380374432,0.008207702077925205,-0.007326007355004549
40.59000015258789,41,0.025580424815416336,0.0025828713551163673,9.818188667297363,11.891660690307617,-10.027488708496094,49.24121856689453,0.0011962699936702847,-0.005947828758507967,0.007240809500217438,-0.007849293760955334
40.599998474121094,42,0.02575739473104477,0.006534819956868887,9.800697326660156,11.577515602111816,-9.83352279663086,47.0251579284668,-0.0011712979758158326,-0.00827779807150364,0.01009154412895441,-0.007849293760955334
40.61000061035156,42,0.03011978417634964,0.012149045243859291,9.800697326660156,11.113778114318848,-9.56702709197998,44.492515563964844,0.00004335017001722008,-0.00778200663626194,0.009818815626204014,-0.007849293760955334
40.619998931884766,42,0.020346207544207573,0.012149045243859291,9.80498218536377,10.432095527648926,-9.37672233581543,41.41718292236328,-0.0011463259579613805,-0.00925675593316555,0.006014096550643444,-0.007849293760955334
40.630001068115234,41,0.025962594896554947,0.012149045243859291,9.812605857849121,10.117951393127441,-9.732050895690918,38.53630447387695,-0.0034762953873723745,-0.010768823325634003,0.004625767003744841,-0.007326007355004549
40.63999938964844,41,0.03452017530798912,0.009897102601826191,9.824371337890625,9.989762306213379,-9.140873908996582,36.934417724609375,-0.0005150118377059698,-0.008154341951012611,0.0061375536024570465,-0.007849293760955334
40.650001525878906,40,0.03643428534269333,0.009686892852187157,9.818166732788086,9.81663703918457,-8.836458206176758,35.42158889770508,-0.0016289303312078118,-0.0062699392437934875,0.009161407127976418,-0.007326007355004549
40.65999984741211,40,0.04628060758113861,0.0169288981705904,9.807964324951172,9.475677490234375,-8.822011947631836,33.68478012084961,-0.0042944783344864845,-0.0056380643509328365,0.0076013607904314995,-0.006802720949053764
40.66999816894531,41,0.04373786970973015,0.02171521820127964,9.810256958007812,8.932826042175293,-8.861787796020508,31.894287109375,-0.006573942955583334,-0.005612811539322138,0.007475097663700581,-0.007326007355004549
40.68000030517578,41,0.04160227254033089,0.02171521820127964,9.802983283996582,8.304536819458008,-8.684123992919922,31.00786018371582,-0.005647454410791397,-0.0057620820589363575,0.010252879001200199,-0.007326007355004549
40.689998626708984,41,0.043873582035303116,0.01911831647157669,9.811225891113281,8.471631050109863,-8.337774276733398,27.91216278076172,-0.00016764894826337695,-0.003705401439219713,0.008642046712338924,-0.007326007355004549
40.70000076293945,42,0.046558547765016556,0.014266237616539001,9.814684867858887,8.38163948059082,-8.553960800170898,26.28302764892578,0.000613496929872781,-0.0028973196167498827,0.007847432047128677,-0.007326007355004549
40.709999084472656,42,0.03767308220267296,0.009414158761501312,9.810393333435059,8.071633338928223,-8.614176750183105,25.072954177856445,-0.00035199261037632823,-0.0059481095522642136,0.009855572134256363,-0.006802720949053764
40.720001220703125,42,0.029421672224998474,0.010169836692512035,9.801867485046387,7.755655765533447,-8.258848190307617,23.387571334838867,-0.0022880223114043474,-0.005562587175518274,0.009461632929742336,-0.007326007355004549
40.72999954223633,42,0.026528250426054,0.009276174940168858,9.807497024536133,7.7498908042907715,-7.903520584106445,20.95966339111328,0.000020061774193891324,-0.0080903684720397,0.005021390505135059,-0.007326007355004549
40.7400016784668,42,0.03349309042096138,0.01030782051384449,9.812259674072266,7.226315975189209,-7.548192501068115,19.40842056274414,-0.00347489258274436,-0.010906309820711613,0.006672346498817205,-0.007326007355004549
40.75,44,0.036023885011672974,0.01515989936888218,9.813445091247559,7.109243392944336,-7.468740463256836,19.061559677124023,-0.006748466286808252,-0.008723926730453968,0.0033987730275839567,-0.006802720949053764
40.7599983215332,41,0.03423897549510002,0.016932131722569466,9.815241813659668,6.882311820983887,-6.939334869384766,17.440711975097656,-0.006760250777006149,-0.00868857279419899,0.0034223420079797506,-0.006802720949053764
40.77000045776367,41,0.040581703186035156,0.016932131722569466,9.792900085449219,6.495617389678955,-6.316908359527588,14.925527572631836,-0.007925235666334629,-0.005193619057536125,0.0057523115538060665,-0.007326007355004549
40.779998779296875,41,0.03415103256702423,0.02014996111392975,9.804136276245117,6.211863994598389,-6.481681823730469,13.45292854309082,-0.006860699970275164,-0.005042945500463247,0.00696752080693841,-0.006802720949053764
40.790000915527344,41,0.016180330887436867,0.028288863599300385,9.811909675598145,6.3165788650512695,-6.481681823730469,11.5692777633667,-0.008853969164192677,-0.008201198652386665,0.008132505230605602,-0.006802720949053764
40.79999923706055,42,0.030431384220719337,0.03128139302134514,9.800189971923828,6.0703125,-6.407245635986328,9.314238548278809,-0.0032580012921243906,-0.005751700606197119,0.010288232937455177,-0.006279435008764267
40.810001373291016,42,0.04595489427447319,0.01758216693997383,9.799321174621582,5.629811763763428,-6.479198932647705,7.990139007568359,0.0009457084233872592,-0.005042945500463247,0.006117071025073528,-0.006802720949053764
40.81999969482422,42,0.04869088903069496,0.012149045243859291,9.818403244018555,5.183457851409912,-6.5258469581604,7.0801897048950195,0.00010704285523388535,-0.005042945500463247,0.008092663250863552,-0.006802720949053764
40.83000183105469,42,0.04510260745882988,0.015711834654211998,9.810493469238281,4.8412275314331055,-6.3839216232299805,5.988300800323486,-0.0022229268215596676,-0.004238230641931295,0.008729027584195137,-0.006279435008764267
40.84000015258789,41,0.0548468753695488,0.016932131722569466,9.801864624023438,4.317652702331543,-6.472753524780273,6.43151330947876,-0.0023247788194566965,-0.0030732457526028156,0.0031078073661774397,-0.006802720949053764
40.849998474121094,42,0.043416496366262436,0.016932131722569466,9.815701484680176,4.924360752105713,-6.401778221130371,4.0840654373168945,-0.001840490847826004,0.00013382940960582346,0.0024405785370618105,-0.006279435008764267
40.86000061035156,42,0.03905627876520157,0.009392598643898964,9.800985336303711,5.100383758544922,-6.312946319580078,3.6349093914031982,-0.004315241705626249,-0.0013931088615208864,0.0033883913420140743,-0.006279435008764267
40.869998931884766,42,0.042922500520944595,0.011204716749489307,9.815303802490234,4.905558109283447,-6.109449863433838,3.3939082622528076,-0.00285171577706933,-0.003372909501194954,0.003841815050691366,-0.006279435008764267
40.880001068115234,42,0.03993787616491318,0.008241294883191586,9.792364120483398,4.632388591766357,-5.858403205871582,2.0401840209960938,0.0013458211906254292,-0.001856633578427136,0.006347430404275656,-0.006802720949053764
40.88999938964844,42,0.02303551509976387,0.015319443307816982,9.818399429321289,4.527673721313477,-6.036067485809326,1.0429564714431763,-0.0019824663177132607,-0.0038869392592459917,0.007512414827942848,-0.006279435008764267
40.900001525878906,42,0.011637711897492409,0.020977865904569626,9.8085355758667,4.7248640060424805,-5.786876201629639,-0.2737290561199188,-0.0074897692538797855,-0.005157984793186188,0.010160005651414394,-0.006279435008764267
40.90999984741211,42,0.0225849449634552,0.009371038526296616,9.813886642456055,4.9342942237854,-5.907559394836426,-0.8789539933204651,-0.008276526816189289,-0.004440812394022942,0.012898505665361881,-0.006279435008764267
40.91999816894531,42,0.03303166478872299,0.024100832641124725,9.802519798278809,4.937723636627197,-5.999300479888916,-2.3012497425079346,-0.004041672218590975,-0.009457654319703579,0.00707358168438077,-0.006279435008764267
40.93000030517578,42,0.029955841600894928,0.026498304679989815,9.800697326660156,4.701361179351807,-5.864773750305176,-4.251251697540283,0.0014712422853335738,-0.007496933452785015,0.004018021747469902,-0.006279435008764267
40.939998626708984,42,0.02506905421614647,0.017854899168014526,9.805078506469727,4.396676540374756,-5.602290153503418,-4.4603447914123535,-0.000736112124286592,-0.007251703180372715,0.014196488074958324,-0.005756148602813482
40.95000076293945,44,0.02018226496875286,-0.000630647293291986,9.796645164489746,4.501391410827637,-5.513458251953125,-4.127935886383057,-0.0017798846820369363,-0.005042945500463247,0.011805912479758263,-0.006279435008764267
40.959999084472656,42,0.01978706568479538,-0.0022002155892550945,9.795849800109863,4.523593902587891,-5.284631729125977,-5.890961647033691,-0.0006148997927084565,-0.005042945500463247,0.008310956880450249,-0.006279435008764267
40.970001220703125,42,0.028909215703606606,0.029500536620616913,9.800439834594727,4.581539154052734,-5.3130717277526855,-7.420744895935059,-0.000613496929872781,-0.005042945500463247,0.008306748233735561,-0.006279435008764267
40.97999954223633,42,0.04331335425376892,0.017488379031419754,9.828659057617188,4.6194987297058105,-5.43799352645874,-7.848034381866455,-0.005019788164645433,-0.005042945500463247,0.009408321231603622,-0.005756148602813482
40.9900016784668,42,0.048573631793260574,0.012265468947589397,9.773025512695312,4.505973815917969,-5.297698497772217,-7.415207862854004,-0.0044819083996117115,-0.002963817911222577,0.008494178764522076,-0.006279435008764267
41,42,0.034404005855321884,0.016820019111037254,9.81945514678955,4.296544075012207,-5.564194202423096,-8.301631927490234,-0.0042944783344864845,-0.0055216215550899506,0.008306748233735561,-0.006279435008764267
41.0099983215332,42,0.03887387737631798,0.0028545274399220943,9.786979675292969,4.442944049835205,-5.453367233276367,-9.093927383422852,-0.0033789328299462795,-0.0062699392437934875,0.007391202729195356,-0.006279435008764267
41.02000045776367,42,0.02958235889673233,0.01741076447069645,9.828654289245605,4.330423831939697,-5.548820495605469,-9.66514778137207,-0.006481630727648735,-0.004562866408377886,0.010493901558220387,-0.006279435008764267
41.029998779296875,42,0.034008804708719254,0.030138712376356125,9.796544075012207,4.056101322174072,-5.646405220031738,-10.40332317352295,-0.007183932699263096,0.00014168558118399233,0.011196203529834747,-0.005756148602813482
41.040000915527344,42,0.029122015461325645,0.007663486525416374,9.80979061126709,3.8771812915802,-5.468740940093994,-11.493022918701172,-0.007477984763681889,0.0008599808206781745,0.012219773605465889,-0.005756148602813482
41.04999923706055,42,0.024973511695861816,0.013248605653643608,9.801812171936035,3.8771812915802,-5.291077136993408,-11.825431823730469,-0.003970404155552387,-0.0021374982316046953,0.01187970582395792,-0.006279435008764267
41.060001373291016,42,0.029860299080610275,0.02432074584066868,9.814358711242676,4.163388729095459,-5.0324811935424805,-11.95594310760498,-0.001824497478082776,-0.005632452666759491,0.00954973604530096,-0.006279435008764267
41.06999969482422,42,0.032714635133743286,0.004096383694559336,9.805034637451172,4.052524089813232,-4.946257591247559,-12.441511154174805,-0.00524144945666194,-0.006953442003577948,0.011024205014109612,-0.006279435008764267
41.08000183105469,42,0.019209466874599457,0.016932131722569466,9.804766654968262,3.784646511077881,-5.064006328582764,-12.959457397460938,-0.0065310136415064335,-0.008195867761969566,0.010589860379695892,-0.005756148602813482
41.09000015258789,42,0.016911014914512634,0.017574619501829147,9.83007526397705,3.5535168647766113,-5.238460063934326,-13.360751152038574,-0.005972370970994234,-0.009500022977590561,0.0029478746000677347,-0.006279435008764267
41.099998474121094,42,0.027988532558083534,0.01958077773451805,9.80141830444336,3.2393720149993896,-5.06079626083374,-14.025569915771484,-0.008844990283250809,-0.005197547376155853,0.0015051114605739713,-0.005756148602813482
41.11000061035156,42,0.02135917730629444,0.008146430365741253,9.803173065185547,3.5363106727600098,-5.487927436828613,-14.043776512145996,-0.008270914666354656,-0.004361687693744898,0.006148215848952532,-0.006279435008764267
41.119998931884766,42,0.031132753938436508,0.013847973197698593,9.796167373657227,3.38677716255188,-4.883157253265381,-15.025049209594727,-0.0075683328323066235,-0.009017137810587883,0.006612862925976515,-0.005756148602813482
41.130001068115234,42,0.0418313592672348,0.02355213090777397,9.81450366973877,3.1253445148468018,-4.621476173400879,-14.9602632522583,-0.0007849337998777628,-0.00521438242867589,0.004968640394508839,-0.006279435008764267
41.13999938964844,41,0.055497217923402786,0.027331599965691566,9.79300308227539,3.0284934043884277,-5.0417609214782715,-14.800409317016602,-0.0023876295890659094,-0.005941655952483416,0.007189182098954916,-0.006279435008764267
41.150001525878906,42,0.0599508062005043,0.013205485418438911,9.798555374145508,3.2343461513519287,-5.378880977630615,-18.003374099731445,-0.007596110459417105,-0.0027312138117849827,0.008306748233735561,-0.006279435008764267
41.15999984741211,43,0.04869088903069496,0.016932131722569466,9.791001319885254,3.3390610218048096,-5.201216697692871,-17.781768798828125,0.0017237679567188025,-0.006226168014109135,0.008306748233735561,-0.006802720949053764
41.16999816894531,42,0.04748791828751564,0.018126554787158966,9.800686836242676,3.1926021575927734,-5.236629486083984,-17.825939178466797,-0.0004602980043273419,0.0017828213749453425,0.009457143023610115,-0.006802720949053764
41.18000030517578,42,0.043873582035303116,0.020451800897717476,9.815699577331543,3.0423293113708496,-5.225092887878418,-18.625303268432617,-0.000613496929872781,0.002319017658010125,0.009533742442727089,-0.005756148602813482
41.189998626708984,42,0.04521552100777626,0.016932131722569466,9.79266357421875,2.9376144409179688,-5.224289894104004,-19.296127319335938,0.00041287936619482934,-0.007944745011627674,0.00850736629217863,-0.006279435008764267
41.20000076293945,42,0.038810908794403076,0.0211363323032856,9.823270797729492,2.8228771686553955,-5.384950160980225,-18.82219696044922,-0.00035087030846625566,-0.0080221863463521,0.009271115995943546,-0.006279435008764267
41.209999084472656,42,0.017931584268808365,0.02834060788154602,9.804792404174805,2.613447427749634,-5.384950160980225,-20.15183448791504,-0.0015158551977947354,-0.005692217033356428,0.007729026023298502,-0.005756148602813482
41.220001220703125,42,0.024604368954896927,0.020175835117697716,9.809334754943848,2.404017448425293,-5.690921306610107,-21.099822998046875,-0.0026808399707078934,-0.004202596377581358,0.010441151447594166,-0.005756148602813482
41.22999954223633,42,0.027844132855534554,0.015323755331337452,9.791130065917969,2.325791597366333,-5.823642730712891,-21.292085647583008,-0.0038458246272057295,-0.002259271452203393,0.010431050322949886,-0.005756148602813482
41.2400016784668,42,0.027481505647301674,0.015503781847655773,9.826889991760254,2.448895215988159,-5.649590492248535,-21.54810333251953,-0.0021454854868352413,-0.005659949500113726,0.005952087696641684,-0.006279435008764267
41.25,42,0.022005174309015274,0.02346157841384411,9.820011138916016,2.5654356479644775,-5.317185401916504,-22.353660583496094,0.0006951468531042337,-0.008069605566561222,0.007324704434722662,-0.005756148602813482
41.2599983215332,42,0.0324106365442276,0.02468295395374298,9.804553985595703,1.623000979423523,-5.583681106567383,-22.132055282592773,0.0012481779558584094,-0.005127681884914637,0.008983797393739223,-0.005756148602813482
41.27000045776367,42,0.038910795003175735,0.02171521820127964,9.817444801330566,1.163638710975647,-5.6862568855285645,-21.501522064208984,-0.0020380220375955105,-0.0009980463655665517,0.009200969710946083,-0.005756148602813482
41.279998779296875,42,0.04170433059334755,0.017808545380830765,9.798920631408691,1.3932015895843506,-5.347255706787109,-21.675296783447266,-0.006926356814801693,-0.0007811550167389214,0.011987730860710144,-0.005756148602813482
41.290000915527344,42,0.03886193782091141,0.018216028809547424,9.804244041442871,1.6793791055679321,-5.176764011383057,-22.229312896728516,-0.007171025965362787,-0.004222237505018711,0.011175159364938736,-0.005756148602813482
41.29999923706055,42,0.05200665071606636,0.011859062127768993,9.800088882446289,1.725203037261963,-5.384950160980225,-22.734840393066406,-0.004444590769708157,-0.005731498822569847,0.00815663579851389,-0.005756148602813482
41.310001373291016,42,0.03734628111124039,-0.0026626777835190296,9.809925079345703,1.9346328973770142,-5.384950160980225,-23.067249298095703,-0.007128657307475805,-0.007496933452785015,0.004061231855303049,-0.005756148602813482
41.31999969482422,42,0.04064793512225151,0.018188001587986946,9.803943634033203,2.247122287750244,-5.7346601486206055,-22.96345329284668,-0.003853961592540145,-0.00727667473256588,0.004374363459646702,-0.005232862196862698
41.33000183105469,42,0.05350819230079651,0.022274700924754143,9.804978370666504,2.1688077449798584,-5.557297229766846,-22.935705184936523,-0.0019987402483820915,-0.0061116898432374,0.013333972543478012,-0.005756148602813482
41.34000015258789,42,0.03920285031199455,0.009733246639370918,9.810491561889648,1.9054535627365112,-5.384950160980225,-22.82158660888672,-0.0033562055323272943,-0.004850464873015881,0.005852760747075081,-0.005756148602813482
41.349998474121094,42,0.029511786997318268,0.012149045243859291,9.81798267364502,1.561951756477356,-5.409854412078857,-22.56891632080078,-0.006748466286808252,-0.0026574202347546816,0.005852760747075081,-0.005756148602813482
41.36000061035156,42,0.03171578049659729,0.00964377261698246,9.819397926330566,1.1574598550796509,-5.502748966217041,-22.292253494262695,-0.006748466286808252,-0.0049873897805809975,0.005852760747075081,-0.005232862196862698
41.369998931884766,43,0.02682899311184883,0.012514486908912659,9.808155059814453,1.0527448654174805,-5.680413246154785,-23.17867660522461,-0.0021996384020894766,-0.005042945500463247,0.006989967543631792,-0.005756148602813482
41.380001068115234,42,0.021942203864455223,0.019575387239456177,9.805034637451172,1.287777066230774,-5.786023139953613,-22.537227630615234,-0.005066084675490856,-0.0018173516727983952,0.008154951967298985,-0.005232862196862698
41.38999938964844,42,0.01978706568479538,0.02713971585035324,9.81169319152832,1.6622912883758545,-5.823642730712891,-22.306549072265625,-0.006534661166369915,-0.003388341749086976,0.006280370522290468,-0.005232862196862698
41.400001525878906,42,0.016985928639769554,0.020156430080533028,9.81163215637207,2.152754545211792,-5.914756774902344,-21.994943618774414,-0.00579728651791811,-0.000011232630640733987,0.005852760747075081,-0.005756148602813482
41.40999984741211,42,0.012099139392375946,0.009298812597990036,9.805545806884766,2.6125309467315674,-6.133601665496826,-20.65767478942871,-0.001964789582416415,-0.0006863176240585744,0.009409444406628609,-0.005232862196862698
41.41999816894531,42,0.024852996692061424,0.010285182856023312,9.814422607421875,1.6700960397720337,-5.95593786239624,-21.10088539123535,-0.005576466675847769,-0.003016287460923195,0.009933575056493282,-0.005232862196862698
41.43000030517578,42,0.04025816172361374,0.015137261711061,9.804945945739746,2.463913679122925,-6.39844274520874,-19.126733779907227,-0.0026193922385573387,-0.006876561790704727,0.009533742442727089,-0.005232862196862698
41.439998626708984,42,0.03463634476065636,0.026103757321834564,9.8113431930542,2.7092931270599365,-6.591354846954346,-18.213844299316406,0.000613496929872781,-0.007317639887332916,0.007424311712384224,-0.005232862196862698
41.45000076293945,42,0.042015932500362396,0.012524189427495003,9.801077842712402,2.5843565464019775,-6.555516242980957,-17.834823608398438,0.000613496929872781,-0.0062699392437934875,0.0020059538073837757,-0.005232862196862698
41.459999084472656,42,0.05834503844380379,0.012168449349701405,9.810432434082031,2.6550731658935547,-6.616660118103027,-16.965667724609375,0.0029299985617399216,-0.00569081399589777,0.0008072990458458662,-0.005232862196862698
41.470001220703125,42,0.04999265447258949,0.013667947612702847,9.813472747802734,3.0739328861236572,-7.416148662567139,-15.636030197143555,0.002418774412944913,-0.004008712712675333,0.0049501219764351845,-0.005232862196862698
41.47999954223633,42,0.04723060503602028,0.005482691805809736,9.790122985839844,2.4167003631591797,-7.385752201080322,-12.960709571838379,-0.003205812769010663,-0.004864493850618601,0.006624647416174412,-0.0047095762565732
41.4900016784668,42,0.04526438191533089,0.012789377011358738,9.81923770904541,2.636063575744629,-7.421214580535889,-12.671219825744629,-0.003162883222103119,-0.00833082851022482,0.005459662526845932,-0.005232862196862698
41.5,42,0.03688159957528114,0.023874452337622643,9.792414665222168,3.118278741836548,-7.592658996582031,-11.6435546875,0.0011783125810325146,-0.006503665819764137,0.005619034171104431,-0.0047095762565732
41.5099983215332,42,0.041369929909706116,0.015877846628427505,9.8195161819458,3.456547737121582,-7.900084972381592,-9.230287551879883,-0.00034441685420461,-0.0035468717105686665,0.008844908326864243,-0.0047095762565732
41.52000045776367,42,0.04750854894518852,0.01575819030404091,9.80171012878418,3.8754074573516846,-8.344244956970215,-9.119484901428223,-0.0008359999628737569,-0.002588957780972123,0.011589020490646362,-0.0041862898506224155
41.529998779296875,42,0.04498643800616264,0.02428840473294258,9.805913925170898,3.9814529418945312,-8.080758094787598,-6.029668807983398,-0.007395212072879076,-0.002443895908072591,0.015958836302161217,-0.0041862898506224155
41.540000915527344,42,0.025003910064697266,0.022751176729798317,9.787605285644531,4.404983997344971,-8.152336120605469,-3.686225175857544,-0.002735273214057088,-0.0016111225122585893,0.01770743541419506,-0.0041862898506224155
41.54999923706055,42,0.01594364643096924,0.014082977548241615,9.816117286682129,4.377193927764893,-8.610640525817871,-1.4059410095214844,0.0017984032165259123,-0.005063989199697971,0.012008775025606155,-0.0041862898506224155
41.560001373291016,42,0.007143951021134853,0.016034157946705818,9.805248260498047,4.128739833831787,-9.165702819824219,0.9993798136711121,-0.0005315663293004036,-0.006228974089026451,0.01317375898361206,-0.0041862898506224155
41.56999969482422,42,0.009317546151578426,0.012978027574717999,9.816728591918945,4.53559684753418,-9.363731384277344,3.2754406929016113,-0.0028615358751267195,-0.007393958978354931,0.008718645200133324,-0.0036630036775022745
41.58000183105469,42,0.018256211653351784,0.024218333885073662,9.807856559753418,4.745026588439941,-9.896723747253418,4.715880393981934,-0.00412949500605464,-0.00855894386768341,0.00299669592641294,-0.0036630036775022745
41.59000015258789,42,0.03627251461148262,0.022406216710805893,9.813840866088867,5.126754283905029,-10.064305305480957,7.8883137702941895,-0.006294481456279755,-0.0037239198572933674,0.005171783268451691,-0.0036630036775022745
41.599998474121094,42,0.051628824323415756,0.00507089588791132,9.83633041381836,5.853521347045898,-10.205378532409668,10.652070999145508,-0.00768645852804184,-0.004464942496269941,0.006790752988308668,-0.0036630036775022745
41.61000061035156,42,0.07054952532052994,0.01527308952063322,9.792319297790527,6.462831020355225,-10.41444206237793,13.220623970031738,-0.0009675938636064529,-0.0041669621132314205,0.008831720799207687,-0.0036630036775022745
41.619998931884766,42,0.06844758242368698,0.012633067555725574,9.807940483093262,6.612187385559082,-10.723172187805176,16.46025276184082,0.0002125424362020567,-0.007071848027408123,0.007905794307589531,-0.0036630036775022745
41.630001068115234,42,0.06356079876422882,0.016517100855708122,9.8059663772583,7.8687663078308105,-11.344996452331543,19.8951473236084,-0.0036213574931025505,-0.0064680315554142,0.010839580558240414,-0.0036630036775022745
41.63999938964844,42,0.04973642900586128,0.0080580348148942,9.810042381286621,8.292001724243164,-12.045370101928711,23.623973846435547,-0.004831516183912754,-0.004352989606559277,0.00838503148406744,-0.0031397175043821335
41.650001525878906,41,0.057767439633607864,0.02539012022316456,9.79212474822998,9.014305114746094,-12.756025314331055,26.887407302856445,-0.0042944783344864845,-0.0050718458369374275,0.00399781996384263,-0.0031397175043821335
41.65999984741211,42,0.06293325871229172,0.0036231414414942265,9.800275802612305,9.739445686340332,-13.356080055236816,29.971059799194336,-0.004860416520386934,-0.005704001523554325,0.006228462792932987,-0.002616431098431349
41.66999816894531,42,0.04911106079816818,0.03509104624390602,9.810111045837402,10.309435844421387,-13.7681884765625,33.22433090209961,-0.007033259142190218,-0.005042945500463247,0.008525884710252285,-0.002616431098431349
41.68000030517578,42,0.015463761053979397,0.0030733614694327116,9.82950210571289,11.566015243530273,-14.034684181213379,36.65922164916992,-0.01052821334451437,-0.005926785059273243,0.004428235813975334,-0.002616431098431349
41.689998626708984,41,0.02921321429312229,0.0126222874969244,9.791698455810547,11.634130477905273,-14.0491304397583,36.84541702270508,-0.010603971779346466,-0.006357201375067234,-0.0014219408622011542,-0.002616431098431349
41.70000076293945,45,0.014969762414693832,0.04563065245747566,9.839482307434082,12.080957412719727,-14.428183555603027,40.15505599975586,-0.005203570704907179,-0.004451754968613386,-0.003645288525149226,-0.0020931449253112078
41.709999084472656,41,0.01455502025783062,0.04398346692323685,9.837812423706055,12.958765983581543,-15.172847747802734,44.38634490966797,-0.00455037085339427,-0.005502261221408844,-0.00017727029626257718,-0.0020931449253112078
41.720001220703125,41,0.006165724713355303,0.00709106819704175,9.802369117736816,14.009284973144531,-16.107013702392578,47.9123649597168,-0.005521472543478012,-0.002588957780972123,0.009533742442727089,-0.0020931449253112078
41.72999954223633,40,0.02082609198987484,0.0022389893420040607,9.825952529907227,14.746133804321289,-16.905197143554688,50.701961517333984,-0.005653346888720989,-0.002852706704288721,0.009138119406998158,-0.0015698587521910667
41.7400016784668,41,0.03507063165307045,-0.0009615934686735272,9.781479835510254,16.002714157104492,-17.527023315429688,56.131309509277344,-0.006538869813084602,-0.004623753018677235,0.0057130297645926476,-0.0015698587521910667
41.75,41,0.04484420642256737,0.013112776912748814,9.833168029785156,16.611963272094727,-17.805631637573242,59.59138488769531,-0.0030439156107604504,0.0022954486776143312,0.003453767392784357,-0.0015698587521910667
41.7599983215332,41,0.05295339226722717,0.019511787220835686,9.821206092834473,17.425262451171875,-18.461313247680664,63.24738693237305,0.0004510387370828539,-0.0011995058739557862,0.011608661152422428,-0.0015698587521910667
41.77000045776367,40,0.04993945732712746,0.0025828713551163673,9.823504447937012,18.354660034179688,-19.47337532043457,67.5687026977539,-0.007162327412515879,-0.00802695658057928,0.005322737619280815,-0.0005232862313278019
41.779998779296875,41,0.0576317273080349,0.005338239949196577,9.786890983581543,18.838441848754883,-20.300500869750977,71.86712646484375,-0.006926637142896652,-0.008723926730453968,0.005674589890986681,-0.0010465724626556039
41.790000915527344,41,0.05274493619799614,0.023988720029592514,9.820089340209961,20.199735641479492,-20.300500869750977,75.85603332519531,-0.0057616522535681725,-0.0077371131628751755,0.008813202381134033,-0.0005232862313278019
41.79999923706055,40,0.04785814881324768,0.03523765504360199,9.817575454711914,21.473670959472656,-20.819272994995117,81.13910675048828,-0.002747057704254985,-0.0047225188463926315,0.004909717943519354,-0.0005232862313278019
41.810001373291016,40,0.04026467725634575,0.028593936935067177,9.806453704833984,22.73025131225586,-21.60090446472168,85.94837188720703,-0.002703286474570632,-0.003815951757133007,0.007712752092629671,-0.0005232862313278019
41.81999969482422,40,0.027519505470991135,0.016932131722569466,9.80648136138916,24.10150718688965,-22.29465675354004,90.55282592773438,-0.00546984514221549,-0.003815951757133007,0.011135316453874111,-0.0005232862313278019
41.83000183105469,40,0.03905627876520157,0.017965933308005333,9.797287940979004,25.685890197753906,-22.68474578857422,95.73648071289062,-0.007487243972718716,-0.005293507128953934,0.010510175488889217,-0.0005232862313278019
41.84000015258789,40,0.033502861857414246,0.018406836315989494,9.815618515014648,27.361328125,-23.306570053100586,101.49823760986328,-0.006621922831982374,-0.004916402045637369,0.008180204778909683,0.0005232862313278019
41.849998474121094,40,0.009068918414413929,0.008537744171917439,9.80426025390625,28.380126953125,-24.007970809936523,106.96221923828125,-0.005521472543478012,-0.003201192244887352,0.007079754490405321,0.0005232862313278019
41.86000061035156,40,-0.0053677926771342754,0.012149045243859291,9.811469078063965,29.8764705657959,-25.012310028076172,113.19747161865234,-0.0033104706089943647,-0.00037795581738464534,0.003210501279681921,0.0005232862313278019
41.869998931884766,40,0.007973435334861279,0.012149045243859291,9.804679870605469,31.56728172302246,-26.09133529663086,119.3257064819336,-0.002085721120238304,0.001337534748017788,0.0019259873079136014,0.0010465724626556039
41.880001068115234,40,0.01774701289832592,0.010770282708108425,9.813843727111816,33.238525390625,-27.136703491210938,124.94650268554688,-0.004723210819065571,-0.000992434797808528,0.007079754490405321,0.0015698587521910667
41.88999938964844,40,0.024604368954896927,0.011709220707416534,9.810393333435059,35.332820892333984,-28.46918487548828,131.37307739257812,-0.005521472543478012,-0.003322404343634844,0.006713031325489283,0.0015698587521910667
41.900001525878906,40,0.02765956148505211,0.02019847184419632,9.808856010437012,36.62511444091797,-29.801664352416992,138.64828491210938,-0.003997901454567909,-0.005652374122291803,0.006157475057989359,0.002616431098431349
41.90999984741211,40,0.04062730446457863,0.023275084793567657,9.800724029541016,38.41147994995117,-31.134143829345703,145.4007110595703,0.000613496929872781,-0.007982343435287476,0.006837049499154091,0.0020931449253112078
41.91999816894531,40,0.056841325014829636,0.03440975025296211,9.799386978149414,40.043251037597656,-32.64007568359375,152.0462646484375,0.0002521047426853329,-0.009770224802196026,0.005310672335326672,0.002616431098431349
41.93000030517578,40,0.0700870081782341,0.02438650280237198,9.80475902557373,41.5122184753418,-34.17023468017578,158.77716064453125,-0.002196551999077201,-0.008130491711199284,0.0026465272530913353,0.0020931449253112078
41.939998626708984,40,0.08241201192140579,0.012149045243859291,9.795238494873047,43.586708068847656,-35.2446174621582,165.41905212402344,-0.005521472543478012,-0.0026456357445567846,0.00702307652682066,0.002616431098431349
41.95000076293945,40,0.0786619633436203,0.012149045243859291,9.802845001220703,44.63385772705078,-36.754764556884766,171.73483276367188,-0.005521472543478012,-0.0038106206338852644,0.00585809163749218,0.0020931449253112078
41.959999084472656,41,0.06694387644529343,0.012149045243859291,9.800786018371582,45.681007385253906,-38.26490783691406,177.5291748046875,-0.007840779609978199,-0.001496644108556211,0.005852760747075081,0.0020931449253112078
41.970001220703125,41,0.05631150305271149,0.01414873544126749,9.811187744140625,47.2462043762207,-39.72622299194336,184.09375,-0.005780171137303114,-0.000264319300185889,0.006950405426323414,0.0020931449253112078
41.97999954223633,41,0.04934122785925865,0.014863449148833752,9.805545806884766,49.13680648803711,-41.20351028442383,191.58131408691406,-0.0034502011258155107,-0.0032418768387287855,0.008115390315651894,0.002616431098431349
41.9900016784668,41,0.039567649364471436,0.014286719262599945,9.79471206665039,50.78697204589844,-42.8167839050293,199.3591766357422,-0.0030674845911562443,0.00007855425064917654,0.01220125425606966,0.002616431098431349
42,40,0.018681811168789864,0.02355213090777397,9.801435470581055,52.14826583862305,-44.59342575073242,206.11814880371094,-0.003979101777076721,-0.005289298482239246,0.00865663681179285,0.0031397175043821335
42.0099983215332,40,-0.008649899624288082,0.026730075478553772,9.822630882263184,53.863853454589844,-46.59547805786133,212.4085235595703,0.0016527799889445305,-0.005797716323286295,0.006230146158486605,0.0031397175043821335
42.02000045776367,41,-0.016389938071370125,0.024059869349002838,9.817712783813477,55.58000183105469,-48.421424865722656,218.20713806152344,-0.00043111733975820243,-0.004255346488207579,0.0074279592372477055,0.0031397175043821335
42.029998779296875,41,-0.016364967450499535,0.026498304679989815,9.803009986877441,57.373756408691406,-49.975406646728516,224.62364196777344,-0.005969845689833164,-0.001639180933125317,0.006129977758973837,0.0031397175043821335
42.040000915527344,41,-0.013750573620200157,0.024015670642256737,9.803583145141602,59.33359909057617,-51.37096405029297,232.38050842285156,-0.005321135278791189,-0.0027892948128283024,0.006616510450839996,0.002616431098431349
42.04999923706055,41,-0.011686636134982109,0.016611965373158455,9.815241813659668,61.11375427246094,-53.14760208129883,239.47190856933594,-0.0006611961289308965,-0.003839801298454404,0.0059004598297178745,0.0031397175043821335
42.060001373291016,41,0.009820230305194855,0.009528426453471184,9.812585830688477,63.083946228027344,-54.36000061035156,245.55787658691406,0.00022180165979079902,-0.0015098316362127662,0.004477899055927992,0.0036630036775022745
42.06999969482422,42,0.03754822537302971,0.012745179235935211,9.813119888305664,64.86217498779297,-55.455055236816406,251.46669006347656,-0.0008853828767314553,-0.002522739814594388,0.0063303145579993725,0.0036630036775022745
42.08000183105469,41,0.05220859497785568,0.016932131722569466,9.804057121276855,66.95056915283203,-56.79350280761719,258.4559020996094,0.0001979520166059956,-0.004192214924842119,0.00957302376627922,0.0041862898506224155
42.09000015258789,42,0.07541242986917496,0.008449348621070385,9.815912246704102,69.4831771850586,-58.44514465332031,266.583740234375,-0.0002599610888864845,-0.000488505931571126,0.014441718347370625,0.0047095762565732
42.099998474121094,41,0.08431200683116913,0.0025828713551163673,9.812170028686523,71.68218994140625,-59.955291748046875,273.5643310546875,0.000030443365176324733,-0.0022365443874150515,0.013858664780855179,0.005232862196862698
42.11000061035156,42,0.08838559687137604,0.008514028042554855,9.800697326660156,74.0841293334961,-61.551509857177734,281.2964782714844,-0.001840490847826004,-0.005042945500463247,0.01152869500219822,0.005756148602813482
42.119998931884766,42,0.10427173227071762,0.00001076307216862915,9.800697326660156,77.03084564208984,-63.67234420776367,289.70361328125,-0.001840490847826004,-0.004707928281277418,0.00919872522354126,0.006279435008764267
42.130001068115234,41,0.08943548053503036,0.014741634950041771,9.806988716125488,79.91065216064453,-66.0263671875,299.01068115234375,-0.001840490847826004,-0.0027999570593237877,0.007185254245996475,0.006802720949053764
42.13999938964844,41,0.05522795766592026,0.02967086061835289,9.797531127929688,82.55628967285156,-68.44837951660156,308.4542236328125,-0.0019274718360975385,-0.004912473727017641,0.008219767361879349,0.006802720949053764
42.150001525878906,42,0.03081464022397995,0.03776448592543602,9.79428768157959,85.2884521484375,-70.93296813964844,316.48272705078125,-0.004257441032677889,-0.0014175194082781672,0.0058897980488836765,0.007849293760955334
42.15999984741211,42,0.02127014845609665,0.027605410665273666,9.802560806274414,88.32518768310547,-73.33142852783203,326.1225891113281,-0.006587411276996136,-0.002508430276066065,0.0024133617989718914,0.007849293760955334
42.16999816894531,42,-0.0006351747433654964,0.01833568699657917,9.805545806884766,91.69528198242188,-76.15409088134766,335.85064697265625,-0.0024106374476104975,-0.009095701389014721,0.007594064809381962,0.008895865641534328
42.18000030517578,42,-0.01953633315861225,0.016932131722569466,9.809041023254395,94.7982406616211,-79.23512268066406,346.0366516113281,-0.005930283106863499,-0.001771335955709219,0.008306748233735561,0.0094191525131464
42.189998626708984,42,-0.023568667471408844,0.013414617627859116,9.799697875976562,97.86498260498047,-82.57816314697266,356.63531494140625,-0.008669344708323479,-0.003976726438850164,0.005425431299954653,0.009942438453435898
42.20000076293945,42,-0.01273217611014843,0.008562538772821426,9.792214393615723,101.42528533935547,-86.25298309326172,367.3424072265625,-0.004710304085165262,-0.006839805748313665,0.0037273368798196316,0.010465724393725395
42.209999084472656,42,0.00560983968898654,0.007365958299487829,9.79841136932373,104.985595703125,-90.25041961669922,377.6471252441406,-0.004740326665341854,-0.005824091378599405,0.006744456477463245,0.010989011265337467
42.220001220703125,42,0.017654728144407272,-0.003807513741776347,9.819573402404785,108.27655029296875,-94.55252075195312,387.3817443847656,-0.004747060593217611,-0.006591769400984049,0.005209100898355246,0.010989011265337467
42.22999954223633,42,0.03889016434550285,-0.01457026693969965,9.798023223876953,114.58795166015625,-102.00353240966797,404.8197021484375,-0.002869672840461135,-0.0046473219990730286,0.0033987730275839567,0.012035583145916462
42.2400016784668,42,0.07499442994594574,-0.00109957717359066,9.822320938110352,119.58499908447266,-107.71002197265625,418.3775939941406,-0.0011900970712304115,-0.002588957780972123,0.0053499541245400906,0.012558870017528534
42.25,45,0.09033119678497314,0.014377271756529808,9.80986213684082,120.1961441040039,-108.44676208496094,420.01129150390625,-0.005320574156939983,-0.000823803769890219,0.007668138947337866,0.0141287287697196
42.2599983215332,42,0.09204661846160889,0.016932131722569466,9.805545806884766,124.17530822753906,-113.24368286132812,430.64837646484375,-0.004639316350221634,-0.0025926055386662483,0.008833124302327633,0.0141287287697196
42.27000045776367,42,0.07975093275308609,0.025071032345294952,9.809670448303223,128.53939819335938,-118.44878387451172,443.1183166503906,0.0030674845911562443,-0.007496933452785015,0.009533742442727089,0.014652014710009098
42.279998779296875,42,0.08593080937862396,0.0182214193046093,9.797809600830078,133.51072692871094,-124.17622375488281,455.7498779296875,0.0014580547576770186,-0.007094576023519039,0.009131385013461113,0.015698587521910667
42.290000915527344,41,0.061804115772247314,0.037969306111335754,9.804378509521484,138.7935791015625,-130.40762329101562,468.0824279785156,-0.0015001423889771104,-0.0062699392437934875,0.00864709634333849,0.016221873462200165
42.29999923706055,42,0.0367903970181942,0.0280182845890522,9.8012113571167,144.2016143798828,-136.98118591308594,480.00146484375,-0.0014485148712992668,-0.00599159998819232,0.008142045699059963,0.016745159402489662
42.310001373291016,41,0.025485966354608536,0.03518914431333542,9.82271957397461,149.85623168945312,-143.5547637939453,491.7466125488281,-0.0042944783344864845,-0.00461028516292572,0.003615103429183364,0.01726844534277916
42.31999969482422,42,-0.0020715713035315275,0.013992425985634327,9.793617248535156,155.1001434326172,-150.3025360107422,504.4695129394531,-0.004140157252550125,-0.003206242574378848,0.004934409167617559,0.017791731283068657
42.33000183105469,42,-0.0042994520626962185,0.0166324470192194,9.827356338500977,161.27317810058594,-156.58995056152344,516.8812866210938,-0.002605923917144537,-0.007773869670927525,0.007079754490405321,0.0188383050262928
42.34000015258789,42,-0.008884413167834282,0.012379737570881844,9.78825855255127,167.65841674804688,-162.81019592285156,529.6903076171875,0.0029765754006803036,-0.01102640014141798,0.007110057398676872,0.0193615909665823
42.349998474121094,42,-0.01377120241522789,-0.0017151155043393373,9.80020523071289,174.173095703125,-169.215576171875,542.7720336914062,-0.0005183789180591702,-0.005201475694775581,0.008275042288005352,0.020408162847161293
42.36000061035156,42,-0.004486194346100092,0.011870921589434147,9.800697326660156,181.3069305419922,-175.87051391601562,555.3068237304688,-0.005146611947566271,-0.003909667022526264,0.0015070756198838353,0.02093144878745079
42.369998931884766,42,0.010354400612413883,0.00263030338101089,9.833914756774902,188.74169921875,-182.35523986816406,568.159912109375,-0.0033789328299462795,-0.005958491005003452,0.00522986426949501,0.021454736590385437
42.380001068115234,42,0.03963170573115349,0.0029256753623485565,9.777153015136719,196.43011474609375,-188.48133850097656,579.58154296875,-0.000039702674257569015,-0.0022328966297209263,0.013926846906542778,0.021454736590385437
42.38999938964844,42,0.06277365982532501,0.01674887165427208,9.805731773376465,204.05905151367188,-195.38699340820312,591.2965698242188,-0.0022282577119767666,-0.00041471232543699443,0.009985201992094517,0.02093144878745079
42.400001525878906,42,0.05401630327105522,0.012905801646411419,9.808859825134277,211.315185546875,-202.93771362304688,603.5223999023438,-0.0004117570642847568,-0.0027906978502869606,0.0074215056374669075,0.02093144878745079
42.40999984741211,42,0.06443696469068527,0.02681954950094223,9.784887313842773,218.006103515625,-210.52523803710938,615.6378784179688,-0.0018562034238129854,-0.0029927182476967573,0.007079754490405321,0.020408162847161293
42.41999816894531,42,0.0839841216802597,0.030500920489430428,9.831865310668945,224.60313415527344,-218.43128967285156,626.1641235351562,-0.00382870901376009,-0.0063950796611607075,0.004796081222593784,0.019884876906871796
42.43000030517578,42,0.09890614449977875,0.022174445912241936,9.802558898925781,231.38217163085938,-226.4917449951172,637.7495727539062,-0.0042944783344864845,-0.008024712093174458,0.0033987730275839567,0.019884876906871796
42.439998626708984,42,0.07224540412425995,0.025441864505410194,9.817412376403809,237.19219970703125,-234.57545471191406,648.5106201171875,-0.003657272085547447,-0.005585314705967903,0.005947597790509462,0.0193615909665823
42.45000076293945,42,0.06374970823526382,0.01633491925895214,9.801297187805176,242.80471801757812,-242.9432830810547,659.1917724609375,-0.00019149857689626515,-0.006691937800496817,0.0065811569802463055,0.0193615909665823
42.459999084472656,42,0.03155509755015373,0.01348145306110382,9.83272933959961,248.75807189941406,-251.7082977294922,670.4580688476562,0.0005015439237467945,-0.008924544788897038,0.005652143154293299,0.0193615909665823
42.470001220703125,42,0.013488851487636566,0.019509630277752876,9.795473098754883,253.574951171875,-260.32501220703125,680.984375,-0.003969843033701181,-0.007496933452785015,0.009335650131106377,0.019884876906871796
42.47999954223633,43,0.0020953905768692493,0.007365958299487829,9.818458557128906,259.0739440917969,-268.03240966796875,692.9541625976562,-0.005132302641868591,-0.005551083479076624,0.012047214433550835,0.019884876906871796
42.4900016784668,42,-0.01129577960819006,0.00911231804639101,9.810393333435059,264.69671630859375,-275.05377197265625,703.5665893554688,-0.0029858346097171307,-0.001361963921226561,0.0075707766227424145,0.0193615909665823
42.5,42,0.0024156756699085236,0.015047786757349968,9.810393333435059,270.1580810546875,-281.6410827636719,713.6921997070312,0.001408952521160245,-0.0005665082135237753,0.0029672347009181976,0.0193615909665823
42.5099983215332,42,0.01015245821326971,0.004332465585321188,9.809368133544922,275.5600280761719,-288.1376647949219,724.4490356445312,0.0044976212084293365,0.0013033035211265087,0.005243332125246525,0.019884876906871796
42.52000045776367,42,0.012328224256634712,0.0005777907208539546,9.808830261230469,281.5287780761719,-294.9777526855469,736.7481689453125,0.005098071414977312,-0.003674817970022559,0.0027363139670342207,0.021454736590385437
42.529998779296875,42,0.026731278747320175,0.02190171182155609,9.813100814819336,288.4324951171875,-303.0516357421875,749.0473022460938,0.0016031167469918728,-0.0024307083804160357,0.007317128591239452,0.02459445409476757
42.540000915527344,42,0.04378347098827362,0.01223851926624775,9.799644470214844,296.7714538574219,-311.4718017578125,762.3536376953125,-0.001840490847826004,-0.0000665075785946101,0.010640927590429783,0.0282574575394392
42.54999923706055,42,0.0371997132897377,0.027785437181591988,9.810586929321289,305.73175048828125,-320.8821716308594,776.387939453125,-0.001840490847826004,0.004593431483954191,0.002486033132299781,0.03244374692440033
42.560001373291016,42,0.056959670037031174,0.024500772356987,9.785354614257812,315.1739807128906,-331.20025634765625,791.2075805664062,0.0003996918676421046,0.0025328227784484625,0.008892327547073364,0.035583462566137314
42.56999969482422,42,0.056378815323114395,0.013066423125565052,9.818644523620605,325.4753723144531,-341.7665100097656,807.1237182617188,0.000613496929872781,-0.0008552293293178082,0.010591825470328331,0.0387231819331646
42.58000183105469,42,0.07217157632112503,0.02799241431057453,9.810698509216309,336.470458984375,-352.2486877441406,824.2981567382812,-0.00038257628330029547,-0.00435018353164196,0.006776443216949701,0.03976975381374359
42.59000015258789,42,0.08574949204921722,0.026592092588543892,9.802281379699707,347.03668212890625,-362.9491271972656,841.2003784179688,-0.000613496929872781,-0.0059770094230771065,0.004918696824461222,0.03976975381374359
42.599998474121094,42,0.06948987394571304,0.016932131722569466,9.805545806884766,357.0798034667969,-373.4901428222656,856.4883422851562,-0.0041017173789441586,-0.005397884175181389,0.008113987743854523,0.0387231819331646
42.61000061035156,42,0.054576531052589417,0.018633216619491577,9.810717582702637,366.34210205078125,-383.5105895996094,870.4773559570312,-0.007141564507037401,-0.005852991249412298,0.006293558515608311,0.037153322249650955
42.619998931884766,42,0.030142584815621376,0.019945142790675163,9.811119079589844,374.7555236816406,-392.756103515625,884.029541015625,-0.004983311984688044,-0.005521902348846197,0.0061218407936394215,0.03453689068555832
42.630001068115234,42,0.018674211576581,0.015093063935637474,9.808897972106934,383.44683837890625,-401.372802734375,896.9934692382812,0.0003626548277679831,-0.004356917459517717,0.006393726449459791,0.03244374692440033
42.63999938964844,42,0.016917528584599495,0.010240985080599785,9.816248893737793,392.4148254394531,-409.9112854003906,909.5671997070312,0.0036915033124387264,-0.0013198764063417912,0.003356685396283865,0.03192045912146568
42.650001525878906,42,0.001352763851173222,0.009343010373413563,9.801861763000488,401.3526611328125,-418.783447265625,921.4437255859375,0.002046439331024885,-0.00003199573257006705,0.002630814677104354,0.03244374692440033
42.65999984741211,42,-0.0022387709468603134,0.016241133213043213,9.810393333435059,410.2965087890625,-428.0270080566406,933.3318481445312,-0.000613496929872781,-0.0018619645852595568,0.005625768098980188,0.032967034727334976
42.66999816894531,42,0.002648018067702651,0.02171521820127964,9.808250427246094,419.22796630859375,-437.65765380859375,945.6243286132812,-0.00236546341329813,-0.0012749828165397048,0.006203771103173494,0.03401360660791397
42.68000030517578,42,0.009734459221363068,0.02171521820127964,9.814400672912598,427.8145751953125,-447.87335205078125,957.3695068359375,-0.005897454917430878,0.00034005867200903594,0.004625767003744841,0.033490318804979324
42.689998626708984,42,0.014969762414693832,0.01946219801902771,9.813519477844238,437.1904602050781,-457.503173828125,968.2794799804688,-0.006434492766857147,-0.0016759374411776662,0.006195634603500366,0.033490318804979324
42.70000076293945,41,0.026662878692150116,0.014610120095312595,9.798343658447266,446.9111633300781,-466.40570068359375,978.9029541015625,-0.004513614811003208,-0.002085028914734721,0.010508771985769272,0.03244374692440033
42.709999084472656,41,0.04868871718645096,0.014540049247443676,9.803119659423828,457.1505126953125,-475.3164367675781,989.74365234375,-0.0017532291822135448,-0.0007048362167552114,0.009913653135299683,0.032967034727334976
42.720001220703125,41,0.07071346789598465,0.014472135342657566,9.810393333435059,467.88134765625,-484.427978515625,1000.3275146484375,-0.007719567511230707,-0.003943898249417543,0.012499515898525715,0.032967034727334976
42.72999954223633,40,0.08241201192140579,0.01720702089369297,9.807829856872559,478.7732238769531,-493.1344909667969,1008.9717407226562,-0.0054555353708565235,-0.004977008327841759,0.016236333176493645,0.032967034727334976
42.7400016784668,39,0.08241201192140579,0.013921276666224003,9.797645568847656,490.08245849609375,-502.1065368652344,1018.0576171875,-0.004298406653106213,-0.0038238081615418196,0.0046336231753230095,0.033490318804979324
42.75,40,0.06898175925016403,0.00469898572191596,9.807220458984375,501.3111572265625,-511.1468811035156,1026.7174072265625,-0.005463391542434692,-0.0061537777073681355,0.006963592953979969,0.03401360660791397
42.7599983215332,39,0.055569957941770554,0.0025828713551163673,9.80899715423584,513.0752563476562,-521.34716796875,1036.7889404296875,0.003333758795633912,-0.004056131467223167,0.008186657913029194,0.03610675036907196
42.77000045776367,39,0.03938307985663414,0.008192784152925014,9.80354118347168,525.421142578125,-532.4600830078125,1048.16845703125,-0.0009299957891926169,-0.003815951757133007,0.008306748233735561,0.03819989413022995
42.779998779296875,38,0.023632656782865524,0.02077089063823223,9.805545806884766,538.10302734375,-543.5428466796875,1059.5787353515625,0.001108166528865695,-0.001850179978646338,0.008306748233735561,0.042909473180770874
42.790000915527344,37,0.016823071986436844,0.026498304679989815,9.811511039733887,552.448974609375,-556.86767578125,1072.5426025390625,-0.0009221393847838044,-0.001361963921226561,0.005544118583202362,0.04709576070308685
42.79999923706055,38,0.008902803994715214,0.023486372083425522,9.815241813659668,567.9255981445312,-571.0040893554688,1085.322509765625,-0.003558225929737091,-0.0005030962638556957,0.006343502085655928,0.05337519571185112
42.810001373291016,37,0.005335154943168163,0.030957991257309914,9.818364143371582,584.194580078125,-586.4708251953125,1099.847900390625,-0.0042944783344864845,-0.006509838625788689,0.007876613177359104,0.05965463072061539
42.81999969482422,37,-0.007354645058512688,0.02976464480161667,9.804126739501953,601.6767578125,-603.1444091796875,1116.302734375,-0.0020899297669529915,-0.0077463723719120026,0.006102200131863356,0.0664573535323143
42.83000183105469,37,-0.0009663167875260115,0.026498304679989815,9.812162399291992,620.7496337890625,-620.4541015625,1134.0311279296875,0.0007321839802898467,-0.00761561980471015,0.007317128591239452,0.07169021666049957
42.84000015258789,38,0.00202373368665576,0.016634603962302208,9.803426742553711,640.6454467773438,-637.065673828125,1151.7596435546875,0.0006188281113281846,-0.008113095536828041,0.007701248396188021,0.0763997882604599
42.849998474121094,36,0.03094601072371006,0.005435260012745857,9.809459686279297,660.5413208007812,-652.488525390625,1170.970947265625,0.000484147691167891,-0.005850466433912516,0.006950405426323414,0.07901622354984283
42.86000061035156,37,0.05422476306557655,0.009434640407562256,9.78746223449707,679.8863525390625,-667.5923461914062,1190.7257080078125,-0.00010676215606508777,-0.004302764777094126,0.006846308708190918,0.08163265138864517
42.869998931884766,37,0.06888512521982193,0.012149045243859291,9.811881065368652,698.8116455078125,-682.3043823242188,1210.998291015625,-0.0005186595371924341,-0.0037685330025851727,0.005475375335663557,0.0852956548333168
42.880001068115234,37,0.07636677473783493,0.019276781007647514,9.806876182556152,717.2598266601562,-696.907470703125,1232.1358642578125,0.0028432977851480246,-0.002813144354149699,0.007805344648659229,0.08791209012269974
42.88999938964844,36,0.08491241186857224,0.014449497684836388,9.800697326660156,734.4330444335938,-712.8084106445312,1255.072021484375,-0.0018166411900892854,-0.0062699392437934875,0.009834528900682926,0.09052851796150208
42.900001525878906,36,0.07604431360960007,0.023254603147506714,9.8119535446167,751.6063232421875,-728.8787841796875,1279.4876708984375,-0.0045663644559681416,-0.006508716382086277,0.009805629029870033,0.095238097012043
42.90999984741211,36,0.07657522708177567,0.003873237408697605,9.811419486999512,767.0476684570312,-745.212890625,1303.736083984375,-0.0014973365468904376,-0.0073201656341552734,0.005675992928445339,0.09471480548381805
42.91999816894531,35,0.05052356794476509,0.02083880454301834,9.798717498779297,781.1022338867188,-759.9253540039062,1328.2669677734375,-0.005945154465734959,-0.006384698208421469,0.004970043431967497,0.09366823732852936
42.93000030517578,36,0.043873582035303116,0.010862991213798523,9.795849800109863,794.5318603515625,-772.117919921875,1353.3084716796875,0.0016294916858896613,-0.007391433697193861,0.008412247523665428,0.095238097012043
42.939998626708984,36,0.02784847654402256,0.027255062013864517,9.816008567810059,808.3079223632812,-782.1784057617188,1378.6468505859375,-0.0030304475221782923,-0.0050614639185369015,0.010742218233644962,0.09366823732852936
42.95000076293945,35,0.01237708143889904,0.02318776585161686,9.815987586975098,819.0935668945312,-787.9524536132812,1401.69384765625,-0.00422320980578661,0.0007356820278801024,0.014227913692593575,0.08215594291687012
42.959999084472656,36,-0.006428533233702183,0.009367804042994976,9.81106948852539,826.282470703125,-791.2301635742188,1422.5784912109375,0.00008038749365368858,0.001092023798264563,0.01116056926548481,0.06698063760995865
42.970001220703125,34,0.0077421776950359344,0.015735551714897156,9.814635276794434,831.1456298828125,-790.9445190429688,1440.9798583984375,0.000613496929872781,-0.0020030983723700047,0.010760736651718616,0.05337519571185112
42.97999954223633,35,0.0015840204432606697,0.012678343802690506,9.810930252075195,834.784912109375,-786.9517211914062,1456.476318359375,-0.0013258997350931168,-0.008407147601246834,0.00785164162516594,0.04186289757490158
42.9900016784668,36,-0.008189558051526546,0.016471825540065765,9.806012153625488,838.159912109375,-779.8114013671875,1469.0054931640625,0.0008825770346447825,-0.009950920939445496,0.006172065157443285,0.033490318804979324
43,34,0.004152814857661724,0.021323904395103455,9.805545806884766,841.824951171875,-770.1287231445312,1481.6370849609375,-0.0015422299038618803,-0.005722519941627979,0.0075441207736730576,0.025641025975346565
43.0099983215332,35,0.02779853343963623,0.008332924917340279,9.810066223144531,844.0789794921875,-758.8749389648438,1489.9761962890625,-0.0007164712878875434,-0.003032280597835779,0.009090419858694077,0.018315019086003304
43.02000045776367,35,0.05223248153924942,0.01189571525901556,9.792028427124023,846.4502563476562,-746.9490356445312,1497.780029296875,-0.00010816513531608507,-0.0018672957085072994,0.013863715343177319,0.0141287287697196
43.029998779296875,35,0.06740313023328781,0.02594529092311859,9.818968772888184,849.6149291992188,-734.4808349609375,1504.6007080078125,0.0007058090413920581,-0.002681270008906722,0.011618481017649174,0.012035583145916462
43.040000915527344,34,0.05855783820152283,0.021830564364790916,9.810626983642578,853.8871459960938,-721.4990844726562,1509.5220947265625,0.001840490847826004,-0.0026206637267023325,0.006482110824435949,0.009942438453435898
43.04999923706055,35,0.08211018145084381,0.021760493516921997,9.78652572631836,859.332275390625,-708.4407348632812,1514.7298583984375,0.001840490847826004,-0.002968868473544717,0.007459665182977915,0.008895865641534328
43.060001373291016,34,0.06796009838581085,0.03118976391851902,9.814870834350586,866.2915649414062,-695.70361328125,1521.5396728515625,0.0008932392229326069,-0.003622068092226982,0.007165613584220409,0.011512297205626965
43.06999969482422,34,0.06715124100446701,0.026016438379883766,9.796501159667969,873.4122314453125,-683.832763671875,1526.221923828125,-0.0002018801897065714,-0.0005387304699979722,0.0038103898987174034,0.014652014710009098
43.08000183105469,32,0.0436423234641552,0.012149045243859291,9.814543724060059,881.0333251953125,-672.9137573242188,1531.45263671875,-0.0011345415841788054,0.00004320075095165521,0.004625767003744841,0.0193615909665823
43.09000015258789,31,0.03965776413679123,0.012746256776154041,9.801605224609375,889.0964965820312,-663.2485961914062,1538.7657470703125,-0.006384268403053284,-0.003739352338016033,0.004338168539106846,0.023547880351543427
43.099998474121094,32,0.04683975130319595,0.021347621455788612,9.815613746643066,896.3218383789062,-655.78662109375,1545.6356201171875,-0.0076233274303376675,-0.007271343842148781,0.0031731834169477224,0.025641025975346565
43.11000061035156,30,0.02328523062169552,0.01605895161628723,9.816549301147461,902.031005859375,-650.55419921875,1556.141845703125,-0.000613496929872781,-0.006597100291401148,0.0026625203900039196,0.02668759785592556
43.119998931884766,30,0.008624861016869545,0.00635479437187314,9.782330513000488,906.6144409179688,-647.0245971679688,1564.0263671875,-0.0010197826195508242,-0.008419212885200977,0.006259046494960785,0.024071166291832924
43.130001068115234,43,-0.0037207677960395813,-0.0010510673746466637,9.794495582580566,910.0238647460938,-645.2388305664062,1571.9954833984375,-0.00556103466078639,-0.005161632318049669,0.010760736651718616,0.017791731283068657
43.13999938964844,43,0.0018141912296414375,0.009296656586229801,9.819437026977539,912.4501342773438,-644.5473022460938,1580.5888671875,-0.00672601955011487,-0.008656586520373821,0.010760736651718616,0.016745159402489662
43.150001525878906,43,0.01015245821326971,0.02242777682840824,9.814519882202148,914.3096923828125,-643.6995239257812,1587.8236083984375,-0.004463389981538057,-0.007581389043480158,0.011903274804353714,0.015698587521910667
43.15999984741211,42,0.01015245821326971,0.026498304679989815,9.810393333435059,915.2521362304688,-644.3213500976562,1596.24462890625,-0.006455536466091871,-0.0020942881237715483,0.008746142499148846,0.019884876906871796
43.16999816894531,30,0.016148844733834267,0.024797219783067703,9.806082725524902,915.447998046875,-644.4505615234375,1597.9945068359375,-0.0016558666247874498,-0.0033990039955824614,0.008306748233735561,0.019884876906871796
43.18000030517578,30,0.048504143953323364,0.016932131722569466,9.790814399719238,914.9224853515625,-645.2431030273438,1604.419921875,-0.000613496929872781,-0.003815951757133007,0.008306748233735561,0.025117740035057068
43.189998626708984,31,0.06397770345211029,0.012978027574717999,9.811395645141602,913.8109130859375,-647.2382202148438,1617.9832763671875,-0.002402500482276082,-0.004710453562438488,0.009201250039041042,0.03192045912146568
43.20000076293945,31,0.05401630327105522,0.0020298571325838566,9.816313743591309,911.86376953125,-651.283935546875,1637.6732177734375,-0.005564962979406118,-0.007540423423051834,0.009533742442727089,0.0387231819331646
43.209999084472656,42,0.0727774053812027,0.016932131722569466,9.820089340209961,904.9525756835938,-664.0757446289062,1676.454345703125,-0.00520749855786562,-0.00641247583553195,0.0056813242845237255,0.046572476625442505
43.220001220703125,33,0.07398146390914917,0.01573663018643856,9.814030647277832,903.9418334960938,-665.9464721679688,1682.1258544921875,-0.0021690544672310352,-0.0057514202781021595,0.0062326714396476746,0.046572476625442505
43.22999954223633,33,0.06740638613700867,0.010884550400078297,9.802257537841797,900.1166381835938,-672.87646484375,1696.944091796875,-0.000613496929872781,-0.0062699392437934875,0.008306748233735561,0.04709576070308685
43.2400016784668,34,0.03905627876520157,0.01003293041139841,9.814682960510254,893.1331176757812,-684.1375732421875,1722.070556640625,-0.0023668662179261446,-0.007438851986080408,0.00947566144168377,0.04918890818953514
43.25,34,0.04329381138086319,0.014127175323665142,9.803540229797363,884.7664794921875,-695.747802734375,1748.990234375,-0.0042944783344864845,-0.0061116898432374,0.012328078970313072,0.05337519571185112
43.2599983215332,35,0.04758020490407944,0.005894487723708153,9.8089017868042,875.86572265625,-708.7172241210938,1775.25048828125,-0.00475491676479578,-0.0039702728390693665,0.012599964626133442,0.05913134664297104
43.27000045776367,35,0.02182711660861969,0.008744720369577408,9.799300193786621,866.389892578125,-720.0606079101562,1810.537109375,-0.00591990165412426,-0.006668368820101023,0.007541595958173275,0.06436420977115631
43.279998779296875,36,-0.0075413878075778484,0.012058492749929428,9.791048049926758,856.5757446289062,-731.25341796875,1845.9046630859375,-0.00573920551687479,-0.007833353243768215,0.004408033564686775,0.07064364105463028
43.290000915527344,35,-0.005481792613863945,0.0014089287724345922,9.804100036621094,847.6553955078125,-742.7632446289062,1882.30224609375,-0.002518662251532078,-0.007900693453848362,0.007628576830029488,0.07692307978868484
43.29999923706055,36,0.008392519317567348,0.015184693969786167,9.80685043334961,840.3433837890625,-754.8546142578125,1920.2076416015625,-0.0008258990710601211,-0.005255347583442926,0.009533742442727089,0.08477237075567245
43.310001373291016,37,0.005335154943168163,0.012149045243859291,9.80253791809082,834.2698974609375,-767.6464233398438,1957.32666015625,-0.001840490847826004,-0.005367581266909838,0.010135314427316189,0.09576138108968735
43.31999969482422,37,0.016728615388274193,0.0178053118288517,9.803634643554688,833.1063842773438,-782.4340209960938,1998.450439453125,-0.0016637229127809405,0.0010036398889496922,0.014530102722346783,0.10989011079072952
43.33000183105469,37,0.0421125590801239,0.026498304679989815,9.800697326660156,834.4686279296875,-797.9283447265625,2039.833740234375,0.0005607471102848649,-0.0001877198665169999,0.015510463155806065,0.12872841954231262
43.34000015258789,37,0.05758395418524742,0.024474898353219032,9.80479907989502,839.8038330078125,-814.3731079101562,2081.44287109375,-0.001769222435541451,-0.002517689485102892,0.008520552888512611,0.1507064402103424
43.349998474121094,37,0.06525016576051712,0.015438023023307323,9.810393333435059,848.7528076171875,-832.1724853515625,2126.14990234375,-0.006357893347740173,-0.0003302565310150385,0.011694801039993763,0.17477759718894958
43.36000061035156,37,0.07013695687055588,0.009527348913252354,9.806012153625488,859.3128051757812,-851.8553466796875,2178.785400390625,-0.004613782744854689,-0.004404336214065552,0.011987730860710144,0.19780220091342926
43.369998931884766,38,0.0615457184612751,0.012149045243859291,9.800697326660156,872.0880126953125,-875.04052734375,2234.297607421875,-0.0022838134318590164,-0.00001628312202228699,0.013998395763337612,0.21611721813678741
43.380001068115234,38,0.05100671201944351,0.007550296373665333,9.803028106689453,886.46240234375,-901.3673095703125,2295.15380859375,0.00004615601210389286,-0.002681270008906722,0.01066842395812273,0.2302459478378296
43.38999938964844,38,0.05589349940419197,0.01679307036101818,9.80794620513916,900.9888305664062,-930.5340576171875,2357.692626953125,0.003257439937442541,-0.0011720085749402642,0.0060084848664700985,0.2380952388048172
43.400001525878906,38,0.05341590940952301,0.026406675577163696,9.807923316955566,918.4176635742188,-972.563232421875,2443.464111328125,0.000197951914742589,-0.00013497007603291422,-0.0019286753376945853,0.2401883900165558
43.40999984741211,44,0.03859376907348633,0.014196166768670082,9.797924041748047,939.623779296875,-1030.6097412109375,2561.742919921875,-0.003355083055794239,-0.0031641549430787563,0.0046546668745577335,0.2260596603155136
43.41999816894531,38,0.029421672224998474,0.007365958299487829,9.791001319885254,939.623779296875,-1030.6097412109375,2561.742919921875,-0.0049897655844688416,-0.008519381284713745,0.006589013617485762,0.2260596603155136
43.43000030517578,39,0.010778913274407387,0.007365958299487829,9.807082176208496,943.9732055664062,-1059.205078125,2619.94287109375,-0.005521472543478012,-0.011177915148437023,0.0033987730275839567,0.20983777940273285
43.439998626708984,38,0.0011660214513540268,0.015505936928093433,9.822839736938477,946.2916870117188,-1092.08251953125,2685.872314453125,-0.006092741619795561,-0.010035376995801926,0.003970042336732149,0.18628990650177002
43.45000076293945,39,0.010939599946141243,0.03284449130296707,9.827757835388184,944.5774536132812,-1124.650390625,2749.049560546875,-0.006239206530153751,-0.006177627015858889,0.0036072470247745514,0.15803244709968567
43.459999084472656,39,0.009226346388459206,0.023739702999591827,9.815336227416992,938.4896850585938,-1156.5521240234375,2807.640869140625,-0.004179719835519791,-0.0030362086836248636,0.003960782662034035,0.12715855240821838
43.470001220703125,39,-0.0005472318734973669,0.026750557124614716,9.805545806884766,929.0653686523438,-1186.6661376953125,2858.056396484375,-0.001840490847826004,-0.0042011933401227,0.006694512907415628,0.09471480548381805
43.47999954223633,43,0.016775300726294518,0.015139416791498661,9.814635276794434,904.5,-1233.5767822265625,2933.119873046875,-0.0021637235768139362,-0.0053661782294511795,0.006499226205050945,0.029304027557373047
43.4900016784668,39,0.029421672224998474,0.0025828713551163673,9.820089340209961,896.57275390625,-1248.420654296875,2956.818115234375,-0.002806260949000716,-0.005747491959482431,0.007784300949424505,0.029304029420018196
43.5,39,0.04516992345452309,0.01509198546409607,9.801071166992188,889.6239013671875,-1256.429443359375,2967.87255859375,-0.0024381347466260195,-0.004015166312456131,0.005653546191751957,-0.007326008751988411
43.5099983215332,39,0.05350819230079651,0.012126406654715538,9.810439109802246,873.8796997070312,-1272.5029296875,2988.320556640625,-0.005109855905175209,-0.004905739799141884,0.005037383642047644,-0.04604918882250786
43.52000045776367,39,0.056796811521053314,0.01063122134655714,9.813469886779785,856.182861328125,-1283.60693359375,2995.85546875,-0.0016149013536050916,-0.0037407551426440477,0.008381945081055164,-0.08372579514980316
43.529998779296875,39,0.0683998167514801,0.0021462810691446066,9.807014465332031,837.4510498046875,-1288.6524658203125,2994.4091796875,0.0018273034365847707,-0.002575770253315568,0.009494179859757423,-0.11983254551887512
43.540000915527344,39,0.07620500028133392,0.008009524084627628,9.805545806884766,818.3912963867188,-1286.9976806640625,2980.496337890625,0.00066231848904863,-0.00141078548040241,0.005999225657433271,-0.1507064402103424
43.54999923706055,39,0.07060055434703827,0.01562128309160471,9.805545806884766,800.2070922851562,-1279.349853515625,2957.48388671875,0.000613496929872781,-0.004710453562438488,0.0013881080085411668,-0.17477759718894958
43.560001373291016,39,0.04299415647983551,0.016932131722569466,9.809134483337402,783.584716796875,-1266.286376953125,2925.71533203125,-0.0025489653926342726,-0.006097099743783474,0.008323864080011845,-0.19309261441230774
43.56999969482422,38,0.04151107370853424,0.031373023986816406,9.825031280517578,768.798828125,-1248.33349609375,2883.09521484375,-0.0030674845911562443,-0.005277794320136309,0.011518033221364021,-0.2082679271697998
43.58000183105469,38,0.01793484017252922,0.021347619593143463,9.818598747253418,757.5943603515625,-1226.8360595703125,2828.580078125,-0.0030674845911562443,-0.005973081570118666,0.012917865999042988,-0.21507064998149872
43.59000015258789,38,0.013927478343248367,0.013183925300836563,9.792447090148926,750.4027709960938,-1200.630859375,2763.856201171875,-0.00046310393372550607,-0.0010611779289320111,0.01581910438835621,-0.2171637862920761
43.599998474121094,38,-0.0004082606465090066,0.019783442839980125,9.813236236572266,747.8902587890625,-1170.8831787109375,2694.05322265625,0.001419614884071052,-0.0013263297732919455,0.014477352611720562,-0.21454735100269318
43.61000061035156,39,0.003528530476614833,0.010056646540760994,9.804333686828613,749.585693359375,-1138.4560546875,2620.8720703125,0.001096382038667798,-0.002588957780972123,0.013214724138379097,-0.20879121124744415
43.619998931884766,39,0.025252539664506912,0.015276323072612286,9.7966890335083,754.6022338867188,-1103.9681396484375,2544.947021484375,-0.0021149020176380873,-0.005317356903105974,0.008440026082098484,-0.20198848843574524
43.630001068115234,39,0.029421672224998474,0.008883782662451267,9.808085441589355,763.7124633789062,-1066.4810791015625,2467.93896484375,-0.0042944783344864845,-0.00625675218179822,0.0071061295457184315,-0.1925693303346634
43.63999938964844,39,0.025299225002527237,-0.0008203753968700767,9.797947883605957,775.1182861328125,-1028.4486083984375,2393.6513671875,-0.006526804994791746,-0.003368700621649623,0.011207987554371357,-0.18472003936767578
43.650001525878906,39,0.045564036816358566,0.018610578030347824,9.812724113464355,786.4428100585938,-989.3126831054688,2320.315185546875,-0.008210308849811554,-0.0023541089612990618,0.008750071749091148,-0.17687074840068817
43.65999984741211,39,0.040168046951293945,0.004790615756064653,9.81952953338623,797.371826171875,-949.6410522460938,2249.599609375,-0.00761659350246191,-0.005552205257117748,0.0034739694092422724,-0.1737310290336609
43.66999816894531,39,0.04338718205690384,0.006883013993501663,9.811372756958008,807.4185180664062,-910.1910400390625,2183.113525390625,-0.007342182099819183,-0.009095980785787106,0.005852760747075081,-0.1705913096666336
43.68000030517578,39,0.06587553024291992,0.007365958299487829,9.81482219696045,814.4343872070312,-871.5491943359375,2120.842041015625,-0.0030674845911562443,-0.00716051273047924,0.004302534274756908,-0.16588173806667328
43.689998626708984,39,0.07689985632896423,0.007365958299487829,9.801746368408203,817.91259765625,-834.15771484375,2063.14599609375,-0.0023233757819980383,0.0005959512782283127,-0.0010263173608109355,-0.1606488674879074
43.70000076293945,39,0.06851598620414734,0.011873077601194382,9.79612922668457,819.4635620117188,-798.2238159179688,2010.2734375,0.0011715785367414355,-0.0021060726139694452,-0.0030330540612339973,-0.15332286059856415
43.709999084472656,39,0.05413356050848961,0.0213012658059597,9.80976390838623,818.9746704101562,-764.4109497070312,1962.111572265625,0.004046441987156868,-0.006766011938452721,0.002915887860581279,-0.14338043332099915
43.720001220703125,39,0.04415152594447136,0.02171521820127964,9.819809913635254,816.4937133789062,-733.4471435546875,1918.139404296875,0.0017164726741611958,-0.010929878801107407,0.00934771541506052,-0.13239142298698425
43.72999954223633,39,0.02488231100142002,0.01700112409889698,9.796199798583984,812.4098510742188,-706.0868530273438,1877.4747314453125,-0.0006134968716651201,-0.0062699392437934875,0.005852760747075081,-0.12140240520238876
