Time (s),Signal strength,Ax (m/s²),Ay (m/s²),Az (m/s²),Bx (µT),By (µT),Bz (µT),ωx (rad/s),ωy (rad/s),ωz (rad/s),Voltage (mV)
0.009999999776482582,60,0.053220298141241074,0.022001070901751518,9.79165267944336,22.10601043701172,-10.868608474731445,-48.79069900512695,-1.145398736000061,-1.7903189659118652,-0.16101840138435364,-0.0010465724626556039
0.019999999552965164,60,0.03438292071223259,0.04056171327829361,9.83376407623291,22.589601516723633,-10.936982154846191,-48.6201286315918,-1.1420912742614746,-1.7407066822052002,-0.21945078670978546,-0.0010465724626556039
0.029999999329447746,60,0.03862443193793297,0.03085261583328247,9.805980682373047,22.48790740966797,-11.026005744934082,-48.63615798950195,-1.1479593515396118,-1.617556095123291,-0.3498387932777405,-0.0010465724626556039
0.03999999910593033,60,0.029421672224998474,0.022286921739578247,9.81466293334961,22.104387283325195,-11.060881614685059,-49.162174224853516,-1.0473675727844238,-1.382271647453308,-0.41607141494750977,-0.0010465724626556039
0.05000000074505806,60,0.02870193123817444,0.030566764995455742,9.805907249450684,22.486286163330078,-10.971858024597168,-50.15925979614258,-0.8190909028053284,-1.0502691268920898,-0.3943089544773102,-0.0010465724626556039
0.05999999865889549,60,0.020650753751397133,0.02171521820127964,9.812131881713867,22.381343841552734,-10.882833480834961,-48.271549224853516,-0.5633891224861145,-0.7203957438468933,-0.3344545066356659,-0.0010465724626556039
0.07000000029802322,60,0.02992549166083336,0.021214978769421577,9.825730323791504,22.188232421875,-10.94340705871582,-48.24980163574219,-0.3083098232746124,-0.40129971504211426,-0.23641370236873627,-0.0010465724626556039
0.07999999821186066,60,0.033087391406297684,0.018647242337465286,9.793898582458496,22.361330032348633,-11.086578369140625,-48.38030242919922,-0.08239084482192993,-0.11612953245639801,-0.07969284057617188,-0.0010465724626556039
0.09000000357627869,60,0.02525213733315468,0.029995061457157135,9.813285827636719,22.58365249633789,-11.030135154724121,-48.71457290649414,0.0014143800362944603,-0.002588957780972123,-0.0015092025278136134,-0.0010465724626556039
0.10000000149011612,60,0.02870193123817444,0.02171521820127964,9.80286979675293,22.372690200805664,-10.752052307128906,-49.37853240966797,-0.002462971955537796,-0.001984445145353675,-0.0009046898339875042,-0.0010465724626556039
0.10999999940395355,61,0.02856294810771942,0.023287402465939522,9.814444541931152,21.533164978027344,-11.464239120483398,-48.712284088134766,-0.0023827552795410156,-0.0008196993730962276,-0.0019090021960437298,-0.0010465724626556039
0.11999999731779099,61,0.046099819242954254,0.03128139302134514,9.811262130737305,22.225557327270508,-11.039313316345215,-48.95783233642578,-0.003547501051798463,0.0003450463409535587,-0.003483173670247197,-0.0010465724626556039
0.12999999523162842,60,0.033303312957286835,0.03128139302134514,9.814300537109375,22.422454833984375,-11.050326347351074,-48.686527252197266,-0.00471224682405591,-0.00016128116112668067,-0.0023184281308203936,-0.0010465724626556039
0.14000000059604645,60,0.03445986285805702,0.02727946825325489,9.808364868164062,22.50575828552246,-11.317397117614746,-48.28070831298828,-0.004099391866475344,-0.002588957780972123,-0.0022202427498996258,-0.0010465724626556039
0.15000000596046448,60,0.05026935413479805,0.01536487601697445,9.801783561706543,22.66154670715332,-11.391736030578613,-48.034584045410156,-0.0017865851987153292,-0.0017091415356844664,-0.003963190130889416,-0.0010465724626556039
0.1599999964237213,60,0.03790469095110893,0.023068083450198174,9.804387092590332,22.241783142089844,-10.768572807312012,-47.70145797729492,-0.004366352688521147,-0.00029411984723992646,-0.004194214008748531,-0.0010465724626556039
0.17000000178813934,60,0.03546253591775894,0.019438263028860092,9.799466133117676,22.44192886352539,-10.758935928344727,-48.57090377807617,0.0004447211103979498,-0.0062699392437934875,-0.005021408200263977,-0.0010465724626556039
0.18000000715255737,60,0.037760745733976364,0.03698856756091118,9.804976463317871,22.80976104736328,-11.093920707702637,-49.4592399597168,-0.00018738608923740685,-0.005737300496548414,-0.00385666242800653,-0.0010465724626556039
0.1899999976158142,60,0.032871466130018234,0.033287279307842255,9.821529388427734,22.792451858520508,-10.982871055603027,-49.249176025390625,0.0041173598729074,-0.0002678088494576514,-0.002559077925980091,-0.0010465724626556039
0.20000000298023224,60,0.027982188388705254,0.04183818772435188,9.807940483093262,22.554441452026367,-10.642378807067871,-48.44440841674805,-0.0005416229832917452,-0.003762046108022332,0.0020999049302190542,-0.0010465724626556039
0.20999999344348907,60,0.027627283707261086,0.02171521820127964,9.81733226776123,22.722671508789062,-10.988377571105957,-48.74834442138672,-0.0052006058394908905,-0.0015223971568048,0.001025001984089613,-0.0010465724626556039
0.2199999988079071,60,0.029488682746887207,0.02171521820127964,9.810258865356445,22.197969436645508,-11.166423797607422,-50.413970947265625,0.002070230897516012,-0.002446492901071906,0.0031138435006141663,-0.0010465724626556039
0.23000000417232513,60,0.018131660297513008,0.025002513080835342,9.824788093566895,22.365657806396484,-11.271049499511719,-49.42375183105469,0.004089765250682831,-0.003611238906159997,0.0013542111264541745,-0.0015698587521910667
0.23999999463558197,60,0.021879278123378754,0.03642672300338745,9.815241813659668,22.369443893432617,-11.04344367980957,-48.85652160644531,0.0004543469112832099,-0.0009358531096950173,-0.000015247602277668193,-0.0010465724626556039
0.25,60,0.041436389088630676,0.04205750674009323,9.807998657226562,22.311023712158203,-10.887423515319824,-49.047698974609375,-0.0033068510238081217,-0.002828324446454644,-0.0011799933854490519,-0.0010465724626556039
0.25999999046325684,59,0.049765538424253464,0.03234840929508209,9.803382873535156,22.385671615600586,-11.186156272888184,-49.29496765136719,-0.0017878685612231493,-0.004651488270610571,-0.0015092025278136134,-0.0010465724626556039
0.27000001072883606,59,0.04193028062582016,0.03228680044412613,9.813285827636719,21.5461483001709,-11.097132682800293,-48.96184158325195,0.00015979156887624413,-0.0034963684156537056,0.0008106630411930382,-0.0010465724626556039
0.2800000011920929,59,0.008827140554785728,0.026840833947062492,9.812421798706055,22.024330139160156,-11.008109092712402,-47.73236846923828,-0.0029417050536721945,-0.00045583659084513783,0.002882819389924407,-0.0010465724626556039
0.28999999165534973,59,-0.26071351766586304,-0.061024051159620285,9.867755889892578,22.374853134155273,-11.096673965454102,-48.17195510864258,-0.0003311345062684268,-0.006693483330309391,0.00015481181617360562,-0.0010465724626556039
0.30000001192092896,59,-0.2581571936607361,0.1325172334909439,9.873425483703613,22.44841957092285,-11.081989288330078,-48.63901901245117,0.04300639405846596,-0.09926734864711761,-0.0039092847146093845,-0.0010465724626556039
0.3100000023841858,59,0.08677265048027039,0.25492581725120544,9.719505310058594,22.216899871826172,-10.922297477722168,-48.329933166503906,0.07531444728374481,-0.1891029328107834,0.01630595326423645,-0.0010465724626556039
0.3199999928474426,59,0.09517625719308853,0.10507054626941681,9.647242546081543,21.482316970825195,-11.18936824798584,-49.44034957885742,0.03886079415678978,-0.10471180826425552,0.056205715984106064,-0.0010465724626556039
0.33000001311302185,59,0.2921620309352875,0.4066169559955597,9.657782554626465,22.374853134155273,-10.938817977905273,-49.58230209350586,0.002612495794892311,0.008468104526400566,0.06936702132225037,-0.0010465724626556039
0.3400000035762787,59,0.5805946588516235,0.27746620774269104,9.743992805480957,22.23637580871582,-11.065469741821289,-50.02074432373047,-0.0023654287215322256,0.003159688552841544,0.05928860232234001,-0.0010465724626556039
0.3499999940395355,59,0.5249884724617004,0.0939420536160469,9.89040756225586,22.029739379882812,-11.107686996459961,-49.45408630371094,-0.04097145423293114,0.1073303148150444,0.04840352013707161,-0.0010465724626556039
0.36000001430511475,59,0.7012456655502319,0.29866111278533936,9.732683181762695,22.077341079711914,-11.026923179626465,-48.21316909790039,-0.08267576992511749,0.15576769411563873,-0.02030171826481819,-0.0010465724626556039
0.3700000047683716,59,0.931632399559021,0.30641114711761475,9.566848754882812,21.99836540222168,-11.193957328796387,-48.13875961303711,-0.035976845771074295,0.08208709210157394,-0.16064877808094025,-0.0010465724626556039
0.3799999952316284,60,0.7590086460113525,0.1161719411611557,9.610718727111816,22.523067474365234,-11.104933738708496,-48.91604995727539,0.00025926021044142544,0.011869290843605995,-0.32544970512390137,-0.0010465724626556039
0.38999998569488525,60,0.5530260801315308,-0.1530781388282776,9.75168514251709,22.368362426757812,-10.799776077270508,-48.97443389892578,-0.004162922967225313,0.008348742499947548,-0.45352616906166077,-0.0010465724626556039
0.4000000059604645,60,0.4323080778121948,-0.2634021043777466,9.776687622070312,22.477628707885742,-10.597867012023926,-48.67107009887695,0.0016608055448159575,0.0036897598765790462,-0.5292346477508545,-0.0010465724626556039
0.4099999964237213,60,0.532061755657196,0.01971426233649254,9.791129112243652,22.643695831298828,-10.44735336303711,-49.18564224243164,0.008613343350589275,0.005803628824651241,-0.5372146368026733,-0.0010465724626556039
0.41999998688697815,59,0.7030028104782104,0.6621314287185669,9.758009910583496,22.388376235961914,-10.220664978027344,-51.076786041259766,0.011335575021803379,0.002800317481160164,-0.5729020237922668,-0.0010465724626556039
0.4300000071525574,60,1.3603376150131226,1.3887121677398682,9.730740547180176,22.598257064819336,-10.309688568115234,-49.52220153808594,0.012660754844546318,0.007340579759329557,-0.7328603863716125,-0.0010465724626556039
0.4399999976158142,60,1.9020546674728394,1.6258211135864258,9.76954460144043,22.623140335083008,-10.320242881774902,-49.14213943481445,0.016651693731546402,0.000917472003493458,-1.0299893617630005,-0.0010465724626556039
0.44999998807907104,60,1.4004322290420532,1.1786973476409912,9.727482795715332,22.963926315307617,-10.08896541595459,-49.06429672241211,0.021310675889253616,-0.0031215965282171965,-1.4420552253723145,-0.0010465724626556039
0.46000000834465027,60,0.5938155651092529,0.43144169449806213,9.75220012664795,23.400999069213867,-9.770041465759277,-49.110660552978516,0.02433452196419239,-0.001363247400149703,-1.8357276916503906,-0.0010465724626556039
0.4699999988079071,60,-0.06103244423866272,-0.294537752866745,9.803692817687988,23.7158203125,-9.453411102294922,-49.056854248046875,0.025153374299407005,0.0006203498924151063,-2.092536449432373,-0.0010465724626556039
0.47999998927116394,60,0.12240233272314072,-0.8563840985298157,9.780473709106445,24.030643463134766,-8.919271469116211,-48.279563903808594,0.025846445932984352,-0.005145622882992029,-2.206874132156372,-0.0010465724626556039
0.49000000953674316,60,0.5934557318687439,-1.2211899757385254,9.798704147338867,24.14531898498535,-8.470024108886719,-49.51418685913086,0.026380367577075958,-0.007427625823765993,-2.2857346534729004,-0.0010465724626556039
0.5,60,0.7818542122840881,-0.8637028336524963,9.603959083557129,24.780372619628906,-8.089150428771973,-50.12548828125,0.028654670342803,-0.005611521191895008,-2.4181735515594482,-0.0010465724626556039
0.5099999904632568,60,1.0803086757659912,-0.45611292123794556,10.328285217285156,25.208789825439453,-7.471493721008301,-49.80610275268555,0.033313654363155365,-0.005257284268736839,-2.6037204265594482,-0.0010465724626556039
0.5199999809265137,60,1.3272393941879272,0.16726547479629517,9.352262496948242,25.31697654724121,-6.74186897277832,-49.06429672241211,0.03797263652086258,-0.002483713673427701,-2.8472416400909424,-0.0010465724626556039
0.5299999713897705,60,1.5184051990509033,0.28896188735961914,9.695625305175781,25.7313289642334,-6.465620994567871,-49.08146667480469,0.04186795651912689,-0.0016622950788587332,-3.165464401245117,-0.0010465724626556039
0.5400000214576721,60,1.35051691532135,0.38419485092163086,9.819595336914062,25.94120979309082,-5.842457294464111,-49.747718811035156,0.04291911423206329,-0.005682111717760563,-3.486210346221924,-0.0010465724626556039
0.550000011920929,60,1.4041128158569336,-0.007483541499823332,9.594403266906738,26.81751823425293,-5.148624897003174,-49.35620880126953,0.04187630116939545,-0.008268938399851322,-3.758814573287964,-0.0010465724626556039
0.5600000023841858,60,0.8661929965019226,-0.6901465654373169,9.605388641357422,27.27730941772461,-4.136327743530273,-48.939517974853516,0.04556562379002571,-0.009617219679057598,-3.983145236968994,-0.0010465724626556039
0.5699999928474426,60,0.2440187782049179,-0.8383458852767944,9.983925819396973,27.51964569091797,-2.948737382888794,-48.79069900512695,0.04995892941951752,-0.002291835378855467,-4.117283821105957,-0.0010465724626556039
0.5799999833106995,60,0.3466985523700714,-1.1300179958343506,10.081555366516113,28.213119506835938,-1.8891751766204834,-48.81245040893555,0.05207664892077446,-0.009809739887714386,-4.1474609375,-0.0010465724626556039
0.5899999737739563,60,-0.03139399364590645,-1.1403260231018066,10.330323219299316,28.52794075012207,-0.9099175930023193,-49.0345344543457,0.0509035587310791,-0.007530303671956062,-4.085646152496338,-0.0010465724626556039
0.6000000238418579,59,-0.11210430413484573,-1.028597354888916,9.611212730407715,28.75188636779785,0.6860795021057129,-49.92973709106445,0.048574067652225494,-0.012189285829663277,-4.012267112731934,-0.0010465724626556039
0.6100000143051147,59,-0.6199960112571716,-0.8985151648521423,9.564126968383789,29.1613712310791,2.0388681888580322,-50.08427810668945,0.061796341091394424,-0.0401759147644043,-3.959994077682495,-0.0010465724626556039
0.6200000047683716,58,-0.5129034519195557,-0.7319967150688171,9.666791915893555,29.77046012878418,3.26775860786438,-49.75115203857422,0.06214158982038498,-0.04307975620031357,-3.885676383972168,-0.0010465724626556039
0.6299999952316284,58,-0.6863909363746643,-0.6296198964118958,9.930192947387695,30.34438705444336,4.587966442108154,-49.5313606262207,0.049140721559524536,-0.022366533055901527,-3.7624449729919434,-0.0010465724626556039
0.6399999856948853,58,-0.7072038650512695,-0.3633047938346863,9.5196533203125,30.134506225585938,5.834294319152832,-49.86448287963867,0.04508817568421364,-0.02100926637649536,-3.5846240520477295,-0.0010465724626556039
0.6499999761581421,58,-0.8339403867721558,-0.3513655662536621,9.961519241333008,30.416872024536133,6.579521179199219,-49.36422348022461,0.03444310277700424,0.0019108746200799942,-3.3844282627105713,-0.0010465724626556039
0.6600000262260437,57,-0.8420759439468384,-0.3750714957714081,9.745927810668945,30.13883399963379,7.3545756340026855,-49.593177795410156,0.03086094930768013,0.003339373040944338,-3.1750004291534424,-0.0010465724626556039
0.6700000166893005,57,-0.4788745641708374,-0.4919552803039551,9.903173446655273,29.96249008178711,8.282438278198242,-49.83243179321289,0.03423774987459183,-0.006523423828184605,-2.9401588439941406,-0.0010465724626556039
0.6800000071525574,56,-0.027894560247659683,-0.31206589937210083,9.647359848022461,30.146947860717773,9.372286796569824,-49.640682220458984,0.026744872331619263,0.004226249177008867,-2.6907176971435547,-0.0010465724626556039
0.6899999976158142,56,0.2884516417980194,-0.27040791511535645,9.719075202941895,30.25080680847168,10.52867317199707,-49.20338439941406,0.030049797147512436,-0.003795415395870805,-2.4684886932373047,-0.0010465724626556039
0.699999988079071,55,0.28889837861061096,-0.06448138505220413,10.015262603759766,30.25080680847168,11.596954345703125,-49.42546844482422,0.028990939259529114,-0.009682676754891872,-2.3167965412139893,-0.0010465724626556039
0.7099999785423279,54,0.6669065356254578,0.16035081446170807,9.64284896850586,30.332487106323242,12.457361221313477,-49.30183410644531,0.018017301335930824,-0.002540185581892729,-2.2525789737701416,-0.0010465724626556039
0.7200000286102295,54,0.8449060320854187,0.2039431929588318,9.520167350769043,30.380088806152344,13.30721378326416,-49.50445556640625,0.020517494529485703,-0.004955669865012169,-2.27044677734375,-0.0010465724626556039
0.7300000190734863,53,0.6948150992393494,0.0581958070397377,10.295863151550293,30.281097412109375,14.28142261505127,-50.05966567993164,0.014838154427707195,0.018997663632035255,-2.354231357574463,-0.0010465724626556039
0.7400000095367432,52,0.9412248134613037,-0.061999887228012085,9.466109275817871,29.95762062072754,15.424043655395508,-50.47750473022461,0.02018379233777523,0.012580331414937973,-2.4741907119750977,-0.0010465724626556039
0.75,52,0.8818634748458862,-0.5596947073936462,9.925209999084473,29.537858963012695,16.403301239013672,-49.36708450317383,0.03224581107497215,-0.013601740822196007,-2.6112308502197266,-0.0010465724626556039
0.7599999904632568,51,0.6080540418624878,-0.7357053756713867,9.73316764831543,29.29660415649414,17.155410766601562,-51.08995056152344,0.03725902736186981,-0.019779706373810768,-2.7164177894592285,-0.0010465724626556039
0.7699999809265137,51,0.22020773589611053,-0.7089955806732178,9.881046295166016,29.021812438964844,18.363191604614258,-50.9754753112793,0.04332854226231575,-0.027473444119095802,-2.773554563522339,-0.0010465724626556039
0.7799999713897705,52,-0.15150146186351776,-0.47415363788604736,9.702861785888672,28.74755859375,19.566843032836914,-50.23653030395508,0.0406833179295063,-0.029967861250042915,-2.786907196044922,-0.0010465724626556039
0.7900000214576721,50,-0.38617685437202454,-0.8070057034492493,9.906265258789062,28.47276496887207,20.334096908569336,-50.70588302612305,0.03136535361409187,-0.011331931687891483,-2.7624475955963135,-0.0010465724626556039
0.800000011920929,50,-0.37338533997535706,-0.5460379123687744,9.74255084991455,27.843122482299805,21.40237808227539,-50.70588302612305,0.03128834441304207,-0.006557435728609562,-2.739142894744873,-0.0010465724626556039
0.8100000023841858,50,0.01373131014406681,-0.34154802560806274,9.726558685302734,27.50395965576172,22.634939193725586,-51.11570739746094,0.034566961228847504,-0.01282716915011406,-2.7989063262939453,-0.0010465724626556039
0.8199999928474426,51,-0.24114151298999786,-0.342587947845459,9.976602554321289,27.26162338256836,23.38934326171875,-50.86958312988281,0.03290807828307152,-0.00641753850504756,-2.9043264389038086,-0.0010465724626556039
0.8299999833106995,51,-0.4657256603240967,-0.555818498134613,10.018701553344727,27.099884033203125,24.29104995727539,-50.772850036621094,0.03057858534157276,-0.009884823113679886,-2.9743053913116455,-0.0010465724626556039
0.8399999737739563,51,-0.6130939722061157,-0.5690416097640991,9.587440490722656,26.78073501586914,25.686973571777344,-51.14146423339844,0.03277973085641861,-0.00845953356474638,-2.9599223136901855,-0.0010465724626556039
0.8500000238418579,52,-0.7638797760009766,-0.5612890720367432,9.609804153442383,25.7313289642334,27.28939437866211,-51.252506256103516,0.03543008863925934,-0.007496933452785015,-2.8638997077941895,-0.0010465724626556039
0.8600000143051147,52,-0.37760698795318604,-0.465183824300766,9.904492378234863,24.681922912597656,28.360429763793945,-52.2473030090332,0.029943270608782768,-0.012968351133167744,-2.7286813259124756,-0.0010465724626556039
0.8700000047683716,52,-0.4823765158653259,-0.4558936357498169,9.819180488586426,24.192920684814453,29.15705108642578,-52.060707092285156,0.024222219362854958,-0.016805274412035942,-2.58469820022583,-0.0010465724626556039
0.8799999952316284,52,-0.21009089052677155,-0.17201334238052368,10.051616668701172,23.59952163696289,29.91650390625,-51.918182373046875,0.02269938588142395,-0.01731288433074951,-2.467869520187378,-0.0010465724626556039
0.8899999856948853,52,0.014195417985320091,-0.008143959566950798,9.868450164794922,22.916866302490234,30.691099166870117,-52.07387161254883,0.02626870572566986,-0.007794697768986225,-2.4080536365509033,-0.0010465724626556039
0.8999999761581421,52,-0.3150043487548828,-0.1550717055797577,9.638038635253906,22.573915481567383,31.43311309814453,-52.155723571777344,0.02580024115741253,0.002851656172424555,-2.3675153255462646,-0.0010465724626556039
0.9100000262260437,52,-0.36454492807388306,-0.35030344128608704,9.634578704833984,21.839330673217773,32.59041976928711,-53.37718200683594,0.020245399326086044,0.0021348402369767427,-2.2829360961914062,-0.0010465724626556039
0.9200000166893005,52,-0.1198626235127449,-0.20394742488861084,9.745226860046387,21.367639541625977,33.30168914794922,-52.92958068847656,0.021469825878739357,-0.001359397079795599,-2.145188093185425,-0.0010465724626556039
0.9300000071525574,53,-0.01432123128324747,-0.2497945874929428,9.702166557312012,20.758010864257812,33.97854232788086,-52.48712921142578,0.023580485954880714,-0.003815951757133007,-2.017277956008911,-0.0010465724626556039
0.9399999976158142,53,0.020717766135931015,-0.2310170829296112,9.714844703674316,20.101320266723633,34.69072723388672,-52.18262481689453,0.021564802154898643,-0.0029650134965777397,-2.0000243186950684,-0.0010465724626556039
0.949999988079071,53,0.06240568310022354,-0.19710177183151245,9.89907455444336,19.547407150268555,35.34096908569336,-51.84663772583008,0.01911979913711548,-0.0007991639431566,-2.0685036182403564,-0.0010465724626556039
0.9599999785423279,53,0.21052350103855133,-0.11346058547496796,9.918107032775879,18.812822341918945,35.608036041259766,-52.17976379394531,0.025153374299407005,-0.003815951757133007,-2.173750400543213,-0.0010465724626556039
0.9700000286102295,53,0.256346195936203,-0.04286261647939682,9.75275707244873,17.983034133911133,36.521217346191406,-52.613624572753906,0.024959571659564972,-0.0034283448476344347,-2.269352674484253,-0.0015698587521910667
0.9800000190734863,52,0.42553505301475525,-0.020733753219246864,9.835630416870117,17.426958084106445,37.32012939453125,-53.882591247558594,0.02269938588142395,0.0010573702165856957,-2.3914082050323486,-0.0010465724626556039
0.9900000095367432,52,0.48576995730400085,-0.17983731627464294,9.940217018127441,16.774595260620117,38.1901741027832,-54.41604995727539,0.02269938588142395,-0.00010737553384387866,-2.5055532455444336,-0.0010465724626556039
1,52,0.38336318731307983,-0.2665834426879883,9.718825340270996,15.874486923217773,39.2208251953125,-53.809329986572266,0.02611083909869194,0.01351084467023611,-2.5582923889160156,-0.0010465724626556039
1.0099999904632568,52,0.17686690390110016,-0.18030552566051483,9.933992385864258,15.13990306854248,40.111061096191406,-54.25349426269531,0.023155657574534416,0.008139537647366524,-2.5418221950531006,-0.0010465724626556039
1.0199999809265137,52,0.08396565914154053,-0.26351791620254517,9.846263885498047,14.610873222351074,40.65254592895508,-54.26265335083008,0.01358549203723669,0.009252303279936314,-2.461970567703247,-0.0010465724626556039
1.0299999713897705,52,0.05276859179139137,-0.20515242218971252,9.693517684936523,13.380255699157715,40.98706817626953,-54.594635009765625,0.01640847511589527,0.004928946495056152,-2.3696484565734863,-0.0010465724626556039
1.0399999618530273,52,-0.11266271770000458,-0.1488051563501358,9.755334854125977,12.289738655090332,41.621246337890625,-54.00851821899414,0.01690325327217579,0.007098646368831396,-2.3111069202423096,-0.0010465724626556039
1.0499999523162842,52,-0.4850321114063263,-0.2764822840690613,9.656441688537598,11.465900421142578,42.499549865722656,-53.52428436279297,0.013260775245726109,0.01588718220591545,-2.28647780418396,-0.0010465724626556039
1.059999942779541,52,-0.5720810890197754,-0.37518489360809326,9.823526382446289,10.41108512878418,43.13188934326172,-55.607749938964844,0.013183766975998878,0.0057510072365403175,-2.204133987426758,-0.0010465724626556039
1.0700000524520874,52,-0.6319635510444641,-0.4333285987377167,9.884440422058105,9.256738662719727,43.933101654052734,-55.16358184814453,0.01691608689725399,0.00021669972920790315,-2.0261728763580322,-0.0010465724626556039
1.0800000429153442,51,-0.4422744810581207,-0.31953006982803345,9.757207870483398,8.44642448425293,44.223575592041016,-55.265464782714844,0.019657570868730545,0.0016798514407128096,-1.7872729301452637,-0.0010465724626556039
1.090000033378601,51,-0.23687022924423218,-0.16440871357917786,9.714824676513672,7.588508129119873,44.61087417602539,-55.94430923461914,0.015630053356289864,0.005130450706928968,-1.5766054391860962,-0.0010465724626556039
1.100000023841858,51,0.04700074344873428,-0.02729848399758339,9.983222007751465,6.64404296875,45.081687927246094,-56.3117790222168,0.012488127686083317,0.009166310541331768,-1.4581819772720337,-0.0010465724626556039
1.1100000143051147,51,0.14789359271526337,0.1634286493062973,9.735458374023438,5.712559700012207,45.448795318603516,-55.53448486328125,0.014432579278945923,0.011168518103659153,-1.431546688079834,-0.0010465724626556039
1.1200000047683716,51,0.36268922686576843,0.1827877014875412,9.642034530639648,4.873035430908203,45.89391326904297,-54.7571907043457,0.013273609802126884,0.01386508159339428,-1.48876953125,-0.0010465724626556039
1.1299999952316284,50,0.4169800877571106,0.08642365783452988,9.803672790527344,4.314253807067871,46.497802734375,-55.267181396484375,0.015094206668436527,0.009680980816483498,-1.611655592918396,-0.0010465724626556039
1.1399999856948853,50,0.44743257761001587,0.12733493745326996,9.735645294189453,3.2356374263763428,46.65107345581055,-56.22649002075195,0.019916830584406853,0.009680980816483498,-1.738632082939148,-0.0010465724626556039
1.149999976158142,50,0.3053382635116577,-0.06878147274255753,9.756723403930664,2.006101369857788,46.79057312011719,-56.67180633544922,0.02781079150736332,0.009477551095187664,-1.8302761316299438,-0.0010465724626556039
1.159999966621399,50,0.3903471529483795,-0.07175827026367188,9.766798973083496,1.1005830764770508,47.16593551635742,-56.532142639160156,0.0271401796489954,0.008736349642276764,-1.889113426208496,-0.0010465724626556039
1.1699999570846558,50,0.30289360880851746,-0.04159846156835556,9.932071685791016,0.7857613563537598,47.25496292114258,-57.64256286621094,0.014268295839428902,0.010986908338963985,-1.8444969654083252,-0.0010465724626556039
1.1799999475479126,50,0.358090341091156,-0.04046491160988808,9.49085521697998,0.06632325053215027,47.944664001464844,-58.860015869140625,0.01664784364402294,0.012034857645630836,-1.8274261951446533,-0.0010465724626556039
1.190000057220459,50,0.1643657386302948,-0.14286141097545624,9.903360366821289,-1.1291340589523315,48.13555908203125,-57.318023681640625,0.02247157134115696,0.00504638347774744,-1.8379088640213013,-0.0010465724626556039
1.2000000476837158,50,-0.1386702060699463,-0.1386968493461609,9.640643119812012,-2.598302125930786,48.22458267211914,-56.762813568115234,0.026056934148073196,-0.004180456046015024,-1.7756447792053223,-0.0010465724626556039
1.2100000381469727,50,-0.24059055745601654,-0.2572759985923767,10.054320335388184,-3.8629984855651855,48.35490417480469,-57.611080169677734,0.015811022371053696,0.002355596050620079,-1.6554584503173828,-0.0010465724626556039
1.2200000286102295,49,0.03250415250658989,-0.08005290478467941,9.595725059509277,-4.301693439483643,48.358116149902344,-56.90190124511719,0.02405729331076145,-0.001427420531399548,-1.524692416191101,-0.0010465724626556039
1.2300000190734863,49,0.19402404129505157,-0.044543225318193436,10.09736156463623,-5.246158599853516,48.447139739990234,-58.01232147216797,0.02078573778271675,-0.0044538346119225025,-1.4508873224258423,-0.0010465724626556039
1.2400000095367432,49,0.4005550742149353,0.14979155361652374,9.5931978225708,-6.021853446960449,48.321407318115234,-57.42620086669922,0.019018404185771942,0.004529146011918783,-1.4497880935668945,-0.0010465724626556039
1.25,49,0.7098527550697327,0.11623847484588623,9.84668254852295,-7.056654453277588,48.55084991455078,-56.80803298950195,0.02063428796827793,0.004414276219904423,-1.496701955795288,-0.0010465724626556039
1.2599999904632568,49,0.6045272946357727,0.08205456286668777,9.588241577148438,-8.066031455993652,48.78212356567383,-56.66379165649414,0.019981004297733307,-0.0006637581973336637,-1.561323881149292,-0.0010465724626556039
1.2699999809265137,49,0.42120420932769775,-0.008171064779162407,9.796735763549805,-8.658891677856445,48.49348831176758,-56.933956146240234,0.0176515132188797,0.00014482560800388455,-1.5878722667694092,-0.0010465724626556039
1.2799999713897705,49,0.3381609320640564,0.10321251302957535,9.901015281677246,-9.813238143920898,48.76055908203125,-57.60020446777344,0.019049208611249924,-0.0007869709515944123,-1.5973455905914307,-0.0010465724626556039
1.2899999618530273,49,0.23758576810359955,-0.054168544709682465,9.642394065856934,-10.691710472106934,48.325538635253906,-58.07184600830078,0.019236594438552856,-0.003815951757133007,-1.64956533908844,-0.0010465724626556039
1.2999999523162842,49,0.2778615355491638,-0.21547265350818634,10.085599899291992,-11.801700592041016,48.07819747924805,-57.299705505371094,0.019047925248742104,-0.0072928620502352715,-1.7056291103363037,-0.0010465724626556039
1.309999942779541,49,-0.04790833219885826,-0.18037204444408417,9.304889678955078,-13.104262351989746,47.95246505737305,-56.359859466552734,0.02487165294587612,-0.0067570144310593605,-1.7013590335845947,-0.0010465724626556039
1.3200000524520874,49,-0.14723265171051025,-0.5139363408088684,9.856228828430176,-14.298096656799316,47.74229431152344,-56.29804229736328,0.025856712833046913,0.0050348322838544846,-1.6485507488250732,-0.0010465724626556039
1.3300000429153442,49,0.04541482776403427,-0.295838862657547,9.85976505279541,-14.717859268188477,47.38620376586914,-56.964290618896484,0.01839848980307579,0.009383858181536198,-1.5645196437835693,-0.0010465724626556039
1.340000033378601,49,-0.14292412996292114,-0.39634037017822266,9.641082763671875,-15.63527774810791,46.945674896240234,-57.3145866394043,0.01780296303331852,0.008914751000702381,-1.4983030557632446,-0.0010465724626556039
1.350000023841858,48,-0.099439337849617,-0.16056451201438904,9.929091453552246,-16.654932022094727,46.94704818725586,-55.976932525634766,0.022143002599477768,-0.002888647373765707,-1.430458426475525,-0.0010465724626556039
1.3600000143051147,48,0.1286938637495041,-0.06330101191997528,9.587331771850586,-17.29755973815918,46.78001403808594,-55.000450134277344,0.01840233989059925,0.0018261665245518088,-1.3742483854293823,-0.0010465724626556039
1.3700000047683716,48,0.2676486372947693,0.10999409854412079,9.694344520568848,-17.5074405670166,46.313331604003906,-55.11149215698242,0.013432118110358715,-0.0027718518394976854,-1.3305720090866089,-0.0010465724626556039
1.3799999952316284,48,0.5300216674804688,0.2684101164340973,10.06833267211914,-17.728139877319336,46.0517692565918,-55.220245361328125,0.023914828896522522,-0.00626608869060874,-1.381820797920227,-0.0010465724626556039
1.3899999856948853,48,0.5696670413017273,0.4026470482349396,9.684734344482422,-18.462724685668945,46.0517692565918,-55.220245361328125,0.021599456667900085,0.006528146099299192,-1.5075311660766602,-0.0010465724626556039
1.399999976158142,48,0.47725221514701843,0.07640652358531952,9.642733573913574,-19.114545822143555,45.419883728027344,-54.5196533203125,0.020371178165078163,0.005024564918130636,-1.6652590036392212,-0.0010465724626556039
1.409999966621399,48,0.03793695569038391,-0.17594380676746368,9.857497215270996,-19.86102867126465,44.71779251098633,-54.74402618408203,0.022323330864310265,-0.004577689338475466,-1.7666469812393188,-0.0010465724626556039
1.4199999570846558,48,-0.06401316821575165,-0.3116592764854431,9.64260196685791,-20.80278968811035,44.123538970947266,-55.49384307861328,0.02269938588142395,-0.008223375305533409,-1.7682032585144043,-0.0010465724626556039
1.4299999475479126,48,0.15857554972171783,-0.1497095227241516,9.959988594055176,-21.918190002441406,43.630699157714844,-55.35990524291992,0.021784916520118713,-0.010552866384387016,-1.7253772020339966,-0.0010465724626556039
1.440000057220459,48,0.4792774021625519,-0.03268284723162651,9.627400398254395,-22.652774810791016,43.54167556762695,-53.91636276245117,0.01721128448843956,-0.010325693525373936,-1.7170519828796387,-0.0015698587521910667
1.4500000476837158,48,0.24839679896831512,0.005259033292531967,9.786153793334961,-22.935680389404297,42.609683990478516,-53.715457916259766,0.01770734414458275,-0.005211079493165016,-1.8014578819274902,-0.0010465724626556039
1.4600000381469727,49,-0.10320929437875748,-0.22066234052181244,9.823019981384277,-23.60751724243164,41.98927307128906,-54.20426940917969,0.024840207770466805,-0.006227585021406412,-1.9269578456878662,-0.0010465724626556039
1.4700000286102295,49,-0.239903062582016,-0.3810374438762665,9.902568817138672,-24.218769073486328,41.52717590332031,-54.49675750732422,0.026172446087002754,-0.008723926730453968,-2.0111582279205322,-0.0010465724626556039
1.4800000190734863,49,0.315697580575943,-0.16217857599258423,9.686203956604004,-24.410259246826172,40.90401077270508,-53.96100997924805,0.028148984536528587,-0.013549759984016418,-2.049136161804199,-0.0010465724626556039
1.4900000095367432,49,0.10198153555393219,-0.16558660566806793,9.676947593688965,-25.03990364074707,40.28084945678711,-52.961631774902344,0.030892392620444298,-0.014753010123968124,-2.11371111869812,-0.0010465724626556039
1.5,49,0.006548788398504257,-0.07591790705919266,9.778861999511719,-25.37582015991211,39.40850830078125,-52.687461853027344,0.031228020787239075,-0.010908386670053005,-2.219367265701294,-0.0010465724626556039
1.5099999904632568,50,0.07210730016231537,-0.038461484014987946,9.680179595947266,-25.83777618408203,38.580684661865234,-51.920475006103516,0.03496932610869408,-0.011155453510582447,-2.3007936477661133,-0.0010465724626556039
1.5199999809265137,50,0.10159683972597122,-0.1700320988893509,9.684945106506348,-26.214805603027344,37.94650650024414,-51.546138763427734,0.03532356396317482,-0.012620531022548676,-2.337921142578125,-0.0010465724626556039
1.5299999713897705,50,0.1376931220293045,-0.058584459125995636,9.764209747314453,-26.57398223876953,37.43806457519531,-51.642295837402344,0.03619631752371788,-0.022804835811257362,-2.325038433074951,-0.0010465724626556039
1.5399999618530273,50,0.45582377910614014,0.15354211628437042,9.758519172668457,-27.40485191345215,36.72771453857422,-50.98005294799805,0.03481787443161011,-0.020769258961081505,-2.2098517417907715,-0.0010465724626556039
1.5499999523162842,51,0.6143952012062073,0.41045132279396057,9.750418663024902,-26.565326690673828,36.371620178222656,-51.091094970703125,0.02766191028058529,-0.003815951757133007,-2.0193533897399902,-0.0010465724626556039
1.559999942779541,51,0.49022743105888367,0.5413516759872437,9.57483196258545,-26.61833953857422,35.671363830566406,-50.772850036621094,0.02035064436495304,-0.004026440437883139,-2.0108067989349365,-0.0010465724626556039
1.5700000524520874,51,0.3219890892505646,0.26013028621673584,9.676239013671875,-27.046756744384766,34.96651840209961,-50.448883056640625,0.02181636169552803,-0.006355931516736746,-2.130204916000366,-0.0010465724626556039
1.5800000429153442,51,0.09629805386066437,0.04990610107779503,9.875518798828125,-27.441635131835938,34.39841842651367,-50.50154495239258,0.03113432787358761,-0.00868542306125164,-2.3258821964263916,-0.0010465724626556039
1.590000033378601,51,-0.07798607647418976,-0.03852555528283119,9.653697967529297,-27.53034782409668,33.9257698059082,-51.03042221069336,0.03128834441304207,-0.009869420900940895,-2.494067668914795,-0.0010465724626556039
1.600000023841858,51,0.014910195022821426,-0.14225521683692932,9.784392356872559,-27.42540740966797,33.12455749511719,-49.920005798339844,0.02803860791027546,-0.014283903874456882,-2.5892136096954346,-0.0010465724626556039
1.6100000143051147,51,-0.02641289308667183,-0.3245842158794403,9.749250411987305,-27.85274314880371,33.00065994262695,-50.21764373779297,0.03169135004281998,-0.011795904487371445,-2.5992612838745117,-0.0010465724626556039
1.6200000047683716,51,-0.08591316640377045,-0.36834415793418884,9.857255935668945,-28.055591583251953,32.345375061035156,-50.15983200073242,0.04018533229827881,-0.01788916066288948,-2.594261646270752,-0.0010465724626556039
1.6299999952316284,51,0.015535627491772175,-0.33456191420555115,9.702425956726074,-28.09562110900879,31.650625228881836,-49.800376892089844,0.05129630118608475,-0.0421794056892395,-2.6108500957489014,-0.0010465724626556039
1.6399999856948853,51,-0.09028621017932892,-0.37913504242897034,9.654781341552734,-28.247623443603516,31.49506378173828,-49.54509735107422,0.07462330162525177,-0.10049691051244736,-2.575747489929199,-0.0010465724626556039
1.649999976158142,51,-0.2522255480289459,-0.5040497779846191,9.821703910827637,-28.66738510131836,30.960922241210938,-49.100929260253906,0.06320494413375854,-0.08468909561634064,-2.485085964202881,-0.0010465724626556039
1.659999966621399,51,-0.46335795521736145,-0.5475682020187378,9.942091941833496,-28.50943374633789,30.835189819335938,-49.57371520996094,0.03743486478924751,-0.04090171307325363,-2.3687024116516113,-0.0010465724626556039
1.6699999570846558,51,-0.46772852540016174,-0.2634834051132202,9.792588233947754,-28.73121452331543,30.318944931030273,-49.44378662109375,0.026959853246808052,-0.02525433339178562,-2.282017230987549,-0.0010465724626556039
1.6799999475479126,51,-0.46683505177497864,0.06494535505771637,9.557209968566895,-28.912967681884766,29.849048614501953,-48.99961853027344,0.02345406450331211,-0.019407501444220543,-2.2050514221191406,-0.0010465724626556039
1.690000057220459,51,-0.7481298446655273,0.08500425517559052,9.808085441589355,-28.71498680114746,29.690732955932617,-48.77696228027344,0.020245399326086044,-0.014677927829325199,-2.0886218547821045,-0.0010465724626556039
1.7000000476837158,51,-0.5461108684539795,-0.2800332307815552,9.849343299865723,-28.190284729003906,29.601709365844727,-49.33217239379883,0.023470750078558922,-0.018389713019132614,-1.9290138483047485,-0.0010465724626556039
1.7100000381469727,51,0.03024069033563137,-0.7484849691390991,9.734673500061035,-28.91188621520996,28.984052658081055,-49.88737869262695,0.014487768523395061,0.006472313776612282,-1.7219316959381104,-0.0010465724626556039
1.7200000286102295,51,-0.45193642377853394,-1.027629017829895,9.855876922607422,-29.169368743896484,28.630712509155273,-49.937747955322266,-0.03551351651549339,0.10445727407932281,-1.4541569948196411,-0.0015698587521910667
1.7300000190734863,51,-0.46622204780578613,-0.9619446396827698,9.66346549987793,-29.329484939575195,28.41044807434082,-49.418025970458984,-0.06292514503002167,0.14927785098552704,-1.1059705018997192,-0.0010465724626556039
1.7400000095367432,52,0.054558027535676956,-0.3469841182231903,9.776250839233398,-29.57019805908203,28.310871124267578,-48.62757110595703,0.01765407994389534,-0.026386991143226624,-0.6709908843040466,-0.0010465724626556039
1.75,52,0.5578657388687134,0.18457674980163574,9.76210880279541,-29.872037887573242,28.38888168334961,-48.22346878051758,-0.024379443377256393,0.06400754302740097,-0.29184985160827637,-0.0010465724626556039
1.7599999904632568,52,0.06593489646911621,0.027974393218755722,9.815109252929688,-29.976978302001953,28.299856185913086,-50.11117935180664,0.014295249246060848,-0.025922376662492752,-0.0711192861199379,-0.0010465724626556039
1.7699999809265137,52,0.15174297988414764,0.06364423781633377,9.750532150268555,-30.081918716430664,28.43247413635254,-49.23429489135742,-0.014987037517130375,0.03700084611773491,-0.002761224051937461,-0.0010465724626556039
1.7799999713897705,52,0.09101168811321259,0.03216112405061722,9.829883575439453,-29.68487548828125,28.397600173950195,-48.5211067199707,0.0013194025959819555,-0.00493000028654933,-0.003925969824194908,-0.0010465724626556039
1.7899999618530273,52,0.15678860247135162,0.04603971540927887,9.791813850402832,-29.25754165649414,28.284713745117188,-48.86796951293945,0.0007129654986783862,-0.0062699392437934875,-0.0017081398982554674,-0.0010465724626556039
1.7999999523162842,52,0.11183702200651169,0.036488328129053116,9.764802932739258,-29.36248207092285,28.308576583862305,-49.84330749511719,-0.006843442562967539,0.0011870000744238496,-0.0015092025278136134,-0.0010465724626556039
1.809999942779541,52,0.10911937803030014,0.05331907793879509,9.80008316040039,-29.467422485351562,28.486623764038086,-48.51080322265625,0.001051801024004817,-0.012726417742669582,0.0014998845290392637,-0.0010465724626556039
1.8200000524520874,52,0.11494183540344238,0.03968198224902153,9.792235374450684,-29.57236099243164,28.182842254638672,-47.57897186279297,-0.0035179811529815197,-0.0019741777796298265,0.004053340759128332,-0.0010465724626556039
1.8300000429153442,52,0.10395461320877075,0.04589925333857536,9.819490432739258,-29.32569694519043,28.244333267211914,-48.32764434814453,0.0006282563554123044,-0.008223375305533409,0.00023310307005885988,-0.0010465724626556039
1.840000033378601,52,0.1354544758796692,0.05786559730768204,9.807126998901367,-29.273767471313477,28.5504093170166,-48.95783233642578,-0.0026465074624866247,-0.0009769242024049163,0.0025722207501530647,-0.0010465724626556039
1.850000023841858,52,0.0914931669831276,0.022005997598171234,9.804546356201172,-29.60698127746582,28.759658813476562,-48.42552185058594,-0.005521472543478012,-0.0005052498891018331,0.0008555842796340585,-0.0010465724626556039
1.8600000143051147,52,0.13214614987373352,0.05857529863715172,9.809466361999512,-29.60698127746582,28.403566360473633,-47.981353759765625,-0.004137895535677671,-0.0017405865946784616,-0.0015092025278136134,-0.0010465724626556039
1.8700000047683716,52,0.09344639629125595,0.026202596724033356,9.810393333435059,-29.60698127746582,28.220930099487305,-48.83534622192383,0.00008021664689294994,-0.0032826713286340237,0.0010089585557579994,-0.0010465724626556039
1.8799999952316284,52,0.13493825495243073,0.061061713844537735,9.806327819824219,-29.2954044342041,28.307199478149414,-49.06429672241211,0.0019329002825543284,-0.008539107628166676,0.005100649315863848,-0.0010465724626556039
1.8899999856948853,52,0.10391242802143097,0.04096338525414467,9.797268867492676,-28.82209014892578,28.34895896911621,-48.32764434814453,0.0021286290138959885,-0.0076426067389547825,0.004049490671604872,-0.0010465724626556039
1.899999976158142,52,0.1303393393754959,0.04852859675884247,9.795849800109863,-28.501859664916992,28.284713745117188,-47.78044891357422,0.0029660905711352825,-0.002146161859855056,-0.0016105963150039315,-0.0010465724626556039
1.909999966621399,53,0.12263314425945282,0.046187568455934525,9.812983512878418,-28.726346969604492,28.28058433532715,-49.4334831237793,-0.00014759863552171737,-0.0002203205367550254,-0.0016799033619463444,-0.0010465724626556039
1.9199999570846558,53,0.12095043808221817,0.04992828518152237,9.823953628540039,-29.251049041748047,28.191560745239258,-48.54514694213867,-0.0008855918422341347,0.002319017658010125,0.0033987730275839567,-0.0010465724626556039
1.9299999475479126,53,0.13855184614658356,0.04167554900050163,9.82493782043457,-29.262950897216797,28.24754524230957,-47.56637954711914,0.002096542390063405,0.0012948114890605211,0.0026306184008717537,-0.0010465724626556039
1.940000057220459,53,0.10891339182853699,0.031966451555490494,9.797932624816895,-29.341384887695312,28.595836639404297,-48.31333541870117,0.0030674845911562443,-0.002201350871473551,-0.0008636188576929271,-0.0010465724626556039
1.9500000476837158,53,0.1473972052335739,0.04030543193221092,9.823288917541504,-29.29378318786621,28.786733627319336,-49.377960205078125,0.0025412633549422026,-0.00039808067958801985,-0.003173858392983675,-0.0010465724626556039
1.9600000381469727,53,0.09907526522874832,0.031680598855018616,9.806355476379395,-28.818845748901367,28.383832931518555,-48.8170280456543,-0.0017711836844682693,-0.002796879271045327,0.0033987730275839567,-0.0010465724626556039
1.9700000286102295,53,0.12968164682388306,0.04524623230099678,9.805545806884766,-28.713905334472656,28.294809341430664,-49.03911209106445,-0.0006346740992739797,-0.0062699392437934875,0.0034128911793231964,-0.0010465724626556039
1.9800000190734863,53,0.1305701583623886,0.040874674916267395,9.800769805908203,-28.888084411621094,28.205785751342773,-48.76894760131836,-0.004128911066800356,-0.0062699392437934875,0.005742382723838091,-0.0010465724626556039
1.9900000095367432,53,0.12542027235031128,0.03171263262629509,9.805545806884766,-28.960569381713867,28.233318328857422,-48.435821533203125,0.0001437484024791047,-0.0029412691947072744,-0.000804579583927989,-0.0010465724626556039
2,53,0.10697505623102188,0.05519682541489601,9.805705070495605,-29.04928207397461,28.43522834777832,-48.61898422241211,0.000613496929872781,0.0005529680056497455,0.00372734060510993,-0.0010465724626556039
2.009999990463257,53,0.12118124961853027,0.054050955921411514,9.810625076293945,-29.279178619384766,28.638513565063477,-49.23200225830078,-0.0033267447724938393,-0.005803399719297886,0.0026556458324193954,-0.0010465724626556039
2.0199999809265137,53,0.1260705292224884,0.03278457745909691,9.81432819366455,-29.5939998626709,28.193395614624023,-48.676795959472656,0.0003195832250639796,-0.0038056836929172277,-0.004287906922399998,-0.0010465724626556039
2.0299999713897705,52,0.130210280418396,0.05482472479343414,9.800697326660156,-29.50636863708496,28.345746994018555,-47.589271545410156,0.0027010550256818533,-0.000007265075055329362,-0.004696049727499485,-0.0010465724626556039
2.0399999618530273,52,0.12532100081443787,0.049970176070928574,9.802045822143555,-29.248886108398438,28.39438819885254,-47.85084915161133,-0.00012577977031469345,-0.0005046083824709058,-0.000769925769418478,-0.0010465724626556039
2.049999952316284,52,0.12302527576684952,0.04408557340502739,9.814197540283203,-29.08985137939453,28.438440322875977,-48.2984504699707,0.0011037810472771525,0.0008462400292046368,0.005361192859709263,-0.0010465724626556039
2.059999942779541,52,0.14021965861320496,0.030694903805851936,9.803168296813965,-29.034677505493164,28.48065757751465,-48.46787643432617,-0.0009754343773238361,-0.002397721167653799,0.0069591086357831955,-0.0010465724626556039
2.069999933242798,52,0.13690637052059174,0.028472159057855606,9.788153648376465,-28.85076141357422,28.38888168334961,-48.7803955078125,-0.0030713349115103483,-0.003212080569937825,0.005241189152002335,-0.0010465724626556039
2.0799999237060547,52,0.11613313853740692,0.040118154138326645,9.79773998260498,-29.480403900146484,28.210834503173828,-48.447269439697266,-0.002939137862995267,-0.0012336173094809055,0.002977796131744981,-0.0010465724626556039
2.0899999141693115,52,0.11855296045541763,0.03686535730957985,9.785364151000977,-29.10391616821289,28.24616813659668,-48.38030242919922,-0.0013720254646614194,-0.0011277312878519297,-0.000029365732189035043,-0.0010465724626556039
2.0999999046325684,52,0.13058504462242126,0.038230545818805695,9.803777694702148,-29.069297790527344,28.33519172668457,-48.25437927246094,0.0030674845911562443,-0.0006072857067920268,0.0010397618170827627,-0.0010465724626556039
2.109999895095825,51,0.12963448464870453,0.030273519456386566,9.795849800109863,-29.348417282104492,28.185596466064453,-48.40434265136719,0.0027049053460359573,-0.00345337251201272,0.004402443766593933,-0.0010465724626556039
2.119999885559082,51,0.124745212495327,0.0425848551094532,9.797907829284668,-29.305143356323242,27.654207229614258,-49.25833511352539,0.001840490847826004,-0.001988295465707779,0.001845778664574027,-0.0010465724626556039
2.130000114440918,51,0.09906037151813507,0.028021205216646194,9.801139831542969,-28.885379791259766,27.92127799987793,-49.813541412353516,0.001126241753809154,-0.0006111360853537917,0.004625767003744841,-0.0010465724626556039
2.140000104904175,51,0.0782623291015625,0.021564899012446404,9.793197631835938,-29.014122009277344,28.110797882080078,-49.30469512939453,-0.003071335144340992,0.0018069145735353231,0.003922427538782358,-0.0010465724626556039
2.1500000953674316,51,0.20409299433231354,0.03852378949522972,9.79405403137207,-29.15692710876465,28.004337310791016,-48.99332046508789,-0.009293579496443272,0.025700567290186882,-0.000509382167365402,-0.0010465724626556039
2.1600000858306885,51,0.09289541840553284,0.052136242389678955,9.771069526672363,-29.176401138305664,27.954776763916016,-49.10837173461914,0.001840490847826004,0.0021650015842169523,-0.0027361963875591755,-0.0010465724626556039
2.1700000762939453,51,0.11680323630571365,0.061310604214668274,9.844202041625977,-29.08985137939453,28.143836975097656,-49.3968505859375,0.001840490847826004,-0.0013292356161400676,-0.0027361963875591755,-0.0010465724626556039
2.180000066757202,51,0.11377040296792984,0.023519042879343033,9.793563842773438,-29.08985137939453,27.965789794921875,-48.95268249511719,0.0006866544717922807,-0.001361963921226561,-0.0050438689067959785,-0.0010465724626556039
2.190000057220459,51,0.07563651353120804,-0.051406130194664,9.832040786743164,-29.58480453491211,27.787744522094727,-48.92749786376953,-0.002661267528310418,-0.009003080427646637,-0.0008238312439061701,-0.0010465724626556039
2.200000047683716,51,-0.10037747770547867,-0.11227774620056152,9.808762550354004,-29.736265182495117,27.73634910583496,-47.9006462097168,0.000020535422663670033,-0.007892240770161152,-0.03630911186337471,-0.0010465724626556039
2.2100000381469727,52,0.0643489807844162,-0.09678015112876892,9.798432350158691,-29.484731674194336,27.907052993774414,-47.255577087402344,0.00544895650818944,-0.009431117214262486,-0.14767292141914368,-0.0010465724626556039
2.2200000286102295,52,0.8613558411598206,-0.10793823003768921,9.76150131225586,-29.063886642456055,28.08693504333496,-47.64250564575195,0.008558154106140137,-0.010855765081942081,-0.3024204671382904,-0.0010465724626556039
2.2300000190734863,52,1.478236198425293,-0.07810862362384796,9.761346817016602,-28.970306396484375,27.74185562133789,-48.51881790161133,0.010045049712061882,-0.01707608439028263,-0.4730682671070099,-0.0010465724626556039
2.240000009536743,52,1.6136219501495361,0.005749414674937725,9.784050941467285,-29.599950790405273,28.09794807434082,-48.629859924316406,0.014331186190247536,-0.013524091802537441,-0.6614419221878052,-0.0015698587521910667
2.25,51,1.6080825328826904,0.3301984667778015,9.756436347961426,-29.654043197631836,27.826290130615234,-48.9149055480957,0.01081962138414383,0.0015386701561510563,-0.8528106212615967,-0.0010465724626556039
2.259999990463257,51,1.8554551601409912,0.811336100101471,9.700932502746582,-29.4333438873291,27.6757755279541,-48.81931686401367,0.006748466286808252,0.004434170201420784,-1.0513372421264648,-0.0010465724626556039
2.2699999809265137,51,1.7901002168655396,1.013117790222168,9.790474891662598,-29.219135284423828,27.59409523010254,-48.41063690185547,0.007935672998428345,0.00045863311970606446,-1.3073599338531494,-0.0015698587521910667
2.2799999713897705,51,1.5189958810806274,0.9030748009681702,9.834678649902344,-29.200742721557617,27.15677833557129,-48.087242126464844,0.019829556345939636,-0.01059778779745102,-1.6108272075653076,-0.0010465724626556039
2.2899999618530273,51,1.0121243000030518,0.6698099374771118,9.763519287109375,-28.990861892700195,26.80068588256836,-47.86516189575195,0.02623661980032921,-0.013235952705144882,-1.8695650100708008,-0.0010465724626556039
2.299999952316284,50,0.43686729669570923,0.3473988175392151,9.734466552734375,-29.050363540649414,26.90163803100586,-48.21316909790039,0.02062017098069191,-0.0029444771353155375,-2.0311777591705322,-0.0010465724626556039
2.309999942779541,50,0.2580015957355499,0.21771089732646942,9.746920585632324,-29.155303955078125,26.802061080932617,-48.726593017578125,0.03133005648851395,-0.013454142026603222,-2.110586404800415,-0.0010465724626556039
2.319999933242798,50,0.21077167987823486,0.13194553554058075,9.808023452758789,-28.890249252319336,26.534990310668945,-48.107276916503906,0.02656518667936325,0.005640628281980753,-2.14436411857605,-0.0010465724626556039
2.3299999237060547,50,0.14047032594680786,0.051160406321287155,9.879247665405273,-28.302257537841797,26.310596466064453,-46.28539276123047,0.03040788695216179,-0.014324975199997425,-2.207920789718628,-0.0010465724626556039
2.3399999141693115,50,0.012132992967963219,-0.06978441774845123,9.728861808776855,-29.036840438842773,26.310596466064453,-47.72893524169922,0.0266961008310318,-0.005164874717593193,-2.276679277420044,-0.0015698587521910667
2.3499999046325684,49,-0.055120643228292465,-0.20522882044315338,9.777676582336426,-28.99248504638672,26.14539909362793,-48.03916549682617,0.028834355995059013,0.0017453081673011184,-2.362644672393799,-0.0010465724626556039
2.359999895095825,49,0.027997082099318504,-0.24133484065532684,9.722681999206543,-28.887544631958008,25.96735191345215,-48.02943420410156,0.028734246268868446,-0.004642503801733255,-2.4720640182495117,-0.0010465724626556039
2.369999885559082,49,0.11393668502569199,-0.18845967948436737,9.915776252746582,-29.02602195739746,25.665407180786133,-47.50627899169922,0.025240007787942886,0.009334444999694824,-2.5792205333709717,-0.0010465724626556039
2.380000114440918,49,0.28875938057899475,-0.00011793414887506515,9.776945114135742,-29.421443939208984,25.22028923034668,-46.91901397705078,0.02060990408062935,0.01536031998693943,-2.635262966156006,-0.0010465724626556039
2.390000104904175,49,0.3395632207393646,0.05223480984568596,9.897833824157715,-29.736265182495117,24.77517318725586,-47.69630813598633,0.015950920060276985,0.021184047684073448,-2.6674599647521973,-0.0010465724626556039
2.4000000953674316,49,0.5718560218811035,-0.015728885307908058,9.770140647888184,-30.15602684020996,24.508102416992188,-48.58464050292969,0.02747388184070587,0.0027348604053258896,-2.706845760345459,-0.0010465724626556039
2.4100000858306885,50,0.6982351541519165,0.14479653537273407,9.760003089904785,-30.414592742919922,24.582901000976562,-48.53484344482422,0.031010473147034645,-0.00800582766532898,-2.700155735015869,-0.0010465724626556039
2.4200000762939453,50,0.5859405994415283,0.24967944622039795,9.665285110473633,-30.9057559967041,24.4268798828125,-47.96360778808594,0.0321752168238163,-0.0019690431654453278,-2.720820188522339,-0.0010465724626556039
2.430000066757202,50,0.6751488447189331,0.012237750925123692,9.790783882141113,-31.289278030395508,24.062986373901367,-47.55779266357422,0.035813845694065094,-0.0038557390216737986,-2.815279960632324,-0.0010465724626556039
2.440000057220459,50,0.5494918823242188,-0.13236375153064728,9.935975074768066,-30.960391998291016,23.87851333618164,-47.969905853271484,0.04199758544564247,-0.008557076565921307,-2.929149866104126,-0.0010465724626556039
2.450000047683716,51,0.6022837162017822,-0.2468990981578827,9.321828842163086,-31.799915313720703,23.6114444732666,-47.969905853271484,0.040584489703178406,-0.009950920939445496,-3.0320992469787598,-0.0010465724626556039
2.4600000381469727,51,0.47659701108932495,-0.4683257043361664,9.774765014648438,-31.669551849365234,23.419170379638672,-48.90288543701172,0.04188849404454231,-0.008037272840738297,-3.163745641708374,-0.0010465724626556039
2.4700000286102295,52,0.21746528148651123,-0.5836200714111328,9.789043426513672,-31.993026733398438,23.132827758789062,-48.865108489990234,0.044861000031232834,-0.013177555985748768,-3.2928073406219482,-0.0010465724626556039
2.4800000190734863,52,0.17514945566654205,-0.5032119154930115,10.024975776672363,-32.56966018676758,22.676239013671875,-48.38030242919922,0.039964575320482254,-0.010726135224103928,-3.356762409210205,-0.0010465724626556039
2.490000009536743,52,0.010353488847613335,-0.5258336663246155,9.493541717529297,-32.945064544677734,22.014530181884766,-48.26811599731445,0.03857843205332756,-0.0018676497275009751,-3.372314214706421,-0.0010465724626556039
2.5,52,-0.33968406915664673,-0.4755336046218872,9.977174758911133,-33.67965316772461,21.124296188354492,-47.490821838378906,0.043229714035987854,-0.010400134138762951,-3.3668582439422607,-0.0010465724626556039
2.509999990463257,52,-0.021305209025740623,-0.34252387285232544,9.910933494567871,-33.744022369384766,20.558950424194336,-48.942378997802734,0.040203940123319626,-0.010030495934188366,-3.3476805686950684,-0.0010465724626556039
2.5199999809265137,52,0.30089572072029114,-0.41381922364234924,10.162365913391113,-33.95823287963867,20.14595603942871,-49.85246276855469,0.04110429435968399,-0.013103114441037178,-3.3712759017944336,-0.0010465724626556039
2.5299999713897705,52,0.2727116346359253,-0.5005850791931152,9.973098754882812,-34.27305221557617,19.39063262939453,-49.710514068603516,0.04171073064208031,-0.01097576878964901,-3.447937250137329,-0.0010465724626556039
2.5399999618530273,53,0.6077885031700134,-0.4216062128543854,9.391860961914062,-34.70146942138672,18.317764282226562,-48.879417419433594,0.04492517560720444,-0.009251431562006474,-3.5506722927093506,-0.0010465724626556039
2.549999952316284,53,0.5390655994415283,-0.5634182095527649,9.80547046661377,-35.54099655151367,17.87264633178711,-48.65733337402344,0.04593462124466896,-0.004204200115054846,-3.6898982524871826,-0.0010465724626556039
2.559999942779541,52,0.3819088339805603,-0.5655621290206909,9.65249252319336,-36.0705680847168,17.076942443847656,-50.07511901855469,0.04475447162985802,-0.009904716163873672,-3.8368353843688965,-0.0010465724626556039
2.569999933242798,52,0.04221321642398834,-0.5279726386070251,9.93811321258545,-36.43731689453125,15.873748779296875,-50.682987213134766,0.04242498427629471,-0.006410478614270687,-3.9102141857147217,-0.0010465724626556039
2.5799999237060547,52,-0.3678160011768341,-0.4934387803077698,9.857967376708984,-36.8067741394043,14.631092071533203,-50.495819091796875,0.04344918578863144,-0.005152040161192417,-3.907576084136963,-0.0010465724626556039
2.5899999141693115,52,-0.32965731620788574,-0.2713739275932312,9.831029891967773,-37.0750732421875,13.473788261413574,-50.21420669555664,0.03933567926287651,-0.0029316432774066925,-3.837357759475708,-0.0010465724626556039
2.5999999046325684,52,-0.5147649049758911,-0.45096760988235474,9.74868106842041,-36.96417999267578,12.331626892089844,-50.798606872558594,0.04659752920269966,-0.01351639162749052,-3.702867031097412,-0.0010465724626556039
2.609999895095825,52,-0.5475825667381287,-0.2990325391292572,9.614330291748047,-36.75429916381836,11.441391944885254,-50.02131652832031,0.03822355344891548,-0.003980877809226513,-3.533297538757324,-0.0010465724626556039
2.619999885559082,51,-0.37304776906967163,-0.4543682634830475,9.760250091552734,-37.06371307373047,10.330894470214844,-50.892478942871094,0.035838231444358826,-0.00100387679412961,-3.3574209213256836,-0.0010465724626556039
2.630000114440918,51,-0.03237929567694664,-0.42409753799438477,9.677021980285645,-37.48347854614258,9.226361274719238,-50.92911148071289,0.03780963644385338,-0.008621891029179096,-3.142824649810791,-0.0010465724626556039
2.640000104904175,50,-0.38085824251174927,-0.11608745902776718,9.918923377990723,-37.676048278808594,8.286567687988281,-50.43228530883789,0.034183844923973083,-0.011660498566925526,-2.9050848484039307,-0.0010465724626556039
2.6500000953674316,50,-0.3532499372959137,-0.2342008650302887,9.845389366149902,-37.46616744995117,7.608797073364258,-50.47521209716797,0.03742780536413193,-0.022774675861001015,-2.7246949672698975,-0.0010465724626556039
2.6600000858306885,49,0.027686847373843193,-0.11611456423997879,9.66392707824707,-37.25628662109375,7.163680076599121,-50.8083381652832,0.04171137511730194,-0.03327663987874985,-2.60213303565979,-0.0010465724626556039
2.6700000762939453,49,-0.18273822963237762,-0.22840991616249084,10.007134437561035,-37.32876968383789,5.999951362609863,-51.241058349609375,0.048353955149650574,-0.05010545253753662,-2.493762254714966,-0.0010465724626556039
2.680000066757202,49,-0.6475571393966675,-0.25448155403137207,9.262713432312012,-37.15459060668945,5.108799457550049,-51.09452819824219,0.04516518488526344,-0.047048233449459076,-2.3573758602142334,-0.0010465724626556039
2.690000057220459,49,-0.5180160403251648,-0.22676873207092285,9.958029747009277,-36.97608184814453,4.358065605163574,-51.17924118041992,0.029340041801333427,-0.015725236386060715,-2.1763012409210205,-0.0010465724626556039
2.700000047683716,48,-0.15392623841762543,-0.10144741833209991,9.754338264465332,-37.123756408691406,3.6463372707366943,-51.644012451171875,0.029177039861679077,-0.013232744298875332,-1.9897860288619995,-0.0010465724626556039
2.7100000381469727,48,0.4584769010543823,-0.018735256046056747,9.711112976074219,-37.858341217041016,3.2902438640594482,-50.866722106933594,0.021781066432595253,-0.007520035840570927,-1.8264662027359009,-0.0010465724626556039
2.7200000286102295,48,0.48466062545776367,-0.20890052616596222,9.63278579711914,-37.067501068115234,2.675339698791504,-51.5959358215332,0.01900300197303295,-0.010654260404407978,-1.7288546562194824,-0.0010465724626556039
2.7300000190734863,48,0.1314363330602646,-0.3006490468978882,10.044205665588379,-36.8468017578125,1.9865554571151733,-51.145469665527344,0.005952075123786926,0.017040377482771873,-1.7140865325927734,-0.0010465724626556039
2.740000009536743,48,0.4065909683704376,-0.20600752532482147,9.90337085723877,-36.952823638916016,1.1394565105438232,-50.87416458129883,0.015825141221284866,-0.003206305205821991,-1.7240558862686157,-0.0010465724626556039
2.75,48,0.525894284248352,-0.272418737411499,9.597186088562012,-37.134037017822266,0.35476556420326233,-51.055606842041016,0.020245399326086044,0.0021996553987264633,-1.7732408046722412,-0.0010465724626556039
2.759999990463257,48,0.2992750406265259,-0.25346875190734863,9.690020561218262,-37.21733856201172,0.07301105558872223,-50.85184097290039,0.020245399326086044,-0.00012983618944417685,-1.8920449018478394,-0.0015698587521910667
2.7699999809265137,49,0.26706039905548096,-0.19660644233226776,9.858152389526367,-36.797576904296875,-0.5501527786254883,-51.07392501831055,0.019083218649029732,-0.007108042947947979,-2.0294437408447266,-0.0010465724626556039
2.7799999713897705,49,-0.09761516004800797,-0.0583922453224659,9.729401588439941,-36.29288864135742,-0.8851378560066223,-51.02641677856445,0.025617988780140877,-0.008596863597631454,-2.178983211517334,-0.0010465724626556039
2.7899999618530273,50,-0.09863023459911346,0.09247089922428131,9.633607864379883,-35.768184661865234,-1.8203425407409668,-50.915374755859375,0.024305002763867378,0.007878994569182396,-2.2960293292999268,-0.0010465724626556039
2.799999952316284,50,0.6599623560905457,0.1467285007238388,9.55550479888916,-35.31596755981445,-2.968010425567627,-51.187828063964844,0.02490181475877762,0.002129064640030265,-2.3641397953033447,-0.0010465724626556039
2.809999942779541,51,0.674776554107666,0.050872091203927994,9.87308120727539,-34.97734451293945,-3.6517467498779297,-52.01091003417969,0.026066560298204422,-0.005614088382571936,-2.455503225326538,-0.0010465724626556039
2.819999933242798,52,0.40105149149894714,-0.11189085990190506,9.632927894592285,-34.452640533447266,-4.809051513671875,-51.4556999206543,0.02893318235874176,-0.011751624755561352,-2.555671453475952,-0.0010465724626556039
2.8299999237060547,52,-0.14450012147426605,-0.2747991979122162,9.82664680480957,-34.02043533325195,-5.730948448181152,-50.802616119384766,0.026117900386452675,-0.0033789314329624176,-2.6250805854797363,-0.0010465724626556039
2.8399999141693115,52,-0.5703884959220886,-0.17898960411548615,9.70382022857666,-34.145931243896484,-6.216447353363037,-50.352725982666016,0.02610570751130581,-0.0020396343898028135,-2.6260669231414795,-0.0010465724626556039
2.8499999046325684,52,-0.44226211309432983,-0.34192752838134766,9.978728294372559,-34.171356201171875,-6.855213165283203,-50.48322677612305,0.02760736271739006,-0.006371333263814449,-2.5487895011901855,-0.0010465724626556039
2.859999895095825,53,0.10329196602106094,-0.08028454333543777,9.655077934265137,-33.549285888671875,-7.92991828918457,-50.910221099853516,0.02700541727244854,-0.0038852589204907417,-2.4062747955322266,-0.0010465724626556039
2.869999885559082,53,0.20073005557060242,-0.039858706295490265,9.884590148925781,-32.4998779296875,-8.642105102539062,-49.7998046875,0.025840669870376587,-0.002293760422617197,-2.253946542739868,-0.0010465724626556039
2.880000114440918,54,0.36583375930786133,0.05886361747980118,9.814964294433594,-32.050907135009766,-8.929825782775879,-50.27774429321289,0.01942398026585579,-0.00026845064712688327,-2.143547773361206,-0.0010465724626556039
2.890000104904175,54,0.14445620775222778,-0.09445144981145859,9.723875999450684,-31.479684829711914,-9.51811408996582,-50.67268371582031,0.010429447516798973,0.007226993329823017,-2.074056386947632,-0.0010465724626556039
2.9000000953674316,54,0.024492690339684486,-0.10232715308666229,9.728517532348633,-30.952817916870117,-10.230301856994629,-50.6795539855957,0.013958980329334736,0.003697460750117898,-2.015007257461548,-0.0010465724626556039
2.9100000858306885,54,0.3193657696247101,0.0064960806630551815,9.77917766571045,-30.451915740966797,-10.942489624023438,-50.31781005859375,0.021245859563350677,-0.005333650391548872,-1.9389927387237549,-0.0010465724626556039
2.9200000762939453,54,0.4334571957588196,0.15738140046596527,9.783923149108887,-29.725446701049805,-11.659265518188477,-49.90798568725586,0.01793516054749489,-0.009011423215270042,-1.9067509174346924,-0.0010465724626556039
2.930000066757202,54,0.441312313079834,0.20527634024620056,9.629495620727539,-29.30568504333496,-12.54949951171875,-50.79631805419922,0.021765664219856262,-0.017171060666441917,-1.9456835985183716,-0.0010465724626556039
2.940000057220459,54,0.19976210594177246,0.04871341586112976,9.675917625427246,-28.8026180267334,-13.086393356323242,-50.00986862182617,0.008807145990431309,0.006395306903868914,-2.0019032955169678,-0.0010465724626556039
2.950000047683716,54,0.013078578747808933,-0.06245823949575424,9.840975761413574,-28.336875915527344,-13.581528663635254,-49.59947204589844,0.017666272819042206,-0.0025055324658751488,-2.0577597618103027,-0.0010465724626556039
2.9600000381469727,54,0.24133090674877167,0.13432106375694275,9.871402740478516,-27.951732635498047,-14.08630084991455,-49.7849235534668,0.01417203526943922,-0.0001760409795679152,-2.018158197402954,-0.0010465724626556039
2.9700000286102295,54,0.13241419196128845,0.20660948753356934,9.708641052246094,-27.595802307128906,-14.5139799118042,-49.841590881347656,0.015254640020430088,-0.01958654448390007,-1.9602495431900024,-0.0010465724626556039
2.9800000190734863,54,-0.2094431221485138,-0.10693034529685974,9.827990531921387,-26.861217498779297,-14.781049728393555,-49.397422790527344,0.005599763710051775,0.016874808818101883,-1.9561103582382202,-0.0010465724626556039
2.990000009536743,54,-0.08117528259754181,-0.21155452728271484,9.805343627929688,-26.308385848999023,-15.433582305908203,-50.20333480834961,0.02060990408062935,0.0025763523299247026,-1.959169626235962,-0.0010465724626556039
3,54,0.09829844534397125,-0.08307405561208725,9.740338325500488,-25.783681869506836,-16.145769119262695,-50.498680114746094,0.022011449560523033,-0.0023194297682493925,-1.9607487916946411,-0.0010465724626556039
3.009999990463257,54,0.09729328751564026,0.04580807685852051,9.895750045776367,-25.090208053588867,-16.7863712310791,-50.16440963745117,0.01699630357325077,-0.002588957780972123,-1.9771322011947632,-0.0010465724626556039
3.0199999809265137,54,0.05487818270921707,0.17414560914039612,9.720162391662598,-24.234996795654297,-17.275081634521484,-49.89482116699219,0.011172574944794178,0.014903404749929905,-1.9839372634887695,-0.0010465724626556039
3.0299999713897705,54,0.20699429512023926,0.2442285567522049,9.731194496154785,-23.815235137939453,-17.542152404785156,-51.560447692871094,0.016138948500156403,0.012387811206281185,-1.9496487379074097,-0.0010465724626556039
3.0399999618530273,54,0.35324573516845703,0.27623406052589417,9.74213981628418,-23.39547348022461,-17.89274024963379,-51.24678039550781,0.019536925479769707,0.003166105365380645,-1.889441967010498,-0.0010465724626556039
3.049999952316284,54,0.5069825053215027,0.2040269672870636,9.75092887878418,-22.531064987182617,-18.24883460998535,-50.802616119384766,0.02483443170785904,-0.0060164546594023705,-1.8306784629821777,-0.0010465724626556039
3.059999942779541,54,0.32655075192451477,0.04209693521261215,9.914506912231445,-22.029081344604492,-18.60492706298828,-50.200469970703125,0.02714146301150322,-0.013572863303124905,-1.757828950881958,-0.0010465724626556039
3.069999933242798,54,-0.28392645716667175,-0.18833400309085846,9.671170234680176,-21.879785537719727,-18.917884826660156,-49.746002197265625,0.024448109790682793,-0.02164137363433838,-1.6986830234527588,-0.0010465724626556039
3.0799999237060547,54,-0.4481614828109741,-0.16887637972831726,9.80322265625,-20.939645767211914,-19.102357864379883,-50.298919677734375,0.031126627698540688,-0.04413476213812828,-1.6455860137939453,-0.0010465724626556039
3.0899999141693115,54,-0.2477184683084488,0.04956604167819023,9.795140266418457,-20.41494369506836,-19.903568267822266,-50.63204574584961,0.04587109014391899,-0.07473453134298325,-1.5324440002441406,-0.0010465724626556039
3.0999999046325684,53,0.23343609273433685,0.20631133019924164,9.849005699157715,-19.80855941772461,-20.15044593811035,-50.360164642333984,0.059848036617040634,-0.1001991406083107,-1.4366402626037598,-0.0010465724626556039
3.109999895095825,53,0.32293468713760376,0.48160865902900696,9.801199913024902,-19.121578216552734,-20.5799617767334,-49.73398208618164,0.06264278292655945,-0.10551590472459793,-1.4504599571228027,-0.0010465724626556039
3.119999885559082,52,0.7225400805473328,0.4157395362854004,9.715105056762695,-18.386993408203125,-21.012229919433594,-49.48041534423828,0.033285416662693024,-0.04311055690050125,-1.574849009513855,-0.0010465724626556039
3.130000114440918,52,1.0229427814483643,0.4714757204055786,9.784550666809082,-17.678373336791992,-20.85620880126953,-50.29548645019531,0.024856893345713615,-0.013038940727710724,-1.7222422361373901,-0.0010465724626556039
3.140000104904175,52,0.8094228506088257,0.4856303036212921,9.578536033630371,-17.25861167907715,-20.945232391357422,-50.29548645019531,0.02269938588142395,-0.009067895822227001,-1.8904815912246704,-0.0010465724626556039
3.1500000953674316,52,0.5496581792831421,0.06204001232981682,9.930953025817871,-16.660341262817383,-21.41283416748047,-49.6343879699707,0.022818107157945633,-0.013513182289898396,-2.0641963481903076,-0.0010465724626556039
3.1600000858306885,51,-0.041338831186294556,-0.39686524868011475,9.502089500427246,-15.446492195129395,-21.781776428222656,-49.337894439697266,0.0286418367177248,-0.007689453195780516,-2.189988613128662,-0.0010465724626556039
3.1700000762939453,50,-0.027291465550661087,-0.3453996479511261,9.985567092895508,-14.399791717529297,-21.98001480102539,-49.123252868652344,0.03446556627750397,-0.021011833101511,-2.2741103172302246,-0.0010465724626556039
3.180000066757202,50,-0.1881660670042038,-0.37425586581230164,9.426383972167969,-14.043859481811523,-22.13787269592285,-48.77410125732422,0.02964935638010502,-0.014772904105484486,-2.3270153999328613,-0.0010465724626556039
3.190000057220459,49,-0.16789665818214417,-0.47653406858444214,9.706144332885742,-12.889512062072754,-22.672012329101562,-49.5513916015625,0.023825628682971,-0.006619684398174286,-2.375096082687378,-0.0010465724626556039
3.200000047683716,49,-0.35615620017051697,-0.6959400177001953,9.804774284362793,-12.122471809387207,-22.877592086791992,-49.099212646484375,0.018001899123191833,0.0034125312231481075,-2.3824522495269775,-0.0010465724626556039
3.2100000381469727,48,0.013614664785563946,-0.5047988891601562,9.627153396606445,-11.097949028015137,-22.99414825439453,-49.080894470214844,0.015687167644500732,-0.001895244582556188,-2.2880115509033203,-0.0010465724626556039
3.2200000286102295,48,0.04885717108845711,-0.26626062393188477,9.803915023803711,-10.136174201965332,-23.328216552734375,-49.45580291748047,0.016967425122857094,-0.0034129431005567312,-2.1568639278411865,-0.0010465724626556039
3.2300000190734863,48,0.6240943670272827,-0.28740376234054565,9.6156644821167,-9.401589393615723,-23.749469757080078,-49.68361282348633,0.015533152036368847,0.00042205434874631464,-2.0989460945129395,-0.0015698587521910667
3.240000009536743,48,-0.021131478250026703,-0.23797115683555603,9.853708267211914,-8.66700553894043,-23.48240089416504,-48.7952766418457,0.007895885035395622,0.015438610687851906,-2.0985212326049805,-0.0010465724626556039
3.25,48,-0.19767163693904877,-0.1967567652463913,9.72776985168457,-8.141221046447754,-23.392459869384766,-48.68022918701172,0.011863079853355885,0.014951535500586033,-2.117171287536621,-0.0010465724626556039
3.259999990463257,48,-0.02733614109456539,-0.3181352913379669,9.898377418518066,-6.815939903259277,-23.37135124206543,-48.73861312866211,0.019679389894008636,0.0008109448244795203,-2.133739471435547,-0.0010465724626556039
3.2699999809265137,48,-0.19154886901378632,-0.322928249835968,9.820536613464355,-5.910421848297119,-23.46588134765625,-48.55487823486328,0.018010882660746574,-0.003815951757133007,-2.130652904510498,-0.0010465724626556039
3.2799999713897705,48,-0.06764910370111465,-0.28592032194137573,9.85714340209961,-5.438730239868164,-23.670541763305664,-48.37629699707031,0.024511640891432762,-0.016619812697172165,-2.1139049530029297,-0.0010465724626556039
3.2899999618530273,49,-0.2735249102115631,-0.4150168299674988,9.594099044799805,-4.620301723480225,-23.91374969482422,-48.85022735595703,0.031823549419641495,-0.02574525959789753,-2.1055362224578857,-0.0010465724626556039
3.299999952316284,48,-0.19637857377529144,-0.5061246156692505,9.717275619506836,-4.0955986976623535,-23.82472801208496,-49.73855972290039,0.013394255191087723,0.010796313174068928,-2.109361410140991,-0.0010465724626556039
3.309999942779541,48,0.07788508385419846,-0.08360879868268967,9.770148277282715,-3.132741928100586,-24.181739807128906,-48.77238464355469,0.004549246281385422,0.026557281613349915,-2.0964033603668213,-0.0010465724626556039
3.319999933242798,48,0.09052771329879761,-0.09566877782344818,9.707891464233398,-2.399780511856079,-24.465787887573242,-48.98015594482422,0.007254152093082666,0.018221165984869003,-2.089588165283203,-0.0010465724626556039
3.3299999237060547,48,0.07637611776590347,-0.27747780084609985,9.940086364746094,-1.875077724456787,-24.313438415527344,-49.336177825927734,0.017215777188539505,0.005424364469945431,-2.0890285968780518,-0.0010465724626556039
3.3399999141693115,49,0.5701584219932556,0.13129004836082458,9.653302192687988,-1.2919541597366333,-23.71276092529297,-48.51939010620117,0.023107528686523438,0.009819595143198967,-2.0329501628875732,-0.0010465724626556039
3.3499999046325684,49,0.07898455113172531,0.17748220264911652,9.817987442016602,-0.3474889397621155,-23.801782608032227,-49.518768310546875,0.029859203845262527,-0.008406268432736397,-1.899674415588379,-0.0010465724626556039
3.359999895095825,49,-0.19212962687015533,-0.05937547609210014,9.6477689743042,0.31136494874954224,-23.567752838134766,-49.41001510620117,-0.010906897485256195,0.05565474554896355,-1.9008392095565796,-0.0010465724626556039
3.369999885559082,49,-0.20916515588760376,-0.45152947306632996,9.84072494506836,1.366180181503296,-23.661365509033203,-49.487857818603516,-0.0505647249519825,0.13855640590190887,-2.0006401538848877,-0.0010465724626556039
3.380000114440918,50,0.3859269618988037,0.07308720052242279,9.769696235656738,2.346346855163574,-23.731115341186523,-48.97157287597656,-0.016944320872426033,0.08225073665380478,-2.0437519550323486,-0.0010465724626556039
3.390000104904175,50,0.2935742139816284,0.20469971001148224,10.00418758392334,2.9759905338287354,-23.553068161010742,-48.091251373291016,0.013181199319660664,0.01790671795606613,-2.0523133277893066,-0.0010465724626556039
3.4000000953674316,50,0.163301020860672,0.22695177793502808,9.848031997680664,3.6056339740753174,-23.375022888183594,-49.31270980834961,0.020861461758613586,0.0029299475718289614,-2.097276449203491,-0.0010465724626556039
3.4100000858306885,51,0.18993888795375824,0.13391445577144623,9.779085159301758,3.9269471168518066,-23.196975708007812,-50.4254150390625,0.02490951493382454,-0.001977385953068733,-2.1463098526000977,-0.0010465724626556039
3.4200000762939453,51,-0.34524592757225037,0.09550191462039948,9.611764907836914,4.947683811187744,-23.218542098999023,-49.792938232421875,0.029568498954176903,-0.012583310715854168,-2.125948905944824,-0.0010465724626556039
3.430000066757202,51,-0.5563535094261169,0.1719573736190796,9.728719711303711,5.828319072723389,-23.261676788330078,-48.68595504760742,0.024675283581018448,-0.01290417741984129,-2.0401651859283447,-0.0010465724626556039
3.440000057220459,51,-0.44299671053886414,0.13480651378631592,9.931232452392578,6.442275524139404,-23.110244750976562,-48.22175216674805,0.022935545071959496,-0.0032255572732537985,-1.930138111114502,-0.0010465724626556039
3.450000047683716,52,0.14197929203510284,0.2962633967399597,9.651141166687012,7.265572547912598,-22.599048614501953,-48.97843933105469,0.023932797834277153,-0.00317357643507421,-1.8116652965545654,-0.0010465724626556039
3.4600000381469727,52,0.619545042514801,0.45208215713500977,9.872856140136719,7.790275573730469,-22.510026931762695,-47.31281280517578,0.01941114477813244,-0.002147445222362876,-1.7090277671813965,-0.0010465724626556039
3.4700000286102295,52,0.8722289204597473,0.4120037853717804,9.817992210388184,8.142961502075195,-22.421003341674805,-47.64937210083008,0.01630900800228119,0.004542623180896044,-1.6895774602890015,-0.0010465724626556039
3.4800000190734863,52,1.27907133102417,0.18267187476158142,9.579202651977539,8.519449234008789,-21.91347885131836,-48.03515625,0.018638499081134796,0.00020129817130509764,-1.813358187675476,-0.0010465724626556039
3.490000009536743,52,1.5869965553283691,-0.053239524364471436,9.701265335083008,9.34977912902832,-21.52388572692871,-48.38316345214844,0.020967990159988403,-0.005261134821921587,-2.0871715545654297,-0.0010465724626556039
3.5,52,1.2074943780899048,-0.14362779259681702,9.395922660827637,10.807046890258789,-21.747819900512695,-48.968135833740234,0.02479271963238716,-0.008723926730453968,-2.4439778327941895,-0.0010465724626556039
3.509999990463257,52,0.08831387013196945,-0.09106311947107315,9.850358963012695,11.436690330505371,-21.035633087158203,-48.19084548950195,0.03128834441304207,-0.011565521359443665,-2.7157716751098633,-0.0010465724626556039
3.5199999809265137,53,-0.885769248008728,-0.07081200927495956,9.889843940734863,12.253496170043945,-20.24405860900879,-48.205726623535156,0.030939241871237755,-0.024146057665348053,-2.8278510570526123,-0.0010465724626556039
3.5299999713897705,53,-0.7538952231407166,-0.15926091372966766,10.061387062072754,12.746825218200684,-19.912744522094727,-48.536563873291016,0.02872205339372158,-0.0263343695551157,-2.731732130050659,-0.0010465724626556039
3.5399999618530273,53,-0.5538617372512817,-0.20396220684051514,9.742521286010742,13.46572208404541,-19.785633087158203,-48.74319076538086,0.02775752916932106,-0.006219883915036917,-2.4671711921691895,-0.0010465724626556039
3.549999952316284,53,-0.025236481800675392,-0.22946706414222717,9.724163055419922,14.560565948486328,-19.59014892578125,-48.63214874267578,0.03125176578760147,-0.005055138375610113,-2.2249040603637695,-0.0010465724626556039
3.559999942779541,53,0.5163763761520386,-0.14157260954380035,9.753196716308594,14.980328559875488,-19.32308006286621,-48.5211067199707,0.02552557922899723,-0.0038903928361833096,-2.0702309608459473,-0.0010465724626556039
3.569999933242798,53,0.9655694365501404,0.04146116226911545,9.796793937683105,14.894320487976074,-18.884387969970703,-48.94524002075195,0.024063069373369217,-0.001635342137888074,-2.0124313831329346,-0.0010465724626556039
3.5799999237060547,53,1.0300135612487793,0.20745718479156494,9.805994987487793,15.327064514160156,-18.504432678222656,-48.25151824951172,0.021870266646146774,0.0058344327844679356,-2.109222888946533,-0.0010465724626556039
3.5899999141693115,53,0.9131723046302795,0.3609841763973236,9.829305648803711,15.9042387008667,-18.19285011291504,-47.64078903198242,0.021472392603754997,0.003363759256899357,-2.3019962310791016,-0.0010465724626556039
3.5999999046325684,53,1.013762354850769,0.2988114356994629,9.749505043029785,16.457069396972656,-17.80647087097168,-47.88690948486328,0.02327951416373253,-0.005813024938106537,-2.525846242904663,-0.0010465724626556039
3.609999895095825,53,0.6983270049095154,0.06508089601993561,9.928881645202637,17.08292579650879,-17.100706100463867,-49.080322265625,0.02729162946343422,-0.0070413025096058846,-2.7726452350616455,-0.0010465724626556039
3.619999885559082,54,-0.08838511258363724,-0.12472954392433167,9.808259010314941,17.607627868652344,-16.566566467285156,-49.52449035644531,0.028834355995059013,-0.00003742650005733594,-2.9938390254974365,-0.0010465724626556039
3.630000114440918,54,-0.41636133193969727,-0.13364022970199585,9.705418586730957,18.301101684570312,-15.817667961120605,-49.165035247802734,0.03241843730211258,0.002829195698723197,-3.117117404937744,-0.0010465724626556039
3.640000104904175,54,-0.7438039183616638,-0.05695805698633194,9.782841682434082,19.035686492919922,-15.22020149230957,-48.673362731933594,0.03366018831729889,-0.0009538215235807002,-3.1206021308898926,-0.0010465724626556039
3.6500000953674316,54,-1.3570361137390137,-0.2824605107307434,9.708747863769531,19.913076400756836,-14.805371284484863,-48.682518005371094,0.030738377943634987,-0.0014466728316619992,-3.013655185699463,-0.0010465724626556039
3.6600000858306885,54,-1.456196665763855,-0.7038502097129822,9.762747764587402,20.931106567382812,-14.439640998840332,-49.534793853759766,0.03148471564054489,0.0005619521834887564,-2.8300225734710693,-0.0010465724626556039
3.6700000762939453,54,-1.5122867822647095,-0.9327508807182312,9.690460205078125,20.8261661529541,-13.994524002075195,-50.09000015258789,0.03309803083539009,-0.00013497007603291422,-2.6063337326049805,-0.0010465724626556039
3.680000066757202,55,-1.498671293258667,-1.2943236827850342,9.88447093963623,21.272977828979492,-13.081345558166504,-48.699119567871094,0.028439048677682877,-0.0021628469694405794,-2.3791768550872803,-0.0010465724626556039
3.690000057220459,55,-1.4200011491775513,-1.5591922998428345,9.769248962402344,21.730064392089844,-12.33152961730957,-48.67908477783203,0.0261833555996418,-0.0031799939461052418,-2.193934202194214,-0.0010465724626556039
3.700000047683716,55,-1.4398560523986816,-1.6823796033859253,9.766777038574219,22.23637580871582,-11.781786918640137,-49.33846664428711,0.027710039168596268,0.0025243721902370453,-2.0269346237182617,-0.0010465724626556039
3.7100000381469727,55,-1.3148741722106934,-0.9861583709716797,9.853448867797852,22.809219360351562,-11.352731704711914,-49.230857849121094,0.022394564002752304,-0.005699438508599997,-1.8326832056045532,-0.0010465724626556039
3.7200000286102295,55,-0.8382762670516968,-0.14832216501235962,9.847694396972656,23.124042510986328,-10.996637344360352,-47.12106704711914,0.014711092226207256,-0.009193675592541695,-1.5667502880096436,-0.0010465724626556039
3.7300000190734863,55,0.03307745233178139,0.18105781078338623,9.678485870361328,23.339332580566406,-11.062716484069824,-49.11867141723633,0.011467129923403263,-0.01410293485969305,-1.2562637329101562,-0.0010465724626556039
3.740000009536743,55,0.5342854857444763,0.33997654914855957,9.776835441589355,23.173267364501953,-11.151740074157715,-49.748291015625,0.02357342839241028,-0.03407366946339607,-0.9795580506324768,-0.0010465724626556039
3.75,55,0.31858646869659424,0.23771065473556519,9.773162841796875,23.163530349731445,-11.0250883102417,-49.371665954589844,0.01076122373342514,-0.018931977450847626,-0.7617506384849548,-0.0010465724626556039
3.759999990463257,55,0.33886829018592834,0.20826299488544464,9.756697654724121,23.37232780456543,-10.7364501953125,-48.98702621459961,-0.009993069805204868,0.039323922246694565,-0.5643656849861145,-0.0010465724626556039
3.7699999809265137,55,0.36568981409072876,0.22400455176830292,9.792184829711914,23.26738929748535,-10.64742660522461,-49.73684310913086,0.016224298626184464,-0.016014013439416885,-0.36645135283470154,-0.0015698587521910667
3.7799999713897705,55,0.155986949801445,0.10513954609632492,9.793693542480469,23.16244888305664,-10.558403015136719,-49.18163299560547,-0.009047153405845165,0.02380937896668911,-0.19773709774017334,-0.0010465724626556039
3.7899999618530273,55,0.02913874015212059,0.03529563546180725,9.801724433898926,23.05750846862793,-10.469380378723145,-49.764888763427734,-0.004911184310913086,0.01052485965192318,-0.06099530681967735,-0.0010465724626556039
3.799999952316284,55,0.0029054072219878435,0.04088945686817169,9.798253059387207,23.244670867919922,-10.23167896270752,-48.98416519165039,-0.00006930724339326844,0.0017748278332874179,-0.0031623062677681446,-0.0010465724626556039
3.809999942779541,55,0.030081847682595253,0.023615146055817604,9.799568176269531,23.528118133544922,-10.020133018493652,-47.88404846191406,0.005553558934479952,-0.00549472589045763,0.004609723575413227,-0.0010465724626556039
3.819999933242798,55,0.031521331518888474,0.009450703859329224,9.815863609313965,23.557329177856445,-10.125676155090332,-48.77009201049805,0.00036450455081649125,-0.0011129712220281363,0.0018765819258987904,-0.0010465724626556039
3.8299999237060547,55,0.04861891269683838,0.014990312047302723,9.804634094238281,23.872148513793945,-10.392746925354004,-48.54800796508789,-0.002197936177253723,-0.0034424627665430307,0.0037401749286800623,-0.0010465724626556039
3.8399999141693115,55,0.041773922741413116,0.024699410423636436,9.800697326660156,23.915964126586914,-10.429916381835938,-48.803863525390625,-0.0012500963639467955,-0.0036311321891844273,0.002669764216989279,-0.0010465724626556039
3.8499999046325684,55,0.06295665353536606,0.054184023290872574,9.804706573486328,24.04795265197754,-10.485899925231934,-49.206817626953125,0.00045691398554481566,-0.002928434871137142,0.0020151962526142597,-0.0010465724626556039
3.859999895095825,55,0.0355171374976635,0.023740822449326515,9.821870803833008,24.007923126220703,-10.504255294799805,-49.69506072998047,0.0015311753377318382,-0.003912211395800114,0.0036015608347952366,-0.0010465724626556039
3.869999885559082,55,0.045931052416563034,0.021030159667134285,9.795862197875977,23.761259078979492,-10.429916381835938,-50.10374069213867,-0.0001636419619899243,-0.0007073960732668638,0.0039711990393698215,-0.0010465724626556039
3.880000114440918,55,0.040292248129844666,0.013376235961914062,9.799453735351562,24.390901565551758,-10.429916381835938,-49.77061462402344,-0.0005493235657922924,-0.0022655243519693613,0.005141720175743103,-0.0010465724626556039
3.890000104904175,55,0.03905627876520157,0.024871908128261566,9.822190284729004,23.943552017211914,-10.180742263793945,-49.126686096191406,-0.0017660496523603797,0.0007666650926694274,0.0009447852498851717,-0.0010465724626556039
3.9000000953674316,55,0.043399546295404434,0.03512313961982727,9.803082466125488,23.713115692138672,-10.163304328918457,-49.316715240478516,0.0007880484336055815,-0.00039808067958801985,0.001997227780520916,-0.0010465724626556039
3.9100000858306885,55,0.030627859756350517,0.02291283756494522,9.800697326660156,23.60817527770996,-10.127052307128906,-49.40314483642578,-0.0032683471217751503,-0.0021654139272868633,0.005451035685837269,-0.0010465724626556039
3.9200000762939453,55,0.03839610144495964,0.035081248730421066,9.814245223999023,23.677413940429688,-10.054549217224121,-48.87998962402344,-0.004155864007771015,-0.005992710590362549,0.0028443154878914356,-0.0010465724626556039
3.930000066757202,55,0.029937900602817535,0.013430449180305004,9.806065559387207,24.304353713989258,-10.318865776062012,-48.10784912109375,-0.002762019634246826,-0.0037395854014903307,-0.0014328362885862589,-0.0010465724626556039
3.940000057220459,55,0.029421672224998474,0.016747314482927322,9.805545806884766,24.409292221069336,-10.051795959472656,-48.329933166503906,0.001741663902066648,-0.0026736664585769176,-0.0002539723354857415,-0.0010465724626556039
3.950000047683716,55,0.02471853420138359,0.026271594688296318,9.819745063781738,24.108535766601562,-9.922390937805176,-48.208587646484375,-0.00641155568882823,-0.009662141092121601,0.0020755191799253225,-0.0010465724626556039
3.9600000381469727,55,0.038989268243312836,0.026527874171733856,9.791436195373535,23.8023681640625,-9.97791576385498,-48.28700256347656,-0.010098312981426716,-0.0021346108987927437,0.004405010957270861,-0.0010465724626556039
3.9700000286102295,55,0.0483856201171875,0.031382426619529724,9.819680213928223,23.689855575561523,-10.100896835327148,-48.82618713378906,-0.005157609470188618,-0.00030759628862142563,0.0014626639895141125,-0.0010465724626556039
3.9800000190734863,55,0.03441270440816879,0.035719484090805054,9.801047325134277,23.78668212890625,-10.100896835327148,-49.6710205078125,-0.005286598112434149,-0.004103448241949081,0.004913263488560915,-0.0010465724626556039
3.990000009536743,55,0.038810573518276215,0.02625434473156929,9.80915641784668,23.78668212890625,-10.100896835327148,-48.6716423034668,-0.0036617296282202005,-0.0031832028180360794,0.005852760747075081,-0.0010465724626556039
4,55,0.03423897549510002,0.02076895162463188,9.788392066955566,23.964107513427734,-10.251410484313965,-48.6109733581543,-0.001332238083705306,0.000013912121175962966,0.006720384117215872,-0.0010465724626556039
4.010000228881836,55,0.0338493213057518,0.008526614867150784,9.819697380065918,23.7233943939209,-10.484064102172852,-48.858238220214844,-0.000613496929872781,0.001092023798264563,0.006274379324167967,-0.0010465724626556039
4.019999980926514,55,0.030344927683472633,0.02171521820127964,9.815241813659668,23.598979949951172,-10.445518493652344,-49.106651306152344,-0.0035860049538314342,0.001092023798264563,0.0036233796272426844,-0.0010465724626556039
4.03000020980835,55,0.040123481303453445,0.023834463208913803,9.816852569580078,23.966812133789062,-9.991223335266113,-49.28409194946289,-0.004159714560955763,-0.00026973403873853385,0.005576173774898052,-0.0010465724626556039
4.039999961853027,54,0.046874161809682846,0.03964501991868019,9.826739311218262,23.442108154296875,-9.991223335266113,-49.839298248291016,-0.0018302230164408684,-0.0032178563997149467,0.005213594529777765,-0.0010465724626556039
4.050000190734863,54,0.033561427146196365,0.03128139302134514,9.808273315429688,23.398834228515625,-9.909542083740234,-48.968135833740234,-0.00005711425546905957,-0.005042945500463247,0.0027281618677079678,-0.0015698587521910667
4.059999942779541,54,0.030920719727873802,0.03128139302134514,9.8211669921875,23.470779418945312,-10.369802474975586,-48.653900146484375,0.00011936237569898367,-0.004548810888081789,0.004881176631897688,-0.0010465724626556039
4.070000171661377,54,0.037413280457258224,0.0329127199947834,9.805658340454102,23.575719833374023,-10.435881614685059,-49.10722351074219,-0.002772929146885872,-0.0025202922988682985,0.005784095264971256,-0.0010465724626556039
4.079999923706055,54,0.029421672224998474,0.04262181743979454,9.82439136505127,23.703920364379883,-9.90128231048584,-49.63896560668945,-0.007118104491382837,-0.0012438850244507194,0.0022898579481989145,-0.0010465724626556039
4.090000152587891,54,0.028456225991249084,0.047537971287965775,9.800697326660156,23.913801193237305,-9.99030590057373,-48.52854919433594,-0.005516338627785444,-0.002586391055956483,0.000025181589080602862,-0.0010465724626556039
4.099999904632568,54,0.023566950112581253,0.03400437533855438,9.8048734664917,23.50052833557129,-10.079329490661621,-48.956687927246094,0.0013502066722139716,0.001092023798264563,0.0004545011033769697,-0.0010465724626556039
4.110000133514404,54,0.025334037840366364,0.028701333329081535,9.818973541259766,23.87593650817871,-10.168352127075195,-48.8118782043457,-0.00024770901654846966,0.00036044797161594033,-0.0015092025278136134,-0.0010465724626556039
4.119999885559082,54,0.037966739386320114,0.0325455479323864,9.815241813659668,24.284879684448242,-10.163763999938965,-48.070072174072266,0.0019611367024481297,-0.0036953059025108814,-0.0015092025278136134,-0.0010465724626556039
4.130000114440918,55,0.013520351611077785,-0.00939579214900732,9.801366806030273,24.217262268066406,-10.022427558898926,-47.742671966552734,0.0028922914061695337,-0.002647355431690812,-0.0013340093428269029,-0.0010465724626556039
4.139999866485596,55,-0.14213241636753082,-0.07154388725757599,9.80726146697998,23.547592163085938,-9.782890319824219,-49.166751861572266,-0.0006019456777721643,-0.003812101436778903,0.002160227857530117,-0.0010465724626556039
4.150000095367432,55,-0.13222232460975647,0.3182813823223114,9.78190803527832,23.862411499023438,-9.9609375,-48.61154556274414,0.023765306919813156,-0.05605623871088028,-0.017563441768288612,-0.0010465724626556039
4.159999847412109,55,0.8617306351661682,1.0618456602096558,9.530904769897461,23.828874588012695,-9.991223335266113,-48.70140838623047,0.10315732657909393,-0.23811015486717224,-0.08570460230112076,-0.0010465724626556039
4.170000076293945,55,1.1984553337097168,0.9427515268325806,9.799333572387695,23.91217803955078,-10.097683906555176,-49.1890754699707,-0.02764393948018551,0.03841586038470268,-0.20442843437194824,-0.0010465724626556039
4.179999828338623,55,1.4695496559143066,0.8762416839599609,9.740313529968262,24.04524803161621,-10.0476655960083,-49.40829849243164,-0.07383140176534653,0.16130712628364563,-0.3943243622779846,-0.0010465724626556039
4.190000057220459,55,1.606481671333313,0.9209011197090149,9.643298149108887,24.115568161010742,-9.686065673828125,-48.942378997802734,-0.0207793191075325,0.058634959161281586,-0.6544399857521057,-0.0010465724626556039
4.199999809265137,56,2.175236225128174,1.0819340944290161,9.851560592651367,24.64027214050293,-9.86411190032959,-49.05342102050781,0.0027851220220327377,0.008546397089958191,-0.9058447480201721,-0.0010465724626556039
4.210000038146973,56,2.519279956817627,1.014978289604187,9.747916221618652,24.59699821472168,-9.64063549041748,-48.16279983520508,0.006656698416918516,0.000835972314234823,-1.2150413990020752,-0.0010465724626556039
4.21999979019165,56,2.605698823928833,0.7598310708999634,9.804783821105957,24.84366226196289,-9.373566627502441,-48.57720184326172,0.016677360981702805,0.0008135116659104824,-1.5729905366897583,-0.0010465724626556039
4.230000019073486,56,2.082099437713623,0.4532058537006378,9.807119369506836,25.125486373901367,-8.911470413208008,-48.95783233642578,0.02468811720609665,0.000993196852505207,-1.9258031845092773,-0.0010465724626556039
4.239999771118164,57,1.1966685056686401,-0.19952163100242615,9.858736991882324,25.425161361694336,-8.144216537475586,-48.6773681640625,0.02698102965950966,-0.0019369568908587098,-2.2136149406433105,-0.0010465724626556039
4.25,57,0.40521353483200073,-0.6958340406417847,9.773870468139648,26.474567413330078,-7.16495943069458,-49.45465850830078,0.029222605749964714,-0.0027391233015805483,-2.371537685394287,-0.0010465724626556039
4.260000228881836,57,-0.19513021409511566,-0.8274933695793152,9.581233978271484,26.603851318359375,-7.139720916748047,-49.907413482666016,0.027955181896686554,-0.0027904619928449392,-2.372004747390747,-0.0010465724626556039
4.269999980926514,57,-1.1183301210403442,-1.0758367776870728,9.77148723602295,27.020366668701172,-6.478928565979004,-48.78554916381836,0.028080319985747337,-0.013735220767557621,-2.2448837757110596,-0.0010465724626556039
4.28000020980835,57,-1.7857041358947754,-1.17191743850708,9.891251564025879,27.116653442382812,-6.133848190307617,-48.64989471435547,0.035836949944496155,-0.03151315450668335,-2.040369987487793,-0.0010465724626556039
4.289999961853027,57,-1.8878800868988037,-0.9708307385444641,9.769084930419922,27.152353286743164,-5.9649786949157715,-49.79694366455078,0.023624766618013382,-0.026896528899669647,-1.7946369647979736,-0.0010465724626556039
4.300000190734863,57,-1.538894772529602,-0.7652097344398499,9.714983940124512,28.057870864868164,-4.933867931365967,-50.385921478271484,0.005612598732113838,-0.005134071689099073,-1.5371702909469604,-0.0010465724626556039
4.309999942779541,57,-1.0372897386550903,-0.41506120562553406,9.722490310668945,28.162813186645508,-4.666797637939453,-49.38654708862305,0.00011872065806528553,0.002998613053932786,-1.3006242513656616,-0.0010465724626556039
4.320000171661377,57,-0.6324922442436218,-0.24873988330364227,9.798134803771973,27.84041976928711,-4.2547197341918945,-47.482810974121094,-0.0020407114643603563,0.0220484621822834,-1.1473109722137451,-0.0010465724626556039
4.329999923706055,57,-0.12393289059400558,-0.13060429692268372,9.782448768615723,28.093032836914062,-4.120725631713867,-48.089534759521484,0.009323742240667343,0.009478834457695484,-1.1333898305892944,-0.0010465724626556039
4.340000152587891,57,0.27649152278900146,0.10706658661365509,9.791001319885254,28.75404930114746,-3.8977084159851074,-49.47583770751953,0.012817978858947754,0.003655106294900179,-1.1858034133911133,-0.0010465724626556039
4.349999904632568,57,0.4579457640647888,0.2074054479598999,9.836679458618164,29.19166374206543,-3.1809322834014893,-48.882850646972656,0.015169288963079453,-0.004454475827515125,-1.329651117324829,-0.0010465724626556039
4.360000133514404,57,0.777848482131958,0.3132198452949524,9.798315048217773,28.981782913208008,-3.0919089317321777,-49.6601448059082,0.019660139456391335,-0.005042945500463247,-1.5433270931243896,-0.0010465724626556039
4.369999885559082,57,1.009833574295044,0.2816455662250519,9.827210426330566,29.051021575927734,-2.766101598739624,-49.45294189453125,0.023300690576434135,-0.0060613760724663734,-1.810165524482727,-0.0010465724626556039
4.380000114440918,57,0.9830542206764221,0.23600785434246063,9.7720365524292,29.293357849121094,-2.0603387355804443,-48.90174102783203,0.02583874575793743,-0.01009466964751482,-2.1316897869110107,-0.0010465724626556039
4.389999866485596,57,1.2057496309280396,0.20618809759616852,9.748023986816406,29.60818099975586,-1.2077330350875854,-49.080322265625,0.029062170535326004,-0.010283980518579483,-2.424309253692627,-0.0010465724626556039
4.400000095367432,57,1.4947878122329712,-0.07592284679412842,9.724940299987793,29.90298843383789,-0.40652230381965637,-50.031620025634766,0.03338809683918953,-0.0074558621272444725,-2.706676483154297,-0.0010465724626556039
4.409999847412109,57,1.1852617263793945,-0.3539160490036011,9.759657859802246,30.11286735534668,0.3946884274482727,-49.3653678894043,0.03727763891220093,-0.008578253909945488,-3.0066373348236084,-0.0010465724626556039
4.420000076293945,56,1.0392634868621826,-0.45628049969673157,9.50039291381836,30.121522903442383,1.2812515497207642,-50.083133697509766,0.039357494562864304,-0.010658111423254013,-3.2905433177948,-0.0010465724626556039
4.429999828338623,56,0.4924337565898895,-0.6674656867980957,9.542353630065918,30.502880096435547,2.5597012042999268,-49.16560745239258,0.04632671922445297,-0.020852044224739075,-3.525542736053467,-0.0010465724626556039
4.440000057220459,55,0.26413679122924805,-0.8140977621078491,9.8290433883667,30.923725128173828,3.675706148147583,-48.54514694213867,0.06030495464801788,-0.0435674712061882,-3.677510976791382,-0.0010465724626556039
4.449999809265137,55,0.12676545977592468,-0.7368340492248535,9.615129470825195,31.073020935058594,4.617335319519043,-48.849082946777344,0.06516159325838089,-0.05070354416966438,-3.757406711578369,-0.0010465724626556039
4.460000038146973,54,-0.3505670428276062,-0.7149417400360107,9.524423599243164,30.777673721313477,5.971959590911865,-49.06429672241211,0.06454937905073166,-0.047646328806877136,-3.811100482940674,-0.0010465724626556039
4.46999979019165,54,-0.40203598141670227,-0.557999312877655,9.6260347366333,31.09249496459961,7.930474758148193,-49.06429672241211,0.06627500057220459,-0.05079403147101402,-3.836378335952759,-0.0010465724626556039
4.480000019073486,54,-0.19415482878684998,-0.2807232439517975,9.605902671813965,31.491159439086914,9.035466194152832,-49.7740478515625,0.04914392903447151,-0.02501881681382656,-3.823723316192627,-0.0010465724626556039
4.489999771118164,52,0.3327057957649231,-0.11819438636302948,9.480034828186035,31.67291259765625,10.127609252929688,-50.662384033203125,0.039747029542922974,-0.013642813079059124,-3.8174164295196533,-0.0010465724626556039
4.5,52,0.2144448459148407,0.008023911155760288,10.243853569030762,31.532270431518555,11.433591842651367,-50.84382629394531,0.03350489214062691,-0.00357851036824286,-3.866041898727417,-0.0010465724626556039
4.510000228881836,51,0.37486031651496887,-0.02415904588997364,9.627348899841309,31.11250877380371,12.867143630981445,-49.83987045288086,0.026380367577075958,0.005309494212269783,-3.9450974464416504,-0.0015698587521910667
4.519999980926514,50,0.18006354570388794,0.0772000104188919,9.653388977050781,30.692745208740234,14.380541801452637,-50.728206634521484,0.026973329484462738,0.017084013670682907,-4.021271705627441,-0.0010465724626556039
4.53000020980835,49,0.45772239565849304,-0.02074114792048931,10.001092910766602,30.27298355102539,15.816388130187988,-52.00346755981445,0.03519393131136894,0.000687731895595789,-4.073123931884766,-0.0010465724626556039
4.539999961853027,49,0.20003512501716614,0.0054537090472877026,9.350434303283691,29.719070434570312,17.525270462036133,-52.34231948852539,0.04684138670563698,-0.02027769200503826,-4.096418857574463,-0.0010465724626556039
4.550000190734863,51,0.7447949647903442,-0.3784721791744232,10.022658348083496,29.3030948638916,19.1772518157959,-52.120235443115234,0.04498934745788574,-0.01874394901096821,-4.10508918762207,-0.0010465724626556039
4.559999942779541,49,0.5890032052993774,-0.16021950542926788,9.849357604980469,29.069414138793945,20.590612411499023,-52.053836822509766,0.047973405569791794,-0.018539877608418465,-4.0675458908081055,-0.0010465724626556039
4.570000171661377,50,-0.3066380023956299,-0.7018886208534241,10.13592529296875,28.229888916015625,22.371082305908203,-52.720088958740234,0.039462100714445114,-0.012537105940282345,-3.998602867126465,-0.0010465724626556039
4.579999923706055,50,-0.2770541310310364,-0.9761583805084229,9.667009353637695,27.58834457397461,23.81564712524414,-52.23413848876953,0.03648509830236435,-0.012116128578782082,-3.893324613571167,-0.0010465724626556039
4.590000152587891,51,0.28301137685775757,-0.7793076634407043,9.938765525817871,27.033349990844727,25.49332618713379,-51.75791931152344,0.03882421553134918,-0.014156840741634369,-3.7829720973968506,-0.0010465724626556039
4.599999904632568,51,0.7633469700813293,-0.5005086660385132,9.554585456848145,26.40803337097168,26.932384490966797,-52.37837600708008,0.035808712244033813,-0.01730004884302616,-3.674299716949463,-0.0010465724626556039
4.610000133514404,51,0.43722963333129883,-0.5368216633796692,9.723691940307617,25.59555435180664,28.110797882080078,-53.605560302734375,0.03975408524274826,-0.021545754745602608,-3.5787532329559326,-0.0010465724626556039
4.619999885559082,51,-0.26305392384529114,-0.5705767869949341,10.117108345031738,24.552640914916992,29.617311477661133,-53.171695709228516,0.035976845771074295,-0.013109531253576279,-3.457839250564575,-0.0010465724626556039
4.630000114440918,52,-0.16378918290138245,-0.4964475929737091,10.044510841369629,23.922996520996094,30.685592651367188,-53.39377975463867,0.02880740351974964,-0.008804785087704659,-3.2800920009613037,-0.0010465724626556039
4.639999866485596,52,-0.37841108441352844,-0.5518781542778015,9.878783226013184,23.78668212890625,31.963125228881836,-53.70286560058594,0.025913186371326447,-0.0061929309740662575,-3.038883686065674,-0.0010465724626556039
4.650000095367432,52,0.16656219959259033,-0.17807044088840485,9.542160987854004,23.265766143798828,33.15117645263672,-54.15848159790039,0.02543381229043007,-0.000415407499531284,-2.7646889686584473,-0.0010465724626556039
4.659999847412109,52,0.20604869723320007,-0.31397321820259094,10.008031845092773,22.287763595581055,34.10565185546875,-54.216861724853516,0.024085531011223793,0.000492644845508039,-2.5142784118652344,-0.0010465724626556039
4.670000076293945,52,0.15516297519207,-0.0627317726612091,9.5965576171875,21.2475528717041,34.84904479980469,-53.334251403808594,0.01816939190030098,0.002598171355202794,-2.304408550262451,-0.0010465724626556039
4.679999828338623,52,-0.16467024385929108,-0.08581675589084625,10.363297462463379,20.30308723449707,35.91732406616211,-53.66737747192383,0.017755473032593727,-0.0025170836597681046,-2.1454756259918213,-0.0010465724626556039
4.690000057220459,52,-0.14217707514762878,-0.0023776416201144457,9.507948875427246,19.9871826171875,36.604732513427734,-54.38056182861328,0.014110429212450981,0.005026489961892366,-2.101898670196533,-0.0010465724626556039
4.699999809265137,52,0.20737896859645844,-0.19056659936904907,9.806377410888672,19.580944061279297,37.50551986694336,-55.227115631103516,0.01334548369050026,0.006573708727955818,-2.1418652534484863,-0.0010465724626556039
4.710000038146973,53,0.631902277469635,0.07990820705890656,9.42163372039795,18.97402000427246,38.60867691040039,-55.85444641113281,0.010879303328692913,0.00942300446331501,-2.2003257274627686,-0.0010465724626556039
4.71999979019165,53,0.45392265915870667,0.024768410250544548,9.98527717590332,18.155590057373047,39.694854736328125,-56.05878448486328,0.025019893422722816,0.007226993329823017,-2.3474905490875244,-0.0010465724626556039
4.730000019073486,53,0.6803979873657227,0.11419069021940231,9.509336471557617,16.896303176879883,40.407039642333984,-56.16982650756836,0.022685909643769264,0.007280898746103048,-2.539278507232666,-0.0010465724626556039
4.739999771118164,53,0.39276450872421265,-0.15525899827480316,9.958951950073242,16.221223831176758,41.449623107910156,-56.6929817199707,0.019191673025488853,0.021257847547531128,-2.6289637088775635,-0.0015698587521910667
4.75,54,0.2797105312347412,-0.23041333258152008,9.833272933959961,15.591580390930176,42.64180374145508,-56.32093811035156,0.02676733396947384,0.003132093930616975,-2.6544439792633057,-0.0010465724626556039
4.760000228881836,54,-0.32246485352516174,-0.44347137212753296,9.484295845031738,14.767202377319336,43.80553436279297,-56.67695617675781,0.029696844518184662,-0.002042201114818454,-2.586726188659668,-0.0010465724626556039
4.769999980926514,54,-0.19562160968780518,-0.21468409895896912,9.450843811035156,13.644770622253418,44.79121780395508,-58.03349685668945,0.027113867923617363,0.017060911282896996,-2.4517037868499756,-0.0010465724626556039
4.78000020980835,54,-0.227766752243042,-0.4827932119369507,10.519585609436035,12.280542373657227,45.50340270996094,-58.36662292480469,0.028220858424901962,0.013668711297214031,-2.383411169052124,-0.0010465724626556039
4.789999961853027,54,0.13475458323955536,-0.5206661224365234,9.3727388381958,11.441018104553223,46.30461120605469,-58.588706970214844,0.03655632957816124,0.012623969465494156,-2.352816343307495,-0.0015698587521910667
4.800000190734863,54,0.20512047410011292,-0.4292379319667816,9.676312446594238,10.440295219421387,47.174198150634766,-59.40778350830078,0.032715559005737305,0.011770464479923248,-2.320399284362793,-0.0010465724626556039
4.809999942779541,54,0.40476182103157043,-0.12903210520744324,9.5889310836792,9.053348541259766,48.01670837402344,-59.69282913208008,0.02663385309278965,0.013841979205608368,-2.308497667312622,-0.0010465724626556039
4.820000171661377,53,0.10278317332267761,-0.3158213794231415,9.678133964538574,7.470044136047363,48.95328903198242,-59.832489013671875,0.025153374299407005,0.009774674661457539,-2.330293655395508,-0.0010465724626556039
4.829999923706055,54,0.006461920216679573,-0.41029781103134155,10.024198532104492,6.07552433013916,50.109676361083984,-60.88566970825195,0.026980388909578323,-0.0019260470289736986,-2.369445562362671,-0.0010465724626556039
4.840000152587891,54,0.18567752838134766,-0.30589789152145386,9.533906936645508,4.291534423828125,50.109676361083984,-59.77524948120117,0.028834355995059013,-0.006536900065839291,-2.4075491428375244,-0.0010465724626556039
4.849999904632568,54,0.413361519575119,-0.09811330586671829,9.52759075164795,2.772059679031372,51.00725173950195,-60.25090026855469,0.02738082967698574,-0.0013934089802205563,-2.411771774291992,-0.0010465724626556039
4.860000133514404,54,0.6084362268447876,-0.09518086165189743,9.651226043701172,1.1114016771316528,51.42575454711914,-60.690486907958984,0.025997895747423172,0.0018967571668326855,-2.3491642475128174,-0.0010465724626556039
4.869999885559082,54,0.5442328453063965,-0.0830518826842308,9.848666191101074,-0.7910521626472473,51.69374084472656,-60.95435333251953,0.0272473506629467,-0.0025080996565520763,-2.261808395385742,-0.0010465724626556039
4.880000114440918,54,0.512916624546051,-0.0902918130159378,10.00511646270752,-2.798987627029419,52.29029083251953,-61.23939895629883,0.02697589620947838,-0.009093565866351128,-2.249084711074829,-0.0010465724626556039
4.889999866485596,54,0.4426475167274475,-0.19656948745250702,9.837450981140137,-4.268155574798584,52.20126724243164,-61.23939895629883,0.028363322839140892,-0.0032955058850347996,-2.323615789413452,-0.0010465724626556039
4.900000095367432,54,0.06693261116743088,-0.4552750885486603,9.703434944152832,-6.407537460327148,52.599578857421875,-60.83415222167969,0.026380367577075958,-0.0062699392437934875,-2.385356903076172,-0.0010465724626556039
4.909999847412109,54,-0.06738602370023727,-0.4160444140434265,9.645089149475098,-8.25427532196045,52.378395080566406,-61.598854064941406,0.02560322917997837,-0.0059368796646595,-2.392949104309082,-0.0010465724626556039
4.920000076293945,55,-0.13608409464359283,-0.22354798018932343,9.818399429321289,-9.745080947875977,52.08379364013672,-61.98521041870117,0.017986496910452843,-0.0027840447146445513,-2.331278085708618,-0.0010465724626556039
4.929999828338623,54,-0.03352343291044235,-0.14432764053344727,9.991381645202637,-11.072525024414062,51.92960739135742,-61.54447937011719,0.022645480930805206,-0.007443028036504984,-2.324289321899414,-0.0010465724626556039
4.940000057220459,54,0.1962626874446869,-0.11242559552192688,9.642144203186035,-12.646634101867676,51.2174186706543,-62.32176971435547,0.02730446495115757,-0.0005893171764910221,-2.4117050170898438,-0.0010465724626556039
4.949999809265137,54,0.47509050369262695,-0.0762801468372345,9.895302772521973,-14.530696868896484,50.85581970214844,-61.45919418334961,0.023251276463270187,0.0009540511528030038,-2.536163568496704,-0.0010465724626556039
4.960000038146973,54,0.5777156949043274,-0.11425405740737915,9.813753128051758,-16.103723526000977,50.298736572265625,-60.73799514770508,0.025779705494642258,0.001092023798264563,-2.657986879348755,-0.0010465724626556039
4.96999979019165,54,0.687597930431366,-0.25316810607910156,9.606484413146973,-17.84606170654297,49.62922668457031,-60.53422546386719,0.03409656509757042,-0.008553226478397846,-2.8128788471221924,-0.0010465724626556039
4.980000019073486,54,0.5629982352256775,-0.571601927280426,9.477728843688965,-19.74905776977539,48.89133834838867,-60.467830657958984,0.03439176455140114,-0.01388474553823471,-2.9684624671936035,-0.0010465724626556039
4.989999771118164,54,0.20861990749835968,-0.7347739338874817,9.887206077575684,-21.39835548400879,48.07498550415039,-59.703128814697266,0.043822675943374634,-0.019899068400263786,-3.1289291381835938,-0.0010465724626556039
5,54,0.4022601246833801,-0.4189423620700836,9.534955978393555,-22.552701950073242,47.00670623779297,-59.14792251586914,0.04846625775098801,-0.013665271922945976,-3.2624378204345703,-0.0010465724626556039
5.010000228881836,54,0.6855776906013489,-0.13327552378177643,9.577104568481445,-23.620500564575195,45.20420837402344,-58.684295654296875,0.04560412839055061,-0.017310315743088722,-3.4091477394104004,-0.0010465724626556039
5.019999980926514,54,0.746423065662384,0.24027344584465027,9.8685302734375,-24.980941772460938,44.09003829956055,-58.04265594482422,0.043558280915021896,-0.018221577629446983,-3.599508285522461,-0.0010465724626556039
5.03000020980835,54,1.3110179901123047,-0.16279955208301544,9.302393913269043,-26.403589248657227,43.04195022583008,-57.50576400756836,0.04533138871192932,-0.024861590936779976,-3.8457894325256348,-0.0010465724626556039
5.039999961853027,54,1.68166983127594,-0.47369280457496643,8.750219345092773,-27.476795196533203,41.14079666137695,-57.137149810791016,0.047239262610673904,-0.030070539563894272,-4.11115837097168,-0.0010465724626556039
5.050000190734863,55,1.4850811958312988,-0.21540366113185883,9.702444076538086,-28.00149917602539,39.62739944458008,-55.0273551940918,0.04863888397812843,-0.01119652483612299,-4.345487594604492,-0.0010465724626556039
5.059999942779541,55,0.6930927038192749,-0.03903811797499657,9.943995475769043,-28.24383544921875,38.11399841308594,-54.3118782043457,0.051728829741477966,0.003964421339333057,-4.525388240814209,-0.0010465724626556039
5.070000171661377,55,-0.1257620006799698,-0.0020153976511210203,9.7206392288208,-28.38393783569336,36.95577621459961,-53.90434265136719,0.053716275840997696,0.003345149103552103,-4.604848384857178,-0.0010465724626556039
5.079999923706055,54,0.15068815648555756,0.012548251077532768,10.274627685546875,-28.625192642211914,35.82233428955078,-53.04233932495117,0.0548810213804245,0.003202042542397976,-4.575704097747803,-0.0010465724626556039
5.090000152587891,54,0.6756104826927185,-0.9603257179260254,9.705903053283691,-28.93947410583496,34.594364166259766,-51.80027389526367,0.054522935301065445,-0.0047471062280237675,-4.440225601196289,-0.0010465724626556039
5.099999904632568,54,0.629204511642456,-1.4091029167175293,9.752005577087402,-28.83453369140625,33.79315185546875,-51.80027389526367,0.04877685755491257,0.003716712584719062,-4.2103047370910645,-0.0010465724626556039
5.110000133514404,54,0.04772791638970375,-1.4487770795822144,10.08761978149414,-28.42450714111328,33.07821273803711,-50.186161041259766,0.05054803937673569,0.013082808814942837,-3.8758304119110107,-0.0010465724626556039
5.119999885559082,54,0.061839811503887177,-1.2975221872329712,9.873043060302734,-28.08209800720215,31.90668296813965,-49.33903884887695,0.04619709029793739,0.008941704407334328,-3.592797040939331,-0.0010465724626556039
5.130000114440918,54,-0.11137960106134415,-1.0434517860412598,9.505355834960938,-27.661252975463867,31.155948638916016,-49.51304244995117,0.053185563534498215,-0.019012194126844406,-3.3097636699676514,-0.0010465724626556039
5.139999866485596,54,0.0856558158993721,-0.9902341365814209,9.624032020568848,-27.394575119018555,30.953580856323242,-49.88566207885742,0.060174040496349335,-0.024300076067447662,-3.093595266342163,-0.0010465724626556039
5.150000095367432,53,0.18643449246883392,-1.0152313709259033,9.935175895690918,-27.784046173095703,30.67549705505371,-48.99160385131836,0.063949353992939,-0.0439537949860096,-3.014234781265259,-0.0010465724626556039
5.159999847412109,52,-0.14794743061065674,-0.5226300954818726,9.869236946105957,-27.469223022460938,30.141355514526367,-50.54618835449219,0.09871652722358704,-0.12342987954616547,-3.0445334911346436,-0.0010465724626556039
5.170000076293945,52,-0.25384870171546936,-0.5435712337493896,9.867612838745117,-27.239328384399414,29.895395278930664,-48.68595504760742,0.09761595726013184,-0.14095883071422577,-3.1145689487457275,-0.0010465724626556039
5.179999828338623,51,0.13065205514431,-0.24847373366355896,9.627944946289062,-27.029447555541992,29.717348098754883,-48.26468276977539,0.05176091566681862,-0.04838688671588898,-3.119532823562622,-0.0010465724626556039
5.190000057220459,51,0.7158663868904114,0.13167446851730347,9.715773582458496,-27.10950469970703,29.600791931152344,-49.294395446777344,0.034147266298532486,-0.018981389701366425,-3.0116350650787354,-0.0010465724626556039
5.199999809265137,50,-0.7740678191184998,0.7151174545288086,9.864755630493164,-27.66774559020996,29.560409545898438,-49.708797454833984,-0.05059681087732315,0.1487368494272232,-2.787781238555908,-0.0010465724626556039
5.210000038146973,50,-0.547671914100647,0.05640184134244919,9.749549865722656,-27.66774559020996,29.204317092895508,-48.154212951660156,-0.021536562591791153,0.08992522209882736,-2.4726920127868652,-0.0010465724626556039
5.21999979019165,49,-1.7619799375534058,-0.10916048288345337,9.811681747436523,-27.02025032043457,28.691286087036133,-48.361412048339844,0.012558717280626297,0.02141699381172657,-2.102832317352295,-0.0010465724626556039
5.230000019073486,49,-1.3487789630889893,-0.7277237176895142,9.739928245544434,-26.694610595703125,28.79315757751465,-49.45465850830078,0.00545473163947463,0.02649310790002346,-1.73101806640625,-0.0010465724626556039
5.239999771118164,49,-1.7768512964248657,-0.7193305492401123,9.832393646240234,-26.502038955688477,29.126766204833984,-49.739131927490234,0.009523320011794567,0.004031162243336439,-1.3813896179199219,-0.0010465724626556039
5.25,49,-1.5731942653656006,-0.7421000599861145,9.687740325927734,-26.343006134033203,29.271772384643555,-48.71571731567383,-0.00199899822473526,0.021700644865632057,-1.0618314743041992,-0.0010465724626556039
5.260000228881836,49,-1.6020584106445312,-1.0661474466323853,9.889678001403809,-26.867708206176758,29.271772384643555,-49.04884338378906,0.013223554007709026,-0.01224447414278984,-0.7749350070953369,-0.0010465724626556039
5.269999980926514,49,-1.061641812324524,-1.036278486251831,9.755364418029785,-26.89204978942871,29.101985931396484,-47.79361343383789,0.002557948464527726,0.0024127101060003042,-0.4789580702781677,-0.0010465724626556039
5.28000020980835,49,-0.07499542832374573,-0.04087890312075615,9.795397758483887,-26.89204978942871,29.116670608520508,-48.54457473754883,0.006142670288681984,-0.02100926823914051,-0.20004090666770935,-0.0010465724626556039
5.289999961853027,48,0.3188247084617615,0.141639843583107,9.776906967163086,-26.994827270507812,28.944129943847656,-49.06601333618164,-0.00041391790728084743,-0.007097775582224131,-0.022685755044221878,-0.0010465724626556039
5.300000190734863,48,-0.0581509955227375,-0.03886561840772629,9.79566478729248,-27.09652328491211,28.613733291625977,-48.56804275512695,0.0011628204956650734,-0.0043562911450862885,0.0012194470036774874,-0.0010465724626556039
5.309999942779541,48,0.26761138439178467,0.1140379086136818,9.793574333190918,-26.886640548706055,28.61602783203125,-48.25495147705078,0.004770644940435886,0.0011671065585687757,0.0024977796711027622,-0.0010465724626556039
5.320000171661377,47,-0.017708979547023773,-0.02211618982255459,9.835525512695312,-26.676759719848633,28.70505142211914,-48.699119567871094,-0.0066457889042794704,0.002331852214410901,-0.011145466938614845,-0.0010465724626556039
5.329999923706055,47,0.23947447538375854,0.08951627463102341,9.78572940826416,-26.883394241333008,28.864742279052734,-48.79069900512695,0.002672177040949464,0.003496598219498992,0.005160972476005554,-0.0010465724626556039
5.340000152587891,46,0.024668898433446884,0.0023808034602552652,9.831786155700684,-27.13925552368164,28.99277114868164,-48.66592025756836,-0.004739840980619192,-0.0020306496880948544,0.00027609942480921745,-0.0010465724626556039
5.349999904632568,46,0.18490815162658691,0.08058340847492218,9.807733535766602,-27.314517974853516,28.934953689575195,-48.297306060791016,0.0018501162994652987,-0.00574821000918746,-0.0023883769754320383,-0.0010465724626556039
5.360000133514404,46,0.05987665802240372,0.023043444380164146,9.826176643371582,-27.398902893066406,28.63117027282715,-47.794185638427734,0.0020766486413776875,-0.002306594979017973,0.0012271477608010173,-0.0010465724626556039
5.369999885559082,46,0.1526240110397339,0.05793705955147743,9.831174850463867,-27.293962478637695,28.80921745300293,-48.79356002807617,0.004626254551112652,-0.0050763157196342945,-0.0015425726305693388,-0.0010465724626556039
5.380000114440918,46,0.06717831641435623,0.025226758792996407,9.810393333435059,-26.825515747070312,29.06435775756836,-49.21597671508789,-0.000542905880138278,-0.0028045799117535353,0.0015955026028677821,-0.0010465724626556039
5.389999866485596,46,0.12941113114356995,0.06294193118810654,9.813740730285645,-26.70001983642578,29.218542098999023,-49.337894439697266,-0.0030674845911562443,-0.0045783305540680885,0.001790589652955532,-0.0010465724626556039
5.400000095367432,47,0.09204910695552826,0.03666329011321068,9.8234224319458,-26.678382873535156,29.12860107421875,-49.11466598510742,-0.0038093281909823418,-0.00033519070711918175,0.00539584644138813,-0.0010465724626556039
5.409999847412109,46,0.14101633429527283,0.05610613152384758,9.799776077270508,-26.522052764892578,28.848222732543945,-48.729454040527344,-0.006333264522254467,-0.0046091340482234955,0.004908771254122257,-0.0010465724626556039
5.420000076293945,46,0.09875014424324036,0.04292738437652588,9.814188003540039,-26.626995086669922,28.937246322631836,-49.173622131347656,-0.005506070796400309,-0.004387094639241695,0.004641168285161257,-0.0015698587521910667
5.429999828338623,46,0.13238440454006195,0.044856879860162735,9.808140754699707,-26.535036087036133,29.19330406188965,-49.096923828125,-0.0008470877655781806,0.002319017658010125,0.0048593576066195965,-0.0010465724626556039
5.440000057220459,46,0.11007241904735565,0.033595312386751175,9.803094863891602,-26.43009376525879,29.146038055419922,-49.1427116394043,-0.001609466620720923,-0.0006380889681167901,0.004636034369468689,-0.0010465724626556039
5.449999809265137,46,0.11842390149831772,0.05017963424324989,9.814207077026367,-26.57398223876953,29.179079055786133,-48.62184524536133,-0.005456657148897648,-0.003320533549413085,0.007014939561486244,-0.0010465724626556039
5.460000038146973,46,0.11932729929685593,0.03871599957346916,9.823594093322754,-26.866626739501953,29.316741943359375,-48.1805419921875,-0.0023307749070227146,-0.0008716798038221896,0.0031523476354777813,-0.0010465724626556039
5.46999979019165,46,0.1317763477563858,0.041438985615968704,9.811592102050781,-26.7670955657959,29.05059242248535,-50.14952850341797,-0.0021440305281430483,-0.003813384799286723,0.000023898121071397327,-0.0010465724626556039
5.480000019073486,46,0.1098366379737854,0.03568745031952858,9.801422119140625,-27.186857223510742,28.87254524230957,-49.26119613647461,-0.005285314749926329,-0.0065214987844228745,0.001432502525858581,-0.0010465724626556039
5.489999771118164,46,0.11425437033176422,0.04563065245747566,9.81244945526123,-27.279897689819336,29.110244750976562,-48.545719146728516,0.0007951074512675405,-0.0018625158118084073,0.002672330942004919,-0.0010465724626556039
5.5,46,0.12246933579444885,0.04079581797122955,9.794321060180664,-26.99320411682129,29.077205657958984,-48.42552185058594,0.001482403720729053,0.0021996553987264633,-0.0017479272792115808,-0.0010465724626556039
5.510000228881836,46,0.1115838810801506,0.03801369294524193,9.808687210083008,-26.699480056762695,29.00103187561035,-48.89830780029297,-0.0018976051360368729,0.0008635667618364096,-0.003734733210876584,-0.0010465724626556039
5.519999980926514,46,0.11741626262664795,0.04515012726187706,9.805545806884766,-26.874740600585938,29.491119384765625,-49.52906799316406,-0.0030623506754636765,-0.0037954160943627357,0.000924249819945544,-0.0010465724626556039
5.53000020980835,46,0.11315489560365677,0.04519448056817055,9.805545806884766,-26.664859771728516,29.491119384765625,-48.529693603515625,-0.0019078728510066867,0.0008224957273341715,0.006742844358086586,-0.0010465724626556039
5.539999961853027,46,0.11422210186719894,0.05428751930594444,9.799776077270508,-26.9012451171875,29.491119384765625,-48.285858154296875,0.0014516005758196115,-0.000005339957169780973,0.007079754490405321,-0.0010465724626556039
5.550000190734863,46,0.11726486682891846,0.049568504095077515,9.800979614257812,-27.151155471801758,29.215789794921875,-48.1748161315918,-0.0022999716456979513,-0.0022052014246582985,0.007079754490405321,-0.0010465724626556039
5.559999942779541,46,0.12165776640176773,0.04703526943922043,9.815241813659668,-27.158187866210938,29.011585235595703,-48.14963150024414,0.001796852913685143,-0.002588957780972123,0.0022154171019792557,-0.0010465724626556039
5.570000171661377,46,0.12464097142219543,0.03817633166909218,9.806679725646973,-26.92450523376465,29.148332595825195,-48.39804458618164,-0.001485612359829247,0.00014290049148257822,0.004587262868881226,-0.0010465724626556039
5.579999923706055,46,0.1310044825077057,0.03648093715310097,9.802488327026367,-27.134387969970703,29.059310913085938,-49.397422790527344,-0.0005223708576522768,-0.004846575669944286,0.004156018141657114,-0.0010465724626556039
5.590000152587891,46,0.12576773762702942,0.03579095005989075,9.812679290771484,-27.053787231445312,28.723865509033203,-48.45013427734375,-0.0009587493841536343,-0.005138563923537731,0.000254280399531126,-0.0010465724626556039
5.599999904632568,45,0.11405333131551743,0.04317380487918854,9.805810928344727,-27.09381675720215,29.10565757751465,-48.41350173950195,-0.006907615810632706,-0.003815951757133007,-0.0015092025278136134,-0.0010465724626556039
5.610000133514404,46,0.3045291602611542,0.1247548907995224,9.764256477355957,-27.05432891845703,29.531959533691406,-48.857666015625,-0.009106193669140339,-0.0005078171961940825,0.002460559131577611,-0.0010465724626556039
5.619999885559082,46,0.08357352018356323,0.003469998948276043,9.802901268005371,-26.89204978942871,29.479646682739258,-48.97443389892578,-0.01277049072086811,0.015505351126194,0.0022564877290278673,-0.0010465724626556039
5.630000114440918,48,-0.0848732590675354,-0.049304135143756866,9.824792861938477,-26.89204978942871,28.945507049560547,-47.97505569458008,-0.015642888844013214,0.027164360508322716,-0.000972071778960526,-0.0010465724626556039
5.639999866485596,48,0.10297924280166626,0.059097714722156525,9.743793487548828,-26.78765106201172,29.56270408630371,-48.19084548950195,-0.010509023442864418,0.01253284327685833,0.00019267394964117557,-0.0010465724626556039
5.650000095367432,49,0.07312735170125961,0.034312404692173004,9.779304504394531,-26.682710647583008,29.5067195892334,-48.58235168457031,-0.00427265977486968,-0.005444670561701059,0.0025953229051083326,-0.0010465724626556039
5.659999847412109,49,0.08329803496599197,0.03273529186844826,9.795539855957031,-26.744916915893555,29.14512062072754,-48.49592208862305,0.0044677467085421085,-0.008721360005438328,0.0044512152671813965,-0.0010465724626556039
5.670000076293945,49,1.4396307468414307,0.5665731430053711,9.792545318603516,-26.797927856445312,28.859695434570312,-48.1399040222168,0.012381600216031075,-0.020129451528191566,-0.006834946572780609,-0.0010465724626556039
5.679999828338623,49,2.689786911010742,0.707360029220581,9.754585266113281,-26.490137100219727,28.948719024658203,-48.28070831298828,0.0065225763246417046,-0.018894115462899208,-0.09475560486316681,-0.0010465724626556039
5.690000057220459,48,2.6702544689178467,0.8413283228874207,9.739349365234375,-26.280258178710938,29.037742614746094,-48.83591842651367,0.005521472543478012,-0.021647149696946144,-0.43866363167762756,-0.0010465724626556039
5.699999809265137,48,2.6735455989837646,1.0391820669174194,9.730642318725586,-26.4208984375,29.27544403076172,-48.92749786376953,0.00582565413787961,0.005391635932028294,-0.914438784122467,-0.0010465724626556039
5.710000038146973,48,3.0726096630096436,1.1762430667877197,9.648880958557129,-26.820646286010742,29.327754974365234,-48.65962219238281,0.009515619836747646,-0.0018708583666011691,-1.411187767982483,-0.0010465724626556039
5.71999979019165,47,3.0694081783294678,1.254137635231018,9.469636917114258,-26.95587921142578,29.10657501220703,-48.215457916259766,0.01883358508348465,-0.01701255328953266,-1.991231083869934,-0.0010465724626556039
5.730000019073486,46,2.946364641189575,1.4460844993591309,9.777749061584473,-26.5626220703125,28.711017608642578,-48.15764617919922,0.04070962965488434,-0.04014575108885765,-2.668314218521118,-0.0010465724626556039
5.739999771118164,46,2.942840576171875,1.7128137350082397,10.164891242980957,-26.982385635375977,28.621994018554688,-50.489524841308594,0.03261673077940941,-0.012709088623523712,-3.3505992889404297,-0.0010465724626556039
5.75,46,2.2231388092041016,1.590964436531067,9.677766799926758,-27.306943893432617,28.69449806213379,-48.99332046508789,0.04247696325182915,-0.01686110347509384,-4.030088901519775,-0.0010465724626556039
5.760000228881836,46,2.0846903324127197,0.4718305766582489,9.98000717163086,-27.48004150390625,28.8436336517334,-48.38030242919922,0.041920579969882965,-0.004216393921524286,-4.660435676574707,-0.0010465724626556039
5.769999980926514,45,0.9744247198104858,-0.32457435131073,9.63095760345459,-27.72454261779785,28.745433807373047,-48.77410125732422,0.0491381511092186,0.007898887619376183,-5.145290374755859,-0.0010465724626556039
5.78000020980835,43,0.49865084886550903,-0.9105061292648315,9.642147064208984,-28.210838317871094,28.31913185119629,-49.521629333496094,0.057960059493780136,0.0034343500155955553,-5.399726390838623,-0.0010465724626556039
5.789999961853027,41,-0.8954137563705444,-1.3344660997390747,10.559947967529297,-28.945423126220703,27.963035583496094,-49.74371337890625,0.05919988825917244,-0.0039757429622113705,-5.408938407897949,-0.0010465724626556039
5.800000190734863,38,-0.9229525327682495,-1.8724093437194824,9.401729583740234,-29.47445297241211,27.432567596435547,-48.878273010253906,0.05475267395377159,-0.004152219742536545,-5.202425479888916,-0.0010465724626556039
5.809999942779541,36,-1.4505354166030884,-2.3411738872528076,9.802739143371582,-30.626636505126953,26.9649658203125,-49.56684494018555,0.05472187325358391,-0.009025542065501213,-4.808774948120117,-0.0010465724626556039
5.820000171661377,36,-2.2877137660980225,-2.1855227947235107,10.220742225646973,-31.720399856567383,26.473960876464844,-50.7310676574707,0.050078291445970535,-0.010789024643599987,-4.275995254516602,-0.0010465724626556039
5.829999923706055,37,-1.690177083015442,-1.713835597038269,9.928935050964355,-32.47066879272461,26.040773391723633,-51.21186828613281,0.04181212559342384,-0.010942398570477962,-3.700777769088745,-0.0010465724626556039
5.840000152587891,39,-1.1902297735214233,-1.3253483772277832,9.416482925415039,-32.984554290771484,25.844371795654297,-50.181583404541016,0.04019046574831009,-0.015028314664959908,-3.1745975017547607,-0.0010465724626556039
5.849999904632568,41,-0.6048094630241394,-1.1668977737426758,9.93557357788086,-33.29937744140625,25.310230255126953,-50.62575149536133,0.03667697682976723,-0.011967247352004051,-2.7329277992248535,-0.0010465724626556039
5.860000133514404,42,-0.43968096375465393,-0.7819246649742126,9.541438102722168,-33.7002067565918,24.994977951049805,-51.069915771484375,0.030520830303430557,-0.012634648941457272,-2.3773248195648193,-0.0010465724626556039
5.869999885559082,44,-0.20534059405326843,-0.6143244504928589,10.230210304260254,-33.93497085571289,24.884845733642578,-51.12257766723633,0.025963883846998215,-0.011301769874989986,-2.104665994644165,-0.0010465724626556039
5.880000114440918,45,0.306033194065094,-0.2712186574935913,9.648848533630371,-34.114559173583984,24.694868087768555,-51.334930419921875,0.028418513014912605,-0.01567004807293415,-1.964055061340332,-0.0010465724626556039
5.889999866485596,46,0.5342036485671997,-0.372930109500885,9.680232048034668,-34.4813117980957,24.182754516601562,-52.073299407958984,0.026234693825244904,-0.01304920855909586,-1.9655176401138306,-0.0010465724626556039
5.900000095367432,48,0.5451883673667908,-0.358026385307312,9.711847305297852,-35.21589279174805,23.82666015625,-50.96288299560547,0.024986524134874344,-0.008640501648187637,-2.052712917327881,-0.0010465724626556039
5.909999847412109,48,0.608910322189331,-0.44698047637939453,9.819308280944824,-35.950477600097656,23.232404708862305,-50.842681884765625,0.02276291698217392,-0.007560465019196272,-2.167917013168335,-0.0010465724626556039
5.920000076293945,50,0.4868719279766083,-0.24422293901443481,9.474262237548828,-36.40810775756836,22.84419059753418,-50.98921203613281,0.02625715546309948,-0.01105470210313797,-2.2774031162261963,-0.0010465724626556039
5.929999828338623,51,0.5435826182365417,-0.1428811252117157,9.926651000976562,-36.72292709350586,22.348594665527344,-51.496341705322266,0.03312241658568382,-0.011177915148437023,-2.375652551651001,-0.0010465724626556039
5.940000057220459,52,0.8900660872459412,-0.079348124563694,9.585306167602539,-37.078857421875,21.582260131835938,-52.232421875,0.029496625065803528,-0.017546474933624268,-2.474552631378174,-0.0010465724626556039
5.949999809265137,52,0.9285896420478821,-0.10962869226932526,9.67410945892334,-37.60356521606445,20.959096908569336,-52.34346389770508,0.02783517725765705,-0.009547270834445953,-2.5685601234436035,-0.0010465724626556039
5.960000038146973,53,1.0681450366973877,-0.2076708823442459,10.021839141845703,-38.12826919555664,20.2501220703125,-53.63188934326172,0.032292015850543976,-0.007496933452785015,-2.6851630210876465,-0.0010465724626556039
5.96999979019165,53,1.33943772315979,-0.4465171694755554,9.510087013244629,-38.42253494262695,19.60309600830078,-53.17627716064453,0.03286764770746231,-0.0004994747578166425,-2.8424484729766846,-0.0015698587521910667
5.980000019073486,54,0.5992955565452576,-0.599585771560669,9.737895965576172,-38.73735427856445,18.534814834594727,-52.67658615112305,0.03576507419347763,-0.0025555877946317196,-3.0690195560455322,-0.0010465724626556039
5.989999771118164,54,-0.20930911600589752,-0.5476199388504028,10.374532699584961,-39.24150085449219,17.140727996826172,-52.69833755493164,0.03742331266403198,-0.006543317809700966,-3.295098066329956,-0.0010465724626556039
6,54,-0.059836190193891525,-0.781111478805542,9.464484214782715,-39.9571533203125,16.05959701538086,-52.49228286743164,0.040863003581762314,-0.0019934296142309904,-3.4492950439453125,-0.0010465724626556039
6.010000228881836,54,-0.25966620445251465,-1.0309654474258423,9.648274421691895,-40.16703414916992,14.635222434997559,-52.7143669128418,0.04230690002441406,-0.0020608112681657076,-3.513385057449341,-0.0010465724626556039
6.019999980926514,54,0.38564401865005493,-1.3466837406158447,9.571269989013672,-40.20814514160156,12.996089935302734,-52.668575286865234,0.039977412670850754,-0.0062699392437934875,-3.508432149887085,-0.0010465724626556039
6.03000020980835,55,0.2714855968952179,-1.3772525787353516,10.076375007629395,-40.20814514160156,11.610261917114258,-52.62106704711914,0.03564314544200897,-0.007272326387465,-3.485342025756836,-0.0010465724626556039
6.039999961853027,55,0.7702912092208862,-0.8983278870582581,9.500946998596191,-40.136741638183594,10.180380821228027,-52.62106704711914,0.03304412588477135,-0.013552327640354633,-3.490661382675171,-0.0010465724626556039
6.050000190734863,55,0.6893525719642639,-0.44014468789100647,9.757835388183594,-39.9723014831543,8.366413116455078,-52.58500671386719,0.03770310804247856,-0.022974254563450813,-3.515328884124756,-0.0010465724626556039
6.059999942779541,55,0.2340044379234314,0.13765516877174377,9.448755264282227,-40.18218231201172,7.743249893188477,-52.25188064575195,0.04141874238848686,-0.02310260199010372,-3.5126047134399414,-0.0010465724626556039
6.070000171661377,55,0.26403501629829407,0.3959690034389496,9.85611629486084,-40.75989532470703,6.261973857879639,-53.57293701171875,0.040061477571725845,-0.013748056255280972,-3.457775115966797,-0.0010465724626556039
6.079999923706055,55,0.026287076994776726,0.6135416030883789,9.98812484741211,-40.64575958251953,4.77427339553833,-52.76645278930664,0.03223811089992523,-0.0005456790677271783,-3.336411714553833,-0.0010465724626556039
6.090000152587891,55,0.44935354590415955,0.3418419659137726,9.602910995483398,-40.20760726928711,3.3498988151550293,-51.435096740722656,0.03563544526696205,-0.025496264919638634,-3.181837558746338,-0.0010465724626556039
6.099999904632568,55,0.7092744708061218,-0.13384969532489777,9.73796558380127,-39.87385177612305,2.0700724124908447,-51.3732795715332,0.019067177549004555,0.012495622970163822,-3.064265489578247,-0.0010465724626556039
6.110000133514404,55,0.4404163360595703,-0.6469213366508484,9.586356163024902,-39.45408630371094,1.4469084739685059,-52.039527893066406,-0.0017699002055451274,0.0622556135058403,-3.045854330062866,-0.0010465724626556039
6.119999885559082,55,0.2437283843755722,-0.6765415072441101,9.68431568145752,-38.835262298583984,-0.020601194351911545,-53.23236846923828,0.023854507133364677,-0.00529963755980134,-3.108750581741333,-0.0010465724626556039
6.130000114440918,55,-0.14314499497413635,-0.6041347980499268,10.046937942504883,-38.506378173828125,-1.4064295291900635,-53.101295471191406,0.025153374299407005,-0.010935340076684952,-3.1517438888549805,-0.0010465724626556039
6.139999866485596,55,0.1022123396396637,-0.6968098878860474,9.84643268585205,-38.09310531616211,-2.6123757362365723,-53.0806884765625,0.03245758265256882,0.0013435832224786282,-3.167588472366333,-0.0010465724626556039
6.150000095367432,55,-0.36558234691619873,-0.6919848918914795,9.548982620239258,-37.43695831298828,-3.6581714153289795,-53.43842697143555,0.03864838182926178,0.00845206156373024,-3.1391899585723877,-0.0010465724626556039
6.159999847412109,55,-0.5124343633651733,-0.7649460434913635,9.481605529785156,-36.71102523803711,-4.633758068084717,-52.878639221191406,0.04079626128077507,0.0014103231951594353,-3.032322645187378,-0.0010465724626556039
6.170000076293945,56,0.00445160735398531,-0.43972817063331604,9.473325729370117,-36.39620590209961,-5.4349684715271,-52.10134506225586,0.039390865713357925,-0.003932105377316475,-2.8662643432617188,-0.0010465724626556039
6.179999828338623,55,0.9486629962921143,0.023045910522341728,9.46938419342041,-35.99862289428711,-6.7276434898376465,-51.93707275390625,0.04023923724889755,-0.010604205541312695,-2.7262465953826904,-0.0010465724626556039
6.190000057220459,55,1.353765606880188,0.27387088537216187,9.8330078125,-35.228336334228516,-7.7059831619262695,-52.060707092285156,0.03378211706876755,-0.013631902635097504,-2.640991687774658,-0.0010465724626556039
6.199999809265137,55,0.9222037196159363,0.26331406831741333,9.723294258117676,-34.14485168457031,-8.444786071777344,-51.92219161987305,0.03084426373243332,-0.004922299645841122,-2.6432576179504395,-0.0015698587521910667
6.210000038146973,55,0.12493383884429932,0.05504896864295006,9.53945255279541,-33.0781364440918,-9.407523155212402,-51.095672607421875,0.029476730152964592,-0.00011186766641912982,-2.717600107192993,-0.0010465724626556039
6.21999979019165,55,0.003843552665784955,-0.0588727742433548,9.74438762664795,-32.86825180053711,-10.208734512329102,-50.87358856201172,0.028562260791659355,-0.009134636260569096,-2.783653736114502,-0.0010465724626556039
6.230000019073486,55,0.21561628580093384,0.15356674790382385,10.094548225402832,-32.387367248535156,-11.163211822509766,-51.12944412231445,0.028388993814587593,-0.011997408233582973,-2.805152416229248,-0.0010465724626556039
6.239999771118164,55,0.673227846622467,0.22680391371250153,9.760871887207031,-31.532695770263672,-12.254437446594238,-51.81172180175781,0.026031265035271645,-0.001711066928692162,-2.8652820587158203,-0.0015698587521910667
6.25,55,0.7999643683433533,-0.08565904945135117,9.888608932495117,-30.27503204345703,-13.235071182250977,-52.43561553955078,0.029702620580792427,0.00016664447321090847,-3.03857684135437,-0.0010465724626556039
6.260000228881836,55,0.4587325155735016,-0.2899838387966156,9.613518714904785,-28.85671043395996,-14.005995750427246,-52.584434509277344,0.028834355995059013,-0.003560541896149516,-3.2372190952301025,-0.0010465724626556039
6.269999980926514,55,0.1635020524263382,-0.41817352175712585,9.47788143157959,-28.227067947387695,-15.0742769241333,-52.36235046386719,0.028834355995059013,0.001560489065013826,-3.3768794536590576,-0.0010465724626556039
6.28000020980835,55,0.09803040325641632,-0.17454905807971954,9.874754905700684,-26.71624755859375,-15.976441383361816,-49.96464920043945,0.02969427779316902,0.0025141045916825533,-3.4285030364990234,-0.0010465724626556039
6.289999961853027,54,0.5595186352729797,-0.04446929693222046,9.568257331848145,-25.583538055419922,-16.866676330566406,-51.06934356689453,0.0346401184797287,-0.003925688099116087,-3.426966667175293,-0.0010465724626556039
6.300000190734863,54,0.3896547257900238,-0.24396418035030365,9.962203979492188,-24.5898494720459,-17.464601516723633,-52.328006744384766,0.03143081068992615,-0.0046155513264238834,-3.4111826419830322,-0.0010465724626556039
6.309999942779541,54,-0.203474223613739,-0.4953559637069702,9.88144588470459,-23.46579360961914,-17.921649932861328,-51.9158935546875,0.03492504730820656,0.005867160856723785,-3.4076883792877197,-0.0010465724626556039
6.320000171661377,54,-0.23995767533779144,-0.5200476050376892,10.037426948547363,-22.103731155395508,-18.985801696777344,-51.25136184692383,0.03381934016942978,0.009449956938624382,-3.359344720840454,-0.0010465724626556039
6.329999923706055,53,-0.4749879837036133,-0.33679452538490295,9.735433578491211,-21.159263610839844,-19.252870559692383,-50.918235778808594,0.033742330968379974,0.007505505345761776,-3.246248722076416,-0.0010465724626556039
6.340000152587891,52,0.03481227159500122,-0.21028050780296326,9.374008178710938,-20.214797973632812,-20.00177001953125,-49.55482482910156,0.033742330968379974,0.0051760138012468815,-3.1409153938293457,-0.0010465724626556039
6.349999904632568,52,0.6441329121589661,-0.11852212995290756,9.69477367401123,-18.929546356201172,-20.554723739624023,-49.511898040771484,0.023146674036979675,0.013442179188132286,-3.0700032711029053,-0.0010465724626556039
6.360000133514404,52,0.5684161186218262,-0.2310195416212082,9.914464950561523,-17.25806999206543,-20.876859664916992,-50.604000091552734,0.030156325548887253,0.005004029721021652,-3.011348247528076,-0.0010465724626556039
6.369999885559082,51,-0.06885280460119247,-0.8976945281028748,10.240413665771484,-15.490849494934082,-21.315092086791992,-51.0733528137207,0.02535487897694111,0.024576891213655472,-3.0121490955352783,-0.0010465724626556039
6.380000114440918,50,-0.26764538884162903,-1.2521802186965942,9.1914644241333,-15.176027297973633,-21.671186447143555,-50.51814270019531,0.02535487897694111,0.03777734190225601,-3.0494208335876465,-0.0010465724626556039
6.389999866485596,50,-0.29988235235214233,-1.398388385772705,10.255677223205566,-13.353090286254883,-21.952024459838867,-50.90163803100586,0.031178606674075127,0.023415355011820793,-3.135822057723999,-0.0010465724626556039
6.400000095367432,49,-0.03134435787796974,-0.4934116303920746,10.427633285522461,-11.962356567382812,-22.437522888183594,-50.367034912109375,0.037002336233854294,0.014742972329258919,-3.2696664333343506,-0.0010465724626556039
6.409999847412109,49,-0.1862252652645111,-0.2372959554195404,10.326416015625,-10.857775688171387,-22.890899658203125,-49.56913757324219,0.04341581463813782,0.009965910576283932,-3.4169697761535645,-0.0010465724626556039
6.420000076293945,49,-0.2924739718437195,-0.2687889039516449,9.747676849365234,-9.446487426757812,-23.002408981323242,-49.50789260864258,0.05356932058930397,-0.00823107548058033,-3.522890329360962,-0.0010465724626556039
6.429999828338623,48,0.06504888087511063,-0.45782801508903503,9.709836959838867,-7.767437934875488,-22.73533821105957,-49.729976654052734,0.07731665670871735,-0.05944138765335083,-3.5129692554473877,-0.0010465724626556039
6.440000057220459,48,-0.7807465195655823,-0.539192259311676,9.337645530700684,-6.4735307693481445,-23.285079956054688,-49.4426383972168,0.07907949388027191,-0.07725846767425537,-3.3694045543670654,-0.0010465724626556039
6.449999809265137,49,-1.0930100679397583,-0.5426890254020691,9.194695472717285,-5.286187648773193,-23.297929763793945,-49.5662727355957,0.03128834441304207,0.010907975025475025,-3.2285029888153076,-0.0010465724626556039
6.460000038146973,49,-0.8581956624984741,-0.39603233337402344,9.705432891845703,-4.655462265014648,-23.15200424194336,-49.748291015625,0.041036270558834076,-0.008030856028199196,-3.183941125869751,-0.0010465724626556039
6.46999979019165,49,-0.7711814045906067,0.16882039606571198,10.022990226745605,-4.446122169494629,-23.211200714111328,-49.42832946777344,0.07661203294992447,-0.07879927009344101,-2.9811458587646484,-0.0010465724626556039
6.480000019073486,49,-0.3133365511894226,0.3264577090740204,9.537189483642578,-3.5016567707061768,-23.478269577026367,-47.98478698730469,0.0789511576294899,-0.0930168628692627,-2.7284440994262695,-0.0010465724626556039
6.489999771118164,49,0.18888162076473236,-0.3629770576953888,9.48216438293457,-2.4533326625823975,-23.12860107421875,-48.51939010620117,0.017332572489976883,0.012410271912813187,-2.6400997638702393,-0.0010465724626556039
6.5,50,0.2702868580818176,-0.5044243335723877,9.495272636413574,-1.324410080909729,-23.447067260742188,-48.40148162841797,0.0116564417257905,0.01581595093011856,-2.7683804035186768,-0.0010465724626556039
6.510000228881836,50,0.41543883085250854,-0.5208953022956848,9.741517066955566,-0.22523850202560425,-23.60675811767578,-47.89320755004883,0.0116564417257905,0.01581595093011856,-2.7683804035186768,-0.0010465724626556039
6.519999980926514,50,0.09713941067457199,-0.44815099239349365,9.484081268310547,0.5158368349075317,-23.48102378845215,-47.42271041870117,-0.005323818884789944,0.05090848729014397,-2.8600738048553467,-0.0010465724626556039
6.53000020980835,50,-0.25168946385383606,-0.6462337970733643,9.912662506103516,0.6002220511436462,-23.48102378845215,-47.46392059326172,-0.003539158497005701,0.061341144144535065,-2.92553448677063,-0.0010465724626556039
6.539999961853027,50,-0.4717714786529541,-0.009016294963657856,9.742050170898438,1.9644497632980347,-23.48102378845215,-48.13017272949219,0.024135585874319077,0.011058139614760876,-2.8967463970184326,-0.0010465724626556039
6.550000190734863,51,-0.34005385637283325,0.059979911893606186,9.597770690917969,2.719048261642456,-23.185503005981445,-48.05919647216797,0.02817080356180668,0.0036461218260228634,-2.7553422451019287,-0.0010465724626556039
6.559999942779541,51,-0.24142445623874664,0.028654513880610466,9.410489082336426,3.5996837615966797,-22.829408645629883,-48.16909408569336,0.021426187828183174,0.014486278407275677,-2.581399917602539,-0.0010465724626556039
6.570000171661377,51,-0.41869181394577026,-0.2508394122123718,9.94669246673584,4.725902080535889,-22.538476943969727,-48.21774673461914,0.025584619492292404,-0.005532588344067335,-2.391226053237915,-0.0010465724626556039
6.579999923706055,51,0.1531551480293274,-0.12673050165176392,9.858209609985352,5.87267541885376,-22.396223068237305,-47.72893524169922,0.02655876986682415,-0.011244655586779118,-2.185687780380249,-0.0010465724626556039
6.590000152587891,51,0.07948093116283417,-0.4734858274459839,9.730445861816406,6.29243803024292,-22.485246658325195,-46.95164108276367,0.023760812357068062,-0.0019266894087195396,-2.0424082279205322,-0.0010465724626556039
6.599999904632568,51,0.37063369154930115,-0.2705360949039459,9.891746520996094,7.469503402709961,-22.012136459350586,-48.0775146484375,0.022065354511141777,-0.003387273522093892,-1.9692968130111694,-0.0010465724626556039
6.610000133514404,51,0.40814462304115295,-0.22475790977478027,9.85356330871582,8.377184867858887,-21.53765106201172,-48.66592025756836,0.02204417623579502,-0.008723926730453968,-1.9626259803771973,-0.0010465724626556039
6.619999885559082,51,-0.2216588705778122,-0.31882283091545105,9.483351707458496,8.973831176757812,-21.40457534790039,-48.9366569519043,0.0237184576690197,-0.013309752568602562,-2.014092445373535,-0.0010465724626556039
6.630000114440918,52,-0.21508193016052246,-0.2114485651254654,9.990455627441406,9.50178050994873,-21.598224639892578,-49.24688720703125,0.02381150983273983,-0.021556025370955467,-2.0404040813446045,-0.0010465724626556039
6.639999866485596,51,0.1505913883447647,0.026710228994488716,9.677614212036133,10.446246147155762,-21.509201049804688,-49.468971252441406,0.023782631382346153,-0.028910286724567413,-2.0231640338897705,-0.0010465724626556039
6.650000095367432,52,0.3902652859687805,-0.3542117774486542,9.774299621582031,11.288475036621094,-20.899803161621094,-48.28471374511719,0.030771106481552124,-0.03720340505242348,-2.064465284347534,-0.0010465724626556039
6.659999847412109,52,0.8478569984436035,-0.4135308861732483,9.710034370422363,11.738530158996582,-20.276639938354492,-47.55779266357422,0.03280925005674362,-0.028758836910128593,-2.1757450103759766,-0.0010465724626556039
6.670000076293945,52,1.184675931930542,-0.6767780780792236,9.822647094726562,12.267560005187988,-20.153200149536133,-47.39924240112305,0.017865853384137154,-0.0017463623080402613,-2.356703996658325,-0.0010465724626556039
6.679999828338623,52,0.4413420855998993,-0.731025755405426,9.905720710754395,12.972933769226074,-20.162378311157227,-47.99222946166992,0.007290089037269354,0.02577308379113674,-2.587824821472168,-0.0010465724626556039
6.690000057220459,52,0.16200797259807587,-0.7568386793136597,9.834699630737305,13.60744571685791,-19.292795181274414,-49.37681579589844,0.022062787786126137,0.006636598613113165,-2.7860562801361084,-0.0010465724626556039
6.699999809265137,52,-0.3030690550804138,-0.2845674455165863,9.859850883483887,14.34203052520752,-18.84767723083496,-47.26702117919922,0.031253691762685776,-0.0026236113626509905,-2.8309249877929688,-0.0010465724626556039
6.710000038146973,52,-0.632857084274292,-0.21474076807498932,9.849642753601074,14.64927864074707,-18.910085678100586,-47.327693939208984,0.027759453281760216,-0.006117848679423332,-2.703967809677124,-0.0010465724626556039
6.71999979019165,52,-0.812961220741272,0.4035612940788269,9.936262130737305,15.409287452697754,-18.62144660949707,-48.206298828125,0.03651975095272064,-0.022980671375989914,-2.4890005588531494,-0.0010465724626556039
6.730000019073486,52,-0.4911796748638153,0.08172188699245453,9.959479331970215,16.453283309936523,-18.123098373413086,-47.95445251464844,0.041630517691373825,-0.038348253816366196,-2.255303144454956,-0.0010465724626556039
6.739999771118164,52,-0.20932896435260773,0.0234672911465168,9.526114463806152,17.2430419921875,-17.813810348510742,-45.83664321899414,0.03144621104001999,-0.031719792634248734,-2.020024538040161,-0.0010465724626556039
6.75,52,-0.1984211504459381,0.002213235478848219,9.857495307922363,17.662803649902344,-17.19064712524414,-48.61268997192383,0.02697974629700184,-0.026800910010933876,-1.830183744430542,-0.0010465724626556039
6.760000228881836,53,-0.27985119819641113,0.02544114552438259,9.697343826293945,17.61736488342285,-16.646411895751953,-47.15541076660156,0.03935621306300163,-0.049258362501859665,-1.735888123512268,-0.0010465724626556039
6.769999980926514,52,-0.6474131941795349,-0.14497573673725128,10.025227546691895,18.130708694458008,-16.287105560302734,-47.410118103027344,0.04317966103553772,-0.06224190443754196,-1.7043802738189697,-0.0010465724626556039
6.78000020980835,53,-0.7865417003631592,-0.01734788529574871,9.845903396606445,18.571027755737305,-16.05766487121582,-48.14963150024414,0.04677465185523033,-0.07356593012809753,-1.6688193082809448,-0.0010465724626556039
6.789999961853027,53,-0.3650015592575073,0.3615928292274475,9.753628730773926,18.60618782043457,-15.828681945800781,-48.16050720214844,0.04019688442349434,-0.06767995655536652,-1.5944186449050903,-0.0010465724626556039
6.800000190734863,53,-0.14006997644901276,0.1607574224472046,9.62449836730957,19.235830307006836,-15.383563995361328,-49.15988540649414,0.0195779949426651,-0.0325450636446476,-1.5216364860534668,-0.0010465724626556039
6.809999942779541,53,-0.004093469586223364,-0.07625550776720047,9.809402465820312,19.764860153198242,-15.109151840209961,-48.66878128051758,0.00896372925490141,-0.005281670484691858,-1.5051639080047607,-0.0010465724626556039
6.820000171661377,53,1.061481237411499,0.20176973938941956,9.897571563720703,19.984479904174805,-15.036189079284668,-48.436397552490234,0.01067330688238144,-0.0030805254355072975,-1.5384716987609863,-0.0010465724626556039
6.829999923706055,53,1.616994857788086,0.12140598148107529,9.770957946777344,20.34906578063965,-14.948083877563477,-47.885765075683594,0.008343814872205257,-0.0016693542711436749,-1.6242527961730957,-0.0010465724626556039
6.840000152587891,53,1.50555419921875,-0.15570256114006042,9.764803886413574,20.84077262878418,-14.816843032836914,-47.207496643066406,0.006014323327690363,0.006723874248564243,-1.7920114994049072,-0.0010465724626556039
6.849999904632568,53,0.6608011722564697,-0.3467303216457367,9.63341236114502,20.958694458007812,-14.794816970825195,-47.426143646240234,0.0042944783344864845,0.021615292876958847,-1.9645222425460815,-0.0010465724626556039
6.860000133514404,53,-0.44083502888679504,-0.3023592531681061,9.74850082397461,21.4833984375,-14.082629203796387,-47.53718566894531,0.010358856990933418,0.02113591693341732,-2.027287721633911,-0.0010465724626556039
6.869999885559082,53,-1.2372835874557495,-0.2445235699415207,9.711919784545898,22.09194564819336,-13.228188514709473,-47.73694610595703,0.033707037568092346,-0.035141512751579285,-1.894066333770752,-0.0010465724626556039
6.880000114440918,53,-1.8101083040237427,0.021037554368376732,9.76953125,22.602584838867188,-12.489385604858398,-46.88867950439453,0.024136869236826897,-0.022077111527323723,-1.6055854558944702,-0.0010465724626556039
6.889999866485596,54,-1.693914771080017,0.16660504043102264,9.842029571533203,22.811384201049805,-11.9855318069458,-46.488014221191406,0.0029558229725807905,0.0026540022809058428,-1.2571513652801514,-0.0015698587521910667
6.900000095367432,54,-0.8083102107048035,0.22855599224567413,9.865307807922363,22.63395881652832,-11.73681640625,-48.38030242919922,0.0006263315444812179,0.00964247714728117,-0.8821031451225281,-0.0010465724626556039
6.909999847412109,54,0.7060430645942688,0.30711838603019714,9.739989280700684,22.73889923095703,-11.64779281616211,-48.38030242919922,0.004088481888175011,0.0015726822894066572,-0.6356295347213745,-0.0010465724626556039
6.920000076293945,54,1.6874823570251465,0.4388417899608612,9.731925964355469,23.209508895874023,-11.326115608215332,-49.15415954589844,-0.0022820031736046076,0.0208214670419693,-0.5718175172805786,-0.0010465724626556039
6.929999828338623,54,1.573872447013855,0.3586825728416443,9.761848449707031,23.600061416625977,-11.311431884765625,-49.119815826416016,-0.026845626533031464,0.0728018581867218,-0.7592529654502869,-0.0015698587521910667
6.940000057220459,54,0.7872100472450256,0.07018925249576569,9.817546844482422,23.743947982788086,-11.271967887878418,-48.79069900512695,-0.04100418463349342,0.10053371638059616,-0.9974637031555176,-0.0010465724626556039
6.949999809265137,54,-0.39307889342308044,-0.43262624740600586,9.759350776672363,23.694183349609375,-11.009486198425293,-48.69339370727539,-0.030827578157186508,0.096293143928051,-1.1788052320480347,-0.0010465724626556039
6.960000038146973,54,-1.3328180313110352,-0.4756469428539276,9.76953125,23.904064178466797,-11.187532424926758,-48.138187408447266,-0.009438611567020416,0.05330343544483185,-1.1964882612228394,-0.0010465724626556039
6.96999979019165,54,-1.6645394563674927,-0.20745402574539185,9.779092788696289,24.311925888061523,-11.02967643737793,-48.31619644165039,0.006007906049489975,0.01268749963492155,-0.9724245667457581,-0.0010465724626556039
6.980000019073486,54,-1.5772422552108765,-0.32361331582069397,9.786295890808105,24.806337356567383,-10.72497844696045,-48.06435012817383,0.007539081387221813,0.0027553963009268045,-0.6615561842918396,-0.0010465724626556039
6.989999771118164,54,-1.4335843324661255,-0.5106514692306519,9.796359062194824,25.07950782775879,-10.28353214263916,-48.0460319519043,0.00023872492602095008,0.010055753402411938,-0.3984622657299042,-0.0010465724626556039
7,54,-0.5246253609657288,-0.19478537142276764,9.787392616271973,25.209331512451172,-9.771417617797852,-48.29787826538086,-0.004892573691904545,0.010402289219200611,-0.1928997039794922,-0.0010465724626556039
7.010000228881836,54,0.016868390142917633,0.00862271897494793,9.794657707214355,25.717805862426758,-9.33731460571289,-47.976776123046875,-0.004449778236448765,0.0011773740407079458,-0.054952748119831085,-0.0010465724626556039
7.019999980926514,54,-0.07322337478399277,-0.026606034487485886,9.818830490112305,25.193103790283203,-9.604384422302246,-48.42094039916992,-0.0035410835407674313,-0.007884539663791656,-0.006610981188714504,-0.0010465724626556039
7.03000020980835,54,0.18048794567584991,0.10315583646297455,9.76817798614502,24.997285842895508,-9.662203788757324,-48.16909408569336,0.0026984880678355694,-0.023511385545134544,-0.012573324143886566,-0.0010465724626556039
7.039999961853027,54,0.057893648743629456,-0.03441767022013664,9.791090965270996,25.065982818603516,-9.465802192687988,-48.15364074707031,0.009233257733285427,-0.027729496359825134,-0.014677566476166248,-0.0010465724626556039
7.050000190734863,54,0.0994897410273552,0.07785303890705109,9.790305137634277,25.17525291442871,-9.365765571594238,-48.62871551513672,-0.008055035024881363,0.017903508618474007,-0.001222347724251449,-0.0010465724626556039
7.059999942779541,54,0.008832105435431004,-0.0006181764765642583,9.75954818725586,25.097898483276367,-9.779678344726562,-49.289241790771484,-0.00474369153380394,0.018702466040849686,0.0006162178469821811,-0.0010465724626556039
7.070000171661377,53,0.09439942985773087,0.030327731743454933,9.797123908996582,25.30777931213379,-9.868700981140137,-48.734031677246094,-0.005611957050859928,0.007245603483170271,0.00446340860798955,-0.0010465724626556039
7.079999923706055,53,0.01580863445997238,0.008218585513532162,9.811715126037598,24.978893280029297,-9.805376052856445,-48.843929290771484,0.0009394974331371486,-0.007122160866856575,0.003699104068800807,-0.0010465724626556039
7.090000152587891,52,0.05854141712188721,0.040266003459692,9.774401664733887,24.624584197998047,-9.327677726745605,-48.442691802978516,-0.008937418460845947,0.010226454585790634,0.006814718712121248,-0.0010465724626556039
7.099999904632568,52,0.033673111349344254,0.02013317681849003,9.816987037658691,24.597536087036133,-8.929367065429688,-47.92640686035156,-0.0007841977057978511,-0.010738969780504704,-0.0013385011116042733,-0.0010465724626556039
7.110000133514404,52,0.0521729476749897,0.036917105317115784,9.815913200378418,24.96699333190918,-9.018389701843262,-47.992801666259766,-0.006315296050161123,0.00022568428539671004,-0.0015092025278136134,-0.0010465724626556039
7.119999885559082,52,0.02901216596364975,0.030569227412343025,9.802760124206543,25.071935653686523,-9.107414245605469,-48.9921760559082,-0.0024360192473977804,-0.004298534709960222,-0.0015092025278136134,-0.0010465724626556039
7.130000114440918,52,0.03910839930176735,0.03033512458205223,9.824031829833984,25.07950782775879,-9.031238555908203,-48.652183532714844,-0.005903945304453373,0.003083963645622134,0.0025542520452290773,-0.0010465724626556039
7.139999866485596,52,0.04780982434749603,0.03909795731306076,9.817901611328125,25.006481170654297,-9.251961708068848,-48.98072814941406,-0.0038876195903867483,-0.001902302959933877,-0.0023229203652590513,-0.0010465724626556039
7.150000095367432,52,0.03265802562236786,0.02890833094716072,9.81120777130127,25.14495849609375,-9.360259056091309,-49.69849395751953,-0.005741586908698082,0.0015322527615353465,0.0004936467739753425,-0.0010465724626556039
7.159999847412109,52,0.05390280857682228,0.034600723534822464,9.810393333435059,25.443012237548828,-9.244161605834961,-50.01215744018555,-0.003431989112868905,-0.005574300419539213,0.0030008985195308924,-0.0010465724626556039
7.170000076293945,53,0.020956026390194893,0.02369646541774273,9.80203628540039,25.338071823120117,-9.333184242248535,-48.79069900512695,-0.0010736195836216211,-0.008417178876698017,0.00416564429178834,-0.0010465724626556039
7.179999828338623,53,0.04031458497047424,0.03849175572395325,9.792195320129395,25.443012237548828,-9.15513801574707,-48.679656982421875,-0.0013181200483813882,-0.006087687332183123,0.004625767003744841,-0.0010465724626556039
7.190000057220459,53,0.018096914514899254,0.03231637179851532,9.821266174316406,25.14495849609375,-9.113838195800781,-48.39804458618164,-0.000555741018615663,-0.005042945500463247,0.0026986422017216682,-0.0010465724626556039
7.199999809265137,53,0.04554636403918266,0.03561845049262047,9.802957534790039,24.837711334228516,-9.304733276367188,-48.124446868896484,-0.0017070103203877807,-0.007363452576100826,0.002105038845911622,-0.0010465724626556039
7.210000038146973,53,0.017610469833016396,0.04488152265548706,9.818571090698242,24.851234436035156,-9.444233894348145,-48.037445068359375,-0.000669327680952847,-0.008397284895181656,0.0018451368669047952,-0.0010465724626556039
7.21999979019165,53,0.04204196482896805,0.041150666773319244,9.797386169433594,25.292633056640625,-9.139535903930664,-48.155357360839844,0.0042944783344864845,-0.004447416868060827,-0.001649100217036903,-0.0010465724626556039
7.230000019073486,53,0.025537550449371338,0.018090324476361275,9.828143119812012,24.66299057006836,-9.495628356933594,-46.93389892578125,0.001540801371447742,-0.0017553463112562895,-0.0027830428443849087,-0.0010465724626556039
7.239999771118164,53,0.038572315126657486,0.021555041894316673,9.801671028137207,25.267751693725586,-9.253338813781738,-48.32478332519531,-0.0019765382166951895,-0.0029200920835137367,0.00038006005343049765,-0.0010465724626556039
7.25,52,0.057968106120824814,0.012326470576226711,9.795939445495605,25.532806396484375,-9.276283264160156,-48.45642852783203,0.0042944783344864845,-0.004084838088601828,0.0027095514815300703,-0.0010465724626556039
7.260000228881836,52,0.02979891560971737,0.026554983109235764,9.810285568237305,25.388378143310547,-9.409358978271484,-48.12559509277344,0.0036745641846209764,-0.005456221755594015,0.004419128876179457,-0.0010465724626556039
7.269999980926514,52,0.05287531390786171,0.0359388031065464,9.805673599243164,25.23908233642578,-9.37173080444336,-48.63043212890625,0.000613496929872781,-0.0067749833688139915,0.002821213100105524,-0.0010465724626556039
7.28000020980835,52,0.029620220884680748,0.030887115746736526,9.811192512512207,25.448963165283203,-9.638800621032715,-47.520015716552734,0.00028492952696979046,-0.0018548149382695556,-0.001427060691639781,-0.0010465724626556039
7.289999961853027,52,0.034780021756887436,0.02171521820127964,9.828697204589844,25.46735382080078,-9.418536186218262,-47.01746368408203,-0.004155222326517105,-0.008584670722484589,-0.0001827399682952091,-0.0010465724626556039
7.300000190734863,52,0.043873582035303116,0.022735413163900375,9.810737609863281,25.395950317382812,-9.514902114868164,-48.159934997558594,0.003997997380793095,-0.00043145078234374523,0.005640988703817129,-0.0010465724626556039
7.309999942779541,52,0.043044641613960266,0.036476004868745804,9.817327499389648,25.291011810302734,-9.542434692382812,-48.852516174316406,-0.0013174782507121563,0.003232204122468829,0.005852760747075081,-0.0010465724626556039
7.320000171661377,52,0.03472542017698288,0.039398591965436935,9.8375244140625,25.231508255004883,-9.333184242248535,-48.339664459228516,-0.003960777074098587,-0.0017547043971717358,0.002672330942004919,-0.0010465724626556039
7.329999923706055,52,0.03961469978094101,0.025389397516846657,9.818403244018555,25.336448669433594,-9.333184242248535,-48.78382873535156,-0.0032965834252536297,0.00040472764521837234,0.005165464710444212,-0.0010465724626556039
7.340000152587891,52,0.042612794786691666,0.018183965235948563,9.804911613464355,25.544708251953125,-9.245537757873535,-49.227996826171875,-0.0040031312964856625,-0.0007792701944708824,0.0077240546233952045,-0.0010465724626556039
7.349999904632568,52,0.03423897549510002,0.026498304679989815,9.80211067199707,25.51766014099121,-9.290508270263672,-48.66935348510742,-0.0016742817824706435,-0.001361963921226561,0.008306748233735561,-0.0010465724626556039
7.360000133514404,52,0.03423897549510002,0.02803599089384079,9.807275772094727,25.576622009277344,-9.286837577819824,-48.24350357055664,0.0001976538187591359,-0.0005508131580427289,0.007495597470551729,-0.0010465724626556039
7.369999885559082,52,0.03085370920598507,0.03270325809717178,9.795259475708008,25.3927059173584,-9.2492094039917,-48.115291595458984,-0.0031310163903981447,-0.002381677972152829,0.004833046812564135,-0.0010465724626556039
7.380000114440918,52,0.01772463321685791,0.022402741014957428,9.813393592834473,24.327613830566406,-9.338232040405273,-47.765567779541016,-0.005521472543478012,-0.002442642580717802,0.001338809379376471,-0.0010465724626556039
7.389999866485596,52,0.029421672224998474,0.04366418719291687,9.804549217224121,24.74737548828125,-9.427255630493164,-48.98702621459961,-0.00427265977486968,-0.0026107768062502146,0.0009666041587479413,-0.0010465724626556039
7.400000095367432,52,0.029421672224998474,0.029736315831542015,9.801766395568848,24.907489776611328,-9.44285774230957,-48.19370651245117,-0.001381009817123413,-0.0010051603894680738,0.0016096208710223436,-0.0010465724626556039
7.409999847412109,52,-0.043167971074581146,-0.02078796550631523,9.813536643981934,25.136844635009766,-9.39008617401123,-48.091251373291016,-0.0008862334652803838,-0.00018053306848742068,0.0004448750987648964,-0.0010465724626556039
7.420000076293945,52,-0.19927740097045898,-0.025982579216361046,9.858903884887695,25.300207138061523,-9.333184242248535,-48.23663330078125,0.0030597837176173925,-0.01563282497227192,-0.0015951946843415499,-0.0010465724626556039
7.429999828338623,52,0.18476668000221252,0.194098562002182,9.77684211730957,25.15469741821289,-9.344655990600586,-47.716915130615234,0.04714685305953026,-0.10677178204059601,-0.015601021237671375,-0.0010465724626556039
7.440000057220459,52,0.5153215527534485,0.09270007163286209,9.567970275878906,24.734933853149414,-9.433679580688477,-48.93837356567383,0.09546680003404617,-0.20816947519779205,-0.0482633151113987,-0.0010465724626556039
7.449999809265137,53,0.6338480710983276,0.2456405609846115,9.896886825561523,25.44463539123535,-9.363011360168457,-47.669979095458984,0.013525810092687607,-0.032568808645009995,-0.06578712165355682,-0.0010465724626556039
7.460000038146973,53,1.6058562994003296,0.6810616850852966,9.674257278442383,25.37701988220215,-9.62916374206543,-48.33050537109375,-0.011746284551918507,0.020337602123618126,-0.07417906820774078,-0.0010465724626556039
7.46999979019165,53,1.7542694807052612,0.8502538204193115,9.862505912780762,24.943193435668945,-9.727365493774414,-49.00133514404297,-0.062164053320884705,0.11957522481679916,-0.16125713288784027,-0.0010465724626556039
7.480000019073486,53,0.8447893857955933,0.7208073735237122,9.725932121276855,24.797142028808594,-9.317582130432129,-48.536563873291016,-0.08129733055830002,0.1711128056049347,-0.3977614939212799,-0.0010465724626556039
7.489999771118164,54,0.8150144219398499,0.5911933183670044,9.694730758666992,25.32184410095215,-8.694417953491211,-49.3138542175293,-0.009177426807582378,0.02804931066930294,-0.775054395198822,-0.0010465724626556039
7.5,54,1.330716609954834,0.5083456635475159,9.859054565429688,25.134681701660156,-9.279036521911621,-48.36942672729492,0.005964267998933792,0.005919141229242086,-1.1011831760406494,-0.0010465724626556039
7.510000228881836,54,1.7881618738174438,0.4959653317928314,9.72543716430664,25.311565399169922,-9.180376052856445,-48.352256774902344,0.014479425735771656,0.0025641596876084805,-1.5233967304229736,-0.0010465724626556039
7.519999980926514,54,1.8138093948364258,0.27340513467788696,9.822072982788086,25.78542137145996,-8.869253158569336,-48.40491485595703,0.024716995656490326,-0.003934030886739492,-2.128028154373169,-0.0010465724626556039
7.53000020980835,54,1.7251323461532593,-0.24269264936447144,9.724201202392578,26.214380264282227,-8.504899024963379,-48.45585632324219,0.03421977907419205,-0.004063019063323736,-2.8240511417388916,-0.0010465724626556039
7.539999961853027,54,1.7289544343948364,-0.9687460064888,9.72093391418457,26.152713775634766,-7.874393463134766,-49.19193649291992,0.043537747114896774,-0.00014523790741804987,-3.5141103267669678,-0.0010465724626556039
7.550000190734863,54,1.7583669424057007,-1.6237109899520874,9.509220123291016,27.097179412841797,-7.073182582855225,-48.969852447509766,0.050289422273635864,-0.009173140861093998,-4.135678768157959,-0.0010465724626556039
7.559999942779541,54,1.7457640171051025,-1.6726409196853638,9.396493911743164,27.701940536499023,-6.776285171508789,-47.75926971435547,0.05769951641559601,-0.009665991179645061,-4.625692367553711,-0.0010465724626556039
7.570000171661377,54,1.3692201375961304,-1.5183647871017456,9.888141632080078,28.347810745239258,-5.621734142303467,-48.04660415649414,0.06219806522130966,-0.011151604354381561,-4.963201522827148,-0.0010465724626556039
7.579999923706055,54,1.4228781461715698,-0.9789922833442688,9.546208381652832,29.046152114868164,-3.813732624053955,-48.98759841918945,0.06920836120843887,-0.01563796028494835,-5.171536445617676,-0.0010465724626556039
7.590000152587891,54,0.7640716433525085,-0.5433592796325684,9.700088500976562,29.675796508789062,-2.1626696586608887,-48.79069900512695,0.06938162446022034,-0.013674257323145866,-5.276623725891113,-0.0010465724626556039
7.599999904632568,54,0.7455767393112183,-0.405598521232605,9.911048889160156,30.30544090270996,-0.827318549156189,-48.79069900512695,0.07094745337963104,-0.02409985475242138,-5.293426036834717,-0.0010465724626556039
7.610000133514404,54,0.7044174671173096,-0.3560870289802551,9.472765922546387,30.750085830688477,0.9003782272338867,-48.79069900512695,0.07576750963926315,-0.04329858720302582,-5.255632400512695,-0.0010465724626556039
7.619999885559082,53,0.20715561509132385,-0.23573856055736542,9.41713809967041,31.16984748840332,2.738665819168091,-48.64645767211914,0.07055214792490005,-0.04637312889099121,-5.190439224243164,-0.0010465724626556039
7.630000114440918,52,-0.04793066903948784,-0.6056453585624695,9.936494827270508,31.589611053466797,4.496648788452148,-48.74891662597656,0.06733513623476028,-0.04298349469900131,-5.090203285217285,-0.0010465724626556039
7.639999866485596,52,-0.5142089128494263,-0.7948742508888245,10.125934600830078,31.93147850036621,6.181669235229492,-49.20109558105469,0.05980439856648445,-0.029038632288575172,-4.96254301071167,-0.0010465724626556039
7.650000095367432,52,-0.8432126045227051,-0.9790169596672058,9.755054473876953,31.93147850036621,8.229207992553711,-49.20109558105469,0.06073619797825813,-0.02461259812116623,-4.796217441558838,-0.0010465724626556039
7.659999847412109,51,-1.291070580482483,-1.2256280183792114,9.67042350769043,32.031551361083984,10.022066116333008,-48.989315032958984,0.05919988825917244,-0.02975352294743061,-4.574795246124268,-0.0010465724626556039
7.670000076293945,51,-1.3329347372055054,-0.9980728626251221,9.972850799560547,32.2879524230957,11.866778373718262,-49.087764739990234,0.04828336462378502,-0.02929147519171238,-4.320333480834961,-0.0010465724626556039
7.679999828338623,50,-1.53471040725708,-0.5209223628044128,9.715214729309082,32.4486083984375,13.692675590515137,-49.092342376708984,0.0337885357439518,-0.01386292651295662,-4.014800548553467,-0.0010465724626556039
7.690000057220459,50,-1.3944898843765259,-0.4368992745876312,9.43281078338623,32.42156219482422,15.427255630493164,-49.35678482055664,0.0349532812833786,-0.019686656072735786,-3.700319290161133,-0.0010465724626556039
7.699999809265137,50,-0.9492231011390686,-0.19419150054454803,9.612224578857422,32.29768753051758,17.020498275756836,-50.973758697509766,0.03267191722989082,-0.019766872748732567,-3.4053661823272705,-0.0010465724626556039
7.710000038146973,50,-0.42675042152404785,-0.07467839866876602,9.748358726501465,31.45816421508789,18.266826629638672,-50.75167465209961,0.030342428013682365,-0.01216169260442257,-3.1432790756225586,-0.0010465724626556039
7.71999979019165,50,-0.14228875935077667,0.06875506043434143,10.274791717529297,31.201763153076172,19.72515869140625,-50.35329818725586,0.023916112259030342,-0.008105296641588211,-2.9470415115356445,-0.0010465724626556039
7.730000019073486,50,0.5572750568389893,0.3037448227405548,9.809022903442383,30.919937133789062,21.138521194458008,-50.47063446044922,0.0178895965218544,-0.0036491008941084146,-2.8537893295288086,-0.0010465724626556039
7.739999771118164,50,1.1107362508773804,0.3952715992927551,9.98965072631836,30.46555519104004,22.356395721435547,-50.952579498291016,0.02196267805993557,-0.002588957780972123,-2.8910744190216064,-0.0010465724626556039
7.75,50,1.6454743146896362,0.14122585952281952,9.770200729370117,29.910018920898438,23.353092193603516,-51.29657745361328,0.024763843044638634,-0.00007657226524315774,-3.074016809463501,-0.0010465724626556039
7.760000228881836,51,1.7341017723083496,-0.24702969193458557,9.860137939453125,29.07049560546875,24.51039695739746,-51.740745544433594,0.03368072584271431,-0.0004584035777952522,-3.3709113597869873,-0.0010465724626556039
7.769999980926514,51,1.0933557748794556,-0.5378369688987732,9.755389213562012,28.685352325439453,25.744792938232422,-52.473392486572266,0.03793734312057495,0.003628795500844717,-3.6857526302337646,-0.0010465724626556039
7.78000020980835,52,0.5198708176612854,-0.6518571972846985,9.879525184631348,28.23746109008789,27.32977867126465,-51.56101989746094,0.03351900726556778,0.006576275918632746,-3.935741901397705,-0.0010465724626556039
7.789999961853027,52,0.5347520709037781,-0.5863725543022156,9.868337631225586,27.543987274169922,29.074453353881836,-51.10197067260742,0.03182675689458847,0.005411529913544655,-4.100696563720703,-0.0010465724626556039
7.800000190734863,52,0.8203206658363342,-0.7309592962265015,9.429628372192383,26.545970916748047,30.765897750854492,-52.74870681762695,0.03321610763669014,0.01319254469126463,-4.181009769439697,-0.0010465724626556039
7.809999942779541,52,-0.25043612718582153,-0.5204443335533142,10.296514511108398,25.286684036254883,32.45734405517578,-54.30329132080078,0.0366910956799984,0.022549014538526535,-4.191796779632568,-0.0010465724626556039
7.820000171661377,53,-0.3252445459365845,-0.6534688472747803,9.69565486907959,24.421194076538086,33.56416702270508,-54.08693313598633,0.04315655678510666,0.018693482503294945,-4.177859783172607,-0.0010465724626556039
7.829999923706055,53,-1.1212661266326904,-0.5912468433380127,9.825385093688965,23.5816707611084,35.44972229003906,-53.44014358520508,0.04267076402902603,0.015345560386776924,-4.142109394073486,-0.0010465724626556039
7.840000152587891,54,-0.6599069237709045,-0.5467771887779236,9.728119850158691,22.39378547668457,37.59087371826172,-54.08464431762695,0.043835509568452835,0.008135687559843063,-4.0217061042785645,-0.0010465724626556039
7.849999904632568,54,-1.3646553754806519,-0.4615490734577179,10.028894424438477,20.87052345275879,39.55213928222656,-55.95575714111328,0.04392535239458084,-0.0017919251695275307,-3.816155433654785,-0.0010465724626556039
7.860000133514404,54,-0.33525142073631287,0.07791218161582947,9.790080070495605,19.50521469116211,41.242671966552734,-56.7296142578125,0.04003003239631653,-0.00335775432176888,-3.606978178024292,-0.0010465724626556039
7.869999885559082,54,-0.26997336745262146,-0.005090766120702028,9.815593719482422,18.03604507446289,42.845088958740234,-57.17378234863281,0.04119477793574333,-0.0006778763490729034,-3.4304468631744385,-0.0015698587521910667
7.880000114440918,54,-0.8070741891860962,-0.012064562179148197,9.59280014038086,16.730239868164062,44.447509765625,-57.53152084350586,0.04233128949999809,-0.00712986197322607,-3.32877516746521,-0.0010465724626556039
7.889999866485596,54,-0.7140191197395325,-0.011766389012336731,10.01180362701416,15.29893684387207,45.70943832397461,-58.47136688232422,0.04233128949999809,0.0080118328332901,-3.2134652137756348,-0.0010465724626556039
7.900000095367432,54,-0.8474541902542114,-0.3819935619831085,9.573718070983887,13.757824897766113,46.74468231201172,-59.35626983642578,0.03780835121870041,0.0028003172483295202,-3.0574488639831543,-0.0010465724626556039
7.909999847412109,54,-0.16113854944705963,-0.07486075162887573,9.682137489318848,12.280001640319824,47.91666793823242,-59.09640884399414,0.03208088502287865,0.008729932829737663,-2.838236093521118,-0.0010465724626556039
7.920000076293945,54,0.5066524147987366,0.1836082935333252,9.788469314575195,10.705892562866211,49.25202178955078,-59.651615142822266,0.03028210625052452,-0.00541258417069912,-2.6345713138580322,-0.0010465724626556039
7.929999828338623,54,0.28092411160469055,-0.20609377324581146,9.981117248535156,8.685516357421875,49.90593338012695,-60.11238098144531,0.029117360711097717,-0.005891958251595497,-2.531466007232666,-0.0010465724626556039
7.940000057220459,54,0.13913509249687195,-0.32805386185646057,9.516711235046387,7.430556297302246,50.660335540771484,-60.350494384765625,0.030597839504480362,-0.005042945500463247,-2.5119385719299316,-0.0010465724626556039
7.949999809265137,54,-0.008163719438016415,-0.655013918876648,9.896967887878418,5.965715408325195,51.44731903076172,-60.84789276123047,0.03210783749818802,-0.010779398493468761,-2.506202220916748,-0.0010465724626556039
7.960000038146973,54,-0.20882265269756317,-0.4621133506298065,9.911331176757812,3.5044798851013184,52.07048797607422,-61.92396545410156,0.034029826521873474,-0.0106029212474823,-2.4670019149780273,-0.0010465724626556039
7.96999979019165,54,0.0744551494717598,-0.5352051258087158,9.317928314208984,1.9303710460662842,52.69364929199219,-62.81229782104492,0.03149434179067612,-0.007333932910114527,-2.3999741077423096,-0.0010465724626556039
7.980000019073486,54,0.11366864293813705,-0.48921751976013184,10.360708236694336,0.5499154925346375,53.23467254638672,-64.2129135131836,0.024405114352703094,-0.00563719030469656,-2.318470001220703,-0.0010465724626556039
7.989999771118164,54,0.3028812110424042,0.0630602091550827,9.959802627563477,-1.249220609664917,53.522850036621094,-64.27587890625,0.022527402266860008,-0.006183947436511517,-2.2459473609924316,-0.0010465724626556039
8,54,0.28929051756858826,-0.2893455922603607,9.923912048339844,-3.19494891166687,53.864261627197266,-63.97537612915039,0.027186384424567223,-0.005972175393253565,-2.2219111919403076,-0.0010465724626556039
8.010000228881836,55,0.26149359345436096,-0.3736102283000946,9.512492179870605,-5.083879470825195,54.39840316772461,-64.1768569946289,0.02872333489358425,-0.004261956084519625,-2.2276129722595215,-0.0010465724626556039
8.020000457763672,55,0.28658032417297363,-0.28974729776382446,9.673653602600098,-6.9728102684021,54.93254089355469,-65.06519317626953,0.024077828973531723,-0.004275432787835598,-2.2005748748779297,-0.0010465724626556039
8.029999732971191,55,0.18916454911231995,-0.21888069808483124,9.830622673034668,-8.339742660522461,54.315345764160156,-63.6336669921875,0.020625945180654526,-0.0022674493957310915,-2.1551132202148438,-0.0010465724626556039
8.039999961853027,55,-0.02670326456427574,-0.3755175471305847,9.801139831542969,-10.024201393127441,54.03175354003906,-65.07034301757812,0.024375593289732933,-0.001102703739888966,-2.129237174987793,-0.0010465724626556039
8.050000190734863,55,0.17660878598690033,-0.4292083978652954,9.921099662780762,-11.529611587524414,53.85370635986328,-66.1641616821289,0.020684344694018364,-0.0011200305307283998,-2.103978395462036,-0.0010465724626556039
8.0600004196167,55,0.25123852491378784,0.006247194483876228,9.844269752502441,-12.883020401000977,53.54258346557617,-65.93177795410156,0.016564417630434036,-0.005865647457540035,-2.016921043395996,-0.0010465724626556039
8.069999694824219,55,0.6553435325622559,0.1351490467786789,9.798704147338867,-14.393840789794922,52.93731689453125,-65.25121307373047,0.016999512910842896,-0.0027339893858879805,-2.0207462310791016,-0.0010465724626556039
8.079999923706055,55,0.9818083047866821,0.5273473858833313,9.520008087158203,-15.023484230041504,52.58122253417969,-65.91746520996094,0.023957183584570885,-0.005001874640583992,-2.153153419494629,-0.0010465724626556039
8.09000015258789,55,1.4746350049972534,1.044044017791748,9.70641040802002,-16.617067337036133,52.00210952758789,-65.56373596191406,0.027451422065496445,-0.00034289160976186395,-2.374454975128174,-0.0010465724626556039
8.100000381469727,55,1.5205446481704712,0.8573877215385437,9.526031494140625,-17.894746780395508,51.37894821166992,-65.61124420166016,0.03205842152237892,-0.0023605008609592915,-2.7426416873931885,-0.0010465724626556039
8.109999656677246,56,1.570641040802002,0.39074721932411194,9.684147834777832,-19.228681564331055,50.788822174072266,-65.35481262207031,0.03881843760609627,-0.021498268470168114,-3.1975293159484863,-0.0010465724626556039
8.119999885559082,55,0.4506342113018036,-0.3677256107330322,9.866299629211426,-21.222553253173828,50.0688362121582,-64.03490447998047,0.04185383766889572,-0.024674847722053528,-3.604766607284546,-0.0010465724626556039
8.130000114440918,55,-1.2017382383346558,-1.4616774320602417,9.941095352172852,-23.2164249420166,48.199344635009766,-63.47969436645508,0.05714762583374977,-0.054307516664266586,-3.8602635860443115,-0.0010465724626556039
8.140000343322754,55,-1.568662405014038,-1.50443696975708,9.844585418701172,-24.82948112487793,46.89519500732422,-62.82374572753906,0.07060091942548752,-0.09071560949087143,-3.824422836303711,-0.0010465724626556039
8.149999618530273,55,-0.952092170715332,-1.0155442953109741,9.388192176818848,-26.474451065063477,45.40841293334961,-62.60738754272461,0.030950792133808136,-0.013807740993797779,-3.548306941986084,-0.0010465724626556039
8.15999984741211,55,-0.2431468665599823,-0.6840303540229797,10.009867668151855,-27.920900344848633,43.884918212890625,-62.656612396240234,-0.00237441249191761,0.047779396176338196,-3.19319224357605,-0.0010465724626556039
8.170000076293945,55,-0.12677213549613953,-0.31371939182281494,9.89172649383545,-28.94217872619629,42.535804748535156,-62.55644607543945,0.016524629667401314,0.020297173410654068,-2.882221221923828,-0.0010465724626556039
8.180000305175781,55,0.2728531062602997,-0.042303234338760376,9.764898300170898,-29.466880798339844,41.46752166748047,-61.66810989379883,0.03311984986066818,0.006033369340002537,-2.639309883117676,-0.0010465724626556039
8.1899995803833,55,0.6254047751426697,-0.01569192111492157,9.799933433532715,-30.0943603515625,40.31205368041992,-60.34476852416992,0.028834355995059013,0.006480016279965639,-2.4410200119018555,-0.0010465724626556039
8.199999809265137,55,0.40970075130462646,-0.00949189718812704,9.763257026672363,-30.488698959350586,39.021671295166016,-59.59323501586914,0.02344123087823391,0.0023036168422549963,-2.2952945232391357,-0.0010465724626556039
8.210000038146973,55,0.5153910517692566,0.06746626645326614,9.750057220458984,-30.911706924438477,38.053428649902344,-58.29393005371094,0.020901892334222794,0.015844186767935753,-2.248392343521118,-0.0010465724626556039
8.220000267028809,55,0.7401638031005859,0.06885117292404175,9.751835823059082,-31.168649673461914,37.48073959350586,-57.145164489746094,0.02982519194483757,-0.0012323338305577636,-2.3326871395111084,-0.0010465724626556039
8.229999542236328,55,0.877301812171936,-0.11358379572629929,9.67637825012207,-30.79216194152832,37.01268005371094,-58.02433776855469,0.029112225398421288,-0.004119491670280695,-2.5448403358459473,-0.0010465724626556039
8.239999771118164,55,0.7597060203552246,-0.28683948516845703,9.613541603088379,-31.211925506591797,36.1224479675293,-56.691837310791016,0.03887106105685234,-0.006490695755928755,-2.8627922534942627,-0.0010465724626556039
8.25,55,0.803682267665863,-0.13935726881027222,9.63581371307373,-31.287654876708984,34.94036102294922,-56.087406158447266,0.04961945116519928,-0.01867143251001835,-3.230403184890747,-0.0010465724626556039
8.260000228881836,55,1.0552690029144287,-0.10443900525569916,9.706697463989258,-31.410985946655273,34.217159271240234,-55.64323806762695,0.08083399385213852,-0.06282459944486618,-3.595883846282959,-0.0010465724626556039
8.270000457763672,55,0.6808645725250244,-0.19284848868846893,10.00223159790039,-31.508893966674805,33.67108917236328,-55.199066162109375,0.10837076604366302,-0.13387730717658997,-3.9005980491638184,-0.0010465724626556039
8.279999732971191,55,0.20323923230171204,-0.17079848051071167,9.760759353637695,-31.494831085205078,32.7478141784668,-54.64500427246094,0.10371178388595581,-0.13387730717658997,-4.077639102935791,-0.0010465724626556039
8.289999961853027,55,-0.4258817732334137,-0.26817286014556885,9.756616592407227,-32.124473571777344,31.590511322021484,-53.312503814697266,0.08054008334875107,-0.09685186296701431,-4.0498833656311035,-0.0010465724626556039
8.300000190734863,54,-0.44174090027809143,-0.4956516623497009,9.93293285369873,-31.7247257232666,30.43320655822754,-52.87119674682617,0.030970046296715736,0.013771388679742813,-3.851071357727051,-0.0010465724626556039
8.3100004196167,54,0.04093257710337639,-0.5744703412055969,9.664669036865234,-31.476980209350586,29.745800018310547,-52.31827926635742,0.03238121420145035,-0.0020524682477116585,-3.535064697265625,-0.0010465724626556039
8.319999694824219,54,0.06473367661237717,-0.606638491153717,9.753961563110352,-31.237348556518555,29.338769912719727,-51.889564514160156,0.0318017303943634,-0.02011083997786045,-3.197679281234741,-0.0010465724626556039
8.329999923706055,54,0.14200907945632935,-0.6114486455917358,9.682549476623535,-30.94091796875,28.982677459716797,-51.69152069091797,0.027656134217977524,-0.017999539151787758,-2.925934076309204,-0.0010465724626556039
8.34000015258789,54,0.27837276458740234,-0.6871204972267151,9.680636405944824,-31.150798797607422,28.6265811920166,-51.136314392089844,0.019613932818174362,0.0025218059308826923,-2.761993646621704,-0.0010465724626556039
8.350000381469727,53,-0.13296934962272644,-0.3253653943538666,9.50460147857666,-30.854909896850586,27.927244186401367,-51.75849151611328,-0.0014573753578588367,0.03911599889397621,-2.6754214763641357,-0.0010465724626556039
8.359999656677246,53,-1.2319152355194092,-0.4277791380882263,9.945544242858887,-30.386463165283203,27.410541534423828,-51.205570220947266,-0.05998408421874046,0.16471858322620392,-2.505605936050415,-0.0010465724626556039
8.369999885559082,52,-1.615274429321289,-0.5136874318122864,9.815713882446289,-30.33399200439453,27.143470764160156,-50.03963088989258,-0.018732188269495964,0.0774768814444542,-2.1627471446990967,-0.0010465724626556039
8.380000114440918,52,-1.658046841621399,-0.5206661224365234,9.7855863571167,-30.4443416595459,27.006723403930664,-49.21311569213867,0.012590807862579823,0.004694710951298475,-1.7018351554870605,-0.0010465724626556039
8.390000343322754,52,-1.6373456716537476,-0.5003090500831604,9.739704132080078,-29.721118927001953,26.739654541015625,-49.76431655883789,0.0002868548908736557,0.023709269240498543,-1.2160015106201172,-0.0010465724626556039
8.399999618530273,52,-1.3299217224121094,-0.7086111307144165,9.778923034667969,-29.30135726928711,26.472583770751953,-50.2084846496582,0.01305798627436161,-0.011527016758918762,-0.764653205871582,-0.0010465724626556039
8.40999984741211,52,-0.7927215099334717,-0.5848817229270935,9.828439712524414,-29.641061782836914,26.420270919799805,-49.58115768432617,-0.005909079220145941,0.02230644039809704,-0.3951111137866974,-0.0010465724626556039
8.420000076293945,52,0.09397006034851074,-0.016367122530937195,9.786772727966309,-29.38520050048828,26.2674617767334,-49.77290344238281,0.008342531509697437,-0.01610514149069786,-0.1416265070438385,-0.0010465724626556039
8.430000305175781,52,0.048326049000024796,0.022772379219532013,9.794133186340332,-29.045495986938477,26.2123966217041,-50.1678466796875,0.002210770733654499,-0.007095208391547203,-0.00658659590408206,-0.0010465724626556039
8.4399995803833,52,0.1835232675075531,0.07128830254077911,9.793044090270996,-29.59562110900879,26.529943466186523,-49.474693298339844,0.0007264420273713768,0.00008578619599575177,0.001391431549564004,-0.0010465724626556039
8.449999809265137,52,0.051547516137361526,0.008834644220769405,9.8143949508667,-29.490680694580078,26.529943466186523,-49.474693298339844,0.005620941054075956,-0.007373720407485962,0.0022712477948516607,-0.0010465724626556039
8.460000038146973,52,0.1671280562877655,0.0626782551407814,9.808176040649414,-29.477699279785156,26.139892578125,-49.37738800048828,-0.0015440101269632578,0.007704442832618952,-0.004893703386187553,-0.0010465724626556039
8.470000267028809,52,0.05417333170771599,0.015278627164661884,9.817676544189453,-29.207233428955078,26.440460205078125,-49.2663459777832,0.0014747029636055231,-0.01423705741763115,-0.0015457812696695328,-0.0010465724626556039
8.479999542236328,52,0.16775844991207123,0.0634988471865654,9.795392036437988,-29.09039306640625,26.785541534423828,-49.38425827026367,-0.010172754526138306,0.0055636195465922356,-0.00271052704192698,-0.0015698587521910667
8.489999771118164,52,0.06002309173345566,0.024738838896155357,9.820322036743164,-29.3105525970459,26.607494354248047,-49.748291015625,0.004378545563668013,-0.007668917533010244,0.0052373381331563,-0.0010465724626556039
8.5,52,0.17031230032444,0.054768048226833344,9.790849685668945,-29.100669860839844,26.4294490814209,-49.748291015625,-0.003093153703957796,0.003121183719485998,0.003699104068800807,-0.0010465724626556039
8.510000228881836,52,0.07212963700294495,0.02577628381550312,9.816487312316895,-29.28891372680664,26.50470542907715,-49.958927154541016,-0.0012507379287853837,-0.004358216654509306,0.0023841927759349346,-0.0010465724626556039
8.520000457763672,52,0.16777582466602325,0.06083746999502182,9.820089340209961,-29.724363327026367,26.657512664794922,-49.06715774536133,-0.000613496929872781,-0.0034129431005567312,0.0012194471200928092,-0.0010465724626556039
8.529999732971191,51,0.08530835807323456,0.02941596321761608,9.788741111755371,-29.89313507080078,26.619884490966797,-48.649322509765625,0.0002765870012808591,-0.0008087899186648428,0.000054701315093552694,-0.0010465724626556039
8.539999961853027,51,0.15446805953979492,0.048947516828775406,9.808907508850098,-29.55072593688965,26.37529945373535,-49.23257827758789,0.000613496929872781,-0.00013497007603291422,-0.0011100445408374071,-0.0010465724626556039
8.550000190734863,51,0.09517376869916916,0.03672982379794121,9.824263572692871,-28.833450317382812,26.19908905029297,-49.86448287963867,0.0029102598782628775,0.0006306176073849201,-0.0022747903130948544,-0.0010465724626556039
8.5600004196167,51,0.1107102558016777,0.04069724678993225,9.792067527770996,-28.938390731811523,26.110065460205078,-48.865108489990234,0.0042944783344864845,-0.0010179949458688498,-0.00414287531748414,-0.0010465724626556039
8.569999694824219,51,0.10657795518636703,0.05025602877140045,9.810073852539062,-29.2088565826416,26.442296981811523,-49.09177017211914,0.0017301124753430486,-0.002588957780972123,-0.0032669096253812313,-0.0010465724626556039
8.579999923706055,51,0.11618277430534363,0.045509904623031616,9.81503963470459,-28.997894287109375,26.788293838500977,-49.46152877807617,0.0022807198110967875,-0.003167801070958376,-0.0009303591214120388,-0.0010465724626556039
8.59000015258789,50,0.11999492347240448,0.03606447950005531,9.800971984863281,-28.81127166748047,26.795177459716797,-49.827850341796875,0.005521472543478012,-0.00019978538330178708,-0.0013153990730643272,-0.0010465724626556039
8.600000381469727,50,0.08973104506731033,0.03606447950005531,9.80997371673584,-29.46796226501465,26.34363555908203,-50.411678314208984,0.001432348508387804,0.0011382285738363862,-0.00046446092892438173,-0.0010465724626556039
8.609999656677246,50,0.14223244786262512,0.036621395498514175,9.801261901855469,-29.363021850585938,26.699731826782227,-50.18959426879883,-0.003168878611177206,-0.00582714332267642,0.004182971082627773,-0.0010465724626556039
8.619999885559082,50,0.09933090209960938,0.043881043791770935,9.811102867126465,-29.077409744262695,26.519390106201172,-49.29840087890625,0.0015106399077922106,-0.005187977105379105,0.004203506279736757,-0.0010465724626556039
8.630000114440918,49,0.12803864479064941,0.02213660255074501,9.819235801696777,-29.02656364440918,26.308303833007812,-49.34648132324219,-0.0001893112639663741,0.00028921556076966226,0.0005205996567383409,-0.0010465724626556039
8.640000343322754,49,0.10416308790445328,0.027483999729156494,9.808395385742188,-29.173154830932617,26.342260360717773,-49.571998596191406,-0.0032728391233831644,-0.002999667078256607,0.0031934184953570366,-0.0010465724626556039
8.649999618530273,49,0.12463104724884033,0.03719310089945793,9.792716979980469,-29.41765594482422,26.595563888549805,-49.31099319458008,-0.00400826521217823,-0.005042945500463247,0.0018855660455301404,-0.0010465724626556039
8.65999984741211,49,0.1180541068315506,0.04563065245747566,9.805545806884766,-29.837419509887695,26.328493118286133,-49.97724151611328,-0.0017596324905753136,-0.004962087143212557,-0.0002822086098603904,-0.0010465724626556039
8.670000076293945,49,0.1783088594675064,0.06755498051643372,9.79120922088623,-29.376005172729492,26.2275390625,-49.19308090209961,-0.0005948866601102054,-0.0037973416037857533,-0.0002635983400978148,-0.0010465724626556039
8.680000305175781,49,0.3294297158718109,0.14874179661273956,9.748838424682617,-28.998435974121094,26.325740814208984,-49.394561767578125,0.0005698590539395809,-0.0026325955986976624,0.0009011473739519715,-0.0010465724626556039
8.6899995803833,50,-0.22987137734889984,-0.07416090369224548,9.904994010925293,-28.683612823486328,26.336753845214844,-49.53994369506836,-0.018445339053869247,0.03552870824933052,0.003187000984326005,-0.0010465724626556039
8.699999809265137,50,0.13058504462242126,-0.014309484511613846,9.68755054473877,-28.51808738708496,26.32757568359375,-49.38540267944336,-0.008597941137850285,0.015833919867873192,0.0033987730275839567,-0.0010465724626556039
8.710000038146973,50,0.12358369678258896,0.05221756175160408,9.7780179977417,-28.8302059173584,26.858503341674805,-50.16097640991211,-0.0007687962497584522,0.004162074998021126,0.0024021612480282784,-0.0010465724626556039
8.720000267028809,50,0.09471959620714188,0.03765391558408737,9.828692436218262,-28.620323181152344,26.769481658935547,-50.60514450073242,-0.004058321006596088,-0.0032871635630726814,-0.0015656750183552504,-0.0010465724626556039
8.729999542236328,50,0.08951760083436966,0.02763431891798973,9.792152404785156,-28.897279739379883,26.680458068847656,-50.79174041748047,-0.0037772415671497583,-0.004170830361545086,-0.0018640810158103704,-0.0010465724626556039
8.739999771118164,51,0.07132551074028015,0.03611129894852638,9.79095458984375,-29.146650314331055,26.39870262145996,-50.361881256103516,-0.0014477500226348639,-0.004625819157809019,0.00011053204070776701,-0.0010465724626556039
8.75,52,-0.13439643383026123,0.1488921046257019,9.788124084472656,-29.219135284423828,26.25644874572754,-49.679603576660156,0.006115075200796127,-0.01476199459284544,-0.0012980722822248936,-0.0010465724626556039
8.760000228881836,52,-0.5574901700019836,0.4146602153778076,9.826932907104492,-29.235363006591797,26.694225311279297,-49.560550689697266,0.013856302946805954,-0.02647683396935463,-0.02192658558487892,-0.0010465724626556039
8.770000457763672,52,-0.6839339137077332,0.34464383125305176,9.793889045715332,-29.44524383544922,25.982036590576172,-50.67096710205078,0.016564417630434036,-0.0345485545694828,-0.10750491172075272,-0.0010465724626556039
8.779999732971191,52,0.6178250908851624,0.04069971665740013,9.726112365722656,-29.388986587524414,25.947160720825195,-49.71623611450195,0.01824704185128212,-0.03312390670180321,-0.28062593936920166,-0.0010465724626556039
8.789999961853027,52,3.5187180042266846,-0.32570788264274597,9.758594512939453,-29.477157592773438,25.872364044189453,-49.473548889160156,0.015259131789207458,-0.014663167297840118,-0.5522850751876831,-0.0010465724626556039
8.800000190734863,52,3.854241371154785,-0.27144044637680054,9.578965187072754,-29.36680793762207,25.864103317260742,-50.425987243652344,0.04550401493906975,-0.07456575334072113,-0.90068519115448,-0.0010465724626556039
8.8100004196167,52,3.2839159965515137,0.0824611559510231,9.669419288635254,-28.862661361694336,26.06463623046875,-51.80427932739258,0.06523410230875015,-0.11320001631975174,-1.2469959259033203,-0.0010465724626556039
8.819999694824219,52,3.424563407897949,0.550834059715271,9.872856140136719,-29.072542190551758,25.88658905029297,-50.91594696044922,-0.034493159502744675,0.10356012731790543,-1.6034600734710693,-0.0010465724626556039
8.829999923706055,52,4.093443870544434,0.5659595727920532,9.717411994934082,-29.08985137939453,25.953584671020508,-50.231380462646484,0.00619015796110034,0.030179863795638084,-2.0924954414367676,-0.0010465724626556039
8.84000015258789,51,3.5544817447662354,0.5034171938896179,9.731049537658691,-29.233739852905273,25.92054557800293,-50.17414093017578,0.049487896263599396,-0.05589388310909271,-2.7637341022491455,-0.0010465724626556039
8.850000381469727,49,3.028953790664673,0.5964593887329102,9.860013008117676,-29.110408782958984,25.710376739501953,-49.640682220458984,0.06396539509296417,-0.07603147625923157,-3.496272563934326,-0.0010465724626556039
8.859999656677246,50,2.1307761669158936,0.27982449531555176,9.928984642028809,-28.795045852661133,25.433212280273438,-48.61555099487305,0.07977128773927689,-0.10260692983865738,-4.215836524963379,-0.0010465724626556039
8.869999885559082,50,1.1333212852478027,-0.02946455031633377,9.948453903198242,-29.214807510375977,25.433212280273438,-49.05971908569336,0.046011630445718765,-0.02345106191933155,-4.890172958374023,-0.0010465724626556039
8.880000114440918,49,1.1440876722335815,-0.43347644805908203,9.645244598388672,-29.322994232177734,25.34510612487793,-48.95439910888672,0.04484688118100166,-0.029274791479110718,-5.471381187438965,-0.0010465724626556039
8.890000343322754,49,0.8191244006156921,-0.908519983291626,9.894326210021973,-29.58696746826172,24.783891677856445,-49.516475677490234,0.05802294984459877,-0.04502677544951439,-5.988607406616211,-0.0010465724626556039
8.899999618530273,48,0.29045698046684265,-1.1493204832077026,9.740303993225098,-29.846614837646484,24.39934730529785,-49.70994186401367,0.04389583319425583,-0.004084196873009205,-6.431479454040527,-0.0010465724626556039
8.90999984741211,48,0.273160845041275,-1.3559986352920532,9.703425407409668,-30.02566146850586,24.101072311401367,-49.670448303222656,0.01957414485514164,0.07400831580162048,-6.769043922424316,-0.0010465724626556039
8.920000076293945,46,0.7709687352180481,-1.617050051689148,9.601140022277832,-30.195514678955078,23.305368423461914,-50.16498565673828,0.04526785761117935,0.043320633471012115,-6.9718017578125,-0.0010465724626556039
8.930000305175781,45,0.890341579914093,-1.641032099723816,9.784018516540527,-31.34986114501953,22.593181610107422,-48.05519104003906,0.05497407168149948,0.01575498655438423,-7.044792652130127,-0.0010465724626556039
8.9399995803833,43,0.2656060457229614,-1.294437050819397,10.041730880737305,-32.504207611083984,22.176513671875,-49.355064392089844,0.06410401314496994,-0.0009705066913738847,-6.994163990020752,-0.0010465724626556039
8.949999809265137,42,0.0016173175536096096,-1.2930423021316528,9.836119651794434,-32.968326568603516,20.915502548217773,-49.56112289428711,0.07224375754594803,-0.015523090958595276,-6.873692512512207,-0.0010465724626556039
8.960000038146973,40,-0.2889447808265686,-1.365505576133728,9.756684303283691,-33.352386474609375,19.37181854248047,-49.09005355834961,0.07089611887931824,-0.014987243339419365,-6.718900203704834,-0.0010465724626556039
8.970000267028809,37,-0.6642526984214783,-1.178950548171997,10.017624855041504,-34.317405700683594,18.320974349975586,-49.45981216430664,0.06930846720933914,-0.002083913888782263,-6.540889263153076,-0.0010465724626556039
8.979999542236328,36,-0.8802297115325928,-1.2091127634048462,9.768699645996094,-34.7371711730957,16.80757713317871,-49.34877014160156,0.0710950568318367,0.007085811346769333,-6.323505401611328,-0.0010465724626556039
8.989999771118164,36,-0.9563237428665161,-1.0349403619766235,9.744671821594238,-35.53558349609375,15.213874816894531,-49.237728118896484,0.06937585026025772,0.015183200128376484,-6.024815559387207,-0.0010465724626556039
9,37,-1.2421703338623047,-1.3281354904174805,10.367450714111328,-36.164146423339844,13.790417671203613,-49.87078094482422,0.06564417481422424,0.004292990546673536,-5.667453765869141,-0.0010465724626556039
9.010000228881836,40,-1.1738395690917969,-1.5963037014007568,10.14188289642334,-36.458953857421875,12.221035957336426,-50.14037322998047,0.06564417481422424,-0.036588624119758606,-5.3378400802612305,-0.0010465724626556039
9.020000457763672,42,-0.01719523034989834,-1.6173679828643799,9.699406623840332,-36.545501708984375,10.443321228027344,-49.6343879699707,0.06446851789951324,-0.031015172600746155,-5.075838565826416,-0.0010465724626556039
9.029999732971191,44,0.3531414866447449,-1.2858366966247559,9.94406795501709,-36.96526336669922,9.018946647644043,-49.74542999267578,0.06004120036959648,-0.014464231207966805,-4.9587273597717285,-0.0010465724626556039
9.039999961853027,46,0.5764598846435547,-1.6203079223632812,9.583500862121582,-37.58949661254883,7.421113967895508,-49.96464920043945,0.05976589769124985,-0.0117323724552989,-4.975203037261963,-0.0010465724626556039
9.050000190734863,47,0.9231022000312805,-1.788265347480774,9.076425552368164,-37.362308502197266,5.554375648498535,-49.8570442199707,0.07582976669073105,-0.037635933607816696,-5.042809009552002,-0.0010465724626556039
9.0600004196167,48,-0.02251884527504444,-1.2652702331542969,9.595959663391113,-37.05181121826172,3.7321486473083496,-49.80495834350586,0.0668262466788292,-0.032171573489904404,-5.063232421875,-0.0010465724626556039
9.069999694824219,49,-1.1511180400848389,-1.1639727354049683,9.92375373840332,-36.888450622558594,2.040703773498535,-49.823272705078125,0.06566150486469269,-0.03566581383347511,-5.041101932525635,-0.0010465724626556039
9.079999923706055,50,-0.6405186057090759,-1.0331512689590454,10.081178665161133,-36.55902862548828,0.3286091983318329,-49.60118865966797,0.06334933638572693,-0.028833279386162758,-4.93750524520874,-0.0015698587521910667
9.09000015258789,51,-0.7915153503417969,-0.8380944728851318,10.413871765136719,-35.92938232421875,-1.807952880859375,-49.37910461425781,0.05559398606419563,-0.014248606748878956,-4.7382683753967285,-0.0010465724626556039
9.100000381469727,51,0.2750917375087738,-0.2707529067993164,9.37236499786377,-34.95787048339844,-3.2919821739196777,-49.88051223754883,0.03925738483667374,-0.01342783123254776,-4.468687057495117,-0.0010465724626556039
9.109999656677246,52,0.39039182662963867,-0.3816978633403778,9.6942138671875,-34.09183883666992,-4.679187297821045,-50.223365783691406,0.03907833993434906,-0.019395951181650162,-4.144200325012207,-0.0010465724626556039
9.119999885559082,52,0.33859527111053467,-0.3088599145412445,9.506342887878418,-33.394039154052734,-6.197174072265625,-50.451175689697266,0.03808044642210007,-0.015603306703269482,-3.8224964141845703,-0.0010465724626556039
9.130000114440918,53,0.08427341282367706,-0.4593731164932251,9.982879638671875,-32.702186584472656,-7.8358473777771,-50.65837478637695,0.03157006576657295,-0.016140438616275787,-3.5505106449127197,-0.0010465724626556039
9.140000343322754,53,0.4273666739463806,-0.5965079665184021,9.238492965698242,-31.547842025756836,-9.082175254821777,-49.103790283203125,0.028834355995059013,-0.014217163436114788,-3.408815860748291,-0.0010465724626556039
9.149999618530273,54,0.7008857727050781,-0.7095968127250671,9.69192123413086,-30.57957649230957,-10.01279067993164,-49.715091705322266,0.031681083142757416,-0.009558180347084999,-3.4319651126861572,-0.0010465724626556039
9.15999984741211,54,0.20286941528320312,-1.1285024881362915,9.696566581726074,-29.909902572631836,-11.194416046142578,-50.38534927368164,0.03439176455140114,-0.006198065355420113,-3.590871810913086,-0.0010465724626556039
9.170000076293945,54,-0.16256313025951385,-0.7299020886421204,9.992378234863281,-29.16341781616211,-12.26636791229248,-50.001853942871094,0.032033395022153854,0.003177656326442957,-3.795809268951416,-0.0010465724626556039
9.180000305175781,54,-0.1137150302529335,-0.8419855833053589,9.900638580322266,-28.154041290283203,-13.080427169799805,-49.05628204345703,0.03145904466509819,0.006360652856528759,-3.9628448486328125,-0.0010465724626556039
9.1899995803833,54,-0.1767420470714569,-0.37180888652801514,10.035913467407227,-27.314517974853516,-14.326754570007324,-51.16607666015625,0.03496932610869408,0.000026105013603228144,-4.040310382843018,-0.0010465724626556039
9.199999809265137,53,0.3244759440422058,-0.4895501732826233,9.587812423706055,-25.871313095092773,-15.40237808227539,-50.29491424560547,0.03496932610869408,0.00512210838496685,-3.996298313140869,-0.0010465724626556039
9.210000038146973,53,-0.40641894936561584,-0.0293191596865654,9.785079956054688,-24.402145385742188,-16.470659255981445,-50.58682632446289,0.033616553992033005,0.010231588035821915,-3.858330726623535,-0.0010465724626556039
9.220000267028809,53,-0.2978770136833191,-0.2481435239315033,10.200106620788574,-22.72525978088379,-17.450836181640625,-50.9794807434082,0.028957568109035492,0.00845398660749197,-3.6914353370666504,-0.0010465724626556039
9.229999542236328,52,0.21414703130722046,-0.0014091948978602886,9.42044734954834,-21.139789581298828,-18.341068267822266,-50.68756866455078,0.02643555775284767,0.007812894880771637,-3.5289156436920166,-0.0010465724626556039
9.239999771118164,52,-0.2986712157726288,-0.8323503732681274,9.679497718811035,-20.398714065551758,-19.21753692626953,-49.61836242675781,0.03296968340873718,0.0014411265728995204,-3.384908676147461,-0.0010465724626556039
9.25,52,-0.015788014978170395,-1.0231415033340454,9.682929992675781,-19.45425033569336,-19.66265296936035,-49.8404426574707,0.03699912503361702,-0.02186405658721924,-3.320460319519043,-0.0010465724626556039
9.260000228881836,51,0.24245023727416992,-0.31964096426963806,9.491560935974121,-18.258251190185547,-20.107770919799805,-49.88508987426758,0.04683497175574303,-0.015614858828485012,-3.3360331058502197,-0.0010465724626556039
9.270000457763672,50,0.2500571608543396,-0.655997097492218,9.811115264892578,-16.641950607299805,-20.906227111816406,-49.003623962402344,0.029363784939050674,0.057764116674661636,-3.3698108196258545,-0.0010465724626556039
9.279999732971191,49,-0.0082456199452281,-0.4776701033115387,9.55638599395752,-15.104623794555664,-21.676233291625977,-48.11872482299805,0.028834355995059013,0.04417542368173599,-3.391164541244507,-0.0010465724626556039
9.289999961853027,48,-0.17600493133068085,-0.41794437170028687,10.063639640808105,-14.232643127441406,-21.88181495666504,-48.44841384887695,0.036304771900177,0.013995351269841194,-3.3502321243286133,-0.0010465724626556039
9.300000190734863,48,-0.16296519339084625,-0.14272834360599518,9.863679885864258,-13.078296661376953,-22.326932907104492,-47.78216552734375,0.03842826932668686,0.007671072613447905,-3.2272658348083496,-0.0010465724626556039
9.3100004196167,48,-0.2000889778137207,0.09550929814577103,9.426329612731934,-11.649698257446289,-22.849599838256836,-48.276702880859375,0.037707600742578506,0.0025134626775979996,-3.0073115825653076,-0.0010465724626556039
9.319999694824219,47,-0.24027040600776672,0.043563149869441986,10.155329704284668,-10.180529594421387,-23.213035583496094,-48.304176330566406,0.03566239774227142,-0.00683209765702486,-2.807875156402588,-0.0010465724626556039
9.329999923706055,46,-0.5034773349761963,-0.5636695623397827,9.79575252532959,-8.882295608520508,-23.335098266601562,-48.10670471191406,0.03578753396868706,-0.003405242459848523,-2.642789363861084,-0.0010465724626556039
9.34000015258789,46,0.008298506960272789,-0.23751774430274963,9.641454696655273,-7.814498424530029,-23.308483123779297,-48.10670471191406,0.03695227950811386,-0.009962472133338451,-2.426236391067505,-0.0015698587521910667
9.350000381469727,46,0.40199705958366394,-0.19950933754444122,9.502288818359375,-6.660151958465576,-23.57555389404297,-48.10670471191406,0.034648459404706955,-0.009842468425631523,-2.19709849357605,-0.0010465724626556039
9.359999656677246,46,0.9415796995162964,-0.13527649641036987,9.85917854309082,-6.000757217407227,-23.926599502563477,-48.83992385864258,0.04135585203766823,-0.027775702998042107,-2.03971529006958,-0.0010465724626556039
9.369999885559082,46,1.5319288969039917,0.22855599224567413,9.727025032043457,-5.1471686363220215,-24.029390335083008,-48.74834442138672,0.049124035984277725,-0.04693785309791565,-2.015069007873535,-0.0010465724626556039
9.380000114440918,46,1.1643346548080444,-0.0053445808589458466,9.456456184387207,-4.253009796142578,-23.986713409423828,-48.463871002197266,0.03072233498096466,-0.0057770865969359875,-2.229548931121826,-0.0010465724626556039
9.390000343322754,46,0.5545499324798584,-0.6254504919052124,9.792247772216797,-3.3875203132629395,-23.87566375732422,-48.2429313659668,0.013526452705264091,0.038271479308605194,-2.645151376724243,-0.0010465724626556039
9.399999618530273,46,-0.15655456483364105,-0.9881518483161926,9.97925090789795,-2.446300745010376,-23.70037078857422,-47.72721481323242,0.03410940244793892,0.010700054466724396,-2.989929676055908,-0.0010465724626556039
9.40999984741211,47,-1.2807583808898926,-1.3684035539627075,9.998727798461914,-1.7117165327072144,-23.70037078857422,-49.72596740722656,0.04814603179693222,-0.010325050912797451,-3.096989393234253,-0.0010465724626556039
9.420000076293945,47,-1.1145973205566406,-0.5549584031105042,9.85378646850586,-0.40158194303512573,-23.70037078857422,-49.8106803894043,0.04543342441320419,-0.015890803188085556,-2.967028856277466,-0.0010465724626556039
9.430000305175781,48,-0.9329593777656555,-0.33760032057762146,9.867453575134277,0.9518270492553711,-23.945873260498047,-48.50908660888672,0.037671662867069244,-0.016439486294984818,-2.762704372406006,-0.0010465724626556039
9.4399995803833,48,-1.217445969581604,-0.3434109687805176,9.665715217590332,2.1775765419006348,-24.16338348388672,-47.04264831542969,0.03198141232132912,0.0009585432708263397,-2.739605188369751,-0.0010465724626556039
9.449999809265137,48,-0.9950309991836548,-0.3811730146408081,9.769454002380371,3.304335594177246,-23.90411376953125,-46.78736877441406,0.02753612957894802,-0.0004911319701932371,-2.7923824787139893,-0.0010465724626556039
9.460000038146973,49,-0.4481019377708435,-0.23493029177188873,9.903615951538086,4.143860340118408,-23.7260684967041,-47.34257888793945,0.0263893511146307,-0.006296892184764147,-2.742852210998535,-0.0010465724626556039
9.470000267028809,49,-0.3001454174518585,-0.27631717920303345,9.592153549194336,4.893590450286865,-23.77654457092285,-47.04264831542969,0.027554098516702652,-0.009791129268705845,-2.6147303581237793,-0.0010465724626556039
9.479999542236328,49,0.22815467417240143,-0.5149343013763428,9.932144165039062,5.889985084533691,-23.698993682861328,-47.498836517333984,0.030941808596253395,-0.01550833135843277,-2.5177295207977295,-0.0010465724626556039
9.489999771118164,50,0.3940476179122925,-0.7818433046340942,9.566996574401855,7.003221035003662,-23.311695098876953,-48.10670471191406,0.027091408148407936,-0.008741253986954689,-2.5344884395599365,-0.0010465724626556039
9.5,50,0.5216850638389587,-0.6392427682876587,9.801219940185547,8.035858154296875,-22.699087142944336,-47.98249816894531,0.027367353439331055,-0.008483918383717537,-2.6188783645629883,-0.0010465724626556039
9.510000228881836,51,0.2685694098472595,-0.29199713468551636,9.789610862731934,8.98032283782959,-22.610061645507812,-47.20520782470703,0.02760736271739006,-0.01334761455655098,-2.6771578788757324,-0.0010465724626556039
9.520000457763672,51,0.12283417582511902,-0.1047150045633316,9.8710355758667,9.924788475036621,-22.438440322875977,-47.76728439331055,0.030194830149412155,-0.020896321162581444,-2.7183148860931396,-0.0010465724626556039
9.529999732971191,52,-0.022702494636178017,-0.3087219297885895,9.87319564819336,10.7232027053833,-22.13649559020996,-47.892635345458984,0.03208858519792557,-0.021847371011972427,-2.742347240447998,-0.0010465724626556039
9.539999961853027,52,-0.21775737404823303,-0.550399661064148,9.895345687866211,11.409103393554688,-21.821699142456055,-47.833106994628906,0.03251533582806587,-0.01877988688647747,-2.7384164333343506,-0.0010465724626556039
9.550000190734863,52,-0.6342046856880188,-0.5335516333580017,9.770890235900879,12.111772537231445,-21.43073081970215,-48.09067916870117,0.03183959051966667,-0.010555434040725231,-2.6917014122009277,-0.0010465724626556039
9.5600004196167,52,-0.9689092636108398,-0.3845638036727905,9.715241432189941,13.05623722076416,-20.629520416259766,-49.20109558105469,0.02822086028754711,-0.003815951757133007,-2.586171865463257,-0.0010465724626556039
9.569999694824219,52,-0.3430817127227783,-0.059308938682079315,9.737383842468262,13.685880661010742,-20.540496826171875,-48.42380142211914,0.026807120069861412,-0.0036914553493261337,-2.433785915374756,-0.0010465724626556039
9.579999923706055,53,0.9865833520889282,0.07989588379859924,9.801858901977539,14.396122932434082,-20.10960578918457,-47.64651107788086,0.025900350883603096,-0.0030869427137076855,-2.326209545135498,-0.0010465724626556039
9.59000015258789,53,1.5243642330169678,-0.09830058366060257,9.784482955932617,14.961936950683594,-19.62318992614746,-47.702606201171875,0.023179402574896812,-0.0018419803818687797,-2.388380527496338,-0.0010465724626556039
9.600000381469727,54,1.1383743286132812,-0.29883044958114624,9.663575172424316,15.573188781738281,-19.259296417236328,-48.074649810791016,0.026380367577075958,-0.003584927646443248,-2.6309826374053955,-0.0010465724626556039
9.609999656677246,54,0.6585228443145752,-0.3473660945892334,9.851014137268066,16.57715606689453,-19.06839942932129,-47.64765548706055,0.02758939377963543,-0.00013497007603291422,-2.928110361099243,-0.0010465724626556039
9.619999885559082,54,0.6072970628738403,-0.25626319646835327,9.877738952636719,16.996917724609375,-18.71230697631836,-48.86911392211914,0.03200836852192879,-0.0013350110966712236,-3.1748528480529785,-0.0010465724626556039
9.630000114440918,54,0.6308574080467224,-0.17545835673809052,9.776457786560059,17.504852294921875,-18.05702018737793,-48.224613189697266,0.0355026051402092,-0.0066254595294594765,-3.3611698150634766,-0.0010465724626556039
9.640000343322754,54,-0.10386946052312851,-0.010738799348473549,9.904050827026367,18.02955436706543,-17.61557388305664,-48.17081069946289,0.03830377012491226,-0.008030855096876621,-3.5100646018981934,-0.0010465724626556039
9.649999618530273,54,-1.0379648208618164,0.16786673665046692,9.9545259475708,18.514768600463867,-17.080514907836914,-48.55888366699219,0.03491606190800667,-0.0012021723669022322,-3.6092991828918457,-0.0010465724626556039
9.65999984741211,54,-0.8311805725097656,0.1625538319349289,9.811957359313965,19.146575927734375,-16.152652740478516,-48.669925689697266,0.033751316368579865,0.0022920649498701096,-3.591827869415283,-0.0010465724626556039
9.670000076293945,54,-0.28133535385131836,0.1819966733455658,9.621508598327637,21.035507202148438,-15.529489517211914,-48.780967712402344,0.041832663118839264,-0.0034597895573824644,-3.4761171340942383,-0.0010465724626556039
9.680000305175781,54,-0.339837908744812,0.1407749056816101,9.8351411819458,21.775501251220703,-15.068770408630371,-48.48676681518555,0.04123777523636818,0.0016516149044036865,-3.322463035583496,-0.0010465724626556039
9.6899995803833,55,-1.0068893432617188,-0.13855145871639252,9.743978500366211,22.619354248046875,-14.502508163452148,-47.926979064941406,0.03697923198342323,-0.004899838473647833,-3.155043125152588,-0.0010465724626556039
9.699999809265137,55,-1.3103770017623901,-0.6939513683319092,9.6985445022583,23.18733024597168,-13.87934398651123,-47.90808868408203,0.03425828367471695,0.0014821976656094193,-2.98712420463562,-0.0015698587521910667
9.710000038146973,55,-1.7502357959747314,-1.0605313777923584,9.664067268371582,23.451305389404297,-13.236906051635742,-48.42094039916992,0.03011525608599186,-0.0018946025520563126,-2.774062156677246,-0.0010465724626556039
9.720000267028809,55,-1.7335079908370972,-0.9280540347099304,9.594606399536133,24.290830612182617,-12.52471923828125,-47.976776123046875,0.027989836409687996,-0.0021269097924232483,-2.495741128921509,-0.0010465724626556039
9.729999542236328,55,-1.4073411226272583,-0.8857257962226868,9.80207633972168,24.613765716552734,-11.987825393676758,-48.84450149536133,0.026825089007616043,-0.003708782372996211,-2.1561057567596436,-0.0010465724626556039
9.739999771118164,55,-1.1433498859405518,-0.5324230194091797,9.929948806762695,25.0075626373291,-11.386688232421875,-50.31781005859375,0.024220293387770653,-0.0028828715439885855,-1.7630783319473267,-0.0010465724626556039
9.75,55,-0.852561891078949,-0.35148385167121887,9.78804874420166,25.645862579345703,-10.856219291687012,-50.07569122314453,0.020068280398845673,-0.001361963921226561,-1.3167047500610352,-0.0010465724626556039
9.760000228881836,55,-0.5483494997024536,-0.11269913613796234,9.80390453338623,26.212757110595703,-10.334009170532227,-48.91032791137695,0.014218240045011044,-0.0001709071220830083,-0.8592754602432251,-0.0010465724626556039
9.770000457763672,54,0.1315455436706543,0.13415595889091492,9.714550018310547,26.143518447875977,-9.652108192443848,-49.786067962646484,0.007229765877127647,-0.001574377529323101,-0.4603028893470764,-0.0010465724626556039
9.779999732971191,54,0.10980934649705887,0.05386120826005936,9.792707443237305,26.66822052001953,-9.474061965942383,-50.45232009887695,-0.001642836956307292,-0.003629849059507251,-0.17042620480060577,-0.0010465724626556039
9.789999961853027,54,0.008328285999596119,0.03049776516854763,9.803080558776855,26.67363166809082,-9.516278266906738,-50.294342041015625,-0.00715853413566947,-0.002588316099718213,-0.02441907674074173,-0.0010465724626556039
9.800000190734863,54,0.049001120030879974,0.01499770488590002,9.75118350982666,26.87972640991211,-9.34144401550293,-49.5662727355957,-0.002374412724748254,-0.0043498738668859005,-0.0011626665946096182,-0.0010465724626556039
9.8100004196167,54,0.049981459975242615,0.04114573821425438,9.834891319274902,27.18589210510254,-9.145959854125977,-49.00762939453125,-0.0003292091132607311,-0.0028732456266880035,-0.0008507842430844903,-0.0010465724626556039
9.819999694824219,54,0.023226933553814888,-0.0007216724916361272,9.802196502685547,27.223217010498047,-9.177623748779297,-49.115238189697266,0.000613496929872781,-0.0029277929570525885,-0.002292117103934288,-0.0010465724626556039
9.829999923706055,54,0.05431479960680008,0.04444042593240738,9.804536819458008,26.80345344543457,-8.821529388427734,-48.44898986816406,0.0001341222523478791,0.0009322322439402342,-0.0009213748853653669,-0.0010465724626556039
9.84000015258789,54,0.03199784830212593,0.019916323944926262,9.805545806884766,26.85430145263672,-9.104202270507812,-48.977867126464844,-0.0030674845911562443,-0.00023251351376529783,-0.004312292672693729,-0.0010465724626556039
9.850000381469727,54,0.029421672224998474,0.030216842889785767,9.819010734558105,26.749902725219727,-8.986727714538574,-49.12725830078125,-0.0028910080436617136,-0.0013972593005746603,0.005746874958276749,-0.0010465724626556039
9.859999656677246,54,0.029421672224998474,0.022281993180513382,9.815528869628906,26.630897521972656,-9.131734848022461,-49.20853805541992,0.002932720584794879,-0.0025620050728321075,0.0022526374086737633,-0.0010465724626556039
9.869999885559082,54,0.029421672224998474,0.026286380365490913,9.792075157165527,26.6730899810791,-9.718188285827637,-49.296112060546875,-0.003759272862225771,-0.007140129804611206,-0.0012415999080985785,-0.0010465724626556039
9.880000114440918,53,0.04344918206334114,0.021855680271983147,9.805118560791016,26.882970809936523,-9.451117515563965,-48.40777587890625,-0.003218933707103133,-0.007496933452785015,0.0017174320528283715,-0.0010465724626556039
9.890000343322754,52,0.03437795862555504,0.012284578755497932,9.829423904418945,26.686071395874023,-9.270318031311035,-49.1335563659668,0.00503888912498951,-0.004457043018192053,0.006224965676665306,-0.0010465724626556039
9.899999618530273,52,0.0344623439013958,0.007587740197777748,9.805770874023438,26.940309524536133,-9.157891273498535,-49.82899475097656,0.00009112644329434261,-0.003815951757133007,0.005177657585591078,-0.0010465724626556039
9.90999984741211,52,0.048251599073410034,0.022005997598171234,9.819794654846191,26.93598175048828,-9.023897171020508,-49.87821960449219,-0.0027292913291603327,-0.004704752005636692,0.004625767003744841,-0.0010465724626556039
9.920000076293945,52,0.03445737808942795,0.030197128653526306,9.810173034667969,26.688236236572266,-8.96745491027832,-49.444358825683594,-0.0022409323137253523,-0.0017367361579090357,0.002146109938621521,-0.0010465724626556039
9.930000305175781,53,0.03934665769338608,0.008807538077235222,9.804084777832031,26.889461517333984,-9.216169357299805,-49.337894439697266,-0.001840490847826004,-0.00013497007603291422,0.00476630637422204,-0.0010465724626556039
9.9399995803833,52,0.042424172163009644,0.030921615660190582,9.784586906433105,26.889461517333984,-9.038122177124023,-49.337894439697266,-0.004648715257644653,-0.0015390822663903236,0.0014633055543527007,-0.0010465724626556039
9.949999809265137,53,0.02547302283346653,0.025635821744799614,9.824063301086426,26.804534912109375,-8.932120323181152,-48.52912139892578,-0.0029096181970089674,-0.0019491497660055757,-0.0014565803576260805,-0.0015698587521910667
9.960000038146973,53,0.03423897549510002,0.017937541007995605,9.81473159790039,26.76017951965332,-8.945886611938477,-48.4913444519043,0.0017686167266219854,-0.0007844040519557893,0.0002953512594103813,-0.0010465724626556039
9.970000267028809,52,0.03539552539587021,0.026498304679989815,9.808648109436035,26.651453018188477,-9.034910202026367,-48.6973991394043,0.0015215494204312563,0.000380341662093997,0.0019754087552428246,-0.0010465724626556039
9.979999542236328,52,0.04257308319211006,0.02585267461836338,9.801085472106934,26.443735122680664,-9.154219627380371,-48.18225860595703,-0.00016043329378589988,0.0019981511868536472,0.0020395820029079914,-0.0010465724626556039
9.989999771118164,52,0.03207230567932129,0.02243231236934662,9.830272674560547,27.073379516601562,-9.510313034057617,-48.8485107421875,-0.0009497651481069624,0.001591934124007821,-0.0002822086098603904,-0.0010465724626556039
10,52,0.022963855415582657,0.028863973915576935,9.805545806884766,27.148027420043945,-9.317123413085938,-47.948726654052734,-0.004623045679181814,-0.0016032555140554905,0.0003749261668417603,-0.0010465724626556039
10.010000228881836,52,0.03819010779261589,0.038267508149147034,9.807289123535156,27.0117130279541,-9.223511695861816,-47.99222946166992,-0.005255153402686119,0.001092023798264563,0.0024380984250456095,-0.0010465724626556039
10.020000457763672,52,0.03423897549510002,0.025566821917891502,9.8114652633667,26.977092742919922,-9.335020065307617,-48.612117767333984,-0.0034781936556100845,0.000683881517034024,0.0033987730275839567,-0.0010465724626556039
10.029999732971191,52,0.03423897549510002,0.020712273195385933,9.79991626739502,27.070133209228516,-9.519490242004395,-48.96126937866211,0.0007553199538961053,-0.001361963921226561,0.003682419192045927,-0.0010465724626556039
10.039999961853027,52,0.029910599812865257,0.015857724472880363,9.814152717590332,26.650371551513672,-9.34144401550293,-48.40605926513672,0.0016017660964280367,-0.0017598385456949472,0.005852760747075081,-0.0010465724626556039
10.050000190734863,52,0.017277898266911507,0.014440787024796009,9.810393333435059,26.530824661254883,-9.248291015625,-49.968658447265625,-0.0018231640569865704,-0.007462279871106148,0.005852760747075081,-0.0010465724626556039
10.0600004196167,52,0.028282495215535164,0.02293255180120468,9.814095497131348,26.35015296936035,-9.223511695861816,-49.550819396972656,-0.0006584182265214622,-0.005132788326591253,0.005852760747075081,-0.0010465724626556039
10.069999694824219,52,0.04035429283976555,0.02520950883626938,9.823631286621094,26.4486026763916,-9.267105102539062,-49.14500045776367,0.0016261518467217684,-0.008402418345212936,0.0069725848734378815,-0.0010465724626556039
10.079999923706055,52,0.04250359162688255,0.01763444021344185,9.822847366333008,26.76017951965332,-9.333184242248535,-49.73226547241211,-0.0023898142389953136,-0.0023784691002219915,-0.000323279295116663,-0.0010465724626556039
10.09000015258789,52,0.040498245507478714,0.013092848472297192,9.823981285095215,26.752065658569336,-9.328595161437988,-50.660091400146484,-0.007048797328025103,-0.003352620406076312,0.00048145384062081575,-0.0010465724626556039
10.100000381469727,52,0.045387521386146545,0.021988749504089355,9.813440322875977,26.43724250793457,-9.150548934936523,-48.8834228515625,-0.0033100598957389593,0.0008494484354741871,0.00374402548186481,-0.0010465724626556039
10.109999656677246,52,0.040761325508356094,0.016872989013791084,9.818493843078613,26.205724716186523,-9.467178344726562,-48.69339370727539,-0.001840490847826004,-0.002035141922533512,0.0020132712088525295,-0.0010465724626556039
10.119999885559082,52,0.024604368954896927,0.024852192029356956,9.815241813659668,26.4675350189209,-9.462130546569824,-49.10264587402344,0.0022024281788617373,-0.003815951757133007,-0.0006723823607899249,-0.0010465724626556039
10.130000114440918,52,0.050552286207675934,0.06293699890375137,9.88487720489502,26.785602569580078,-9.252880096435547,-49.18163299560547,-0.000929871341213584,-0.004562287591397762,0.002968811895698309,-0.0010465724626556039
10.140000343322754,52,0.43020346760749817,0.25816383957862854,9.764364242553711,26.542724609375,-9.35934066772461,-48.45642852783203,0.019648587331175804,-0.05703360214829445,-0.008513078093528748,-0.0010465724626556039
10.149999618530273,52,0.7819460034370422,0.40594422817230225,9.652629852294922,26.962486267089844,-9.626410484313965,-49.23372268676758,0.07906987518072128,-0.17975544929504395,-0.07712334394454956,-0.0010465724626556039
10.15999984741211,52,0.9270955324172974,0.5365784168243408,9.91701602935791,26.655237197875977,-9.35383415222168,-48.5686149597168,0.060767002403736115,-0.1258479356765747,-0.14902569353580475,-0.0010465724626556039
10.170000076293945,52,1.8067833185195923,0.9428993463516235,9.661147117614746,26.302011489868164,-9.054183959960938,-48.384307861328125,-0.0243877861648798,0.06283445656299591,-0.22706685960292816,-0.0010465724626556039
10.180000305175781,52,1.8205527067184448,1.3231559991836548,9.760984420776367,26.155960083007812,-8.96607780456543,-48.5171012878418,-0.061519112437963486,0.13532976806163788,-0.3953986167907715,-0.0010465724626556039
10.1899995803833,52,1.831601858139038,1.8023172616958618,9.786462783813477,26.332304000854492,-9.083552360534668,-48.403770446777344,-0.05880393832921982,0.13912497460842133,-0.7109844088554382,-0.0010465724626556039
10.199999809265137,53,2.7342071533203125,1.8154023885726929,9.999841690063477,26.857006072998047,-8.905505180358887,-47.737518310546875,0.004946479573845863,0.02497990056872368,-1.258803129196167,-0.0010465724626556039
10.210000038146973,53,3.5242252349853516,1.3476604223251343,9.737689018249512,27.28325843811035,-8.727458000183105,-47.90465545654297,0.017587339505553246,0.01209068950265646,-1.9091238975524902,-0.0010465724626556039
10.220000267028809,54,3.681992530822754,0.695721447467804,9.797053337097168,27.777128219604492,-8.423677444458008,-47.577823638916016,0.03296326845884323,-0.002961162943392992,-2.6531429290771484,-0.0010465724626556039
10.229999542236328,54,2.8151707649230957,0.023400763049721718,10.00141429901123,27.953472137451172,-8.152018547058105,-47.86516189575195,0.04369368776679039,-0.006653054151684046,-3.479416847229004,-0.0010465724626556039
10.239999771118164,54,2.1861066818237305,-0.6069267988204956,9.670180320739746,27.99782943725586,-7.715160846710205,-49.00591278076172,0.05613625422120094,-0.02056262083351612,-4.331483364105225,-0.0010465724626556039
10.25,54,1.9011884927749634,-1.1261910200119019,10.389827728271484,28.830862045288086,-6.469750881195068,-49.87364196777344,0.06195998191833496,-0.012409400194883347,-5.048966407775879,-0.0010465724626556039
10.260000228881836,53,1.7777453660964966,-1.6552926301956177,9.673735618591309,29.040742874145508,-5.312446594238281,-48.76322555541992,0.06894781440496445,-0.015897221863269806,-5.604639530181885,-0.0010465724626556039
10.270000457763672,52,1.2719682455062866,-2.4149041175842285,9.370867729187012,30.312471389770508,-3.5315194129943848,-48.5171012878418,0.07593629509210587,-0.018289601430296898,-5.996047019958496,-0.0010465724626556039
10.279999732971191,52,0.7632551193237305,-2.6094212532043457,10.100422859191895,31.427871704101562,-1.5730042457580566,-48.699119567871094,0.08084554970264435,-0.024777524173259735,-6.213825225830078,-0.0010465724626556039
10.289999961853027,52,0.38517245650291443,-2.019221305847168,9.49951457977295,32.03046798706055,0.32952699065208435,-48.82275390625,0.07573093473911285,-0.021015044301748276,-6.223201751708984,-0.0010465724626556039
10.300000190734863,51,0.09918694943189621,-1.6012617349624634,9.497140884399414,32.36259841918945,2.154048204421997,-48.57204818725586,0.06782735139131546,-0.02159709483385086,-6.061891078948975,-0.0010465724626556039
10.3100004196167,51,-0.4984639585018158,-1.4997450113296509,9.4815673828125,32.887306213378906,4.468656539916992,-49.23830032348633,0.06649703532457352,-0.023073721677064896,-5.786273956298828,-0.0010465724626556039
10.319999694824219,50,-0.6349865198135376,-1.4155912399291992,9.40837574005127,33.233497619628906,6.631834030151367,-50.1878776550293,0.07635854929685593,-0.04163200408220291,-5.44669771194458,-0.0010465724626556039
10.329999923706055,50,-0.205985888838768,-1.486721396446228,9.845869064331055,33.67814636230469,8.93359375,-50.981197357177734,0.07795325666666031,-0.04657014086842537,-5.08955717086792,-0.0010465724626556039
10.34000015258789,49,-0.16600796580314636,-1.4715516567230225,9.623979568481445,34.04056930541992,11.061896324157715,-51.304019927978516,0.0641360953450203,-0.04041527956724167,-4.769948959350586,-0.0010465724626556039
10.350000381469727,49,-0.11655677109956741,-1.3154051303863525,9.94272232055664,34.080596923828125,12.767107963562012,-51.0991096496582,0.05460122600197792,-0.029717586934566498,-4.536130428314209,-0.0010465724626556039
10.359999656677246,48,0.24790537357330322,-0.6652158498764038,10.025535583496094,33.76577377319336,14.547575950622559,-50.988067626953125,0.05026824399828911,-0.023701978847384453,-4.394591331481934,-0.0010465724626556039
10.369999885559082,48,0.20476555824279785,-0.866659939289093,9.713653564453125,33.54777908325195,16.738744735717773,-52.618778228759766,0.045744024217128754,-0.028566958382725716,-4.337705612182617,-0.0010465724626556039
10.380000114440918,48,0.48479461669921875,-0.7015067338943481,9.64488697052002,33.26541519165039,18.287935256958008,-52.55467224121094,0.04849064350128174,-0.030392689630389214,-4.353556156158447,-0.0010465724626556039
10.390000343322754,48,0.11895254999399185,-0.8264632821083069,9.615391731262207,33.09502029418945,19.942668914794922,-52.481407165527344,0.049855608493089676,-0.02922794409096241,-4.406688690185547,-0.0010465724626556039
10.399999618530273,48,0.08825184404850006,-0.5389852523803711,9.616715431213379,32.92841339111328,22.07923126220703,-53.52084732055664,0.04987293481826782,-0.029233720153570175,-4.494406223297119,-0.0010465724626556039
10.40999984741211,48,0.5238244533538818,-0.6499425172805786,9.376335144042969,32.19383239746094,24.21579360961914,-55.07543182373047,0.06196832284331322,-0.03871789574623108,-4.627852916717529,-0.0010465724626556039
10.420000076293945,48,0.8387088775634766,-0.3889402449131012,10.097537994384766,32.08564376831055,26.35235595703125,-54.97297668457031,0.07219754904508591,-0.0597173273563385,-4.778322219848633,-0.0010465724626556039
10.430000305175781,48,0.358914315700531,-0.6317588686943054,9.890019416809082,31.340240478515625,28.55683135986328,-55.539634704589844,0.036513976752758026,-0.00942149106413126,-4.9543046951293945,-0.0010465724626556039
10.4399995803833,48,-0.3227998912334442,-1.0247310400009155,10.201592445373535,30.730070114135742,30.546092987060547,-57.26021194458008,0.0400954894721508,-0.003990503028035164,-5.093654155731201,-0.0010465724626556039
10.449999809265137,48,-0.25715452432632446,-0.9405772686004639,9.778945922851562,30.07013511657715,32.53948211669922,-59.21660614013672,0.04591922089457512,-0.008649486117064953,-5.162374019622803,-0.0010465724626556039
10.460000038146973,48,-0.36064839363098145,-1.1066274642944336,9.700153350830078,28.615032196044922,35.02617263793945,-59.816463470458984,0.05403521656990051,-0.03623117879033089,-5.150864601135254,-0.0010465724626556039
10.470000267028809,48,-0.5394147634506226,-0.995418906211853,9.598647117614746,27.355745315551758,37.42980194091797,-61.03792190551758,0.04809790104627609,-0.01215848233550787,-5.0632643699646,-0.0015698587521910667
10.479999542236328,52,-0.5631066560745239,-0.973166823387146,9.582536697387695,26.271718978881836,40.20513153076172,-62.166656494140625,0.045195985585451126,-0.006680648308247328,-4.799470901489258,-0.0010465724626556039
10.489999771118164,47,-0.8742136359214783,-1.1276154518127441,9.138992309570312,24.01982307434082,44.3961181640625,-64.54947662353516,0.044785276055336,-0.0062699392437934875,-4.748748302459717,-0.0010465724626556039
10.5,47,-0.4926266074180603,-1.123549461364746,10.807774543762207,22.10601043701172,47.58719253540039,-66.57455444335938,0.05196242034435272,-0.00985851138830185,-4.653651237487793,-0.0010465724626556039
10.510000228881836,48,0.5924728512763977,-0.061916105449199677,10.448196411132812,21.784696578979492,47.83498764038086,-67.069091796875,0.05877570062875748,-0.017022179439663887,-4.5427117347717285,-0.0010465724626556039
10.520000457763672,48,1.650363564491272,0.24244198203086853,9.589426040649414,19.476003646850586,49.615455627441406,-70.6224365234375,0.05532766878604889,-0.015130991116166115,-4.46144437789917,-0.0010465724626556039
10.529999732971191,48,1.2728220224380493,0.24235820770263672,10.225359916687012,17.262514114379883,52.122798919677734,-71.95951843261719,0.04859524592757225,-0.011694510467350483,-4.475841045379639,-0.0010465724626556039
10.539999961853027,49,0.4291958212852478,-0.15795239806175232,8.560580253601074,15.41307258605957,54.10334014892578,-73.44483947753906,0.04925302416086197,-0.010529763996601105,-4.579044818878174,-0.0010465724626556039
10.550000190734863,49,0.3178046941757202,-0.3745293617248535,9.054760932922363,12.850142478942871,55.913177490234375,-75.06124877929688,0.05273314192891121,-0.031043408438563347,-4.673162937164307,-0.0010465724626556039
10.5600004196167,50,-0.8622833490371704,-1.6707088947296143,11.069382667541504,9.088509559631348,57.85287857055664,-76.9913101196289,0.0444721095263958,-0.051504429429769516,-4.650640487670898,-0.0015698587521910667
10.569999694824219,51,-1.1829006671905518,-1.6328359842300415,9.535733222961426,4.995826721191406,59.72236633300781,-80.32256317138672,0.050971582531929016,-0.06782819330692291,-4.4443888664245605,-0.0010465724626556039
10.579999923706055,51,-1.2864692211151123,-1.8992449045181274,9.58536148071289,0.18370527029037476,60.7199821472168,-81.69627380371094,0.07760351151227951,-0.09795435518026352,-4.061906814575195,-0.0010465724626556039
10.59000015258789,51,-1.3732601404190063,-1.5501410961151123,9.559505462646484,-4.721996784210205,60.76770782470703,-82.77979278564453,0.05921785905957222,-0.07868311554193497,-3.5700950622558594,-0.0010465724626556039
10.600000381469727,52,-0.9385312795639038,-1.2539643049240112,9.82139778137207,-9.113273620605469,60.54652404785156,-84.4087905883789,0.028670070692896843,-0.03538922592997551,-3.0326948165893555,-0.0010465724626556039
10.609999656677246,52,-0.7378548979759216,-0.5510575771331787,10.031072616577148,-12.966324806213379,60.24228286743164,-86.06297302246094,0.007902944460511208,0.0027464127633720636,-2.5557401180267334,-0.0010465724626556039
10.619999885559082,52,0.7516524195671082,0.5100977420806885,9.593022346496582,-16.706321716308594,59.60994338989258,-86.2507095336914,-0.03721795976161957,0.08125989884138107,-2.1880791187286377,-0.0010465724626556039
10.630000114440918,52,1.6706751585006714,0.45067262649536133,9.396353721618652,-19.749597549438477,58.80873107910156,-85.8065414428711,-0.1023545190691948,0.2450687140226364,-1.9641872644424438,-0.0010465724626556039
10.640000343322754,52,1.6354376077651978,0.0513378269970417,9.728562355041504,-21.502756118774414,58.51825714111328,-86.09044647216797,-0.051705729216337204,0.15958985686302185,-2.027250289916992,-0.0010465724626556039
10.649999618530273,53,1.7742758989334106,0.3778247535228729,9.804349899291992,-23.465251922607422,57.8693962097168,-86.2083511352539,0.02400274947285652,0.0023491792380809784,-2.304459810256958,-0.0010465724626556039
10.65999984741211,53,0.7784614562988281,-0.18646611273288727,9.23720932006836,-25.512676239013672,56.636837005615234,-85.74185943603516,0.0342775359749794,-0.012742460705339909,-2.6313085556030273,-0.0010465724626556039
10.670000076293945,54,-0.2274664342403412,-1.0615392923355103,9.653495788574219,-27.151697158813477,54.912349700927734,-84.64517974853516,0.045628514140844345,-0.02855476550757885,-2.967228412628174,-0.0010465724626556039
10.680000305175781,54,-1.0338994264602661,-1.5775262117385864,9.978046417236328,-29.25050926208496,52.95383834838867,-83.64580535888672,0.0984264612197876,-0.169316366314888,-3.1833994388580322,-0.0010465724626556039
10.6899995803833,54,-0.8992010951042175,-1.088729739189148,9.85738468170166,-31.81722640991211,50.99531936645508,-81.85425567626953,0.1051088348031044,-0.18977932631969452,-3.1335887908935547,-0.0010465724626556039
10.699999809265137,54,-1.4200358390808105,-0.9931715130805969,9.907594680786133,-33.9560661315918,48.860595703125,-79.96654510498047,-0.009732522070407867,0.05161825567483902,-2.9452624320983887,-0.0010465724626556039
10.710000038146973,54,-0.8018026947975159,-0.3892359733581543,9.571527481079102,-35.12664031982422,46.90161895751953,-77.93630981445312,-0.04234733060002327,0.12463721632957458,-2.7734293937683105,-0.0010465724626556039
10.720000267028809,54,0.22589866816997528,0.06788520514965057,9.799086570739746,-35.45985412597656,45.26432418823242,-75.91122436523438,-0.013555971905589104,0.08303365111351013,-2.7102444171905518,-0.0010465724626556039
10.729999542236328,54,1.132375717163086,0.7517976760864258,9.631054878234863,-36.29937744140625,43.483856201171875,-74.68977355957031,0.018616680055856705,0.024892624467611313,-2.73504376411438,-0.0010465724626556039
10.739999771118164,54,1.5910990238189697,0.8575676679611206,9.914122581481934,-36.73428726196289,42.132442474365234,-74.64569854736328,0.033145517110824585,-0.01638622023165226,-2.899095058441162,-0.0010465724626556039
10.75,54,1.2772595882415771,0.20943351089954376,10.050561904907227,-37.38448715209961,40.731929779052734,-72.36991882324219,0.045668940991163254,-0.03735164552927017,-3.201996326446533,-0.0010465724626556039
10.760000228881836,54,1.2920019626617432,-0.5712026953697205,9.587730407714844,-37.9616584777832,39.30755615234375,-70.31563568115234,0.08428780734539032,-0.10079467296600342,-3.589193105697632,-0.0010465724626556039
10.770000457763672,54,0.7050776481628418,-1.0920071601867676,9.631169319152832,-38.29703903198242,37.883182525634766,-69.0781478881836,0.12273596227169037,-0.1934359222650528,-4.004965782165527,-0.0010465724626556039
10.779999732971191,54,0.16549500823020935,-1.0944221019744873,9.617856979370117,-38.39061737060547,36.442745208740234,-67.18643188476562,0.10229997336864471,-0.16880683600902557,-4.326350688934326,-0.0010465724626556039
10.789999961853027,54,-0.5687355399131775,-1.2258275747299194,9.952799797058105,-38.18073654174805,34.5732536315918,-65.18768310546875,0.038725391030311584,-0.0256842952221632,-4.466296195983887,-0.0010465724626556039
10.800000190734863,55,0.37087443470954895,-0.758514404296875,9.457728385925293,-37.6333122253418,32.8469352722168,-63.81396484375,0.021985778585076332,0.016955668106675148,-4.388838768005371,-0.0010465724626556039
10.8100004196167,55,0.6042220592498779,-0.6423206329345703,9.576475143432617,-37.54405975341797,31.2064266204834,-62.211299896240234,0.02412082627415657,0.03131765499711037,-4.093727111816406,-0.0010465724626556039
10.819999694824219,55,0.4050968885421753,-0.34884461760520935,9.499956130981445,-37.35906219482422,29.846296310424805,-60.13470458984375,0.025549964979290962,0.03386148810386658,-3.6613240242004395,-0.0010465724626556039
10.829999923706055,55,0.12385174632072449,-0.056980233639478683,9.613688468933105,-36.31830978393555,28.9656982421875,-57.94420623779297,0.028344713151454926,0.019185049459338188,-3.1705219745635986,-0.0010465724626556039
10.84000015258789,55,-0.01582772471010685,-0.25882601737976074,9.511717796325684,-36.21337127685547,28.164487838745117,-57.83316421508789,0.020145289599895477,-0.006131324917078018,-2.654947519302368,-0.0010465724626556039
10.850000381469727,55,-0.46056586503982544,-0.09820200502872467,9.767623901367188,-35.556678771972656,27.597307205200195,-57.04098892211914,0.00500359246507287,0.01483409944921732,-2.2006967067718506,-0.0010465724626556039
10.859999656677246,55,-0.8646982312202454,0.06794186681509018,9.816438674926758,-35.02494430541992,27.120527267456055,-56.51039505004883,-0.061207227408885956,0.14792956411838531,-1.791964054107666,-0.0010465724626556039
10.869999885559082,55,-0.986356794834137,-0.18402650952339172,9.74511432647705,-34.648460388183594,26.748830795288086,-56.223060607910156,-0.03875555098056793,0.1010471060872078,-1.386515736579895,-0.0010465724626556039
10.880000114440918,54,-1.121966004371643,-0.282916396856308,9.737320899963379,-34.27684020996094,26.546005249023438,-55.920841217041016,-0.011071180924773216,0.029549043625593185,-1.0610260963439941,-0.0010465724626556039
10.890000343322754,54,-1.389553427696228,-0.21780383586883545,9.773483276367188,-33.647193908691406,26.635026931762695,-55.25458908081055,-0.0018276562914252281,0.01735931821167469,-0.8266856670379639,-0.0010465724626556039
10.899999618530273,54,-1.5987600088119507,-0.32688087224960327,9.831889152526855,-33.61473846435547,26.38631248474121,-54.37770080566406,0.002831326797604561,0.00793546624481678,-0.6829913258552551,-0.0010465724626556039
10.90999984741211,54,-1.5350629091262817,-0.5171250104904175,9.760183334350586,-33.16360092163086,26.11924171447754,-54.046295166015625,0.009088225662708282,-0.0060414825566112995,-0.5593935251235962,-0.0010465724626556039
10.920000076293945,54,-1.027709722518921,-0.5778340101242065,9.803438186645508,-32.7881965637207,26.283523559570312,-54.0428581237793,0.0035526349674910307,-0.005284237675368786,-0.39529210329055786,-0.0010465724626556039
10.930000305175781,54,-0.21917948126792908,-0.22005121409893036,9.79719352722168,-32.70976257324219,26.749290466308594,-54.181949615478516,0.0008573554805479944,-0.010129963979125023,-0.20623493194580078,-0.0010465724626556039
10.9399995803833,54,0.13144874572753906,0.0508425198495388,9.816875457763672,-32.701107025146484,26.7401123046875,-54.399452209472656,0.0018430576892569661,-0.012415176257491112,-0.05929599702358246,-0.0010465724626556039
10.949999809265137,54,0.10464705526828766,0.0332379974424839,9.81622314453125,-32.28134536743164,26.294994354248047,-54.399452209472656,0.0011634622933343053,-0.0058470373041927814,-0.0005363349919207394,-0.0010465724626556039
10.960000038146973,54,0.11233588308095932,0.04152276739478111,9.82230281829834,-32.358154296875,26.271133422851562,-54.662174224853516,0.0023282079491764307,-0.006254537962377071,0.0011963446158915758,-0.0010465724626556039
10.970000267028809,53,0.10385534167289734,0.029891561716794968,9.826736450195312,-32.334354400634766,26.508834838867188,-54.43894577026367,-0.00033626824733801186,-0.006121698766946793,0.0009941987227648497,-0.0010465724626556039
10.979999542236328,53,0.1351516842842102,0.027550535276532173,9.803082466125488,-32.39710235595703,26.720380783081055,-53.88087463378906,-0.006385245360434055,0.001092023798264563,0.0030355521012097597,-0.0010465724626556039
10.989999771118164,54,0.12304017692804337,0.02976095676422119,9.829336166381836,-32.968326568603516,26.639616012573242,-53.619869232177734,-0.004317581187933683,0.0013929966371506453,0.0018708062125369906,-0.0010465724626556039
11,54,0.13089776039123535,0.03939120098948479,9.813241004943848,-32.968326568603516,26.639616012573242,-54.06403732299805,0.0001026772879413329,0.0004092196759302169,0.0009447852498851717,-0.0010465724626556039
11.010000228881836,54,0.12844568490982056,0.03245190531015396,9.809207916259766,-32.87799072265625,26.792882919311523,-53.9346809387207,0.0016556716291233897,-0.006438073702156544,-0.00011407454439904541,-0.0010465724626556039
11.020000457763672,54,0.12434066832065582,0.03659675642848015,9.801594734191895,-33.10301971435547,26.74699592590332,-54.06174850463867,-0.006405780557543039,0.00020771546405740082,-0.0064171780832111835,-0.0010465724626556039
11.029999732971191,54,0.10845672339200974,0.02709711529314518,9.799333572387695,-33.27287292480469,26.56894874572754,-54.17450714111328,-0.0029115434736013412,0.003390070516616106,-0.0063651977106928825,-0.0010465724626556039
11.039999961853027,54,0.12642046809196472,0.035751521587371826,9.793583869934082,-33.062992095947266,26.44963836669922,-53.952423095703125,0.0005826936685480177,-0.00010416686563985422,-0.005200451705604792,-0.0010465724626556039
11.050000190734863,54,0.10294698178768158,0.026525411754846573,9.812776565551758,-32.85310745239258,26.627685546875,-53.73033905029297,0.004076930694282055,-0.004752882290631533,-0.005190183874219656,-0.0010465724626556039
11.0600004196167,54,0.10675912350416183,0.03997522592544556,9.801581382751465,-32.83904266357422,26.39044189453125,-53.92266082763672,0.0010177887743338943,-0.0028584857936948538,-0.0008212642860598862,-0.0010465724626556039
11.069999694824219,54,0.09256532788276672,0.023289866745471954,9.807171821594238,-32.9126091003418,26.435413360595703,-53.59983825683594,-0.0004164848360233009,-0.005678902845829725,0.0017777549801394343,-0.0010465724626556039
11.079999923706055,53,0.11398383975028992,0.032111842185258865,9.79885482788086,-32.869876861572266,26.529943466186523,-53.878013610839844,-0.001581230666488409,-0.002399004530161619,0.005074980203062296,-0.0010465724626556039
11.09000015258789,53,0.11705639213323593,0.02833169884979725,9.811525344848633,-32.75952911376953,26.55105209350586,-54.520225524902344,-0.001840490847826004,-0.00407842081040144,0.003136303974315524,-0.0010465724626556039
11.100000381469727,53,0.1121671125292778,0.046187568455934525,9.819232940673828,-32.96562194824219,26.641450881958008,-53.31193161010742,-0.0026837282348424196,-0.001669995835982263,0.004701491445302963,-0.0010465724626556039
11.109999656677246,54,0.11939182877540588,0.0383857898414135,9.80789852142334,-32.44091796875,26.997547149658203,-54.644432067871094,-0.0015055059920996428,-0.0056018950417637825,0.005852760747075081,-0.0010465724626556039
11.119999885559082,53,0.12917038798332214,0.040145259350538254,9.805545806884766,-32.403053283691406,27.078310012817383,-55.89107894897461,-0.0013322382001206279,-0.009442668408155441,0.005134019535034895,-0.0010465724626556039
11.130000114440918,53,0.10131143033504486,0.04499980807304382,9.818171501159668,-32.224002838134766,26.8373966217041,-55.00904083251953,0.00012898838031105697,-0.006011962424963713,0.005938753020018339,-0.0010465724626556039
11.140000343322754,53,0.13089528679847717,0.0371832437813282,9.820089340209961,-32.12880325317383,26.557476043701172,-53.13391876220703,0.000057755987654672936,-0.002588957780972123,0.004108530003577471,-0.0010465724626556039
11.149999618530273,54,0.1224246695637703,0.018883809447288513,9.807029724121094,-32.67730712890625,26.618967056274414,-53.0400505065918,-0.0013084940146654844,-0.002588957780972123,0.0004127884458284825,-0.0010465724626556039
11.15999984741211,53,0.09896109998226166,0.03876528516411781,9.814397811889648,-32.25754165649414,26.351896286010742,-53.151092529296875,-0.0010832456173375249,-0.0035284552723169327,0.001127037568949163,-0.0010465724626556039
11.170000076293945,53,0.10133376717567444,0.02309519238770008,9.806244850158691,-32.37005615234375,26.536367416381836,-53.731483459472656,-0.0026554919313639402,-0.004635444842278957,0.0025837719440460205,-0.0010465724626556039
11.180000305175781,52,0.11076485365629196,0.044263001531362534,9.82382869720459,-32.322452545166016,26.694223403930664,-53.58037567138672,-0.0029134685173630714,-0.003815951757133007,0.001290037645958364,-0.0010465724626556039
11.1899995803833,52,0.1251571923494339,0.04563065245747566,9.806365013122559,-32.23265838623047,26.81720542907715,-53.21061706542969,0.000047488254494965076,-0.00211792578920722,0.0018887746846303344,-0.0010465724626556039
11.199999809265137,52,0.10702468454837799,0.04563065245747566,9.796114921569824,-32.27485275268555,26.928712844848633,-53.321659088134766,-0.0020612471271306276,0.002000718144699931,0.0013862976338714361,-0.0010465724626556039
11.210000038146973,52,0.11128108948469162,0.0362074039876461,9.81973934173584,-31.960031509399414,26.66164207458496,-53.432701110839844,-0.0027504684403538704,-0.0044089131988584995,0.002764740725979209,-0.0010465724626556039
11.220000267028809,52,0.12154112756252289,0.04613335430622101,9.8003568649292,-31.934066772460938,26.476253509521484,-54.25693130493164,-0.0007097569177858531,-0.0003274900373071432,-0.0015092025278136134,-0.0010465724626556039
11.229999542236328,52,0.1521698534488678,0.07231096923351288,9.779889106750488,-31.934066772460938,26.542333602905273,-54.38399887084961,-0.0018745027482509613,-0.0023168628104031086,-0.0015772262122482061,-0.0010465724626556039
11.239999771118164,52,0.10682117938995361,-0.010521948337554932,9.742729187011719,-32.21967697143555,26.67999839782715,-54.26265335083008,-0.003039248287677765,0.007001102901995182,-0.003906717523932457,-0.0010465724626556039
11.25,52,0.7056212425231934,-0.4551272690296173,9.838587760925293,-32.616722106933594,26.650630950927734,-54.21342849731445,-0.015569089911878109,0.029957182705402374,-0.010782246477901936,-0.0010465724626556039
11.260000228881836,52,0.8333380818367004,-0.268855482339859,9.753716468811035,-32.196956634521484,26.20551300048828,-53.9913444519043,-0.0025990200228989124,-0.00046096942969597876,-0.08544919639825821,-0.0010465724626556039
11.270000457763672,52,0.2892780900001526,-0.01597038097679615,9.769820213317871,-32.504207611083984,26.465240478515625,-54.2088508605957,-0.003649536520242691,-0.005042945500463247,-0.28725823760032654,-0.0010465724626556039
11.279999732971191,52,0.08086084574460983,0.06954362243413925,9.753775596618652,-32.659996032714844,26.462488174438477,-54.17851257324219,0.00615293812006712,-0.015490361489355564,-0.5149933099746704,-0.0010465724626556039
11.289999961853027,52,-0.05482529476284981,-0.03543047234416008,9.78096866607666,-32.65458679199219,26.467077255249023,-54.009090423583984,0.00920245423913002,-0.0070021566934883595,-0.7258103489875793,-0.0010465724626556039
11.300000190734863,52,0.05831309035420418,0.04594854265451431,9.866504669189453,-32.42631530761719,26.477630615234375,-54.08063507080078,0.010852991603314877,-0.008365840651094913,-0.9341066479682922,-0.0010465724626556039
11.3100004196167,53,1.0310187339782715,-0.11209539324045181,9.78622817993164,-31.966522216796875,26.299583435058594,-54.70682144165039,0.0116564417257905,-0.005836769472807646,-1.1620733737945557,-0.0010465724626556039
11.319999694824219,53,2.096364974975586,-0.06422509253025055,9.84825611114502,-32.49122619628906,26.121538162231445,-53.041194915771484,0.016561850905418396,-0.010297457687556744,-1.3660444021224976,-0.0010465724626556039
11.329999923706055,53,3.19747257232666,0.5691950917243958,9.550381660461426,-32.40629959106445,25.426328659057617,-53.49509048461914,0.020245399326086044,-0.019917037338018417,-1.538166880607605,-0.0010465724626556039
11.34000015258789,54,3.4058401584625244,1.2250423431396484,9.77880573272705,-32.447410583496094,25.263883590698242,-52.59073257446289,0.016211465001106262,0.00017947843298316002,-1.796329140663147,-0.0010465724626556039
11.350000381469727,54,2.994788408279419,1.4283419847488403,9.603683471679688,-32.58047866821289,25.33547019958496,-51.578189849853516,0.01988089457154274,0.0134941590949893,-2.1899919509887695,-0.0010465724626556039
11.359999656677246,54,2.6084611415863037,1.1896804571151733,10.074822425842285,-32.58047866821289,25.08032989501953,-52.213531494140625,0.0353543646633625,-0.012723208405077457,-2.6378262042999268,-0.0010465724626556039
11.369999885559082,54,1.8876326084136963,1.1265738010406494,9.66310977935791,-32.58047866821289,24.90228271484375,-51.21415710449219,0.04739520698785782,-0.03486108034849167,-3.0632517337799072,-0.0010465724626556039
11.380000114440918,54,1.3646783828735352,1.0790584087371826,10.033823013305664,-32.20182800292969,24.483322143554688,-52.11794662475586,0.061227764934301376,-0.06132294610142708,-3.3871278762817383,-0.0010465724626556039
11.390000343322754,53,0.7926925420761108,1.1072295904159546,9.565814971923828,-31.71174430847168,24.396135330200195,-51.81458282470703,0.06906011700630188,-0.07793613523244858,-3.5780692100524902,-0.0010465724626556039
11.399999618530273,54,0.6338480710983276,0.5836823582649231,9.631209373474121,-31.41693687438965,24.485158920288086,-50.57194519042969,0.06972046196460724,-0.07369299232959747,-3.6988959312438965,-0.0010465724626556039
11.40999984741211,54,0.08834616094827652,0.12464398890733719,10.141363143920898,-31.330387115478516,24.519115447998047,-49.337894439697266,0.07636817544698715,-0.10887794196605682,-3.8034229278564453,-0.0010465724626556039
11.420000076293945,54,-0.16951484978199005,-0.17961552739143372,9.370560646057129,-30.910625457763672,24.341068267822266,-49.337894439697266,0.06097235158085823,-0.08902913331985474,-3.878103733062744,-0.0010465724626556039
11.430000305175781,54,-0.41509807109832764,-0.39297667145729065,9.670028686523438,-31.104278564453125,24.163022994995117,-49.55425262451172,0.01060592383146286,0.010522935539484024,-3.9222679138183594,-0.0010465724626556039
11.4399995803833,54,-0.5803506970405579,-0.5769468545913696,9.9595365524292,-31.236265182495117,24.183212280273438,-48.952110290527344,0.023418128490447998,-0.01743096299469471,-3.9595398902893066,-0.0010465724626556039
11.449999809265137,55,-0.36368122696876526,-0.754973292350769,9.581720352172852,-31.019893646240234,23.9542293548584,-48.97042465209961,-0.00403714319691062,0.04633549600839615,-3.9475960731506348,-0.0010465724626556039
11.460000038146973,55,0.25398099422454834,-0.2987934947013855,9.557393074035645,-30.670452117919922,23.444868087768555,-49.518768310546875,-0.006748466286808252,0.06107610836625099,-3.867072582244873,-0.0010465724626556039
11.470000267028809,55,0.32111796736717224,-0.18426060676574707,9.831404685974121,-30.79486656188965,23.04104995727539,-49.18564224243164,-0.015694869682192802,0.08431070297956467,-3.7588417530059814,-0.0010465724626556039
11.479999542236328,56,0.6320760250091553,-0.044449582695961,10.07152271270752,-31.319568634033203,23.486167907714844,-48.852516174316406,0.014821469783782959,0.016755448654294014,-3.698274850845337,-0.0010465724626556039
11.489999771118164,56,1.1259105205535889,-0.07271440327167511,9.945199966430664,-31.246002197265625,23.35125732421875,-48.881134033203125,0.022544728592038155,0.0050341906026005745,-3.719214677810669,-0.0010465724626556039
11.5,56,1.445217490196228,-0.15094903111457825,9.630889892578125,-31.036121368408203,23.239748001098633,-48.21603012084961,0.03600379824638367,0.004837178625166416,-3.826444387435913,-0.0010465724626556039
11.510000228881836,55,1.3159618377685547,-0.39057159423828125,9.491068840026855,-31.046939849853516,23.270952224731445,-48.16222381591797,0.043558280915021896,-0.0036414002534002066,-4.007002830505371,-0.0010465724626556039
11.520000457763672,55,1.4673458337783813,-0.5671884417533875,9.567718505859375,-31.516468048095703,23.286094665527344,-49.99555969238281,0.04287547990679741,-0.008179737254977226,-4.228867530822754,-0.0010465724626556039
11.529999732971191,54,1.4581801891326904,-0.9427827000617981,9.89822006225586,-32.35599136352539,22.751955032348633,-49.773475646972656,0.046054624021053314,-0.015550042502582073,-4.4332709312438965,-0.0010465724626556039
11.539999961853027,54,1.0250598192214966,-1.145106554031372,9.854280471801758,-32.730316162109375,22.21781349182129,-49.45294189453125,0.04969325289130211,-0.021662551909685135,-4.588076591491699,-0.0010465724626556039
11.550000190734863,52,1.0877690315246582,-1.149635910987854,9.768007278442383,-33.2512321472168,21.683673858642578,-49.7740478515625,0.05366173014044762,-0.022978104650974274,-4.679490089416504,-0.0010465724626556039
11.5600004196167,51,1.2813546657562256,-1.068414568901062,9.693052291870117,-33.96958923339844,20.96139144897461,-49.970947265625,0.05864157900214195,-0.021563725546002388,-4.713178634643555,-0.0010465724626556039
11.569999694824219,49,1.0318626165390015,-1.3755276203155518,9.986438751220703,-34.789100646972656,20.050048828125,-49.844451904296875,0.057798344641923904,-0.019576920196413994,-4.738552570343018,-0.0010465724626556039
11.579999923706055,47,0.7611256837844849,-1.675750732421875,9.941925048828125,-35.523685455322266,19.4268856048584,-51.06591033935547,0.05919988825917244,-0.03109859861433506,-4.772421836853027,-0.0010465724626556039
11.59000015258789,43,1.0150554180145264,-1.597843885421753,9.96777057647705,-36.258270263671875,18.03554916381836,-51.64859390258789,0.05531740188598633,-0.02072177082300186,-4.804787635803223,-0.0010465724626556039
11.600000381469727,40,1.1987383365631104,-1.365993618965149,9.929981231689453,-36.91658020019531,16.9993896484375,-51.39674758911133,0.044112738221883774,-0.005412583705037832,-4.873727321624756,-0.0010465724626556039
11.609999656677246,40,0.6892235279083252,-1.2180529832839966,10.138250350952148,-37.49429702758789,15.976997375488281,-50.95143508911133,0.04748440533876419,-0.007496933452785015,-4.97806453704834,-0.0010465724626556039
11.619999885559082,43,0.4596061408519745,-1.1733319759368896,9.628702163696289,-37.85347366333008,14.655871391296387,-50.73507308959961,0.04969325289130211,-0.007738225162029266,-5.054329872131348,-0.0010465724626556039
11.630000114440918,46,0.9002020359039307,-0.9108092784881592,9.548171043395996,-37.758270263671875,12.90018367767334,-50.85298538208008,0.04969325289130211,-0.01239720731973648,-5.055494785308838,-0.0010465724626556039
11.640000343322754,48,0.8215417265892029,-1.0821871757507324,9.668729782104492,-37.9681510925293,11.920926094055176,-51.18611145019531,0.04853042960166931,-0.015893371775746346,-5.022937774658203,-0.0010465724626556039
11.649999618530273,48,-0.07874057441949844,-1.1985485553741455,9.459598541259766,-38.51340866088867,10.301526069641113,-51.25307846069336,0.051767975091934204,-0.017186462879180908,-4.996928691864014,-0.0010465724626556039
11.65999984741211,50,-0.29131248593330383,-1.5114575624465942,9.717510223388672,-38.72653579711914,8.521058082580566,-51.44196319580078,0.05630053952336311,-0.02665780298411846,-4.9526143074035645,-0.0010465724626556039
11.670000076293945,50,-0.22805960476398468,-1.5376967191696167,9.476937294006348,-38.5864372253418,6.830071926116943,-51.700679779052734,0.05119875818490982,-0.030307980254292488,-4.942139625549316,-0.0010465724626556039
11.680000305175781,52,0.48764628171920776,-1.3877428770065308,9.675773620605469,-38.398189544677734,5.289140701293945,-51.69724655151367,0.05791770666837692,-0.019843880087137222,-4.993474960327148,-0.0010465724626556039
11.6899995803833,52,0.794022798538208,-1.3234903812408447,9.583406448364258,-38.398189544677734,3.5086724758148193,-50.69786834716797,0.06840041279792786,-0.028008010238409042,-5.067529201507568,-0.0010465724626556039
11.699999809265137,52,0.2892756164073944,-1.3725041151046753,9.877365112304688,-37.66685104370117,1.4179989099502563,-52.213531494140625,0.060728494077920914,-0.030106477439403534,-5.149927616119385,-0.0010465724626556039
11.710000038146973,52,0.48927685618400574,-1.38332200050354,9.048543930053711,-36.89440155029297,-0.3202522099018097,-51.9010124206543,0.04733039066195488,-0.009451652877032757,-5.19496488571167,-0.0010465724626556039
11.720000267028809,53,-0.17104864120483398,-1.2700213193893433,9.36938190460205,-36.202552795410156,-2.159916400909424,-51.29600524902344,0.04166645184159279,-0.005761686246842146,-5.147451877593994,-0.0010465724626556039
11.729999542236328,54,-0.21099676191806793,-1.1131997108459473,9.696478843688965,-35.59130096435547,-4.334106922149658,-52.03437805175781,0.041706882417201996,-0.01965777762234211,-5.027960777282715,-0.0010465724626556039
11.739999771118164,54,-0.2186955213546753,-1.0251966714859009,9.324573516845703,-35.06659698486328,-5.84750509262085,-52.58958435058594,0.037468235939741135,-0.009691660292446613,-4.885573387145996,-0.0010465724626556039
11.75,55,-0.29401522874832153,-0.9262624382972717,9.772201538085938,-34.24492263793945,-7.696805953979492,-52.62106704711914,0.03606925532221794,0.004692789167165756,-4.731644153594971,-0.0010465724626556039
11.760000228881836,54,-0.7088592648506165,-1.012658715248108,10.537918090820312,-33.256103515625,-8.806386947631836,-52.06814956665039,0.043558280915021896,-0.006706317886710167,-4.552029132843018,-0.0010465724626556039
11.770000457763672,54,0.006169062573462725,-0.6901218891143799,9.106877326965332,-31.854549407958984,-10.077034950256348,-52.036094665527344,0.041436709463596344,-0.012072490528225899,-4.326671123504639,-0.0010465724626556039
11.779999732971191,54,-0.3343033790588379,-1.093857765197754,9.539841651916504,-30.25231170654297,-11.87952995300293,-52.208953857421875,0.03473958373069763,-0.012942681089043617,-4.066936492919922,-0.0010465724626556039
11.789999961853027,54,-0.1338777244091034,-0.7126105427742004,9.35314655303955,-29.204530715942383,-13.726994514465332,-50.58110427856445,0.030290449038147926,-0.0002825686533469707,-3.832974672317505,-0.0010465724626556039
11.800000190734863,54,-0.11656422168016434,-0.753078281879425,9.773378372192383,-28.26006317138672,-14.172111511230469,-51.358394622802734,0.03162204474210739,-0.005268835462629795,-3.6271708011627197,-0.0010465724626556039
11.8100004196167,54,-0.42740562558174133,-0.6943924427032471,9.791049003601074,-26.657827377319336,-15.31473159790039,-50.65665817260742,0.03363772854208946,0.0006736137438565493,-3.4738285541534424,-0.0010465724626556039
11.819999694824219,54,-0.29463568329811096,-0.8304430246353149,10.029853820800781,-25.452632904052734,-16.355480194091797,-50.40366744995117,0.03247298300266266,-0.003519471036270261,-3.3365159034729004,-0.0010465724626556039
11.829999923706055,53,-0.2923101782798767,-0.6174293756484985,9.309744834899902,-24.516822814941406,-17.07133674621582,-50.88331985473633,0.031308237463235855,0.004633748903870583,-3.2025699615478516,-0.0010465724626556039
11.84000015258789,53,0.11132576316595078,-0.419506698846817,9.79281234741211,-23.15259552001953,-17.636682510375977,-51.22446060180664,0.027853788807988167,0.00019359732687007636,-3.049161911010742,-0.0010465724626556039
11.850000381469727,52,0.9344468712806702,-0.11984788626432419,9.262505531311035,-21.788368225097656,-18.526918411254883,-49.33675003051758,0.021111739799380302,0.011773672886192799,-2.8932502269744873,-0.0010465724626556039
11.859999656677246,52,0.4012177288532257,-0.2471504509449005,10.09748363494873,-20.513935089111328,-19.036277770996094,-49.444358825683594,0.017184332013130188,0.024585874751210213,-2.8024768829345703,-0.0010465724626556039
11.869999885559082,52,0.08991966396570206,-0.19099783897399902,10.02326774597168,-19.51645851135254,-19.3148193359375,-50.02703857421875,0.014648201875388622,0.0326075404882431,-2.790886640548706,-0.0010465724626556039
11.880000114440918,51,-0.09018445760011673,-0.6053792238235474,9.609219551086426,-18.594711303710938,-19.597492218017578,-50.43228530883789,0.014110429212450981,0.015407809056341648,-2.771984338760376,-0.0015698587521910667
11.890000343322754,50,0.7202319502830505,0.11348838359117508,10.23045825958252,-17.545305252075195,-20.127960205078125,-50.27259063720703,0.024947376921772957,0.01512287836521864,-2.7088475227355957,-0.0010465724626556039
11.899999618530273,50,0.7324774265289307,-0.276920884847641,9.622965812683105,-16.495899200439453,-21.107219696044922,-49.273216247558594,0.033146802335977554,0.01595584861934185,-2.7118024826049805,-0.0010465724626556039
11.90999984741211,49,-0.1345006674528122,-0.33758553862571716,9.687207221984863,-15.54386043548584,-21.34308624267578,-48.68595504760742,0.03284198045730591,0.02238922379910946,-2.7922277450561523,-0.0010465724626556039
11.920000076293945,48,-0.2347482293844223,-0.589455246925354,10.17008113861084,-14.088215827941895,-21.706979751586914,-49.13527297973633,0.03387581184506416,0.017089148983359337,-2.8764841556549072,-0.0010465724626556039
11.930000305175781,48,0.2586841285228729,-0.1809757947921753,10.212464332580566,-12.798636436462402,-22.06949806213379,-49.199378967285156,0.036780938506126404,0.007226993329823017,-2.9136345386505127,-0.0010465724626556039
11.9399995803833,47,-0.022809216752648354,-0.7209643125534058,9.491930961608887,-11.959110260009766,-22.35721778869629,-48.90345764160156,0.03899042680859566,0.0035703973844647408,-2.928861141204834,-0.0015698587521910667
11.949999809265137,46,-0.18539880216121674,-0.7622476816177368,10.164588928222656,-11.119585990905762,-22.71331214904785,-50.56908416748047,0.04018405079841614,-0.005503067746758461,-2.9542698860168457,-0.0010465724626556039
11.960000038146973,46,0.27889397740364075,-0.47182244062423706,9.981698036193848,-9.65041732788086,-23.158428192138672,-50.124916076660156,0.04143542796373367,-0.011609159409999847,-2.9672200679779053,-0.0010465724626556039
11.970000267028809,46,0.02349497564136982,-0.6806074976921082,9.743346214294434,-8.261848449707031,-23.671918869018555,-50.789451599121094,0.04522550478577614,-0.009615294635295868,-2.9444572925567627,-0.0010465724626556039
11.979999542236328,45,-0.3826625347137451,-0.02721470035612583,9.996686935424805,-6.785107135772705,-24.01516342163086,-50.83638381958008,0.03987729921936989,-0.008997305296361446,-2.862222194671631,-0.0010465724626556039
11.989999771118164,45,-0.46383199095726013,-0.23621907830238342,9.808436393737793,-5.115253448486328,-24.05784034729004,-49.89023971557617,0.0392439067363739,-0.009528660215437412,-2.723480224609375,-0.0010465724626556039
12,45,-0.06398337334394455,-0.2400829941034317,9.936113357543945,-3.339918375015259,-23.777921676635742,-48.62184524536133,0.03694072738289833,-0.007794697768986225,-2.643078088760376,-0.0010465724626556039
12.010000228881836,46,0.5772590637207031,-0.05003355070948601,9.802044868469238,-3.0250966548919678,-23.33280372619629,-48.17768096923828,0.04241792485117912,-0.009950920939445496,-2.644598960876465,-0.0010465724626556039
12.020000457763672,46,0.2907027006149292,-0.10501564294099808,10.05783748626709,-2.004901170730591,-23.63566780090332,-48.85308837890625,0.0434851236641407,-0.010072850622236729,-2.679297685623169,-0.0010465724626556039
12.029999732971191,46,0.09637251496315002,0.03478555008769035,9.648663520812988,-0.9143844842910767,-23.9183406829834,-49.1335563659668,0.03999088704586029,-0.01589657925069332,-2.702592372894287,-0.0015698587521910667
12.039999961853027,47,0.3123942017555237,-0.6537719368934631,9.602581024169922,0.13502144813537598,-23.995891571044922,-49.273216247558594,0.03649665042757988,-0.01833965629339218,-2.749551773071289,-0.0010465724626556039
12.050000190734863,47,0.12660661339759827,-0.1574447751045227,9.535665512084961,1.1692813634872437,-23.86832046508789,-49.620079040527344,0.05855366215109825,-0.05367284640669823,-2.692972183227539,-0.0010465724626556039
12.0600004196167,48,0.058399949222803116,-0.14796239137649536,9.940091133117676,2.1137466430664062,-23.51222801208496,-48.73174285888672,0.05594886466860771,-0.05301634967327118,-2.6105434894561768,-0.0010465724626556039
12.069999694824219,48,-0.41868436336517334,-0.252483069896698,9.52979564666748,3.4411909580230713,-23.72469139099121,-49.26176834106445,0.028277331963181496,0.006619912572205067,-2.649615526199341,-0.0010465724626556039
12.079999923706055,48,-0.27262648940086365,-0.26793384552001953,9.81428337097168,4.448404312133789,-23.567752838134766,-48.79470443725586,0.009710706770420074,0.03142803534865379,-2.7174575328826904,-0.0010465724626556039
12.09000015258789,48,-0.028907153755426407,-0.19997014105319977,9.84500503540039,5.429111957550049,-23.33142852783203,-48.29330062866211,0.0185717586427927,0.014645429328083992,-2.8151915073394775,-0.0010465724626556039
12.100000381469727,49,0.36235418915748596,-0.1685461699962616,9.68241024017334,6.469862937927246,-23.22313117980957,-48.476463317871094,0.026660164818167686,-0.010294890962541103,-2.8979668617248535,-0.0010465724626556039
12.109999656677246,49,0.09134674072265625,-0.2125796526670456,9.989286422729492,7.099506855010986,-23.045085906982422,-48.92062759399414,0.028298508375883102,-0.022531459107995033,-2.9551548957824707,-0.0010465724626556039
12.119999885559082,49,-0.4468361735343933,-0.4698116183280945,9.78038501739502,8.245738983154297,-22.604097366333008,-48.70884704589844,0.030092153698205948,-0.023417050018906593,-2.9813408851623535,-0.0010465724626556039
12.130000114440918,50,-0.5588800311088562,-0.8279886841773987,9.771292686462402,9.479061126708984,-22.2929744720459,-47.48395538330078,0.03185499459505081,-0.018820956349372864,-2.9389994144439697,-0.0010465724626556039
12.140000343322754,50,-1.1264582872390747,-0.7969146370887756,9.529391288757324,10.410545349121094,-21.979557037353516,-47.83711242675781,0.03100213035941124,-0.009310471825301647,-2.769150495529175,-0.0010465724626556039
12.149999618530273,50,-1.368065595626831,-0.5207474231719971,9.750089645385742,11.252233505249023,-21.57206916809082,-49.113521575927734,0.026181431487202644,0.00040665274718776345,-2.4502923488616943,-0.0010465724626556039
12.15999984741211,50,-1.0926874876022339,-0.15915988385677338,9.799942970275879,12.54505729675293,-21.05811882019043,-48.386600494384766,0.019952768459916115,0.0005067632300779223,-2.051189661026001,-0.0010465724626556039
12.170000076293945,50,-0.2405061572790146,-0.041958242654800415,9.778728485107422,12.649998664855957,-20.88007164001465,-48.49763870239258,0.015611443668603897,-0.005316965281963348,-1.688636064529419,-0.0010465724626556039
12.180000305175781,51,0.4598369598388672,0.18436235189437866,9.707319259643555,13.447330474853516,-20.848867416381836,-48.33393859863281,0.011861796490848064,-0.0033551871310919523,-1.467832326889038,-0.0010465724626556039
12.1899995803833,51,1.3787108659744263,0.4926755726337433,9.830318450927734,13.95634651184082,-20.796096801757812,-48.24350357055664,0.008554944768548012,-0.006656262557953596,-1.4232113361358643,-0.0010465724626556039
12.199999809265137,51,1.875158667564392,0.5013694167137146,9.641881942749023,14.241957664489746,-20.578584671020508,-48.403770446777344,0.012703750282526016,-0.008069358766078949,-1.582937479019165,-0.0010465724626556039
12.210000038146973,52,1.51708984375,0.027518494054675102,9.711725234985352,14.621150016784668,-20.15641212463379,-48.79069900512695,0.021609723567962646,-0.00203963415697217,-2.033566951751709,-0.0010465724626556039
12.220000267028809,52,0.7647367119789124,-0.3501555919647217,9.545373916625977,14.726091384887695,-19.889341354370117,-48.79069900512695,0.023996971547603607,0.007169237360358238,-2.55584454536438,-0.0010465724626556039
12.229999542236328,52,0.5570268630981445,-0.2960187494754791,9.914770126342773,15.489885330200195,-19.781963348388672,-48.79069900512695,0.03680917248129845,-0.003313474589958787,-2.9530231952667236,-0.0010465724626556039
12.239999771118164,53,1.5459266901016235,-0.15471932291984558,9.666849136352539,16.189849853515625,-19.16017723083496,-48.93837356567383,0.03187873959541321,-0.0015981215983629227,-3.151705503463745,-0.0010465724626556039
12.25,54,1.6019996404647827,0.005295997019857168,9.702259063720703,17.001245498657227,-18.578311920166016,-48.968135833740234,0.04070834442973137,0.0007313697715289891,-3.306900978088379,-0.0010465724626556039
12.260000228881836,54,0.9999979138374329,-0.13303157687187195,9.94826602935791,17.86078453063965,-18.31078338623047,-49.0139274597168,0.041346870362758636,-0.003830069676041603,-3.4927725791931152,-0.0010465724626556039
12.270000457763672,54,0.6841877698898315,-0.5805470943450928,9.720185279846191,17.96572494506836,-17.687620162963867,-50.12434387207031,0.04202646762132645,-0.005042945500463247,-3.625014543533325,-0.0010465724626556039
12.279999732971191,54,0.20906414091587067,-0.990759015083313,9.359079360961914,19.189311981201172,-17.150726318359375,-49.62065124511719,0.038031674921512604,-0.0024631780106574297,-3.6425981521606445,-0.0010465724626556039
12.289999961853027,54,-0.41043463349342346,-0.8429786562919617,9.383081436157227,20.139184951782227,-16.419723510742188,-49.55654525756836,0.03619631752371788,-0.0005642895703203976,-3.531799077987671,-0.0010465724626556039
12.300000190734863,54,-0.8472977876663208,-0.7398157715797424,9.374019622802734,20.660642623901367,-15.663483619689941,-49.499305725097656,0.03619631752371788,-0.00748923234641552,-3.3383395671844482,-0.0010465724626556039
12.3100004196167,55,-1.107784628868103,-0.3628883361816406,9.442269325256348,21.12854766845703,-15.024258613586426,-49.2772216796875,0.0341767817735672,-0.012404908426105976,-3.075920581817627,-0.0010465724626556039
12.319999694824219,55,-1.7934499979019165,-0.3024306893348694,9.670252799987793,22.256929397583008,-14.575470924377441,-49.06429672241211,0.03251533582806587,-0.008128399029374123,-2.763580083847046,-0.0010465724626556039
12.329999923706055,55,-2.141953706741333,-0.4942445755004883,10.067414283752441,22.781631469726562,-14.041330337524414,-49.06429672241211,0.030320608988404274,-0.0016212242189794779,-2.4379327297210693,-0.0010465724626556039
12.34000015258789,55,-1.8578544855117798,-0.7702885270118713,9.778206825256348,23.646039962768555,-13.074921607971191,-48.70484161376953,0.02420232631266117,-0.0018265786347910762,-2.095649003982544,-0.0010465724626556039
12.350000381469727,55,-1.3295990228652954,-0.5149613618850708,9.848669052124023,24.529922485351562,-12.417799949645996,-48.90174102783203,0.0177458468824625,-0.009239238686859608,-1.7280133962631226,-0.0010465724626556039
12.359999656677246,55,-0.6468324661254883,0.073878213763237,9.796337127685547,25.007022857666016,-12.123196601867676,-49.22284698486328,0.014613548293709755,-0.011963396333158016,-1.385730266571045,-0.0010465724626556039
12.369999885559082,55,-0.3341792821884155,0.20105017721652985,9.738882064819336,24.904245376586914,-11.914863586425781,-48.9149055480957,0.010485920123755932,-0.0038441878277808428,-1.128906011581421,-0.0010465724626556039
12.380000114440918,55,-0.05730220302939415,0.12687166035175323,9.745097160339355,25.638830184936523,-11.469746589660645,-48.803863525390625,0.004017249681055546,-0.0006098526646383107,-0.9759040474891663,-0.0010465724626556039
12.390000343322754,56,-0.2595123052597046,0.055544283241033554,9.732234001159668,26.18841552734375,-11.495443344116211,-49.9652214050293,0.0076250736601650715,-0.0029393441509455442,-0.8824971914291382,-0.0010465724626556039
12.399999618530273,55,-1.08393394947052,-0.25212082266807556,9.697126388549805,26.099702835083008,-11.064092636108398,-50.5765266418457,0.0054085273295640945,-0.005381780676543713,-0.796447217464447,-0.0010465724626556039
12.40999984741211,55,-1.5024983882904053,-0.6181686520576477,9.830632209777832,26.161909103393555,-10.686431884765625,-50.844970703125,0.004345175344496965,-0.008673230186104774,-0.6646749377250671,-0.0010465724626556039
12.420000076293945,55,-0.8954634070396423,-0.441423624753952,9.799700736999512,26.779653549194336,-10.80849552154541,-51.13688659667969,0.005509921349585056,-0.007508484646677971,-0.45269128680229187,-0.0010465724626556039
12.430000305175781,55,-0.02717234008014202,-0.0279046893119812,9.802448272705078,26.884593963623047,-11.075565338134766,-51.247928619384766,-0.0002445004938635975,-0.0005777659825980663,-0.15652436017990112,-0.0010465724626556039
12.4399995803833,55,-0.004041339736431837,0.01630375161767006,9.826276779174805,27.389822006225586,-10.833274841308594,-50.61773681640625,0.0026593422517180443,-0.008862541057169437,-0.017701413482427597,-0.0010465724626556039
12.449999809265137,55,0.06446067243814468,0.03295953944325447,9.817130088806152,27.46014404296875,-10.887423515319824,-49.79121780395508,-0.0010473086731508374,-0.0006926358910277486,0.0024072949308902025,-0.0010465724626556039
12.460000038146973,55,0.009373152628540993,0.023363793268799782,9.828115463256836,27.201038360595703,-10.84749984741211,-49.22914123535156,0.00009240952203981578,-0.0018073268001899123,0.0043652234598994255,-0.0010465724626556039
12.470000267028809,55,0.05688352882862091,0.026020241901278496,9.816695213317871,26.889461517333984,-10.695150375366211,-48.749488830566406,-0.0020991091150790453,-0.0007805536733940244,0.00281736277975142,-0.0010465724626556039
12.479999542236328,55,0.03228822723031044,0.030874794349074364,9.810805320739746,26.875938415527344,-10.873197555541992,-47.58240509033203,-0.004751392640173435,-0.0026608319021761417,0.00048787114792503417,-0.0010465724626556039
12.489999771118164,55,0.0473407544195652,0.026833441108465195,9.810393333435059,26.35123634338379,-11.051244735717773,-48.47073745727539,-0.0031823550816625357,-0.003815951757133007,-0.0002822086098603904,-0.0010465724626556039
12.5,55,0.03503565490245819,0.017459478229284286,9.801231384277344,26.742868423461914,-10.946619033813477,-49.53536605834961,-0.002557948464527726,-0.002381036290898919,0.0033050798811018467,-0.0010465724626556039
12.510000228881836,54,0.04348641261458397,0.03529563546180725,9.814657211303711,27.01874351501465,-10.968645095825195,-49.834720611572266,-0.0037226940039545298,-0.002672383328899741,0.005197551101446152,-0.0010465724626556039
12.520000457763672,54,0.0344821996986866,0.03606447950005531,9.819967269897461,27.122602462768555,-11.117323875427246,-49.61149215698242,-0.004887439776211977,-0.0032229903154075146,0.0022539212368428707,-0.0010465724626556039
12.529999732971191,54,0.03423897549510002,0.026596873998641968,9.810402870178223,27.437423706054688,-11.162753105163574,-49.633243560791016,-0.006582899019122124,-0.004181097727268934,-0.0018743486143648624,-0.0010465724626556039
12.539999961853027,54,0.033861733973026276,0.026591947302222252,9.791570663452148,27.752246856689453,-10.806659698486328,-49.85532760620117,-0.006570064462721348,-0.007206869777292013,-0.0016208640299737453,-0.0010465724626556039
12.550000190734863,54,0.015468617901206017,0.03144649788737297,9.819586753845215,27.430932998657227,-10.91312026977539,-50.4620475769043,-0.004700695630162954,-0.00994257815182209,0.0009531276882626116,-0.0010465724626556039
12.5600004196167,54,0.029183413833379745,0.03488164767622948,9.805785179138184,27.410377502441406,-10.921838760375977,-50.77628707885742,-0.005521472543478012,-0.012404908426105976,0.0008985802996903658,-0.0010465724626556039
12.569999694824219,54,0.025845302268862724,0.013073135167360306,9.810081481933594,27.24052619934082,-10.904401779174805,-50.39622497558594,-0.005521472543478012,-0.010714583098888397,0.005952870938926935,-0.0010465724626556039
12.579999923706055,54,0.043109167367219925,0.02611881121993065,9.806699752807617,26.720151901245117,-10.947996139526367,-49.663578033447266,-0.004204635974019766,-0.005920836701989174,0.0017328335670754313,-0.0010465724626556039
12.59000015258789,54,0.03378479555249214,0.022617129608988762,9.819174766540527,27.244853973388672,-10.769948959350586,-50.77399444580078,0.001997715560719371,-0.009950920939445496,0.0003466899215709418,-0.0010465724626556039
12.600000381469727,54,0.029947828501462936,0.029714137315750122,9.813040733337402,26.883512496948242,-10.591901779174805,-49.69677734375,0.0026875785551965237,-0.009855944663286209,0.00443581398576498,-0.0010465724626556039
12.609999656677246,53,0.033640846610069275,0.018713776022195816,9.83403205871582,26.537857055664062,-10.728190422058105,-49.181060791015625,-0.00174230569973588,-0.008593013510107994,0.002171779051423073,-0.0010465724626556039
12.619999885559082,53,0.030091775581240654,0.02995070442557335,9.825739860534668,26.67092514038086,-10.74195671081543,-49.32759094238281,0.0017519316170364618,-0.003934030421078205,0.002171779051423073,-0.0005232862313278019
12.630000114440918,53,0.034981053322553635,0.02318883314728737,9.802190780639648,27.07175636291504,-10.604291915893555,-49.8828010559082,0.001840490847826004,-0.0004102736129425466,-0.00009867297922028229,-0.0010465724626556039
12.640000343322754,54,0.03824222460389137,0.02966485172510147,9.812031745910645,26.763425827026367,-10.866772651672363,-50.4311408996582,0.002913468750193715,0.002010985743254423,0.0018637471366673708,-0.0010465724626556039
12.649999618530273,54,0.03335294872522354,0.02259495109319687,9.819197654724121,27.0782470703125,-10.688726425170898,-50.320098876953125,-0.002996893832460046,0.00029755811556242406,-0.00591405900195241,-0.0010465724626556039
12.65999984741211,54,0.031337670981884,0.026498304679989815,9.810420989990234,26.821304321289062,-10.857136726379395,-49.60404968261719,-0.0042944783344864845,0.004607438109815121,-0.009541135281324387,-0.0010465724626556039
12.670000076293945,54,0.035966355353593826,0.02445298619568348,9.793074607849121,27.032268524169922,-11.075565338134766,-49.62580108642578,-0.0025220115203410387,-0.0019761030562222004,-0.0038945248816162348,-0.0010465724626556039
12.680000305175781,54,0.022400470450520515,0.018026253208518028,9.805133819580078,27.469879150390625,-10.973692893981934,-50.0888557434082,-0.00348846148699522,-0.005042945500463247,0.0001387683005305007,-0.0010465724626556039
12.6899995803833,54,0.01966545358300209,0.02171521820127964,9.816545486450195,27.260000228881836,-10.334927558898926,-49.921722412109375,-0.002009266521781683,-0.002757733454927802,-0.0013404267374426126,-0.0010465724626556039
12.699999809265137,54,0.031747180968523026,0.022952266037464142,9.808053970336914,27.05011749267578,-10.51297378540039,-50.36589050292969,-0.000613496929872781,0.0007365036872215569,-0.0006377287791110575,-0.0010465724626556039
12.710000038146973,54,0.02724011056125164,0.02518979273736477,9.811263084411621,27.10799789428711,-10.918168067932129,-49.487857818603516,0.000023744127247482538,-0.0027789107989519835,-0.0003296968643553555,-0.0010465724626556039
12.720000267028809,53,0.03284912928938866,0.02033524587750435,9.800697326660156,26.953292846679688,-11.032889366149902,-48.995609283447266,0.0011884899577125907,-0.005771954543888569,-0.0015092025278136134,-0.0010465724626556039
12.729999542236328,53,0.03234530985355377,0.019835004583001137,9.80363941192627,27.04416847229004,-11.047114372253418,-48.97042465209961,0.0003022563469130546,-0.005866930820047855,0.0005417767679318786,-0.0010465724626556039
12.739999771118164,53,0.04212386533617973,0.023452505469322205,9.80576229095459,27.584016799926758,-11.115029335021973,-49.23601150512695,-0.0004890006966888905,-0.007822933606803417,0.0011462895199656487,-0.0010465724626556039
12.75,53,0.04547935351729393,0.01852649450302124,9.803929328918457,27.05931282043457,-10.580888748168945,-50.34642791748047,0.0006757450755685568,-0.006658188067376614,-0.000018456437828717753,-0.0010465724626556039
12.760000228881836,52,0.04241176322102547,0.02338104322552681,9.808270454406738,27.115571975708008,-10.95029067993164,-48.997901916503906,-0.0024924916215240955,-0.006192931439727545,0.0042227585799992085,-0.0010465724626556039
12.770000457763672,52,0.045191455632448196,0.026498304679989815,9.79671859741211,27.075542449951172,-10.719013214111328,-48.59379959106445,-0.0037669737357646227,-0.002588957780972123,-0.0002822086098603904,-0.0010465724626556039
12.779999732971191,52,0.3414568603038788,0.1386408656835556,9.81890869140625,27.11503028869629,-10.593278884887695,-48.70484161376953,-0.0002284570800838992,-0.0031934704165905714,0.00032230408396571875,-0.0010465724626556039
12.789999961853027,52,0.9561358094215393,0.5505555868148804,9.803974151611328,27.253507614135742,-10.888799667358398,-48.9921760559082,0.015773802995681763,-0.02506951242685318,-0.007602459751069546,-0.0010465724626556039
12.800000190734863,53,1.3005495071411133,0.7554274797439575,9.668744087219238,27.148569107055664,-10.977823257446289,-49.88051223754883,0.07614806294441223,-0.17060497403144836,-0.10808825492858887,-0.0010465724626556039
12.8100004196167,53,1.6146669387817383,0.6078121662139893,9.669206619262695,27.04362678527832,-11.509669303894043,-49.22227478027344,0.06651885062456131,-0.1476014107465744,-0.32711824774742126,-0.0010465724626556039
12.819999694824219,54,2.0683770179748535,0.8951177597045898,9.850064277648926,27.01874351501465,-11.500492095947266,-49.23372268676758,-0.05810894817113876,0.12494911998510361,-0.45989924669265747,-0.0010465724626556039
12.829999923706055,54,1.0164178609848022,0.8992601037025452,9.736661911010742,27.074459075927734,-10.944324493408203,-49.102073669433594,-0.06319018453359604,0.1651100516319275,-0.673122763633728,-0.0010465724626556039
12.84000015258789,54,-0.6275756359100342,0.8418138027191162,9.765135765075684,27.116653442382812,-10.373473167419434,-49.1890754699707,0.008550450205802917,0.006546760443598032,-1.0543469190597534,-0.0010465724626556039
12.850000381469727,54,-0.049496717751026154,0.9209429621696472,9.654765129089355,27.053903579711914,-10.551520347595215,-50.476932525634766,0.004361219238489866,0.02590014412999153,-1.3980880975723267,-0.0010465724626556039
12.859999656677246,54,0.6543309092521667,0.2581712603569031,9.707056999206543,27.5786075592041,-10.729567527770996,-51.14318084716797,0.01736273244023323,0.0087594510987401,-1.6300137042999268,-0.0010465724626556039
12.869999885559082,54,0.8755645751953125,-0.1910717636346817,9.956238746643066,27.577526092529297,-10.089883804321289,-50.51127243041992,0.027040710672736168,-0.01402720995247364,-1.8509341478347778,-0.0010465724626556039
12.880000114440918,54,0.7971177101135254,-0.2619186341762543,9.829670906066895,27.915607452392578,-9.503430366516113,-50.42656326293945,0.02641630545258522,-0.006064584944397211,-2.0865671634674072,-0.0010465724626556039
12.890000343322754,54,0.8170992136001587,-0.5013046264648438,9.751962661743164,28.27262306213379,-8.95919418334961,-50.12892532348633,0.025153374299407005,-0.0011392825981602073,-2.4112942218780518,-0.0010465724626556039
12.899999618530273,54,1.1389377117156982,-0.6932440996170044,9.720427513122559,28.226102828979492,-8.28417682647705,-48.99160385131836,0.02924249693751335,-0.0066780815832316875,-2.8153629302978516,-0.0010465724626556039
12.90999984741211,54,1.450655221939087,-0.6169808506965637,9.629484176635742,28.540922164916992,-7.839059352874756,-50.43514633178711,0.03251533582806587,-0.009331648238003254,-3.2410404682159424,-0.0010465724626556039
12.920000076293945,54,1.5196510553359985,-0.6454920768737793,9.452096939086914,29.522172927856445,-6.9901251792907715,-50.77056121826172,0.036414507776498795,-0.00928095169365406,-3.65614652633667,-0.0010465724626556039
12.930000305175781,54,1.6755694150924683,-0.6207413077354431,9.817882537841797,30.500715255737305,-6.280231952667236,-50.392791748046875,0.04209384694695473,-0.003518829122185707,-4.0261735916137695,-0.0010465724626556039
12.9399995803833,54,1.258908748626709,-0.4814034104347229,9.940413475036621,31.073020935058594,-5.262428283691406,-50.07111358642578,0.04788356274366379,0.0008096612291410565,-4.336997032165527,-0.0010465724626556039
12.949999809265137,54,0.8180820345878601,-0.5493350625038147,10.04916000366211,31.333208084106445,-3.8807296752929688,-50.08828353881836,0.05397682264447212,-0.008353646844625473,-4.608080863952637,-0.0010465724626556039
12.960000038146973,54,1.1212668418884277,-0.8558518290519714,9.474422454833984,32.172733306884766,-2.9904956817626953,-49.75516128540039,0.05030931532382965,-0.007188901305198669,-4.830864429473877,-0.0010465724626556039
12.970000267028809,53,0.19948910176753998,-0.9748498797416687,10.023652076721191,33.11503601074219,-1.315570592880249,-49.6395378112793,0.052147239446640015,-0.0025831819511950016,-5.009646892547607,-0.0010465724626556039
12.979999542236328,52,0.42375558614730835,-1.0720000267028809,9.819445610046387,33.275150299072266,0.9081791639328003,-50.6904296875,0.05655209720134735,0.002591112395748496,-5.107224464416504,-0.0010465724626556039
12.989999771118164,52,1.2316503524780273,-1.3497960567474365,9.938053131103516,33.87342071533203,2.8988161087036133,-51.04644775390625,0.08098865300416946,-0.049606822431087494,-5.083395957946777,-0.0010465724626556039
13,51,1.5850682258605957,-1.3162380456924438,9.37788200378418,34.805442810058594,4.576953411102295,-50.789451599121094,0.07510588318109512,-0.03092789463698864,-5.046494483947754,-0.0010465724626556039
13.010000228881836,51,0.5193198323249817,-1.0357460975646973,9.977108001708984,34.89415740966797,6.4648003578186035,-51.503780364990234,0.0681174099445343,-0.033257387578487396,-5.038341522216797,-0.0010465724626556039
13.020000457763672,50,-0.44994843006134033,-0.9562990665435791,9.768375396728516,34.68427658081055,8.690385818481445,-51.05961227416992,0.06577508896589279,-0.01119459979236126,-5.097557544708252,-0.0010465724626556039
13.029999732971191,49,-0.7307096123695374,-0.6100711226463318,9.27646255493164,34.560401916503906,10.988932609558105,-51.07048797607422,0.07114061713218689,-0.034135278314352036,-5.103094100952148,-0.0010465724626556039
13.039999961853027,49,-0.9157229065895081,-0.2895180881023407,9.55924129486084,34.393795013427734,12.885040283203125,-51.76879119873047,0.07489026337862015,-0.050426315516233444,-5.03179407119751,-0.0010465724626556039
13.050000190734863,49,-0.26641935110092163,-0.18588455021381378,9.894411087036133,34.18391418457031,14.645776748657227,-52.48426818847656,0.06278781592845917,-0.031450267881155014,-4.915359020233154,-0.0015698587521910667
13.0600004196167,49,0.008834587410092354,0.237057626247406,9.944250106811523,33.9221076965332,16.649263381958008,-52.552955627441406,0.0585966557264328,-0.034114740788936615,-4.814709663391113,-0.0010465724626556039
13.069999694824219,49,-0.28329354524612427,-0.135202556848526,10.086843490600586,33.29246139526367,18.340707778930664,-53.10816192626953,0.05573131889104843,-0.036944784224033356,-4.824101448059082,-0.0010465724626556039
13.079999923706055,49,-0.43558090925216675,-0.4753907024860382,9.219250679016113,33.22430419921875,20.667247772216797,-54.45554733276367,0.05775342136621475,-0.034580640494823456,-4.902589797973633,-0.0010465724626556039
13.09000015258789,49,0.2853170335292816,-1.0627862215042114,10.18822193145752,32.878108978271484,22.777193069458008,-55.60603332519531,0.060960803180933,-0.02310260199010372,-4.981253623962402,-0.0010465724626556039
13.100000381469727,49,0.9812970161437988,-1.1972547769546509,9.979130744934082,32.1738166809082,24.659534454345703,-56.17784118652344,0.05798187479376793,-0.020067203789949417,-5.006680488586426,-0.0010465724626556039
13.109999656677246,49,0.45364469289779663,-1.2860954999923706,10.692943572998047,31.12657356262207,26.4923152923584,-56.30834197998047,0.053999923169612885,-0.02164394222199917,-4.9907097816467285,-0.0010465724626556039
13.119999885559082,49,0.18252556025981903,-1.1500694751739502,9.120747566223145,29.65740394592285,28.539852142333984,-56.97459411621094,0.05175706744194031,-0.012759145349264145,-4.959868431091309,-0.0010465724626556039
13.130000114440918,49,-0.16172923147678375,-1.428395390510559,9.554715156555176,28.997468948364258,30.759014129638672,-57.319740295410156,0.048739638179540634,-0.004769567400217056,-4.887844085693359,-0.0015698587521910667
13.140000343322754,49,-0.4794082045555115,-1.4172275066375732,9.857095718383789,28.675073623657227,32.658790588378906,-58.46564483642578,0.04806838184595108,-0.00792817771434784,-4.741264820098877,-0.0010465724626556039
13.149999618530273,49,-0.6532952189445496,-1.1326794624328613,10.288979530334473,27.888019561767578,34.839866638183594,-59.687103271484375,0.04581782594323158,-0.01047329232096672,-4.5412516593933105,-0.0010465724626556039
13.15999984741211,49,-0.2769499123096466,-0.7589777112007141,9.278468132019043,26.439407348632812,37.27837371826172,-60.09120559692383,0.03648637980222702,-0.004082912113517523,-4.3365373611450195,-0.0010465724626556039
13.170000076293945,48,-0.8796712756156921,-0.5227927565574646,9.40526294708252,24.7906494140625,39.329124450683594,-59.034019470214844,0.03673986718058586,0.012274866923689842,-4.1417460441589355,-0.0010465724626556039
13.180000305175781,48,-0.37396109104156494,-0.35063615441322327,10.463055610656738,23.95112419128418,41.46568298339844,-62.365272521972656,0.03357676416635513,0.019097773358225822,-3.9691286087036133,-0.0010465724626556039
13.1899995803833,48,-0.6074228882789612,-0.2153346687555313,9.400938034057617,22.774059295654297,43.31590270996094,-62.66061782836914,0.03241201862692833,0.024508226662874222,-3.8848156929016113,-0.0010465724626556039
13.199999809265137,48,0.4895523190498352,-0.46034401655197144,9.746228218078613,21.214555740356445,45.147308349609375,-63.23299789428711,0.03165798261761665,0.024646198377013206,-3.8559844493865967,-0.0010465724626556039
13.210000038146973,48,0.12776316702365875,-0.19517965614795685,9.070573806762695,19.57337188720703,46.77450942993164,-64.6788330078125,0.042140696197748184,-0.0033076999243348837,-3.83501935005188,-0.0010465724626556039
13.220000267028809,48,-0.49200865626335144,-0.49481135606765747,10.898377418518066,18.163705825805664,47.98963165283203,-66.1641616821289,0.049192700535058975,0.005332596600055695,-3.804905414581299,-0.0010465724626556039
13.229999542236328,48,-0.8387230038642883,-0.39427781105041504,9.707052230834961,16.379716873168945,49.68107604980469,-66.1641616821289,0.04969325289130211,-0.008057165890932083,-3.6827096939086914,-0.0010465724626556039
13.239999771118164,49,-0.29019564390182495,-0.25301286578178406,10.321893692016602,14.687685012817383,51.45053482055664,-67.42912292480469,0.05071232467889786,-0.03848494589328766,-3.42094349861145,-0.0010465724626556039
13.25,49,-0.006257659289985895,-0.15156017243862152,9.687579154968262,12.602936744689941,53.00156021118164,-68.51492309570312,0.04135200381278992,-0.022299792617559433,-3.151721715927124,-0.0010465724626556039
13.260000228881836,49,1.3123433589935303,0.5597620010375977,9.722023010253906,10.380793571472168,54.38922119140625,-70.18170166015625,0.036861155182123184,-0.013402162119746208,-2.889467716217041,-0.0010465724626556039
13.270000457763672,50,1.3601365089416504,0.8652980327606201,9.7455415725708,8.225183486938477,55.64427185058594,-72.21651458740234,-0.002090767491608858,0.067498579621315,-2.7134621143341064,-0.0010465724626556039
13.279999732971191,50,1.046239972114563,0.5831278562545776,9.692774772644043,5.811550140380859,56.534507751464844,-70.88401794433594,0.0036270746495574713,0.0599517896771431,-2.764653205871582,-0.0010465724626556039
13.289999961853027,51,0.7345324754714966,-0.28286463022232056,9.725175857543945,3.2983853816986084,57.593605041503906,-72.39509582519531,0.026285391300916672,0.014590240083634853,-2.9736554622650146,-0.0010465724626556039
13.300000190734863,52,-0.40149247646331787,-0.7956233620643616,9.998147964477539,1.0053791999816895,58.34296417236328,-73.58335876464844,0.0473637618124485,-0.021503401920199394,-3.1624789237976074,-0.0010465724626556039
13.3100004196167,52,-0.7734225392341614,-1.0320029258728027,9.558906555175781,-1.6560006141662598,58.75045394897461,-74.5289306640625,0.0764862522482872,-0.07918623834848404,-3.2100775241851807,-0.0010465724626556039
13.319999694824219,52,-0.9792884588241577,-0.9760253429412842,9.893806457519531,-4.963252067565918,58.81607437133789,-75.5855484008789,0.09438611567020416,-0.12507015466690063,-3.107210159301758,-0.0010465724626556039
13.329999923706055,52,-0.956026017665863,-0.8780521154403687,9.702051162719727,-8.73245906829834,58.554508209228516,-77.1286849975586,0.09142130613327026,-0.1309644728899002,-2.8944499492645264,-0.0010465724626556039
13.34000015258789,52,0.005255736876279116,-0.17962291836738586,9.780129432678223,-12.090557098388672,58.554508209228516,-78.12805938720703,0.0650499239563942,-0.10084857791662216,-2.613621234893799,-0.0010465724626556039
13.350000381469727,52,-0.0383506640791893,-0.05261606723070145,9.753753662109375,-15.365894317626953,57.8524169921875,-77.98896789550781,0.011331724002957344,-0.012651335448026657,-2.376436710357666,-0.0010465724626556039
13.359999656677246,53,0.38926011323928833,-0.060092564672231674,9.649869918823242,-18.268529891967773,57.35866165161133,-77.60662078857422,-0.021467257291078568,0.06338635087013245,-2.2961316108703613,-0.0010465724626556039
13.369999885559082,53,0.34445494413375854,-0.062123045325279236,9.801684379577637,-20.551258087158203,56.949337005615234,-77.38167572021484,-0.031110582873225212,0.086334727704525,-2.292741298675537,-0.0015698587521910667
13.380000114440918,53,1.0228731632232666,1.0158580541610718,9.62521743774414,-22.183786392211914,56.067359924316406,-77.24774169921875,-0.03708190843462944,0.11962143331766129,-2.3634891510009766,-0.0015698587521910667
13.390000343322754,54,0.5065655708312988,-0.32691043615341187,10.143341064453125,-24.387540817260742,55.26614761352539,-75.80419158935547,-0.03860795125365257,0.11580054461956024,-2.5868797302246094,-0.0010465724626556039
13.399999618530273,54,0.687915563583374,-0.7856283783912659,9.713363647460938,-26.952634811401367,53.928504943847656,-76.27239990234375,0.027676669880747795,-0.007450728677213192,-2.9358930587768555,-0.0010465724626556039
13.40999984741211,54,0.8355072140693665,-0.9608012437820435,9.800712585449219,-28.982206344604492,52.336181640625,-76.07206726074219,0.031170906499028206,-0.0051212371326982975,-3.0919692516326904,-0.0010465724626556039
13.420000076293945,54,0.6608234643936157,-1.1271127462387085,9.829021453857422,-30.86951446533203,50.60940170288086,-75.38291931152344,0.04704674333333969,-0.03093174658715725,-3.2435426712036133,-0.0010465724626556039
13.430000305175781,54,0.3263075351715088,-0.999743640422821,9.784257888793945,-32.84823989868164,48.78487777709961,-74.6445541381836,0.08143016695976257,-0.08643139898777008,-3.3577423095703125,-0.0010465724626556039
13.4399995803833,54,0.19457004964351654,-1.0381561517715454,9.689680099487305,-33.687767028808594,46.737342834472656,-72.97892761230469,0.08149755001068115,-0.10262232273817062,-3.433354616165161,-0.0010465724626556039
13.449999809265137,55,0.1510753482580185,-0.9888097643852234,9.763824462890625,-35.114742279052734,44.77286148071289,-71.00249481201172,0.05220242962241173,-0.05091467872262001,-3.440335988998413,-0.0010465724626556039
13.460000038146973,55,0.1301581859588623,-0.7994626760482788,10.125715255737305,-36.43677520751953,42.93916320800781,-69.86002349853516,0.04706471040844917,-0.05377616360783577,-3.382215976715088,-0.0010465724626556039
13.470000267028809,55,0.288292795419693,-0.6025354862213135,9.887792587280273,-36.81001663208008,41.07517623901367,-68.71812438964844,0.04439445957541466,-0.06311338394880295,-3.363862991333008,-0.0015698587521910667
13.479999542236328,55,1.0406756401062012,-0.32762014865875244,9.398574829101562,-36.45408248901367,39.26442337036133,-66.84757995605469,0.06339040398597717,-0.09703154861927032,-3.434368371963501,-0.0010465724626556039
13.489999771118164,55,1.2586877346038818,-0.08676547557115555,10.165947914123535,-36.97554016113281,37.927696228027344,-63.973087310791016,0.052541907876729965,-0.06411705166101456,-3.613485813140869,-0.0010465724626556039
13.5,55,0.552125096321106,-0.24344176054000854,10.115795135498047,-36.870601654052734,36.32527542114258,-63.5289192199707,0.03436994552612305,-0.013434248976409435,-3.909467935562134,-0.0010465724626556039
13.510000228881836,55,-0.6141611337661743,-0.5086824893951416,9.737561225891113,-37.00907897949219,34.92934799194336,-61.53932571411133,0.038361527025699615,-0.0056083123199641705,-4.225636959075928,-0.0010465724626556039
13.520000457763672,55,-0.5041251182556152,-0.7676542401313782,9.824126243591309,-36.76457977294922,33.545814514160156,-59.51710891723633,0.04685935750603676,-0.03645706921815872,-4.403229236602783,-0.0010465724626556039
13.529999732971191,55,-0.14234089851379395,-0.4817409813404083,9.96076488494873,-36.19984817504883,32.28664016723633,-57.85148239135742,0.034416794776916504,-0.05387819930911064,-4.3510637283325195,-0.0010465724626556039
13.539999961853027,55,-0.560366690158844,-0.3560155928134918,9.616743087768555,-35.79631423950195,31.334455490112305,-56.22019577026367,0.008943193592131138,-0.007875556126236916,-4.114790439605713,-0.0010465724626556039
13.550000190734863,55,-0.6757734417915344,-0.4872732162475586,9.722208023071289,-35.58643341064453,29.643009185791016,-54.99873352050781,0.026974612846970558,0.009942167438566685,-3.799069881439209,-0.0010465724626556039
13.5600004196167,55,-0.013839734718203545,-0.08168422430753708,9.873602867126465,-35.11041259765625,28.704133987426758,-54.34049606323242,0.023374490439891815,0.054774291813373566,-3.3811380863189697,-0.0010465724626556039
13.569999694824219,55,0.31125256419181824,0.2642480134963989,9.967426300048828,-34.650081634521484,28.01213836669922,-53.7171745300293,0.014070000499486923,0.021107682958245277,-2.9287521839141846,-0.0010465724626556039
13.579999923706055,55,-0.0448804572224617,0.19698910415172577,9.900188446044922,-34.31037521362305,27.558759689331055,-53.13563537597656,-0.001849475083872676,0.02797422558069229,-2.514369487762451,-0.0010465724626556039
13.59000015258789,55,-0.8380429148674011,-0.20794688165187836,9.85250186920166,-34.069122314453125,27.327484130859375,-52.65827178955078,-0.026135867461562157,0.07538226991891861,-2.1383779048919678,-0.0010465724626556039
13.600000381469727,54,-0.8913534283638,-0.5268685817718506,9.632755279541016,-33.649356842041016,26.79334259033203,-51.99201965332031,-0.0848037600517273,0.19158923625946045,-1.7473725080490112,-0.0010465724626556039
13.609999656677246,54,-1.0800671577453613,-0.6882269382476807,9.767011642456055,-32.844451904296875,26.994335174560547,-51.12200164794922,0.022352848201990128,-0.015735501423478127,-1.435220718383789,-0.0010465724626556039
13.619999885559082,54,-1.7843613624572754,-0.7221446633338928,9.875307083129883,-32.07686996459961,26.834182739257812,-51.603946685791016,-0.0011910557514056563,0.029479730874300003,-1.1862038373947144,-0.0010465724626556039
13.630000114440918,54,-1.818427562713623,-0.7211713194847107,9.720544815063477,-31.580297470092773,26.67999839782715,-51.6566047668457,0.00615935493260622,0.011404033750295639,-0.9937570691108704,-0.0010465724626556039
13.640000343322754,54,-1.7178722620010376,-0.7000429630279541,9.824453353881836,-31.347156524658203,26.690093994140625,-50.582820892333984,0.008958595804870129,-0.010469441302120686,-0.7720049023628235,-0.0010465724626556039
13.649999618530273,54,-1.4403374195098877,-0.7027536034584045,9.81516170501709,-31.03233528137207,26.423025131225586,-50.027610778808594,-0.000006416865744540701,0.004479733295738697,-0.5455564856529236,-0.0010465724626556039
13.65999984741211,54,-0.7178411483764648,-0.4527714252471924,9.800479888916016,-30.40593719482422,26.50837516784668,-51.23075485229492,0.007236183620989323,-0.005406166426837444,-0.3273235559463501,-0.0010465724626556039
13.670000076293945,54,0.08555155992507935,-0.021593773737549782,9.74030876159668,-30.650978088378906,26.529943466186523,-50.18043899536133,0.005285314749926329,-0.010015735402703285,-0.12777341902256012,-0.0010465724626556039
13.680000305175781,54,0.09305673837661743,0.004221588373184204,9.781390190124512,-30.789457321166992,26.576749801635742,-49.863338470458984,0.0025746335741132498,-0.009458069689571857,-0.02295335941016674,-0.0010465724626556039
13.6899995803833,54,0.18295739591121674,0.0447065643966198,9.794598579406738,-30.672075271606445,26.587303161621094,-50.53645706176758,-0.0009638831834308803,-0.0059195528738200665,0.0003896860289387405,-0.0010465724626556039
13.699999809265137,53,0.08864646404981613,0.007126928307116032,9.81333065032959,-30.74456024169922,26.447803497314453,-50.40481185913086,-0.00002695279363251757,-0.0031986043322831392,0.0009447852498851717,-0.0010465724626556039
13.710000038146973,53,0.16828212141990662,0.051867641508579254,9.820089340209961,-30.324798583984375,26.892919540405273,-49.96064376831055,0.0026522830594331026,-0.003815951757133007,0.001492183655500412,-0.0010465724626556039
13.720000267028809,52,0.07606091350317001,0.0313996747136116,9.81622314453125,-30.427574157714844,26.59923553466797,-49.33217239379883,-0.0018122546607628465,-0.005271402653306723,0.0031420798040926456,-0.0010465724626556039
13.729999542236328,52,0.1417211890220642,0.06446236371994019,9.803424835205078,-30.637454986572266,26.5799617767334,-49.32987976074219,-0.002138255164027214,-0.007496933452785015,0.00631737569347024,-0.0015698587521910667
13.739999771118164,53,0.08458860963582993,0.050583772361278534,9.816742897033691,-30.808931350708008,26.618967056274414,-49.448936462402344,0.0035731703974306583,-0.005693662911653519,0.008451780304312706,-0.0010465724626556039
13.75,54,0.12882788479328156,0.0657758042216301,9.807838439941406,-30.829486846923828,26.33445930480957,-49.153587341308594,0.002138896845281124,-0.002555587561801076,0.006449572741985321,-0.0010465724626556039
13.760000228881836,54,0.09892138838768005,0.03264165297150612,9.818014144897461,-30.30478286743164,26.51250648498535,-49.81983947753906,0.002831326797604561,-0.005797623656690121,0.007598274853080511,-0.0010465724626556039
13.770000457763672,54,0.12986283004283905,0.04318612813949585,9.824317932128906,-30.726709365844727,26.529943466186523,-49.7849235534668,0.0014926714356988668,-0.003815951757133007,0.00427794735878706,-0.0010465724626556039
13.779999732971191,54,0.08839082717895508,0.024413559585809708,9.812034606933594,-30.97012710571289,26.529943466186523,-49.89710998535156,-0.001171804848127067,-0.0034809671342372894,0.0022834406699985266,-0.0010465724626556039
13.789999961853027,54,0.10848650336265564,0.0476045086979866,9.810393333435059,-30.7991943359375,26.490938186645508,-50.021888732910156,-0.006402572151273489,-0.00023379699268843979,0.0032505325507372618,-0.0010465724626556039
13.800000190734863,54,0.1157335564494133,0.037254706025123596,9.805948257446289,-30.490863800048828,26.456981658935547,-49.9303092956543,0.0017506477888673544,-0.0025632884353399277,-0.00024370467872358859,-0.0010465724626556039
13.8100004196167,53,0.11613313853740692,0.03606447950005531,9.810063362121582,-31.015565872192383,26.635026931762695,-49.486141204833984,0.0006885796901769936,-0.0037408689968287945,0.0020216135308146477,-0.0010465724626556039
13.819999694824219,53,0.1298181414604187,0.027005936950445175,9.796621322631836,-30.92685317993164,26.292699813842773,-50.98921203613281,-0.008103806525468826,-0.003815951757133007,-0.005455861333757639,-0.0010465724626556039
13.829999923706055,53,0.1259513944387436,0.017296839505434036,9.828492164611816,-30.7440185546875,26.39916229248047,-50.235958099365234,-0.0030379649251699448,-0.003815951757133007,0.0007747255149297416,-0.0010465724626556039
13.84000015258789,53,0.15400145947933197,0.03094872087240219,9.815579414367676,-30.427032470703125,26.484514236450195,-49.36136245727539,-0.001840490847826004,-0.004781118594110012,0.0050672790966928005,-0.0010465724626556039
13.850000381469727,53,0.12603826820850372,0.04073667526245117,9.829471588134766,-30.211742401123047,26.420270919799805,-49.10837173461914,-0.000034653650800464675,-0.005042945500463247,0.005852760747075081,-0.0010465724626556039
13.859999656677246,53,0.13058504462242126,0.03606447950005531,9.801116943359375,-30.49248504638672,26.407880783081055,-48.80615234375,0.002294837962836027,-0.004202275071293116,0.0024900787975639105,-0.0010465724626556039
13.869999885559082,53,0.13023261725902557,0.03588951751589775,9.819734573364258,-30.072723388671875,26.140810012817383,-49.139278411865234,0.0007322175661101937,0.00007615996582899243,0.0025016299914568663,-0.0010465724626556039
13.880000114440918,53,0.12144681066274643,0.03128139302134514,9.811141967773438,-30.422164916992188,26.38126564025879,-48.658477783203125,-0.002045845380052924,-0.000545679300557822,-0.0008982725557871163,-0.0010465724626556039
13.890000343322754,53,0.1286640763282776,0.03382448852062225,9.823970794677734,-30.518991470336914,26.633651733398438,-48.768375396728516,-0.0017596323741599917,-0.0006271793390624225,0.0006142925121821463,-0.0010465724626556039
13.899999618530273,53,0.10089695453643799,0.0675993412733078,9.809603691101074,-30.38267707824707,26.71808624267578,-48.734031677246094,-0.000613496929872781,0.0005003457772545516,0.0028507329989224672,-0.0010465724626556039
13.90999984741211,52,0.09343894571065903,0.047013089060783386,9.803500175476074,-30.38267707824707,26.660724639892578,-47.74381637573242,-0.000613496929872781,-0.00013497007603291422,0.0014742150669917464,-0.0010465724626556039
13.920000076293945,52,0.1054263636469841,0.05731853470206261,9.826009750366211,-30.38267707824707,26.83877182006836,-49.29840087890625,-0.002015042118728161,0.0022009387612342834,0.0026389609556645155,-0.0010465724626556039
13.930000305175781,52,0.09808003902435303,0.03364952653646469,9.796462059020996,-30.568756103515625,26.858963012695312,-49.573143005371094,-0.00307967746630311,0.0043802643194794655,0.0025889056269079447,-0.0010465724626556039
13.9399995803833,51,0.10513846576213837,0.01895773597061634,9.804120063781738,-30.50384521484375,26.684127807617188,-50.265724182128906,-0.00164155347738415,0.001092023798264563,-0.00008327135583385825,-0.0010465724626556039
13.949999809265137,51,0.13897624611854553,0.05069466307759285,9.812071800231934,-30.5157470703125,26.605199813842773,-50.13865280151367,-0.0031727286987006664,0.000531148980371654,-0.0027361963875591755,-0.0010465724626556039
13.960000038146973,50,0.33614569902420044,0.12046217173337936,9.769886016845703,-30.670452117919922,26.71533203125,-49.06601333618164,-0.0009138280292972922,0.001910875434987247,-0.0020816284231841564,-0.0010465724626556039
13.970000267028809,50,0.13373951613903046,-0.042914364486932755,9.824962615966797,-30.145748138427734,26.53728485107422,-50.50955581665039,-0.009222988970577717,0.01922612078487873,0.0009447852498851717,-0.0010465724626556039
13.979999542236328,50,-0.05222678184509277,-0.0011948061874136329,9.565452575683594,-30.72779083251953,26.529943466186523,-49.717384338378906,-0.017322946339845657,0.03187853470444679,0.0012258643982931972,-0.0010465724626556039
13.989999771118164,50,0.15116964280605316,0.03981504961848259,9.862183570861816,-30.44217872619629,26.594646453857422,-49.958927154541016,-0.011530661955475807,0.003294452326372266,0.004688656888902187,-0.0010465724626556039
14,50,0.12095043808221817,0.03385652229189873,9.774964332580566,-30.64340591430664,26.771774291992188,-50.13064193725586,-0.006871678866446018,-0.0060235136188566685,0.0070181479677557945,-0.0010465724626556039
14.010000228881836,50,0.13278894126415253,0.03472639620304108,9.760310173034668,-31.196237564086914,26.99203872680664,-49.82670593261719,-0.003346638521179557,-0.0028681117109954357,0.005945811979472637,-0.0010465724626556039
14.020000457763672,50,0.18419337272644043,0.00012849178165197372,9.823467254638672,-30.39890480041504,27.070049285888672,-49.621795654296875,-0.001995790284126997,-0.003660652320832014,0.0015659830532968044,-0.0010465724626556039
14.029999732971191,50,0.17514696717262268,-0.21311438083648682,9.797528266906738,-30.923606872558594,26.802980422973633,-49.95492172241211,0.0001784017658792436,-0.0028065054211765528,-0.004102446138858795,-0.0010465724626556039
14.039999961853027,51,0.3316088020801544,-0.23572131991386414,9.810266494750977,-30.44217872619629,26.891544342041016,-49.66701126098633,0.004402289632707834,-0.0035361561458557844,-0.08854362368583679,-0.0010465724626556039
14.050000190734863,51,1.3843744993209839,-0.19004419445991516,9.824677467346191,-30.36212158203125,27.069589614868164,-50.35615921020508,0.01083117350935936,-0.011780502274632454,-0.35121721029281616,-0.0010465724626556039
14.0600004196167,51,2.2464756965637207,-0.4680842459201813,9.657373428344727,-30.570920944213867,27.009017944335938,-50.720191955566406,0.026046665385365486,-0.037071846425533295,-0.7451586127281189,-0.0010465724626556039
14.069999694824219,51,2.3023252487182617,0.2508746385574341,9.696057319641113,-30.361040115356445,26.52076530456543,-49.04197311401367,0.047724414616823196,-0.07688497751951218,-1.0798449516296387,-0.0010465724626556039
14.079999923706055,50,2.2701849937438965,1.4425804615020752,9.789270401000977,-30.15115737915039,26.431743621826172,-50.15238952636719,0.006784403696656227,0.008022738620638847,-1.3121439218521118,-0.0010465724626556039
14.09000015258789,50,2.9382688999176025,2.0123960971832275,9.687711715698242,-30.581199645996094,26.34271812438965,-47.97391128540039,-0.006485997699201107,0.043781399726867676,-1.5509592294692993,-0.0010465724626556039
14.100000381469727,50,3.0304453372955322,1.8196532726287842,9.72939395904541,-30.770524978637695,25.969186782836914,-47.864013671875,0.02402264066040516,-0.000964089238550514,-1.8872088193893433,-0.0010465724626556039
14.109999656677246,49,2.188549041748047,1.3321282863616943,9.874670028686523,-30.770524978637695,25.797565460205078,-48.699119567871094,0.03609556704759598,-0.01772616058588028,-2.295041799545288,-0.0010465724626556039
14.119999885559082,49,1.2890758514404297,1.0416438579559326,9.763932228088379,-30.807308197021484,26.091251373291016,-48.79069900512695,0.047393281012773514,-0.03922422230243683,-2.6706931591033936,-0.0010465724626556039
14.130000114440918,49,0.4901628792285919,0.779461145401001,9.727377891540527,-31.017189025878906,26.091251373291016,-48.79069900512695,0.06176489591598511,-0.06405159831047058,-2.931370973587036,-0.0010465724626556039
14.140000343322754,50,-0.13262686133384705,0.511696994304657,9.70975399017334,-30.73211669921875,26.17522621154785,-49.41917419433594,0.07192289084196091,-0.0932055339217186,-3.0669686794281006,-0.0010465724626556039
14.149999618530273,51,-0.4568306505680084,0.24287323653697968,9.646952629089355,-30.26799964904785,25.947620391845703,-49.29553985595703,0.07730381935834885,-0.0971592515707016,-3.1284868717193604,-0.0010465724626556039
14.15999984741211,51,-0.4039718508720398,-0.12131164222955704,9.665365219116211,-30.045135498046875,25.719554901123047,-48.69167709350586,0.06314398348331451,-0.0784674882888794,-3.1714553833007812,-0.0010465724626556039
14.170000076293945,52,0.20033295452594757,-0.27193576097488403,9.847829818725586,-29.994287490844727,25.608505249023438,-48.0242805480957,0.025429319590330124,-0.026438971981406212,-3.2258615493774414,-0.0010465724626556039
14.180000305175781,52,0.5713472366333008,-0.46367812156677246,10.13036823272705,-29.482566833496094,25.434589385986328,-47.70661163330078,0.026168595999479294,-0.018267784267663956,-3.2910475730895996,-0.0010465724626556039
14.1899995803833,53,0.6346298456192017,-0.7515923380851746,9.896100044250488,-29.79738998413086,25.523611068725586,-48.372859954833984,0.004590959288179874,0.022733191028237343,-3.4233782291412354,-0.0010465724626556039
14.199999809265137,53,0.8954988718032837,-0.7950417995452881,9.55082893371582,-29.7833251953125,25.473134994506836,-48.16909408569336,0.030215367674827576,-0.015703419223427773,-3.6167259216308594,-0.0010465724626556039
14.210000038146973,54,1.0612776279449463,-0.8117271661758423,9.783376693725586,-29.85202407836914,25.53141212463379,-47.66368103027344,0.00896886270493269,0.020630231127142906,-3.85248064994812,-0.0010465724626556039
14.220000267028809,54,1.3263559341430664,-0.9904731512069702,9.84647274017334,-29.927753448486328,25.453401565551758,-47.250423431396484,-0.0027350671589374542,0.026512358337640762,-4.059530735015869,-0.0010465724626556039
14.229999542236328,54,1.2866461277008057,-1.272763967514038,9.322407722473145,-29.791440963745117,24.869243621826172,-47.25614929199219,0.019500989466905594,0.03974810615181923,-4.196932315826416,-0.0010465724626556039
14.239999771118164,53,0.39533326029777527,-1.1143872737884521,9.451533317565918,-30.421083450317383,24.69119644165039,-48.47760772705078,0.04745488613843918,-0.004580900073051453,-4.230731010437012,-0.0010465724626556039
14.25,52,-0.3317420780658722,-0.5073074698448181,10.017120361328125,-30.781343460083008,24.436975479125977,-48.93894577026367,0.043330468237400055,-0.006762149278074503,-4.122437477111816,-0.0010465724626556039
14.260000228881836,52,-0.024318192154169083,-0.5571491718292236,9.513261795043945,-31.42342758178711,23.947805404663086,-48.7180061340332,0.04589290916919708,0.00024750293232500553,-4.012782096862793,-0.0010465724626556039
14.270000457763672,52,-0.021717192605137825,-0.6300561428070068,9.685824394226074,-32.0985107421875,23.533891677856445,-48.64130783081055,0.04969325289130211,-0.04791200906038284,-3.9630887508392334,-0.0010465724626556039
14.279999732971191,51,-0.0935424193739891,-0.875420331954956,9.721840858459473,-32.55180740356445,23.373743057250977,-49.25432586669922,0.027925660833716393,-0.02070893719792366,-3.9020919799804688,-0.0010465724626556039
14.289999961853027,49,0.29307037591934204,-1.216438889503479,9.804572105407715,-33.181453704833984,22.839601516723633,-49.58745193481445,0.041946891695261,-0.03864794224500656,-3.861013889312744,-0.0010465724626556039
14.300000190734863,48,0.4204547107219696,-1.2999519109725952,9.53656005859375,-33.616363525390625,22.05766487121582,-49.92057800292969,0.056889649480581284,-0.06819077581167221,-3.8309507369995117,-0.0010465724626556039
14.3100004196167,47,0.5909093022346497,-0.9731224775314331,9.625712394714355,-34.47427749633789,21.44230079650879,-49.09463119506836,0.031501397490501404,-0.005175141617655754,-3.740103006362915,-0.0010465724626556039
14.319999694824219,45,0.6066393852233887,-0.5719740390777588,9.520539283752441,-34.84210968017578,20.78426170349121,-49.15301513671875,0.02226814068853855,0.02218194305896759,-3.6273324489593506,-0.0010465724626556039
14.329999923706055,42,0.9586797952651978,-0.5561782717704773,9.816927909851074,-34.7874755859375,20.045000076293945,-50.226226806640625,0.024055369198322296,0.012494981288909912,-3.5804283618927,-0.0010465724626556039
14.34000015258789,40,1.0325005054473877,-0.8626161813735962,9.97269344329834,-35.94182205200195,19.510860443115234,-49.337894439697266,0.029447853565216064,0.006306747905910015,-3.632490873336792,-0.0010465724626556039
14.350000381469727,36,1.1090015172958374,-0.5009596347808838,9.726746559143066,-36.25664520263672,18.79867172241211,-50.11518859863281,0.028096362948417664,0.008707472123205662,-3.7462046146392822,-0.0010465724626556039
14.359999656677246,36,1.1348129510879517,-0.4726948142051697,9.645561218261719,-36.893863677978516,17.676244735717773,-50.97776412963867,0.030608106404542923,0.0000472821484436281,-3.8655953407287598,-0.0010465724626556039
14.369999885559082,40,1.1174845695495605,-0.6441392302513123,9.588576316833496,-37.17839050292969,16.573087692260742,-51.33034896850586,0.03422234579920769,0.00025199499214068055,-4.008145809173584,-0.0010465724626556039
14.380000114440918,43,1.1402431726455688,-0.7883464694023132,9.990954399108887,-37.16919708251953,15.458459854125977,-50.94914627075195,0.03905459865927696,-0.007439177483320236,-4.216452598571777,-0.0010465724626556039
14.390000343322754,45,0.9942002892494202,-0.21999698877334595,9.800637245178223,-37.37150192260742,14.05335807800293,-50.07798385620117,0.04720781743526459,-0.006274431478232145,-4.443578243255615,-0.0010465724626556039
14.399999618530273,46,0.8873261213302612,-1.078099012374878,9.391441345214844,-37.476444244384766,12.896053314208984,-50.85527420043945,0.04375850036740303,-0.002789178630337119,-4.654459476470947,-0.0010465724626556039
14.40999984741211,48,0.6693090200424194,-0.9573168158531189,9.56606674194336,-38.110416412353516,11.514355659484863,-50.326393127441406,0.044656287878751755,-0.005882974248379469,-4.865278720855713,-0.0010465724626556039
14.420000076293945,49,0.5985062718391418,-0.9417970180511475,9.948678970336914,-38.20669937133789,9.981684684753418,-50.29205322265625,0.044785276055336,-0.007305697072297335,-5.052275657653809,-0.0010465724626556039
14.430000305175781,49,1.4470192193984985,-0.6819307804107666,9.78840160369873,-38.20778274536133,8.044278144836426,-50.23481369018555,0.04673229530453682,-0.0036028961185365915,-5.220728874206543,-0.0010465724626556039
14.4399995803833,51,1.7078783512115479,-0.545421838760376,9.972367286682129,-38.55073547363281,5.705807209014893,-49.410587310791016,0.060908183455467224,-0.0007664355216547847,-5.375187873840332,-0.0010465724626556039
14.449999809265137,50,1.6772546768188477,-0.8527887463569641,9.723624229431152,-37.81614685058594,4.281432151794434,-48.9664192199707,0.062248121947050095,0.003261081874370575,-5.5181145668029785,-0.0010465724626556039
14.460000038146973,51,0.6858630180358887,-0.9178101420402527,9.14658260345459,-37.464542388916016,2.4509456157684326,-50.447166442871094,0.06230972707271576,0.003986240364611149,-5.658670902252197,-0.0010465724626556039
14.470000267028809,52,0.4360556900501251,-1.317736268043518,9.550066947937012,-37.00691604614258,0.2785908877849579,-51.20614242553711,0.06753728538751602,-0.015291424468159676,-5.7496137619018555,-0.0010465724626556039
14.479999542236328,52,-0.5619526505470276,-1.5774917602539062,9.2838134765625,-36.48221206665039,-1.7964805364608765,-51.34008026123047,0.06260492652654648,-0.0243822168558836,-5.736668586730957,-0.0010465724626556039
14.489999771118164,52,1.0027775764465332,-1.4105643033981323,9.31409740447998,-35.7757568359375,-3.692587375640869,-51.3011589050293,0.0510280579328537,-0.018593784421682358,-5.617546558380127,-0.0010465724626556039
14.5,53,-0.8332231640815735,-1.7637832164764404,9.344339370727539,-34.411529541015625,-6.007196426391602,-51.52324295043945,0.04493672400712967,-0.015010345727205276,-5.416570663452148,-0.0010465724626556039
14.510000228881836,53,-0.501275897026062,-0.9466688632965088,10.267104148864746,-32.53071594238281,-7.971218109130859,-49.996131896972656,0.04165618494153023,-0.011254280805587769,-5.161678314208984,-0.0010465724626556039
14.520000457763672,54,-0.8594986796379089,-1.660016655921936,10.01973819732666,-31.510517120361328,-10.13072395324707,-50.36359786987305,0.03947686031460762,-0.007496933452785015,-4.888864517211914,-0.0010465724626556039
14.529999732971191,54,-0.5545591115951538,-0.9597169756889343,10.056002616882324,-30.448129653930664,-11.800142288208008,-50.495819091796875,0.03970018029212952,-0.007145905401557684,-4.617351055145264,-0.0010465724626556039
14.539999961853027,54,-0.5935145020484924,-0.9834870100021362,9.988789558410645,-29.17477798461914,-13.008841514587402,-50.0539436340332,0.03619631752371788,-0.008580178953707218,-4.351404190063477,-0.0010465724626556039
14.550000190734863,54,-0.8099431395530701,-1.0064438581466675,9.54027271270752,-28.101572036743164,-14.324002265930176,-50.17757797241211,0.03596978634595871,-0.01314097736030817,-4.1121439933776855,-0.0010465724626556039
14.5600004196167,53,-1.0283474922180176,-1.1164721250534058,9.589003562927246,-26.632402420043945,-15.30325984954834,-50.51070022583008,0.03496932610869408,-0.0012849558843299747,-3.8340373039245605,-0.0010465724626556039
14.569999694824219,53,-1.064917802810669,-0.8911741971969604,9.295207977294922,-25.682527542114258,-16.062253952026367,-50.385921478271484,0.03445914760231972,-0.008417819626629353,-3.505051612854004,-0.0010465724626556039
14.579999923706055,53,-1.0716485977172852,-0.7725556492805481,10.292356491088867,-24.718589782714844,-16.721670150756836,-49.176483154296875,0.028754781931638718,-0.005122520495206118,-3.1486971378326416,-0.0010465724626556039
14.59000015258789,52,-0.7351248264312744,-0.5680854916572571,9.416378021240234,-23.82064437866211,-17.53756332397461,-48.09010696411133,0.02642528899013996,-0.007452012039721012,-2.859840154647827,-0.0010465724626556039
14.600000381469727,52,-0.7824540138244629,-0.4395458698272705,9.62539005279541,-23.069292068481445,-18.603090286254883,-48.45185089111328,0.020668942481279373,0.0016413471894338727,-2.6452317237854004,-0.0010465724626556039
14.609999656677246,52,-0.1507444828748703,-0.3387954533100128,9.728531837463379,-21.495182037353516,-19.048208236694336,-49.007057189941406,0.019165361300110817,0.01527946162968874,-2.5033657550811768,-0.0010465724626556039
14.619999885559082,52,-0.12682923674583435,-0.032234352082014084,9.702856063842773,-20.9564151763916,-19.81270980834961,-48.466732025146484,0.011893882416188717,0.009918421506881714,-2.3935530185699463,-0.0010465724626556039
14.630000114440918,52,0.5577614903450012,0.05835351720452309,9.868735313415527,-19.978412628173828,-20.08115577697754,-48.90803527832031,0.01616269163787365,0.01705385372042656,-2.3143162727355957,-0.0010465724626556039
14.640000343322754,51,0.670264482498169,0.28193387389183044,10.027843475341797,-18.810001373291016,-20.389524459838867,-49.715091705322266,0.028510920703411102,0.007884127087891102,-2.306147813796997,-0.0010465724626556039
14.649999618530273,51,0.6746425032615662,0.27815619111061096,9.746086120605469,-17.718402862548828,-20.994333267211914,-49.980106353759766,0.03251533582806587,-0.0055954777635633945,-2.351036787033081,-0.0010465724626556039
14.65999984741211,50,0.5537259578704834,0.2458253800868988,9.594376564025879,-16.45911407470703,-21.172380447387695,-49.09177017211914,0.029440151527523994,0.007731395307928324,-2.3862102031707764,-0.0010465724626556039
14.670000076293945,50,0.6728630661964417,0.2315451055765152,9.309320449829102,-16.01338768005371,-22.126859664916992,-48.20343780517578,0.03043355420231819,0.009084810502827168,-2.435647487640381,-0.0010465724626556039
14.680000305175781,49,0.4157664477825165,0.14080692827701569,10.155037879943848,-15.052154541015625,-22.31867218017578,-47.80620574951172,0.029938137158751488,0.008117718622088432,-2.515568256378174,-0.0010465724626556039
14.6899995803833,49,0.4932677149772644,0.07957800477743149,9.914704322814941,-13.95081901550293,-22.364559173583984,-47.86458969116211,0.032263778150081635,0.012197858653962612,-2.63261079788208,-0.0010465724626556039
14.699999809265137,48,0.04666072130203247,-0.27027979493141174,9.965383529663086,-12.987421035766602,-22.615570068359375,-48.258384704589844,0.03898272290825844,0.004670327994972467,-2.7737953662872314,-0.0010465724626556039
14.710000038146973,48,0.3287248909473419,-0.015637706965208054,9.429765701293945,-12.235527038574219,-23.046003341674805,-48.80443572998047,0.04476473852992058,-0.010221731849014759,-2.874423027038574,-0.0010465724626556039
14.720000267028809,47,0.37540385127067566,-0.21250078082084656,9.6914644241333,-11.08117961883545,-23.135025024414062,-49.1375617980957,0.04301409050822258,-0.0024144065100699663,-2.9396770000457764,-0.0010465724626556039
14.729999542236328,46,0.4755297899246216,-0.35731422901153564,10.024560928344727,-9.6720552444458,-23.224048614501953,-48.66191482543945,0.03004402294754982,0.028015298768877983,-3.0376713275909424,-0.0010465724626556039
14.739999771118164,46,0.6942070722579956,-0.12409871071577072,9.805923461914062,-8.021134376525879,-23.313072204589844,-48.44440841674805,0.04258541390299797,0.0028773255180567503,-3.0940418243408203,-0.0010465724626556039
14.75,46,0.5062453746795654,-0.06673122197389603,9.394108772277832,-6.454598426818848,-23.617313385009766,-48.17195510864258,0.049853041768074036,-0.003398825181648135,-3.1131656169891357,-0.0015698587521910667
14.760000228881836,46,0.526174783706665,-0.27791646122932434,9.82136344909668,-5.31215238571167,-24.28911781311035,-47.348873138427734,0.039820827543735504,-0.0018009094055742025,-3.117262363433838,-0.0010465724626556039
14.770000457763672,45,0.6681326031684875,-0.31912097334861755,9.591226577758789,-4.262746334075928,-24.645212173461914,-47.904083251953125,0.04838218912482262,-0.005379213485866785,-3.1419730186462402,-0.0010465724626556039
14.779999732971191,45,0.2859598398208618,-0.4067295789718628,9.694746017456055,-3.305839776992798,-24.29508399963379,-49.53593826293945,0.04732653871178627,-0.010256386362016201,-3.064619779586792,-0.0010465724626556039
14.789999961853027,45,0.29574087262153625,0.02666587382555008,9.836699485778809,-2.225059986114502,-24.428159713745117,-49.29324722290039,0.051985520869493484,-0.026562824845314026,-2.9621219635009766,-0.0010465724626556039
14.800000190734863,46,0.5822078585624695,0.12745322287082672,9.747547149658203,-1.0268980264663696,-24.5015811920166,-48.378013610839844,0.0555201880633831,-0.03949631378054619,-2.9911696910858154,-0.0010465724626556039
14.8100004196167,46,0.3886719048023224,0.013864154927432537,9.734909057617188,0.2908095717430115,-24.221662521362305,-48.065494537353516,0.0314006470143795,0.008229381404817104,-3.124781608581543,-0.0010465724626556039
14.819999694824219,46,0.19191446900367737,-0.3907933831214905,9.852025985717773,1.8649183511734009,-24.666780471801758,-47.84341049194336,0.03560592606663704,-0.01017937995493412,-3.388023853302002,-0.0010465724626556039
14.829999923706055,46,-0.13781893253326416,-0.44962212443351746,9.611152648925781,2.8385939598083496,-24.008281707763672,-47.1977653503418,0.04398632049560547,-0.005772596225142479,-3.5960512161254883,-0.0010465724626556039
14.84000015258789,47,-0.16805799305438995,-0.5955395102500916,9.225994110107422,4.237441539764404,-23.810043334960938,-47.17258071899414,0.0451369471848011,-0.006965578068047762,-3.666860818862915,-0.0010465724626556039
14.850000381469727,48,-0.1388811618089676,-0.5658257007598877,9.33555793762207,5.760161876678467,-23.722854614257812,-47.3946647644043,0.045598354190588,-0.011163154616951942,-3.6535897254943848,-0.0010465724626556039
14.859999656677246,48,-0.19345740973949432,-0.4959399700164795,9.789238929748535,7.148190498352051,-23.52186393737793,-47.67398452758789,0.0452614426612854,-0.019913187250494957,-3.593946933746338,-0.0010465724626556039
14.869999885559082,48,-0.3577421009540558,-0.5283249616622925,9.59080982208252,8.305240631103516,-23.254793167114258,-48.0923957824707,0.042719535529613495,-0.02123194932937622,-3.501500129699707,-0.0010465724626556039
14.880000114440918,48,-0.8039271831512451,-0.4242059886455536,10.00987720489502,9.564528465270996,-22.987722396850586,-47.53718566894531,0.04173062741756439,-0.02605585753917694,-3.361598491668701,-0.0015698587521910667
14.890000343322754,48,-0.5899158120155334,-0.23693124949932098,9.940141677856445,11.073725700378418,-23.003326416015625,-47.24641799926758,0.03781862184405327,-0.031007472425699234,-3.153751850128174,-0.0010465724626556039
14.899999618530273,48,-0.4335234463214874,-0.31490468978881836,9.562396049499512,12.23510456085205,-22.44211196899414,-48.147342681884766,0.031511664390563965,-0.022835640236735344,-2.8800675868988037,-0.0010465724626556039
14.90999984741211,48,-0.3500954806804657,-0.543586015701294,9.612386703491211,13.074628829956055,-21.638147354125977,-49.118099212646484,0.02962176315486431,-0.011342198587954044,-2.5840039253234863,-0.0015698587521910667
14.920000076293945,48,-0.17192721366882324,-0.6363546848297119,9.87073802947998,13.873043060302734,-21.371078491210938,-48.5171012878418,0.028079677373170853,-0.004665606189519167,-2.3079264163970947,-0.0010465724626556039
14.930000305175781,48,0.16155874729156494,-0.30632174015045166,9.74260425567627,14.292804718017578,-21.104007720947266,-48.5171012878418,0.02543509379029274,-0.003815951757133007,-2.050280809402466,-0.0010465724626556039
14.9399995803833,49,0.555530309677124,-0.06699983030557632,9.806095123291016,14.985197067260742,-20.528566360473633,-48.13246154785156,0.02194085717201233,-0.0035631088539958,-1.8703542947769165,-0.0010465724626556039
14.949999809265137,49,1.365410566329956,0.012015975080430508,9.950942039489746,15.38710880279541,-20.13117218017578,-48.11071014404297,0.019590187817811966,-0.0023983630817383528,-1.8405579328536987,-0.0010465724626556039
14.960000038146973,49,2.183954954147339,-0.23563998937606812,9.706817626953125,15.76576042175293,-19.971481323242188,-47.79704666137695,0.023084426298737526,-0.001361963921226561,-1.963215708732605,-0.0010465724626556039
14.970000267028809,50,1.9356268644332886,-0.8277865648269653,9.927693367004395,16.359703063964844,-19.789764404296875,-46.98884582519531,0.02611597441136837,-0.0012297668727114797,-2.243358612060547,-0.0010465724626556039
14.979999542236328,51,1.3605685234069824,-0.9558579921722412,9.553878784179688,16.779462814331055,-18.721485137939453,-47.65509796142578,0.02150704711675644,0.0010804726043716073,-2.5914173126220703,-0.0010465724626556039
14.989999771118164,51,0.6160233020782471,-0.7866486310958862,9.754817008972168,17.1992244720459,-18.32133674621582,-47.800479888916016,0.03198975697159767,-0.0024137648288160563,-2.8791093826293945,-0.0010465724626556039
15,51,-0.04408377408981323,-0.57831209897995,9.786667823791504,18.137741088867188,-18.153844833374023,-47.676273345947266,0.038047078996896744,-0.009227045811712742,-3.0583794116973877,-0.0010465724626556039
15.010000228881836,52,-0.11700102686882019,-0.32861077785491943,10.046228408813477,19.192556381225586,-17.938169479370117,-47.82280349731445,0.036562107503414154,-0.013083220459520817,-3.128560781478882,-0.0010465724626556039
15.020000457763672,52,-0.37651991844177246,-0.05542037636041641,9.741900444030762,19.984477996826172,-17.5389404296875,-48.21660232543945,0.037178169935941696,-0.01755930855870247,-3.163233757019043,-0.0010465724626556039
15.029999732971191,52,-0.8739505410194397,-0.21781614422798157,9.632733345031738,20.31011962890625,-17.002965927124023,-48.11471939086914,0.02638806775212288,0.009048232808709145,-3.176044464111328,-0.0010465724626556039
15.039999961853027,53,-0.11265776306390762,-0.26049676537513733,9.717269897460938,21.674346923828125,-16.2907772064209,-48.89200973510742,0.032130297273397446,0.00626696040853858,-3.1156091690063477,-0.0010465724626556039
15.050000190734863,53,0.1810513287782669,0.3949216604232788,9.563923835754395,22.466812133789062,-15.440007209777832,-48.45928955078125,0.038581639528274536,-0.0004981910460628569,-3.0234270095825195,-0.0010465724626556039
15.0600004196167,54,0.01821604184806347,-0.08378129452466965,9.821935653686523,23.153793334960938,-14.938905715942383,-48.16737747192383,0.03474728390574455,0.000836614053696394,-2.9616293907165527,-0.0010465724626556039
15.069999694824219,54,-0.29942816495895386,-0.36209484934806824,9.784865379333496,23.7233943939209,-14.620899200439453,-48.208587646484375,0.027264676988124847,0.0016484064981341362,-2.904944896697998,-0.0010465724626556039
15.079999923706055,54,-0.8065181970596313,-0.6937960982322693,9.625112533569336,23.967893600463867,-13.975708961486816,-48.17081069946289,0.026359833776950836,-0.0007330654771067202,-2.8209638595581055,-0.0010465724626556039
15.09000015258789,54,-0.5904394388198853,0.11787474155426025,9.885913848876953,24.597537994384766,-13.085474967956543,-48.94810485839844,0.028834355995059013,-0.004773417953401804,-2.736705780029297,-0.0010465724626556039
15.100000381469727,54,-0.4244273900985718,0.4033616781234741,9.48702335357666,25.22718048095703,-12.498104095458984,-48.4031982421875,0.026898888871073723,-0.0070130666717886925,-2.6647956371307373,-0.0010465724626556039
15.109999656677246,54,-0.07356587052345276,0.1380617767572403,10.019631385803223,25.791913986206055,-11.798766136169434,-49.068302154541016,0.023926381021738052,-0.0037402270827442408,-2.609525203704834,-0.0010465724626556039
15.119999885559082,55,-0.42765381932258606,-0.5076574087142944,9.614015579223633,26.35718536376953,-11.169636726379395,-49.54967498779297,0.022488897666335106,0.004326358903199434,-2.5922272205352783,-0.0010465724626556039
15.130000114440918,55,-1.1863830089569092,-0.8522195219993591,10.080012321472168,26.93814468383789,-10.799776077270508,-48.4655876159668,0.018721282482147217,0.013917703181505203,-2.558509111404419,-0.0010465724626556039
15.140000343322754,55,-0.8763728737831116,-0.6185308694839478,9.687949180603027,27.252967834472656,-10.354659080505371,-48.13246154785156,0.021549399942159653,0.01151120476424694,-2.4630038738250732,-0.0010465724626556039
15.149999618530273,55,-1.056635856628418,-0.6187009215354919,9.650934219360352,28.245574951171875,-9.416701316833496,-49.02880859375,0.0369054339826107,-0.023601869121193886,-2.2559807300567627,-0.0010465724626556039
15.15999984741211,55,-1.181994915008545,-0.539623498916626,9.868707656860352,28.715103149414062,-8.744895935058594,-49.644691467285156,0.03230741620063782,-0.029829248785972595,-2.0459840297698975,-0.0015698587521910667
15.170000076293945,55,-1.1577322483062744,-0.5728143453598022,9.70470142364502,28.973127365112305,-8.333276748657227,-49.12096405029297,0.01774328015744686,-0.007063763681799173,-1.8536179065704346,-0.0010465724626556039
15.180000305175781,55,-0.832304835319519,-0.7581546306610107,9.694156646728516,29.383153915405273,-8.046015739440918,-47.95903015136719,0.016578536480665207,0.0034189485013484955,-1.6299867630004883,-0.0010465724626556039
15.1899995803833,55,-0.8091614246368408,-0.7547416687011719,9.705259323120117,30.11773681640625,-7.689922332763672,-48.51424026489258,0.018865671008825302,0.01275103259831667,-1.386794924736023,-0.0010465724626556039
15.199999809265137,55,-0.806808590888977,-0.4223405420780182,9.85696792602539,30.121522903442383,-6.802441596984863,-48.5171012878418,0.012488127686083317,0.004654926713556051,-1.1248606443405151,-0.0010465724626556039
15.210000038146973,55,-0.6079167723655701,-0.15427576005458832,9.743653297424316,30.121522903442383,-6.251780986785889,-48.26296615600586,0.012682572938501835,0.00046761741396039724,-0.8749677538871765,-0.0010465724626556039
15.220000267028809,55,-0.6585965156555176,-0.14729703962802887,9.822509765625,30.34438705444336,-6.042989253997803,-48.40148162841797,0.005172369070351124,-0.0020627365447580814,-0.5825383067131042,-0.0010465724626556039
15.229999542236328,55,-0.24665126204490662,-0.19437631964683533,9.793941497802734,30.638652801513672,-6.069604396820068,-49.05628204345703,-0.0023423261009156704,-0.004392228089272976,-0.2943936586380005,-0.0010465724626556039
15.239999771118164,55,0.04759886860847473,0.017474263906478882,9.776457786560059,30.638652801513672,-6.1765241622924805,-49.833003997802734,-0.006812639534473419,-0.004203558433800936,-0.08490114659070969,-0.0010465724626556039
15.25,55,0.03782030940055847,0.02171521820127964,9.778945922851562,30.638652801513672,-6.532617568969727,-49.05570983886719,-0.004089765716344118,-0.003815951757133007,-0.008502168580889702,-0.0010465724626556039
15.260000228881836,56,0.030111631378531456,0.02034510299563408,9.796544075012207,30.98917579650879,-6.5170159339904785,-48.000240325927734,-0.0004107092972844839,-0.004530842415988445,-0.002629668451845646,-0.0010465724626556039
15.270000457763672,56,0.033477041870355606,0.01668817177414894,9.800697326660156,31.15578269958496,-6.320613861083984,-47.6264762878418,-0.000039145725168054923,-0.005695587955415249,-0.0006216854671947658,-0.0010465724626556039
15.279999732971191,55,0.03275730088353157,0.036707647144794464,9.796501159667969,30.961048126220703,-5.987464427947998,-48.14963150024414,-0.000613496929872781,-0.0027275721076875925,0.005169956479221582,-0.0010465724626556039
15.289999961853027,55,0.046879127621650696,0.019630473107099533,9.785573959350586,30.494766235351562,-5.678635597229004,-49.247459411621094,-0.002197936177253723,0.0005638774018734694,0.0065516079775989056,-0.0010465724626556039
15.300000190734863,55,0.037100568413734436,0.02933957241475582,9.821001052856445,30.38982582092285,-6.212775707244873,-49.58058547973633,-0.004760376643389463,-0.0019985632970929146,0.004920964129269123,-0.0010465724626556039
15.3100004196167,55,0.029421672224998474,0.023799963295459747,9.804489135742188,30.189680099487305,-6.262335300445557,-49.007057189941406,-0.003906871657818556,-0.004235645290464163,0.000976871931925416,-0.0010465724626556039
15.319999694824219,55,0.030543476343154907,0.02793988585472107,9.80521297454834,30.546695709228516,-6.081994533538818,-48.19084548950195,-0.0012963010231032968,-0.003271761815994978,-0.0019147776765748858,-0.0015698587521910667
15.329999923706055,55,0.03423897549510002,0.015746833756566048,9.822492599487305,30.711137771606445,-5.972780227661133,-47.74553298950195,-0.003346638521179557,-0.005322099197655916,0.0028404651675373316,-0.0010465724626556039
15.34000015258789,55,0.03677048161625862,0.012149045243859291,9.824690818786621,30.51315689086914,-6.155874729156494,-47.997379302978516,-0.004728289786726236,-0.005402315873652697,0.0009447852498851717,-0.0010465724626556039
15.350000381469727,55,0.043873582035303116,0.013477269560098648,9.809046745300293,31.14280128479004,-6.6900153160095215,-48.77467346191406,-0.005975177977234125,-0.001825937069952488,0.0021820468828082085,-0.0010465724626556039
15.359999656677246,55,0.04246388375759125,0.014132756739854813,9.809802055358887,31.258560180664062,-6.2650885581970215,-48.46444320678711,-0.0008907256415113807,-0.004950535949319601,0.010113869793713093,-0.0010465724626556039
15.369999885559082,54,0.03905627876520157,0.010308259166777134,9.812633514404297,31.049760818481445,-5.819972038269043,-48.712284088134766,-0.004264316987246275,-0.00387627468444407,0.002051133196800947,-0.0010465724626556039
15.380000114440918,54,0.04216357693076134,0.01384690497070551,9.802103996276855,30.951311111450195,-5.74196195602417,-48.984737396240234,-0.0030995712149888277,-0.006205765996128321,-0.002607849659398198,-0.0010465724626556039
15.390000343322754,54,0.04381401836872101,0.007365958299487829,9.818513870239258,30.966999053955078,-5.908077716827393,-48.906890869140625,-0.005332802888005972,-0.0006066439673304558,0.0006617809413000941,-0.0010465724626556039
15.399999618530273,54,0.03254137933254242,0.010737036354839802,9.82493782043457,30.77875518798828,-5.823642730712891,-48.40892028808594,-0.002310239477083087,-0.00013497007603291422,-0.0011960366973653436,-0.0010465724626556039
15.40999984741211,54,0.03119124285876751,0.01868913322687149,9.817814826965332,30.988636016845703,-5.823642730712891,-48.96413040161133,0.00017583483713679016,-0.0011431329185143113,0.0005071231280453503,-0.0010465724626556039
15.420000076293945,54,0.03239743039011955,0.02171521820127964,9.812958717346191,30.68246841430664,-5.823642730712891,-49.06429672241211,-0.00033241778146475554,-0.005145622882992029,-0.0000011294724799881806,-0.0010465724626556039
15.430000305175781,54,0.031335193663835526,0.02171521820127964,9.817234992980957,30.57103729248047,-5.980580806732178,-48.93379592895508,-0.0032644965685904026,-0.0018516062991693616,0.0032524578273296356,-0.0010465724626556039
15.4399995803833,54,0.03622446954250336,0.017772436141967773,9.813538551330566,30.750625610351562,-6.120999336242676,-48.71171188354492,-0.0042944783344864845,-0.005884899292141199,0.0013400930911302567,-0.0010465724626556039
15.449999809265137,54,0.03699881210923195,0.016234751790761948,9.83115005493164,30.9875545501709,-6.06501579284668,-48.53083801269531,-0.002776137785986066,-0.008723926730453968,0.0004769617517013103,-0.0010465724626556039
15.460000038146973,55,0.03210953250527382,0.017486585304141045,9.820195198059082,30.672731399536133,-6.2430620193481445,-48.64188003540039,-0.001840490847826004,-0.00942084938287735,0.0009447852498851717,-0.0010465724626556039
15.470000267028809,54,0.0250188410282135,0.014334824867546558,9.800280570983887,30.451492309570312,-6.103561878204346,-48.85194396972656,-0.0005711425910703838,-0.00868157297372818,-0.0003245630068704486,-0.0010465724626556039
15.479999542236328,54,0.02888062410056591,0.012417647056281567,9.805545806884766,30.518566131591797,-6.101726055145264,-49.14729309082031,0.0011859229998663068,-0.0063520814292132854,-0.00036435050424188375,-0.0010465724626556039
15.489999771118164,54,0.036710914224386215,0.016680778935551643,9.807906150817871,30.72844696044922,-6.190749645233154,-49.860477447509766,0.003371024504303932,-0.004022589884698391,-0.0005857484648004174,-0.0015698587521910667
15.5,54,0.04149099066853523,0.021697968244552612,9.80066204071045,30.958885192871094,-6.262335300445557,-50.60342788696289,0.003729753429070115,-0.002141027944162488,-0.0004965476109646261,-0.0010465724626556039
15.510000228881836,54,0.0412229485809803,0.01446050126105547,9.811043739318848,31.273706436157227,-6.262335300445557,-49.3819694519043,0.001384860253892839,-0.00213332730345428,0.0030130913946777582,-0.0010465724626556039
15.520000457763672,54,0.04192283749580383,0.012149045243859291,9.819475173950195,31.0827579498291,-6.262335300445557,-49.76603317260742,0.0017737505258992314,-0.0034925180952996016,0.00023117793898563832,-0.0010465724626556039
15.529999732971191,54,0.03815784305334091,0.009534488432109356,9.810393333435059,31.103313446044922,-6.132012367248535,-50.12892532348633,-0.0028852324467152357,-0.002588957780972123,-0.0036230713594704866,-0.0010465724626556039
15.539999961853027,54,0.03483214229345322,0.015424017794430256,9.815837860107422,30.99837303161621,-6.132012367248535,-49.35163116455078,-0.0065495287999510765,-0.0031857695430517197,0.002967528300359845,-0.0010465724626556039
15.550000190734863,54,0.041833486407995224,0.013442770577967167,9.80890941619873,30.824193954467773,-6.333920955657959,-48.11872482299805,-0.004427959211170673,-0.0062699392437934875,0.007079754490405321,-0.0010465724626556039
15.5600004196167,54,0.04672276973724365,0.018681740388274193,9.812167167663574,31.034072875976562,-6.578505992889404,-48.65790557861328,0.0042944783344864845,-0.0061210570856928825,0.006633108016103506,-0.0010465724626556039
15.569999694824219,54,0.04284857213497162,0.0177970789372921,9.811269760131836,31.243955612182617,-6.222412586212158,-48.76894760131836,0.004245706833899021,-0.003803758881986141,-0.0002578227431513369,-0.0010465724626556039
15.579999923706055,54,0.6047581434249878,0.46981728076934814,9.923022270202637,31.36945152282715,-5.9379048347473145,-49.326446533203125,-0.0004132763424422592,-0.0026390128768980503,0.002071668626740575,-0.0010465724626556039
15.59000015258789,54,0.2506825923919678,0.6909210681915283,9.476398468017578,31.47439193725586,-6.12925910949707,-49.92916488647461,0.007189336698502302,-0.02265338785946369,-0.010089816525578499,-0.0010465724626556039
15.600000381469727,54,0.2652759552001953,0.5675366520881653,10.190417289733887,31.365123748779297,-6.421109199523926,-49.879940032958984,0.11427215486764908,-0.2730512320995331,-0.18287327885627747,-0.0010465724626556039
15.609999656677246,54,0.8593157529830933,0.7039593458175659,9.820794105529785,30.919937133789062,-6.223789215087891,-48.92292022705078,0.0011961919954046607,-0.0023341847117990255,-0.26776623725891113,-0.0010465724626556039
15.619999885559082,54,1.1738327741622925,0.418679416179657,9.539380073547363,31.129817962646484,-5.867695331573486,-50.144378662109375,-0.03748491778969765,0.07411356270313263,-0.3749863803386688,-0.0010465724626556039
15.630000114440918,54,-0.00015725185221526772,-0.0012933737598359585,9.840656280517578,30.87990951538086,-5.745632648468018,-50.10087585449219,-0.044205792248249054,0.08769712597131729,-0.5540902614593506,-0.0010465724626556039
15.640000343322754,54,-0.32324665784835815,0.04560108110308647,9.784782409667969,30.903169631958008,-5.541888236999512,-49.950340270996094,-0.034763969480991364,0.08106482028961182,-0.7311264872550964,-0.0015698587521910667
15.649999618530273,54,0.49533262848854065,0.19461357593536377,9.779437065124512,31.11305046081543,-5.384950160980225,-50.25141143798828,-0.00659830030053854,0.030239546671509743,-0.8346829414367676,-0.0010465724626556039
15.65999984741211,54,0.7962689399719238,0.17069076001644135,9.57801342010498,31.34186363220215,-5.368889331817627,-50.699012756347656,0.007975460030138493,0.001092023798264563,-0.9463701844215393,-0.0010465724626556039
15.670000076293945,54,0.9906933903694153,0.1725487858057022,10.038745880126953,31.65668487548828,-5.279865741729736,-49.14442825317383,0.007975460030138493,0.003558846190571785,-1.1568548679351807,-0.0010465724626556039
15.680000305175781,54,0.8873236179351807,0.06527556478977203,9.59998607635498,31.573381423950195,-5.106407642364502,-48.64302444458008,0.00852991733700037,0.00433662673458457,-1.4614521265029907,-0.0010465724626556039
15.6899995803833,54,1.1755799055099487,-0.08897344022989273,9.928107261657715,31.844388961791992,-4.48186731338501,-49.949195861816406,0.0175700131803751,-0.0030952852685004473,-1.8294823169708252,-0.0010465724626556039
15.699999809265137,54,0.9357820153236389,-0.11794795840978622,9.279413223266602,32.111610412597656,-3.8100616931915283,-50.49524688720703,0.03221115469932556,-0.009888031519949436,-2.2294745445251465,-0.0010465724626556039
15.710000038146973,54,0.8571093678474426,-0.31593966484069824,10.13886833190918,32.19004440307617,-3.208465337753296,-49.720245361328125,0.0339900404214859,-0.006026080809533596,-2.5897583961486816,-0.0015698587521910667
15.720000267028809,54,0.6459571123123169,-0.2934017479419708,9.568329811096191,32.2116813659668,-2.4017481803894043,-49.60462188720703,0.029750751331448555,-0.00014523779100272804,-2.8454911708831787,-0.0010465724626556039
15.729999542236328,54,0.7818815112113953,-0.34432029724121094,9.972881317138672,33.261085510253906,-1.3334671258926392,-49.27149963378906,0.032758552581071854,0.006010908633470535,-2.995983839035034,-0.0010465724626556039
15.739999771118164,54,0.43332812190055847,-0.21622918546199799,9.413823127746582,33.48286819458008,-0.19497694075107574,-48.93837356567383,0.03175167366862297,0.004711398854851723,-3.0577480792999268,-0.0010465724626556039
15.75,54,0.894320011138916,-0.16421650350093842,9.8239164352417,33.716552734375,0.7145302891731262,-49.34705352783203,0.02321341447532177,0.020170751959085464,-3.082807779312134,-0.0010465724626556039
15.760000228881836,54,1.0760126113891602,-0.2877882122993469,10.37673568725586,33.965919494628906,1.6001756191253662,-49.76947021484375,0.05029904842376709,-0.029962727800011635,-3.0642707347869873,-0.0010465724626556039
15.770000457763672,54,1.302899718284607,-0.1823040097951889,9.426446914672852,33.91939926147461,2.829983711242676,-49.17762756347656,0.03748684376478195,-0.012491541914641857,-3.0933892726898193,-0.0010465724626556039
15.779999732971191,53,0.8155257105827332,-0.09038791805505753,9.454570770263672,34.4441032409668,3.8982644081115723,-50.399085998535156,0.05017198249697685,-0.029789460822939873,-3.189728260040283,-0.0010465724626556039
15.789999961853027,53,0.874891996383667,-0.2534712255001068,9.955781936645508,34.336456298828125,4.8132781982421875,-50.18673324584961,0.04324319213628769,-0.028616372495889664,-3.2611775398254395,-0.0010465724626556039
15.800000190734863,52,0.8408953547477722,-0.4561203420162201,9.524591445922852,34.65452575683594,6.263350486755371,-50.37104034423828,0.041296813637018204,-0.01904556341469288,-3.294855833053589,-0.0010465724626556039
15.8100004196167,52,1.1873688697814941,-0.5123148560523987,9.64514446258545,35.11756134033203,7.655144691467285,-50.88217544555664,0.04402097314596176,-0.015368432737886906,-3.343418836593628,-0.0010465724626556039
15.819999694824219,52,0.8507086634635925,-0.5936692357063293,9.46988582611084,35.34475326538086,8.661934852600098,-51.234764099121094,0.042965322732925415,-0.014858896844089031,-3.4058420658111572,-0.0010465724626556039
15.829999923706055,52,0.4006742238998413,-0.6056922078132629,9.67231273651123,35.659576416015625,10.709473609924316,-51.123722076416016,0.038940370082855225,-0.017402084544301033,-3.4736111164093018,-0.0010465724626556039
15.84000015258789,51,0.6767123937606812,-0.21525827050209045,10.02297306060791,34.897403717041016,11.51114273071289,-51.84148406982422,0.04763457179069519,-0.02796565555036068,-3.5415456295013428,-0.0010465724626556039
15.850000381469727,51,0.36128202080726624,-0.32490453124046326,9.612778663635254,34.86711120605469,12.785003662109375,-52.930152893066406,0.054820701479911804,-0.03615673631429672,-3.6033151149749756,-0.0010465724626556039
15.859999656677246,50,0.2170160561800003,-0.4831037223339081,9.632770538330078,34.98503494262695,14.423676490783691,-53.05779266357422,0.05384526401758194,-0.030900942161679268,-3.658247470855713,-0.0010465724626556039
15.869999885559082,49,-0.0711907297372818,-0.3155478537082672,9.527305603027344,34.90497589111328,16.098602294921875,-52.47396469116211,0.04855481535196304,-0.021082425490021706,-3.7004823684692383,-0.0010465724626556039
15.880000114440918,49,-0.5128985047340393,-0.7897264361381531,10.00949478149414,34.90497589111328,17.434412002563477,-53.584381103515625,0.04049336537718773,-0.02750617265701294,-3.7057342529296875,-0.0010465724626556039
15.890000343322754,48,-0.41851806640625,-0.6792373657226562,10.469447135925293,34.90497589111328,18.858787536621094,-54.694801330566406,0.036866288632154465,-0.016913725063204765,-3.6433770656585693,-0.0010465724626556039
15.899999618530273,48,0.3070904612541199,-0.26605361700057983,9.393067359924316,34.4992790222168,20.351993560791016,-55.204219818115234,0.04894113913178444,-0.0011116866953670979,-3.5399439334869385,-0.0010465724626556039
15.90999984741211,48,0.897409975528717,0.08834823220968246,9.543835639953613,34.14496994018555,22.00994110107422,-55.53734588623047,0.06197474151849747,-0.040809303522109985,-3.4833624362945557,-0.0010465724626556039
15.920000076293945,47,1.2466334104537964,-0.030033787712454796,9.312398910522461,33.870174407958984,23.59767723083496,-55.83613204956055,0.046530790627002716,-0.0291618462651968,-3.5110504627227783,-0.0010465724626556039
15.930000305175781,47,1.4834357500076294,-0.36442846059799194,9.34105110168457,33.45041275024414,24.803163528442383,-56.12689971923828,0.03642156720161438,-0.017964886501431465,-3.6176679134368896,-0.0010465724626556039
15.9399995803833,46,0.9996355772018433,-0.5716758966445923,9.578290939331055,33.0306510925293,26.583633422851562,-57.2373161315918,0.037586312741041183,-0.009461919777095318,-3.787931442260742,-0.0010465724626556039
15.949999809265137,46,0.33738410472869873,-0.8453294634819031,9.58901596069336,32.87702560424805,27.762046813964844,-58.066123962402344,0.038650307804346085,-0.007982725277543068,-3.9375147819519043,-0.0010465724626556039
15.960000038146973,46,-0.011372772976756096,-0.6605362296104431,9.96152114868164,32.64334487915039,29.540220260620117,-58.843414306640625,0.03872731700539589,-0.026435762643814087,-4.002654075622559,-0.0010465724626556039
15.970000267028809,46,-0.37717512249946594,-0.5063982009887695,9.791565895080566,32.328521728515625,31.629976272583008,-59.57835006713867,0.0410568043589592,-0.0054703401401638985,-3.963052749633789,-0.0010465724626556039
15.979999542236328,46,-1.2331511974334717,-1.0311627388000488,10.901769638061523,31.98232650756836,33.579315185546875,-60.57658386230469,0.03425828367471695,-0.005042945500463247,-3.915464401245117,-0.0010465724626556039
15.989999771118164,46,-0.3471544682979584,-0.6188857555389404,9.689478874206543,31.457622528076172,35.98294448852539,-63.46366882324219,0.03482108563184738,0.017610877752304077,-3.8472135066986084,-0.0010465724626556039
16,46,0.06894540041685104,-0.7499240636825562,10.127938270568848,30.836633682250977,37.8148078918457,-63.49801254272461,0.029886798933148384,0.02987247332930565,-3.7610645294189453,-0.0010465724626556039
16.010000228881836,46,-0.15299059450626373,-0.46466386318206787,9.851663589477539,30.20699119567871,39.47321319580078,-65.407470703125,0.0326513834297657,0.014590239152312279,-3.6677725315093994,-0.0010465724626556039
16.020000457763672,46,0.26272210478782654,-0.2724039554595947,9.999377250671387,29.48214340209961,41.519832611083984,-67.63975524902344,0.036418359726667404,0.006112944334745407,-3.577888250350952,-0.0010465724626556039
16.030000686645508,46,0.6730242967605591,-0.05204682797193527,9.46532154083252,28.64261817932129,43.90419387817383,-69.10791015625,0.031614985316991806,0.018878942355513573,-3.486048460006714,-0.0010465724626556039
16.040000915527344,46,0.8937020301818848,-0.21449927985668182,9.818943977355957,27.8030948638916,45.595638275146484,-70.6624984741211,0.034206945449113846,0.022561850026249886,-3.4005439281463623,-0.0010465724626556039
16.049999237060547,53,0.8806772232055664,-0.5361908078193665,9.691141128540039,26.23655891418457,47.99192810058594,-74.19522857666016,0.03742331266403198,0.020723925903439522,-3.368380308151245,-0.0010465724626556039
16.059999465942383,44,0.8925504684448242,-0.24294152855873108,9.80764389038086,23.62873077392578,51.474857330322266,-77.74856567382812,0.03678029403090477,0.02008090913295746,-3.4031031131744385,-0.0010465724626556039
16.06999969482422,44,0.9013487100601196,-0.7473711371421814,9.777446746826172,21.131793975830078,54.3199348449707,-81.18514251708984,0.03910016268491745,0.010204635560512543,-3.445091962814331,-0.0010465724626556039
16.079999923706055,43,0.6600268483161926,-0.6578749418258667,9.762101173400879,18.878816604614258,56.25229263305664,-83.994384765625,0.041294246912002563,0.005050234030932188,-3.4458351135253906,-0.0010465724626556039
16.09000015258789,43,0.24782347679138184,-0.6905778050422668,9.372108459472656,16.242319107055664,58.09975814819336,-85.81684875488281,0.03987729921936989,0.008941062726080418,-3.409968614578247,-0.0010465724626556039
16.100000381469727,42,0.11332614719867706,-0.637153148651123,9.713433265686035,13.408924102783203,59.61315155029297,-91.70206451416016,0.03869522735476494,0.0011818665079772472,-3.36033034324646,-0.0010465724626556039
16.110000610351562,42,0.05047038942575455,-0.6426532864570618,9.713433265686035,9.269180297851562,61.42207336425781,-95.37559509277344,0.03619631752371788,-0.003152399556711316,-3.322380781173706,-0.0010465724626556039
16.1200008392334,42,0.49432745575904846,-0.5792731046676636,10.00341510772705,4.798927307128906,62.54633712768555,-97.26788330078125,0.03781348466873169,-0.001361963921226561,-3.307633876800537,-0.0010465724626556039
16.1299991607666,42,0.8198987245559692,-0.5580264329910278,9.850552558898926,0.017639517784118652,62.74595260620117,-99.3238754272461,0.04480196163058281,-0.0036420419346541166,-3.3361308574676514,-0.0010465724626556039
16.139999389648438,42,1.1942932605743408,-0.46731290221214294,9.405708312988281,-5.27158260345459,62.21181106567383,-102.82340240478516,0.05048514902591705,-0.014858896844089031,-3.36088490486145,-0.0010465724626556039
16.149999618530273,42,1.188490629196167,-0.3814021646976471,9.918645858764648,-10.833433151245117,61.677669525146484,-103.82278442382812,0.04624585807323456,-0.014941680245101452,-3.3806798458099365,-0.0015698587521910667
16.15999984741211,43,1.1014764308929443,-0.13918229937553406,10.02967357635498,-15.921971321105957,60.01926803588867,-104.22116088867188,0.032556407153606415,-0.01610642671585083,-3.416710615158081,-0.0010465724626556039
16.170000076293945,43,0.8430768847465515,-0.5751799941062927,9.153071403503418,-21.029441833496094,58.000179290771484,-103.14051055908203,0.03488590195775032,-0.017271172255277634,-3.5133845806121826,-0.0010465724626556039
16.18000030517578,44,0.540730893611908,-0.9644507765769958,9.435746192932129,-25.941633224487305,55.200531005859375,-101.60710144042969,0.03496932610869408,-0.016189850866794586,-3.5235848426818848,-0.0010465724626556039
16.190000534057617,44,0.3128260672092438,-0.8432126641273499,10.12781810760498,-30.299373626708984,51.6423454284668,-99.90484619140625,0.036030109971761703,-0.0097211804240942,-3.475412368774414,-0.0010465724626556039
16.200000762939453,45,0.2561551034450531,-0.9887654185295105,9.727618217468262,-33.657474517822266,48.437503814697266,-96.35150909423828,0.031203635036945343,-0.015713684260845184,-3.4328181743621826,-0.0010465724626556039
16.209999084472656,45,0.2674277424812317,-1.0518968105316162,9.269439697265625,-36.0954475402832,45.23265838623047,-92.79816436767578,0.02818877249956131,-0.02293061651289463,-3.416395425796509,-0.0010465724626556039
16.219999313354492,46,0.7690378427505493,-0.9658948183059692,9.60452938079834,-37.18488311767578,42.62253189086914,-88.99755859375,0.02760736271739006,-0.013312318362295628,-3.396298408508301,-0.0010465724626556039
16.229999542236328,46,0.7626793384552002,-1.0813369750976562,10.004172325134277,-37.7609748840332,40.49147415161133,-85.50775909423828,0.034101702272892,-0.021712608635425568,-3.421710968017578,-0.0010465724626556039
16.239999771118164,46,0.7509996891021729,-0.7369005680084229,9.87294864654541,-38.139625549316406,38.498085021972656,-81.99678039550781,0.04941602423787117,-0.04634489491581917,-3.4525601863861084,-0.0010465724626556039
16.25,47,0.5711089968681335,-0.7326226234436035,9.606100082397461,-38.110416412353516,36.18760681152344,-77.5728530883789,0.08042328804731369,-0.09491768479347229,-3.516615390777588,-0.0010465724626556039
16.260000228881836,47,0.40161237120628357,-0.8305021524429321,9.615851402282715,-37.480770111083984,33.96202087402344,-75.79618072509766,0.0925225242972374,-0.1271865963935852,-3.614795684814453,-0.0010465724626556039
16.270000457763672,47,-0.19103263318538666,-1.0786017179489136,9.68597412109375,-36.85112762451172,32.67898178100586,-72.21078491210938,0.08537746965885162,-0.13132192194461823,-3.70322322845459,-0.0010465724626556039
16.280000686645508,48,-0.9410279989242554,-1.2449476718902588,10.160320281982422,-35.976985931396484,31.610702514648438,-69.31282043457031,0.0650281086564064,-0.10111553221940994,-3.7595834732055664,-0.0010465724626556039
16.290000915527344,48,-0.7881574034690857,-1.0601052045822144,10.198505401611328,-35.00114440917969,30.51121711730957,-67.16410827636719,0.038738224655389786,-0.04833683371543884,-3.8218510150909424,-0.0010465724626556039
16.299999237060547,48,0.13089777529239655,-1.0583062171936035,10.175896644592285,-34.111854553222656,29.427793502807617,-64.94326782226562,0.039976127445697784,-0.037974126636981964,-3.9005002975463867,-0.0010465724626556039
16.309999465942383,48,0.21126805245876312,-0.9049838185310364,9.3383207321167,-32.852569580078125,28.893653869628906,-62.722434997558594,0.03428523615002632,-0.03492075949907303,-3.8805859088897705,-0.0010465724626556039
16.31999969482422,48,-0.12797832489013672,-0.9089758992195129,9.508064270019531,-32.430641174316406,28.201656341552734,-61.6829948425293,0.023644017055630684,-0.006146727129817009,-3.761223554611206,-0.0010465724626556039
16.329999923706055,48,-0.3876163363456726,-0.8082033395767212,9.352947235107422,-32.25321578979492,27.60602569580078,-59.84965896606445,0.01589829847216606,0.014497830532491207,-3.605757474899292,-0.0010465724626556039
16.34000015258789,49,-0.5021594762802124,-0.9705227017402649,9.618436813354492,-31.837779998779297,27.22239875793457,-58.17487716674805,0.005775598809123039,0.020723925903439522,-3.403515338897705,-0.0010465724626556039
16.350000381469727,48,-0.7395599484443665,-0.8085532188415527,9.655511856079102,-31.07831382751465,27.010395050048828,-57.41876220703125,0.007132864557206631,0.02195541188120842,-3.1846060752868652,-0.0010465724626556039
16.360000610351562,49,-0.9883819818496704,-0.5259691476821899,9.73691177368164,-30.658550262451172,26.654300689697266,-56.75251007080078,-0.008070436306297779,0.04424986615777016,-2.9471466541290283,-0.0010465724626556039
16.3700008392334,50,-0.8581832647323608,-0.16628892719745636,9.845048904418945,-29.93695068359375,26.212854385375977,-57.57673645019531,-0.05116603150963783,0.14092376828193665,-2.7770938873291016,-0.0010465724626556039
16.3799991607666,50,-0.5260052680969238,-0.07002098858356476,9.879846572875977,-29.659992218017578,26.026548385620117,-56.12460708618164,-0.03127294406294823,0.11162029951810837,-2.725282907485962,-0.0010465724626556039
16.389999389648438,50,-0.07122299075126648,-0.036039140075445175,9.780521392822266,-29.24347686767578,25.76131248474121,-54.72685241699219,0.009749851189553738,0.0442286916077137,-2.7465980052948,-0.0010465724626556039
16.399999618530273,50,0.3864382207393646,-0.16686555743217468,9.670038223266602,-28.70200538635254,25.480018615722656,-54.51621627807617,0.03519521281123161,-0.009170572273433208,-2.7139408588409424,-0.0010465724626556039
16.40999984741211,51,-0.2860409915447235,-0.19293227791786194,9.905923843383789,-28.711742401123047,25.636037826538086,-54.92947769165039,0.023347536101937294,0.012374334037303925,-2.643967390060425,-0.0010465724626556039
16.420000076293945,52,-0.20505766570568085,-0.39815405011177063,9.798696517944336,-29.02656364440918,25.101896286010742,-54.374267578125,0.034056778997182846,-0.027330338954925537,-2.572230577468872,-0.0010465724626556039
16.43000030517578,52,0.16234301030635834,-0.33208534121513367,9.60996150970459,-28.25140953063965,24.852264404296875,-54.44009017944336,0.043485768139362335,-0.04683325067162514,-2.5190162658691406,-0.0010465724626556039
16.440000534057617,52,0.17140182852745056,-0.15083076059818268,9.779799461364746,-28.094539642333984,24.57326316833496,-54.032554626464844,0.0462484285235405,-0.05284950137138367,-2.4831016063690186,-0.0010465724626556039
16.450000762939453,53,0.16010437905788422,-0.3062724471092224,9.718698501586914,-28.408279418945312,24.515443801879883,-53.62788391113281,0.0365300215780735,-0.0377238504588604,-2.4575035572052,-0.0010465724626556039
16.459999084472656,53,-0.22994086146354675,-0.572627067565918,9.565890312194824,-28.33579444885254,24.96698570251465,-53.99993133544922,0.02092948742210865,0.0020751587580889463,-2.440230131149292,-0.0010465724626556039
16.469999313354492,54,-0.012653416022658348,-0.9969565272331238,10.035981178283691,-28.54567527770996,24.699914932250977,-52.778472900390625,0.023917395621538162,-0.000520010944455862,-2.4345006942749023,-0.0010465724626556039
16.479999542236328,54,-0.24057318270206451,-0.5891596078872681,9.69136905670166,-28.572721481323242,24.35529327392578,-52.33087158203125,0.03474856913089752,-0.033263806253671646,-2.43876051902771,-0.0010465724626556039
16.489999771118164,54,-0.14911389350891113,-0.50401771068573,9.715778350830078,-28.706872940063477,24.34061050415039,-52.281646728515625,0.04134237766265869,-0.04545352980494499,-2.4289357662200928,-0.0010465724626556039
16.5,54,0.29273781180381775,-0.003925182856619358,9.927803039550781,-28.78855323791504,24.264894485473633,-52.347469329833984,0.05756603553891182,-0.06992089003324509,-2.3768012523651123,-0.0010465724626556039
16.510000228881836,54,0.037907179445028305,-0.07461432367563248,9.438817977905273,-28.64682960510254,23.850980758666992,-52.3669319152832,0.04843224585056305,-0.062469083815813065,-2.2792749404907227,-0.0010465724626556039
16.520000457763672,55,-0.20902368426322937,-0.1956380158662796,9.931857109069824,-28.332008361816406,23.58390998840332,-52.477970123291016,0.02211669273674488,-0.021466180682182312,-2.127614974975586,-0.0010465724626556039
16.530000686645508,55,-0.044371675699949265,-0.0657874271273613,9.838970184326172,-29.007089614868164,23.652742385864258,-50.494102478027344,0.0066323126666247845,0.020497392863035202,-1.9648257493972778,-0.0010465724626556039
16.540000915527344,55,0.5186944007873535,-0.011105974204838276,9.650664329528809,-28.84589195251465,23.868417739868164,-50.595985412597656,-0.01105706300586462,0.03913011774420738,-1.8352373838424683,-0.0010465724626556039
16.549999237060547,55,0.6508538126945496,0.0756598636507988,9.769729614257812,-28.72364044189453,23.879430770874023,-51.4356689453125,-0.030155042186379433,0.09060674905776978,-1.8172637224197388,-0.0010465724626556039
16.559999465942383,56,0.6519657373428345,-0.15029601752758026,9.83891487121582,-28.882675170898438,23.546281814575195,-51.634857177734375,-0.03248453140258789,0.11972539126873016,-1.8428882360458374,-0.0015698587521910667
16.56999969482422,56,0.6987910866737366,-0.3341035544872284,9.552570343017578,-28.57109832763672,23.019023895263672,-50.437435150146484,-0.0014830464497208595,0.048851095139980316,-1.9294277429580688,-0.0010465724626556039
16.579999923706055,56,0.9949373602867126,-0.2652773857116699,9.87714958190918,-28.466157913208008,22.930002212524414,-50.77056121826172,0.02018122375011444,0.003814257448539138,-2.110273838043213,-0.0015698587521910667
16.59000015258789,57,1.2237132787704468,0.2743489742279053,9.821968078613281,-28.85454750061035,23.050230026245117,-49.97266387939453,0.03499756008386612,-0.01980922557413578,-2.2660276889801025,-0.0010465724626556039
16.600000381469727,57,1.2563499212265015,0.7263888716697693,10.159181594848633,-29.205610275268555,23.179176330566406,-49.65842819213867,0.0643761083483696,-0.07735344022512436,-2.346212387084961,-0.0010465724626556039
16.610000610351562,58,1.5834897756576538,1.2400051355361938,9.526016235351562,-29.482568740844727,23.2112979888916,-49.991554260253906,0.0681777372956276,-0.08765774965286255,-2.396132230758667,-0.0010465724626556039
16.6200008392334,58,1.1647392511367798,0.7786800265312195,9.856671333312988,-29.828763961791992,23.176881790161133,-50.24683380126953,0.04172806069254875,-0.04663367196917534,-2.4373667240142822,-0.0010465724626556039
16.6299991607666,58,0.6456568241119385,0.44703787565231323,9.548211097717285,-29.40900230407715,23.711021423339844,-49.69162368774414,0.006785685662180185,0.01586793176829815,-2.3978307247161865,-0.0010465724626556039
16.639999389648438,58,0.1380753219127655,-0.36934465169906616,9.704846382141113,-29.528005599975586,23.635765075683594,-49.991554260253906,-0.016025360673666,0.06013660877943039,-2.2651076316833496,-0.0010465724626556039
16.649999618530273,58,-0.3221372663974762,-0.4673350751399994,9.832179069519043,-29.672433853149414,23.79086685180664,-49.81239700317383,0.011171291582286358,0.009000101126730442,-2.116135597229004,-0.0010465724626556039
16.65999984741211,58,-1.262174129486084,-0.5376052856445312,9.907454490661621,-29.859596252441406,23.902833938598633,-49.474693298339844,0.04581718146800995,-0.06801750510931015,-1.9032623767852783,-0.0010465724626556039
16.670000076293945,58,-2.1097216606140137,-0.45482659339904785,9.665874481201172,-30.140880584716797,23.72111701965332,-49.474693298339844,0.0261576846241951,-0.03333118185400963,-1.5575042963027954,-0.0010465724626556039
16.68000030517578,58,-1.9573798179626465,-0.6604426503181458,9.795544624328613,-30.24582290649414,23.98818588256836,-49.474693298339844,-0.01604076288640499,0.0564504973590374,-1.193033218383789,-0.0010465724626556039
16.690000534057617,58,-1.990033745765686,-0.7548229694366455,9.806134223937988,-30.15602684020996,24.25525665283203,-49.16560745239258,-0.02404574304819107,0.06475195288658142,-0.921880304813385,-0.0010465724626556039
16.700000762939453,58,-1.781333565711975,-0.5836816430091858,9.8248929977417,-29.978059768676758,24.150630950927734,-50.146095275878906,-0.007841980084776878,0.02530461549758911,-0.6934554576873779,-0.0010465724626556039
16.709999084472656,57,-1.672186017036438,-0.6273380517959595,9.74488639831543,-30.011598587036133,24.04875946044922,-50.8764533996582,-0.0029051259625703096,0.009287597611546516,-0.48701757192611694,-0.0010465724626556039
16.719999313354492,57,-1.3431848287582397,-0.5939673185348511,9.826656341552734,-30.2047119140625,24.09648323059082,-50.49982452392578,0.0035654697567224503,0.007175654172897339,-0.2781834900379181,-0.0010465724626556039
16.729999542236328,56,-0.4812721014022827,-0.2977018356323242,9.831576347351074,-29.994829177856445,24.00745964050293,-49.61149215698242,0.010582822374999523,-0.015319019556045532,-0.08049693703651428,-0.0010465724626556039
16.739999771118164,57,0.12799645960330963,0.046005215495824814,9.81413745880127,-29.994829177856445,24.09648323059082,-49.83357620239258,0.0028852324467152357,-0.009495289996266365,-0.00596154760569334,-0.0010465724626556039
16.75,56,0.1257503777742386,0.048469457775354385,9.798727035522461,-29.914230346679688,24.253881454467773,-50.3115119934082,0.0007001308840699494,-0.00367156183347106,-0.0002244526258436963,-0.0010465724626556039
16.760000228881836,56,0.12226086854934692,0.062441688030958176,9.822929382324219,-29.978059768676758,24.05013656616211,-50.56908416748047,0.00419436814263463,0.0021521667949855328,0.002105038845911622,-0.0010465724626556039
16.770000457763672,56,0.11960526555776596,0.05589420720934868,9.81592845916748,-30.21985626220703,23.705514907836914,-50.36646270751953,0.0009003516170196235,-0.004469236359000206,-0.002353723393753171,-0.0010465724626556039
16.780000686645508,56,0.14129677414894104,0.0631735622882843,9.821158409118652,-30.466520309448242,23.800962448120117,-49.77233123779297,-0.0025938854087144136,-0.002904690569266677,-0.0027361963875591755,-0.0010465724626556039
16.790000915527344,56,0.12837369740009308,0.050805553793907166,9.8168306350708,-29.836877822875977,23.9790096282959,-50.1054573059082,0.0019669122993946075,0.0014385597314685583,0.001291321124881506,-0.0010465724626556039
16.799999237060547,56,0.1280510574579239,0.050164852291345596,9.811935424804688,-29.912607192993164,23.932662963867188,-49.31900405883789,0.00023359090846497566,-0.003348770085722208,-0.0025513770524412394,-0.0010465724626556039
16.809999465942383,56,0.12116388231515884,0.05519682541489601,9.820304870605469,-29.930999755859375,23.78948974609375,-49.8055305480957,-0.0014958801912143826,-0.0006310298922471702,0.0013311088550835848,-0.0010465724626556039
16.81999969482422,57,0.10403403639793396,0.05519682541489601,9.810393333435059,-30.02349853515625,23.67844009399414,-50.371612548828125,-0.0002002208202611655,0.0019121587974950671,0.005859178025275469,-0.0010465724626556039
16.829999923706055,57,0.09686392545700073,0.06264129281044006,9.817938804626465,-30.428115844726562,23.6912899017334,-49.67559814453125,-0.0009022768936119974,0.001561130746267736,0.0025324332527816296,-0.0010465724626556039
16.84000015258789,57,0.10200635343790054,0.06954608857631683,9.809412002563477,-30.742937088012695,23.78031349182129,-50.11976623535156,-0.0011448520235717297,-0.0009948925580829382,-0.0009778474923223257,-0.0010465724626556039
16.850000381469727,57,0.10914172232151031,0.059048429131507874,9.80383014678955,-30.291799545288086,23.788114547729492,-49.550819396972656,0.000019893728676834144,-0.003222348401322961,0.0035579227842390537,-0.0010465724626556039
16.860000610351562,56,0.12489164620637894,0.0477178618311882,9.80219554901123,-30.195514678955078,23.606395721435547,-49.56455612182617,-0.0005287881358526647,-0.0021025240421295166,0.004879893269389868,-0.0010465724626556039
16.8700008392334,56,0.12425380200147629,0.05393267050385475,9.812679290771484,-30.159273147583008,23.4990177154541,-49.598899841308594,-0.00031380754080601037,-0.002170547842979431,0.0014536796370521188,-0.0010465724626556039
16.8799991607666,55,0.11899224668741226,0.059979911893606186,9.810550689697266,-30.085704803466797,23.588041305541992,-49.41001510620117,0.00005390564547269605,-0.005042945500463247,0.002171779051423073,-0.0010465724626556039
16.889999389648438,55,0.10922610014677048,0.06580044329166412,9.812496185302734,-30.505468368530273,23.67706298828125,-49.743141174316406,-0.0026830865535885096,-0.005042945500463247,0.0033249736297875643,-0.0010465724626556039
16.899999618530273,55,0.11669651418924332,0.06060090288519859,9.814044952392578,-30.615276336669922,23.766088485717773,-49.63896560668945,-0.0011961907148361206,-0.004076495300978422,0.003919860348105431,-0.0010465724626556039
16.90999984741211,55,0.11654264479875565,0.05825001746416092,9.80729866027832,-30.48328971862793,23.65411949157715,-49.026519775390625,-0.00016620887618046254,-0.0008421600214205682,-0.0022889082320034504,-0.0010465724626556039
16.920000076293945,55,0.11446283757686615,0.05685525760054588,9.805545806884766,-30.164140701293945,23.661462783813477,-48.94295120239258,-0.0032651384826749563,0.0006967161316424608,-0.003608953207731247,-0.0010465724626556039
16.93000030517578,55,0.11613313853740692,0.048804592341184616,9.81202507019043,-29.926130294799805,23.736719131469727,-49.626373291015625,-0.004023666959255934,-0.0016327752964571118,0.0038133326452225447,-0.0015698587521910667
16.940000534057617,56,0.10955122858285904,0.048898231238126755,9.79868221282959,-30.088409423828125,23.5788631439209,-50.52500915527344,-0.0017673332476988435,-0.0037427942734211683,-0.0026630389038473368,-0.0010465724626556039
16.950000762939453,56,0.12331317365169525,0.05709182471036911,9.818077087402344,-29.45876693725586,23.75691032409668,-49.747718811035156,-0.0005916780210100114,-0.0025780482683330774,-0.001476474106311798,-0.0010465724626556039
16.959999084472656,57,0.12371523678302765,0.04974839463829994,9.815958023071289,-29.521514892578125,23.861536026000977,-49.61149215698242,0.0017378134652972221,-0.001413302612490952,0.0020177632104605436,-0.0010465724626556039
16.969999313354492,57,0.13147106766700745,0.05607656016945839,9.813922882080078,-29.731395721435547,23.89778709411621,-49.940608978271484,0.005180712323635817,0.003091664519160986,-0.000055035117838997394,-0.0010465724626556039
16.979999542236328,58,0.11035038530826569,0.049319617450237274,9.808038711547852,-29.78981590270996,24.026273727416992,-50.29548645019531,-0.0018366399453952909,-0.000658624223433435,0.002871268428862095,-0.0010465724626556039
16.989999771118164,58,0.10533205419778824,0.05650533735752106,9.812893867492676,-29.60698127746582,24.33647918701172,-50.28117752075195,-0.0050453064031898975,-0.004328696522861719,0.004387684166431427,-0.0010465724626556039
17,58,0.1400037258863449,0.09324713051319122,9.863946914672852,-29.60698127746582,24.33647918701172,-50.170135498046875,-0.005521472543478012,0.007003669627010822,-0.0009342095581814647,-0.0010465724626556039
17.010000228881836,58,0.2750818133354187,0.0578138493001461,9.973740577697754,-29.512859344482422,24.41632652282715,-50.158687591552734,-0.0046570575796067715,0.03943365812301636,-0.014838000759482384,-0.0010465724626556039
17.020000457763672,59,-0.0701160803437233,0.05714850127696991,9.275666236877441,-29.687040328979492,24.44615364074707,-50.01101303100586,-0.0034923118073493242,0.042574942111968994,-0.02071627601981163,-0.0010465724626556039
17.030000686645508,59,0.14788861572742462,0.06389065831899643,10.06094741821289,-29.86554718017578,24.44615364074707,-49.452369689941406,0.0006321071996353567,-0.02277146466076374,-0.02114110440015793,-0.0010465724626556039
17.040000915527344,59,-0.02334529533982277,0.04485195502638817,9.589638710021973,-29.97102928161621,24.41036033630371,-48.921775817871094,0.0010344738839194179,-0.03153882548213005,-0.010976050049066544,-0.0010465724626556039
17.049999237060547,60,0.1609705537557602,0.07327694445848465,9.768010139465332,-30.495731353759766,24.23231315612793,-50.254276275634766,-0.000613496929872781,-0.0068853613920509815,-0.0008899299427866936,-0.0010465724626556039
17.059999465942383,60,0.07820525020360947,0.09148766845464706,9.81657600402832,-30.206872940063477,23.88172721862793,-49.865055084228516,0.0032587209716439247,-0.009156455285847187,-0.022288523614406586,-0.0010465724626556039
17.06999969482422,60,1.1868327856063843,0.4711553156375885,9.674874305725098,-30.278818130493164,24.116214752197266,-49.33903884887695,0.01779397763311863,-0.030324023216962814,-0.16153821349143982,-0.0010465724626556039
17.079999923706055,60,1.4219200611114502,0.3489488363265991,9.823970794677734,-30.488698959350586,24.0666561126709,-48.83992385864258,0.043660957366228104,-0.08003588765859604,-0.45563554763793945,-0.0010465724626556039
17.09000015258789,60,1.9644660949707031,0.33217230439186096,9.707978248596191,-30.669910430908203,23.65411949157715,-48.82046127319336,0.04462997242808342,-0.0762811079621315,-0.8129897713661194,-0.0010465724626556039
17.100000381469727,60,1.8279386758804321,0.05031270533800125,9.872876167297363,-30.761869430541992,23.561426162719727,-49.87593078613281,0.010935134254395962,0.0012871110811829567,-1.199084758758545,-0.0010465724626556039
17.110000610351562,60,2.087209463119507,-0.19314174354076385,9.488152503967285,-30.55198860168457,23.383378982543945,-49.653846740722656,0.052838388830423355,-0.07634656131267548,-1.593090295791626,-0.0010465724626556039
17.1200008392334,60,2.2157552242279053,-0.3945833742618561,9.97368335723877,-30.681812286376953,23.277376174926758,-49.61149215698242,0.061511412262916565,-0.09682106226682663,-1.9481580257415771,-0.0010465724626556039
17.1299991607666,60,2.8129196166992188,-0.06170171871781349,9.985403060913086,-31.31578254699707,23.188352584838867,-49.290958404541016,0.03448738157749176,-0.032769668847322464,-2.3045895099639893,-0.0010465724626556039
17.139999389648438,60,2.25597882270813,0.37268438935279846,9.59455394744873,-32.11528015136719,23.00709342956543,-48.92749786376953,0.007134789600968361,0.017938803881406784,-2.6857199668884277,-0.0010465724626556039
17.149999618530273,60,1.6906914710998535,0.8179969787597656,9.43030834197998,-32.663780212402344,22.650999069213867,-48.977867126464844,0.01528800930827856,0.010950329713523388,-3.1423003673553467,-0.0010465724626556039
17.15999984741211,59,2.2609896659851074,0.7304672002792358,9.625693321228027,-33.39836502075195,22.294906616210938,-49.422035217285156,0.019968170672655106,0.0016464815707877278,-3.5977230072021484,-0.0010465724626556039
17.170000076293945,58,1.2355270385742188,0.9021506905555725,9.440544128417969,-33.7629508972168,21.389530181884766,-49.76832580566406,0.020245399326086044,0.01752360351383686,-4.053138256072998,-0.0010465724626556039
17.18000030517578,58,0.9057117700576782,0.14318984746932983,9.64612865447998,-34.07777404785156,20.525911331176758,-50.389930725097656,0.02954411320388317,0.008131836540997028,-4.484790802001953,-0.0010465724626556039
17.190000534057617,58,2.0729188919067383,0.1069532185792923,9.884466171264648,-34.524044036865234,19.53885269165039,-50.70359420776367,0.03517211228609085,0.017651306465268135,-4.898852825164795,-0.0010465724626556039
17.200000762939453,57,1.7273387908935547,-0.8198862671852112,9.717629432678223,-35.19263458251953,18.391643524169922,-50.34986114501953,0.03528762608766556,0.022541314363479614,-5.238221645355225,-0.0010465724626556039
17.209999084472656,56,1.8881959915161133,-1.2946611642837524,9.85294246673584,-36.03215789794922,17.679454803466797,-49.905696868896484,0.045973122119903564,0.00032386762904934585,-5.504035472869873,-0.0010465724626556039
17.219999313354492,54,1.7254102230072021,-1.10371732711792,10.563400268554688,-36.37132263183594,16.457908630371094,-49.35563659667969,0.05797802656888962,-0.028771672397851944,-5.705881595611572,-0.0010465724626556039
17.229999542236328,54,1.414668083190918,-1.5526152849197388,9.796809196472168,-36.61041259765625,14.569143295288086,-49.281227111816406,0.051855891942977905,0.0010304148308932781,-5.818553924560547,-0.0010465724626556039
17.239999771118164,52,0.8989859223365784,-1.7402225732803345,9.55864429473877,-37.07723617553711,12.781332969665527,-50.15353775024414,0.05072259157896042,0.013480041176080704,-5.8170366287231445,-0.0015698587521910667
17.25,51,1.3240700960159302,-1.2956469058990479,9.975506782531738,-37.757728576660156,11.173404693603516,-50.98921203613281,0.05104859173297882,-0.0025247845333069563,-5.721129894256592,-0.0010465724626556039
17.260000228881836,49,0.3168739676475525,-1.0590553283691406,10.499008178710938,-38.28513717651367,9.055197715759277,-49.45465850830078,0.04868829995393753,-0.002902123611420393,-5.577644348144531,-0.0010465724626556039
17.270000457763672,48,-0.16189800202846527,-0.8472565412521362,9.278136253356934,-38.91477966308594,7.630823612213135,-48.6773681640625,0.053566113114356995,-0.008648201823234558,-5.4125823974609375,-0.0015698587521910667
17.280000686645508,46,-0.43899843096733093,-0.7841228246688843,10.118833541870117,-38.711387634277344,5.782440662384033,-49.13412857055664,0.051721129566431046,-0.013185256160795689,-5.247107982635498,-0.0010465724626556039
17.290000915527344,43,0.5487449169158936,-0.41786304116249084,9.496516227722168,-38.2916259765625,3.77390718460083,-49.10035705566406,0.05052750185132027,0.000591471791267395,-5.126613616943359,-0.0010465724626556039
17.299999237060547,42,0.11185687780380249,-0.6259876489639282,9.389605522155762,-37.8026237487793,1.8144742250442505,-49.02022171020508,0.0666670948266983,-0.009950920939445496,-5.071897983551025,-0.0010465724626556039
17.309999465942383,41,0.26129505038261414,-0.31906676292419434,10.465882301330566,-37.14215087890625,-0.0008691935800015926,-50.00013732910156,0.06061939895153046,-0.012638499960303307,-5.063297271728516,-0.0010465724626556039
17.31999969482422,42,0.6135215759277344,-0.42148545384407043,10.305505752563477,-36.19768524169922,-2.1374311447143555,-49.778053283691406,0.05330749228596687,-0.022895963862538338,-5.054108142852783,-0.0010465724626556039
17.329999923706055,42,0.1045527458190918,-0.8777145147323608,10.151573181152344,-35.525848388671875,-3.5801610946655273,-48.69053268432617,0.04488474503159523,-0.011874196119606495,-5.050058841705322,-0.0010465724626556039
17.34000015258789,45,0.06870962679386139,-1.2076120376586914,9.539544105529785,-34.69660186767578,-4.971954822540283,-48.736324310302734,0.0461239330470562,-0.01995297521352768,-5.014409065246582,-0.0010465724626556039
17.350000381469727,45,0.13086053729057312,-1.1270610094070435,9.307653427124023,-33.49898147583008,-6.503708362579346,-49.6029052734375,0.04961816966533661,-0.025776702910661697,-4.957336902618408,-0.0010465724626556039
17.360000610351562,46,0.31016549468040466,-1.1548131704330444,9.443063735961914,-32.06767654418945,-8.255725860595703,-50.43228530883789,0.04855353385210037,-0.027041558176279068,-4.902543544769287,-0.0010465724626556039
17.3700008392334,47,0.16204021871089935,-1.260593056678772,9.559350967407227,-31.333093643188477,-10.303264617919922,-50.43228530883789,0.04307890683412552,-0.01096678338944912,-4.912448883056641,-0.0010465724626556039
17.3799991607666,48,0.05373155325651169,-1.2256501913070679,10.191566467285156,-30.204710006713867,-11.348601341247559,-50.11976623535156,0.048422619700431824,-0.019891368225216866,-4.9509406089782715,-0.0010465724626556039
17.389999389648438,48,-0.29908815026283264,-0.9170240163803101,10.199329376220703,-28.902149200439453,-12.767928123474121,-50.021888732910156,0.04492838308215141,-0.009832200594246387,-4.93474006652832,-0.0010465724626556039
17.399999618530273,49,-0.4186793863773346,-0.9482706189155579,9.91726016998291,-27.537921905517578,-14.032610893249512,-49.86391067504883,0.0391046516597271,-0.005379213485866785,-4.89047908782959,-0.0010465724626556039
17.40999984741211,50,-0.29172196984291077,-0.9245153665542603,9.468350410461426,-26.071998596191406,-15.073817253112793,-49.584590911865234,0.039908744394779205,0.0032418298069387674,-4.828303813934326,-0.0010465724626556039
17.420000076293945,49,-0.33339250087738037,-0.9262304902076721,9.702013969421387,-24.2912540435791,-16.581708908081055,-49.48270797729492,0.043402981013059616,0.0010971579467877746,-4.750787734985352,-0.0010465724626556039
17.43000030517578,49,0.5224047899246216,-0.6866695284843445,9.782002449035645,-22.822084426879883,-17.56096649169922,-50.2599983215332,0.046897221356630325,-0.0032929391600191593,-4.662458896636963,-0.0010465724626556039
17.440000534057617,49,0.7811890840530396,-0.762563169002533,9.794036865234375,-21.352916717529297,-18.609516143798828,-49.049415588378906,0.04461585730314255,0.00003444750473136082,-4.560818195343018,-0.0010465724626556039
17.450000762939453,49,0.742824375629425,-0.7905716896057129,9.49619197845459,-19.99842643737793,-19.531871795654297,-48.36484909057617,0.044581204652786255,-0.0010898689506575465,-4.4426398277282715,-0.0010465724626556039
17.459999084472656,49,0.35446682572364807,-0.8068307042121887,9.89268970489502,-18.508161544799805,-20.249107360839844,-48.90116882324219,0.04898349568247795,-0.007821650244295597,-4.332751274108887,-0.0010465724626556039
17.469999313354492,48,0.09533757716417313,-0.8608862161636353,9.836874008178711,-16.574874877929688,-20.790590286254883,-49.976097106933594,0.056518085300922394,-0.02314559742808342,-4.2565155029296875,-0.0010465724626556039
17.479999542236328,48,-0.07174170017242432,-1.1409962177276611,9.691308975219727,-15.315587043762207,-21.413753509521484,-49.42089080810547,0.07006186246871948,-0.047497447580099106,-4.204941272735596,-0.0010465724626556039
17.489999771118164,48,0.11356936395168304,-1.0941115617752075,9.68278694152832,-13.25301742553711,-22.036916732788086,-48.771236419677734,0.07390263676643372,-0.04803329333662987,-4.157895565032959,-0.0010465724626556039
17.5,48,0.0786445289850235,-0.9884105920791626,9.88521957397461,-11.568558692932129,-22.439815521240234,-48.79184341430664,0.06388582289218903,-0.02234535478055477,-4.083196640014648,-0.0010465724626556039
17.510000228881836,48,-0.1006455272436142,-0.45303261280059814,9.720629692077637,-10.082621574401855,-22.87896728515625,-48.42036819458008,0.029846370220184326,0.038958776742219925,-3.9649317264556885,-0.0010465724626556039
17.520000457763672,48,-0.3372965157032013,-0.47653162479400635,9.716547966003418,-8.517168045043945,-23.49479103088379,-47.029483795166016,0.024280617013573647,0.056548040360212326,-3.8172855377197266,-0.0010465724626556039
17.530000686645508,48,-1.0586262941360474,-0.7563458681106567,9.506804466247559,-7.572702407836914,-23.583812713623047,-47.140525817871094,0.03766331821680069,0.009852965362370014,-3.5931551456451416,-0.0010465724626556039
17.540000915527344,48,-1.1544909477233887,-0.7612841725349426,9.713648796081543,-6.047277450561523,-23.754976272583008,-47.558937072753906,0.058647993952035904,-0.02349149063229561,-3.3153295516967773,-0.0010465724626556039
17.549999237060547,48,-0.8887152075767517,-0.4172174036502838,9.599654197692871,-4.7631072998046875,-23.933025360107422,-48.46329879760742,0.08077816665172577,-0.10036471486091614,-3.0008480548858643,-0.0010465724626556039
17.559999465942383,48,-0.5044130086898804,-0.31775087118148804,9.363717079162598,-3.5606181621551514,-24.151912689208984,-48.60581970214844,0.08047334849834442,-0.11554170399904251,-2.776106834411621,-0.0010465724626556039
17.56999969482422,48,-0.27659499645233154,-0.29694533348083496,9.640084266662598,-2.325132131576538,-24.37860107421875,-47.55607604980469,0.0432855449616909,-0.042534276843070984,-2.644862651824951,-0.0010465724626556039
17.579999923706055,48,-0.5512632131576538,-0.4619014263153076,9.973126411437988,-1.170785665512085,-24.467622756958008,-46.334617614746094,0.02445901930332184,-0.003883973928168416,-2.571429967880249,-0.0010465724626556039
17.59000015258789,48,-0.44166892766952515,-0.39529305696487427,9.606582641601562,-0.22523845732212067,-24.290952682495117,-47.76441955566406,0.016797365620732307,0.006059038918465376,-2.4772188663482666,-0.0010465724626556039
17.600000381469727,48,-0.2697599232196808,-0.5293377637863159,9.669279098510742,0.6391690373420715,-24.384565353393555,-48.27613067626953,0.01708293706178665,0.0028632073663175106,-2.3322482109069824,-0.0010465724626556039
17.610000610351562,48,-0.5093097686767578,-0.3928017020225525,9.805545806884766,1.4229779243469238,-24.420818328857422,-48.9109001159668,0.01617039367556572,0.002713042078539729,-2.0640697479248047,-0.0010465724626556039
17.6200008392334,48,0.07049904018640518,0.1411593109369278,9.753618240356445,2.0634400844573975,-24.33179473876953,-49.0139274597168,0.015337423421442509,0.003546011634171009,-1.9018172025680542,-0.0010465724626556039
17.6299991607666,48,0.628311038017273,0.21933726966381073,9.722223281860352,2.5183629989624023,-24.266632080078125,-47.30537414550781,0.01808147504925728,-0.005372154526412487,-1.9875290393829346,-0.0010465724626556039
17.639999389648438,48,1.1162163019180298,-0.04339488968253136,9.786808013916016,3.4628281593322754,-24.533702850341797,-49.63724899291992,0.0002849301672540605,0.02439720556139946,-2.2515721321105957,-0.0010465724626556039
17.649999618530273,48,0.8168162703514099,-0.07095985859632492,9.600685119628906,4.319663047790527,-24.354738235473633,-49.00190734863281,-0.04091754928231239,0.1122087687253952,-2.54211688041687,-0.0010465724626556039
17.65999984741211,48,-0.08070622384548187,-0.3546183407306671,10.134302139282227,5.475632190704346,-24.141357421875,-48.5171012878418,-0.04090920835733414,0.13415668904781342,-2.738780975341797,-0.0010465724626556039
17.670000076293945,49,-0.43596312403678894,-0.5063809752464294,9.640546798706055,6.606177806854248,-23.96331024169922,-48.187408447265625,0.010480145923793316,0.0475323311984539,-2.7537224292755127,-0.0010465724626556039
17.68000030517578,49,-0.9555419087409973,-0.3082807958126068,10.014625549316406,7.340761661529541,-23.76048469543457,-47.54634475708008,0.03309546411037445,-0.012435711920261383,-2.550252676010132,-0.0010465724626556039
17.690000534057617,49,-0.7543022632598877,-0.17739032208919525,9.776684761047363,8.075345993041992,-23.404390335083008,-48.43467712402344,0.03070949949324131,-0.035787101835012436,-2.2361693382263184,-0.0010465724626556039
17.700000762939453,49,-0.2538635730743408,-0.1082092896103859,9.738495826721191,8.809929847717285,-23.37135124206543,-48.41636276245117,0.03319300711154938,-0.03950273618102074,-1.9526258707046509,-0.0010465724626556039
17.709999084472656,49,-0.44195929169654846,-0.4063155949115753,9.973623275756836,9.757100105285645,-23.4915771484375,-48.53026580810547,0.02128436416387558,-0.011741998605430126,-1.7686742544174194,-0.0010465724626556039
17.719999313354492,49,-0.5740392804145813,-0.44072622060775757,9.616328239440918,10.20174503326416,-23.156593322753906,-48.21087646484375,0.020874297246336937,-0.01611669361591339,-1.6015194654464722,-0.0010465724626556039
17.729999542236328,50,-0.6125826835632324,-0.4584687352180481,10.017632484436035,10.042170524597168,-22.384292602539062,-47.46964645385742,0.02536386251449585,-0.025222886353731155,-1.4237580299377441,-0.0010465724626556039
17.739999771118164,50,-0.443954735994339,-0.4741955101490021,9.531846046447754,10.461933135986328,-22.384292602539062,-47.69173049926758,0.0067433323711156845,0.009689965285360813,-1.3144464492797852,-0.0010465724626556039
17.75,50,-0.23525701463222504,-0.7537707090377808,10.01220989227295,11.292802810668945,-22.297103881835938,-48.131317138671875,0.002084349514916539,0.017843184992671013,-1.363365888595581,-0.0010465724626556039
17.760000228881836,50,0.25072723627090454,-0.4020746648311615,9.48995304107666,11.504847526550293,-22.208080291748047,-48.658477783203125,0.001840490847826004,0.013854813762009144,-1.4652667045593262,-0.0010465724626556039
17.770000457763672,50,0.34830930829048157,-0.18202801048755646,9.742131233215332,11.721220016479492,-22.119056701660156,-48.526832580566406,0.006006622686982155,0.01127889659255743,-1.6096720695495605,-0.0010465724626556039
17.780000686645508,51,0.3843211829662323,-0.023725338280200958,9.775775909423828,12.259986877441406,-22.0300350189209,-47.87546157836914,0.02045845426619053,-0.0008434435003437102,-1.7391737699508667,-0.0010465724626556039
17.790000915527344,51,0.1807113140821457,0.1779232919216156,9.936025619506836,13.09410285949707,-21.904298782348633,-47.58812713623047,0.023009343072772026,-0.008401134982705116,-1.808109998703003,-0.0010465724626556039
17.799999237060547,51,0.09817434847354889,0.17023487389087677,9.602932929992676,13.828686714172363,-21.10308837890625,-48.14333724975586,0.01928023248910904,-0.017644017934799194,-1.807836651802063,-0.0010465724626556039
17.809999465942383,51,0.17998413741588593,0.30656638741493225,10.079789161682129,14.391254425048828,-20.666690826416016,-48.60753631591797,0.016206329688429832,-0.005143056623637676,-1.7468239068984985,-0.0010465724626556039
17.81999969482422,51,-0.08030413836240768,0.1656070202589035,9.632373809814453,14.669293403625488,-20.3629093170166,-48.529693603515625,0.01898888498544693,0.001355134416371584,-1.644547700881958,-0.0010465724626556039
17.829999923706055,51,-0.03974795714020729,0.1713758111000061,9.841507911682129,14.960855484008789,-20.222490310668945,-48.204010009765625,0.022140435874462128,0.002537206979468465,-1.5719926357269287,-0.0010465724626556039
17.84000015258789,52,0.036370899528265,-0.009282437153160572,9.672319412231445,15.538569450378418,-20.2674617767334,-48.21660232543945,0.020881997421383858,0.0023498209193348885,-1.5354671478271484,-0.0010465724626556039
17.850000381469727,52,0.1442551612854004,0.037188172340393066,9.720477104187012,15.74845027923584,-20.000391006469727,-49.10493469238281,0.016300665214657784,0.004756962414830923,-1.5104639530181885,-0.0010465724626556039
17.860000610351562,52,0.1006239578127861,0.11091818660497665,9.79001235961914,16.33265495300293,-20.1302547454834,-48.309898376464844,0.01336473599076271,0.009464074857532978,-1.507633924484253,-0.0010465724626556039
17.8700008392334,52,0.4302307665348053,0.08365385234355927,9.603534698486328,16.546863555908203,-20.073354721069336,-48.04317092895508,0.014948532916605473,0.00471268268302083,-1.538607120513916,-0.0010465724626556039
17.8799991607666,52,0.8824864625930786,-0.010627911426126957,9.846301078796387,16.906042098999023,-19.514434814453125,-48.62928771972656,0.018348434939980507,-0.0008485773578286171,-1.6356416940689087,-0.0010465724626556039
17.889999389648438,52,1.6753783226013184,-0.07457982748746872,9.942776679992676,17.6016788482666,-18.585655212402344,-49.48099136352539,0.02446671947836876,-0.0019998466596007347,-1.8487920761108398,-0.0010465724626556039
17.899999618530273,52,1.5434372425079346,-0.03785282373428345,9.746912002563477,17.706619262695312,-18.22955894470215,-48.81473922729492,0.02982904203236103,-0.00013497007603291422,-2.1244075298309326,-0.0010465724626556039
17.90999984741211,52,0.8896640539169312,0.21421413123607635,9.656170845031738,18.216175079345703,-17.70184326171875,-48.3625602722168,0.029174474999308586,0.0007153264014050364,-2.3249361515045166,-0.0010465724626556039
17.920000076293945,52,0.00788155011832714,0.285026490688324,9.652190208435059,18.58725357055664,-17.363187789916992,-48.48733901977539,0.03085709922015667,0.004921887535601854,-2.3755881786346436,-0.0010465724626556039
17.93000030517578,52,-1.0121607780456543,0.22059650719165802,9.716797828674316,19.111957550048828,-17.00709342956543,-48.5428581237793,0.026015862822532654,-0.005814308766275644,-2.210251569747925,-0.0010465724626556039
17.940000534057617,52,-1.5100679397583008,0.03464508429169655,9.727033615112305,19.874670028686523,-16.657424926757812,-48.082664489746094,0.016697898507118225,0.005833148490637541,-1.9318773746490479,-0.0010465724626556039
17.950000762939453,52,-1.69749116897583,-0.2966569662094116,9.854635238647461,20.695262908935547,-16.555551528930664,-47.04035949707031,0.014268295839428902,0.00025969583657570183,-1.592655897140503,-0.0015698587521910667
17.959999084472656,53,-0.5244615077972412,-0.1801970899105072,9.617929458618164,21.01008415222168,-16.110435485839844,-47.81765365600586,0.010852991603314877,-0.010993095114827156,-1.3046691417694092,-0.0010465724626556039
17.969999313354492,53,0.8776542544364929,-0.24000169336795807,9.814680099487305,20.987363815307617,-16.02324867248535,-47.969905853271484,0.012476577423512936,-0.01342847291380167,-1.2610087394714355,-0.0010465724626556039
17.979999542236328,53,1.3846052885055542,-0.2519335448741913,9.652714729309082,21.662986755371094,-15.870439529418945,-48.22404098510742,0.011922119185328484,0.013284953311085701,-1.4350987672805786,-0.0010465724626556039
17.989999771118164,53,0.6920701861381531,-0.4545062482357025,9.865660667419434,22.35105323791504,-15.512510299682617,-48.668209075927734,0.014353645965456963,0.010834175162017345,-1.6176789999008179,-0.0010465724626556039
18,54,-0.4550337791442871,-0.3904064893722534,9.9080810546875,22.033525466918945,-14.968732833862305,-49.04025650024414,0.019521523267030716,0.0022060726769268513,-1.6046152114868164,-0.0010465724626556039
18.010000228881836,54,-0.7694366574287415,-0.2401125729084015,9.699960708618164,22.558229446411133,-14.345569610595703,-48.818172454833984,0.022246964275836945,-0.009429833851754665,-1.4944123029708862,-0.0010465724626556039
18.020000457763672,54,-0.5547055602073669,-0.25618433952331543,9.859678268432617,22.807056427001953,-14.424497604370117,-48.79069900512695,0.024836357682943344,-0.018420515581965446,-1.402743935585022,-0.0010465724626556039
18.030000686645508,54,-0.2001410722732544,-0.09024006128311157,9.793909072875977,23.21978759765625,-14.430462837219238,-49.005340576171875,0.027030443772673607,-0.028794774785637856,-1.3487317562103271,-0.0010465724626556039
18.040000915527344,54,-0.13733993470668793,0.12457253038883209,9.648089408874512,23.787765502929688,-14.121175765991211,-48.14791488647461,0.021141258999705315,-0.020434275269508362,-1.3179478645324707,-0.0010465724626556039
18.049999237060547,54,-0.04433446750044823,0.06038651615381241,9.825624465942383,24.284879684448242,-13.610438346862793,-46.33518981933594,0.01200811192393303,0.0009142637136392295,-1.3378640413284302,-0.0010465724626556039
18.059999465942383,54,0.2759752869606018,-0.10047896951436996,9.840485572814941,24.17993927001953,-13.610438346862793,-47.889774322509766,0.00549580343067646,0.014176963828504086,-1.4297634363174438,-0.0010465724626556039
18.06999969482422,54,0.2260773628950119,-0.11849748343229294,9.874747276306152,25.070310592651367,-13.01939582824707,-47.54863357543945,0.003798418678343296,0.02121998555958271,-1.5355788469314575,-0.0010465724626556039
18.079999923706055,54,0.5999705791473389,-0.06266769766807556,9.680635452270508,25.48845100402832,-12.906510353088379,-48.61612319946289,0.012205765582621098,0.015184484422206879,-1.6206687688827515,-0.0010465724626556039
18.09000015258789,54,1.1863785982131958,-0.2826058864593506,9.801454544067383,25.80002784729004,-12.736723899841309,-49.20567321777344,0.013748492114245892,0.016816411167383194,-1.7432283163070679,-0.0010465724626556039
18.100000381469727,54,1.1376198530197144,-0.40743929147720337,9.804426193237305,26.113767623901367,-12.224151611328125,-48.874839782714844,0.025153374299407005,-0.005685962270945311,-1.879111409187317,-0.0010465724626556039
18.110000610351562,54,0.32304635643959045,-0.4551592767238617,9.719467163085938,26.12458610534668,-11.521141052246094,-49.20338439941406,0.024545012041926384,-0.008571836166083813,-1.9609689712524414,-0.0010465724626556039
18.1200008392334,54,-0.8054237961769104,-0.28580695390701294,9.74664306640625,26.649288177490234,-11.254070281982422,-49.31442642211914,0.020245399326086044,-0.007407090626657009,-1.8526091575622559,-0.0010465724626556039
18.1299991607666,55,-1.4832316637039185,-0.1786569356918335,9.906655311584473,27.173992156982422,-10.776372909545898,-49.075172424316406,0.02035577781498432,-0.007014991715550423,-1.5757917165756226,-0.0010465724626556039
18.139999389648438,55,-1.713146686553955,-0.12559695541858673,9.845576286315918,27.58185386657715,-10.291791915893555,-48.803863525390625,0.025014759972691536,-0.03846312686800957,-1.2671340703964233,-0.0010465724626556039
18.149999618530273,55,-1.6704760789871216,0.09675867110490799,9.813023567199707,27.7944393157959,-9.904494285583496,-48.87025833129883,0.03080383501946926,-0.05522006377577782,-0.9505658745765686,-0.0010465724626556039
18.15999984741211,55,-0.9805666208267212,0.18125741183757782,9.769514083862305,27.813913345336914,-9.620903968811035,-49.36136245727539,0.028084812685847282,-0.0565766878426075,-0.7042326927185059,-0.0010465724626556039
18.170000076293945,55,-0.1220640316605568,0.09650978446006775,9.756928443908691,28.023792266845703,-9.175786972045898,-48.1399040222168,0.01453461404889822,-0.027414405718445778,-0.594016969203949,-0.0010465724626556039
18.18000030517578,55,0.1624075323343277,0.008570970967411995,9.77072525024414,28.053003311157227,-9.267105102539062,-49.21254348754883,-0.019474036991596222,0.043153781443834305,-0.6392302513122559,-0.0010465724626556039
18.190000534057617,55,-0.28089359402656555,-0.19753053784370422,9.825716972351074,28.053003311157227,-9.053265571594238,-49.18964767456055,-0.03588315472006798,0.07477711141109467,-0.6738106608390808,-0.0015698587521910667
18.200000762939453,54,-0.8186644911766052,-0.27230536937713623,9.829288482666016,28.302913665771484,-8.749484062194824,-48.389461517333984,-0.009990503080189228,0.029669687151908875,-0.55475252866745,-0.0010465724626556039
18.209999084472656,54,-0.6961223483085632,-0.1041087955236435,9.786153793334961,28.828699111938477,-8.836671829223633,-48.05290222167969,0.0035378749016672373,0.004016402177512646,-0.3190445899963379,-0.0010465724626556039
18.219999313354492,54,-0.2515951693058014,-0.022532647475600243,9.795249938964844,28.828699111938477,-9.815929412841797,-49.38540267944336,0.0002900633553508669,0.0014629455981776118,-0.11203233897686005,-0.0010465724626556039
18.229999542236328,54,-0.013886905275285244,-0.0046743107959628105,9.785174369812012,28.63288116455078,-9.38320255279541,-49.6818962097168,-0.005633133929222822,-0.0007670772611163557,-0.016269708052277565,-0.0010465724626556039
18.239999771118164,54,0.04520634561777115,0.007365958299487829,9.792343139648438,28.79083251953125,-9.285919189453125,-49.359073638916016,-0.00920245423913002,-0.001931822975166142,0.0033114973921328783,-0.0010465724626556039
18.25,54,0.04705037176609039,0.010571932420134544,9.803947448730469,28.908756256103516,-9.291425704956055,-49.689334869384766,-0.0066643995232880116,-0.0036041797138750553,0.006148599553853273,-0.0010465724626556039
18.260000228881836,54,0.040572699159383774,0.021981356665492058,9.798901557922363,28.778932571411133,-9.223511695861816,-50.36359786987305,-0.002622121712192893,-0.0028161313384771347,0.009197474457323551,-0.0010465724626556039
18.270000457763672,54,0.049174852669239044,0.01980050466954708,9.819610595703125,28.568510055541992,-9.222134590148926,-48.92864227294922,-0.001840490847826004,-0.0008235497516579926,0.009228277951478958,-0.0015698587521910667
18.280000686645508,54,0.08106683939695358,-0.010430772788822651,9.81591796875,28.253690719604492,-8.95506477355957,-49.150726318359375,-0.0015196242602542043,-0.004401212092489004,0.0036066947504878044,-0.0010465724626556039
18.290000915527344,54,0.30657175183296204,-0.11561185866594315,9.813932418823242,28.344566345214844,-9.032156944274902,-48.17081069946289,-0.00113073387183249,-0.0010372468968853354,-0.007391328923404217,-0.0010465724626556039
18.299999237060547,54,0.6084064841270447,-0.14334933459758759,9.789959907531738,28.44085121154785,-9.162020683288574,-48.400909423828125,-0.002871114294975996,0.00555848702788353,-0.03758616000413895,-0.0010465724626556039
18.309999465942383,54,0.8895772099494934,-0.07548420131206512,9.777621269226074,28.343482971191406,-9.223511695861816,-49.371665954589844,-0.0015722464304417372,0.008876247331500053,-0.11651357263326645,-0.0010465724626556039
18.31999969482422,54,0.7565094232559204,-0.05852038413286209,9.817779541015625,28.07734489440918,-9.202861785888672,-49.10722351074219,0.0010447415988892317,0.002175269415602088,-0.21866658329963684,-0.0010465724626556039
18.329999923706055,54,0.25007206201553345,-0.03315351530909538,9.822127342224121,28.392168045043945,-8.935791969299316,-49.66243362426758,0.007936956360936165,-0.00008684008935233578,-0.2973783612251282,-0.0010465724626556039
18.34000015258789,54,-0.20668576657772064,-0.022266510874032974,9.734258651733398,28.706989288330078,-8.668721199035645,-48.434104919433594,0.0032779730390757322,0.005736888386309147,-0.3171790540218353,-0.0010465724626556039
18.350000381469727,54,-0.5767717957496643,-0.08406221866607666,9.804831504821777,28.828699111938477,-8.510865211486816,-47.96933364868164,-0.001381009933538735,0.008224246092140675,-0.3069523870944977,-0.0010465724626556039
18.360000610351562,54,-0.6924516558647156,0.05383656546473503,9.73996639251709,28.828699111938477,-8.48975658416748,-48.02199172973633,-0.0007906152750365436,0.004254485014826059,-0.26065903902053833,-0.0010465724626556039
18.3700008392334,54,-0.3140116333961487,0.36021533608436584,9.821978569030762,28.828699111938477,-8.592087745666504,-47.99909591674805,0.003337012603878975,0.000583129411097616,-0.22440174221992493,-0.0010465724626556039
18.3799991607666,54,-0.29513952136039734,0.1858556866645813,9.789188385009766,28.828699111938477,-8.770133972167969,-49.10951614379883,-0.0012577970046550035,-0.001985728507861495,-0.19987790286540985,-0.0010465724626556039
18.389999389648438,54,-0.24366061389446259,0.07514237612485886,9.823941230773926,28.924983978271484,-8.458093643188477,-48.58979415893555,-0.002204353455454111,4.3572359231802693e-7,-0.1604851335287094,-0.0010465724626556039
18.399999618530273,54,-0.07611475139856339,-0.02079535834491253,9.795097351074219,29.245756149291992,-8.468189239501953,-49.52220153808594,-0.0010396077996119857,0.001092023798264563,-0.11826357990503311,-0.0010465724626556039
18.40999984741211,53,0.13545198738574982,0.14307649433612823,9.804226875305176,29.52271270751953,-8.76738166809082,-50.28117752075195,0.00012513797264546156,-0.0018625158118084073,-0.07084976136684418,-0.0010465724626556039
18.420000076293945,53,0.016645021736621857,0.04106195643544197,9.810026168823242,29.581132888793945,-9.074374198913574,-49.87421417236328,0.0026426571421325207,-0.0024631780106574297,-0.02501203864812851,-0.0010465724626556039
18.43000030517578,53,0.023432927206158638,0.02678908407688141,9.814947128295898,29.476192474365234,-8.89632797241211,-49.20796585083008,0.0036803397815674543,-0.003204379929229617,-0.002733629196882248,-0.0015698587521910667
18.440000534057617,53,0.047586459666490555,0.017370766028761864,9.819867134094238,29.26739501953125,-8.80638599395752,-49.750579833984375,0.0036193751730024815,-0.006146726664155722,0.0002696819428820163,-0.0010465724626556039
18.450000762939453,53,0.05335928127169609,0.01229689922183752,9.801297187805176,29.693647384643555,-8.582450866699219,-49.7168083190918,0.002335908589884639,-0.006517648696899414,0.0019240700639784336,-0.0010465724626556039
18.459999084472656,54,0.048767827451229095,0.0074423495680093765,9.805468559265137,29.82671546936035,-8.549410820007324,-49.78664016723633,-0.0014682855689898133,-0.005470339674502611,0.0025439844466745853,-0.0010465724626556039
18.469999313354492,54,0.053168173879384995,0.026278987526893616,9.80561351776123,29.542726516723633,-8.727458000183105,-50.11976623535156,-0.0016068998957052827,-0.005174500867724419,0.0005796390469186008,-0.0010465724626556039
18.479999542236328,54,0.02914370223879814,0.012425039894878864,9.810112953186035,29.31986427307129,-8.888985633850098,-50.35673141479492,0.001537592732347548,-0.0028918557800352573,0.0012322816764935851,-0.0010465724626556039
18.489999771118164,54,0.02041994221508503,0.021296298131346703,9.801121711730957,28.900102615356445,-8.799962043762207,-49.13527297973633,0.0015760967507958412,-0.003575301729142666,0.005852760747075081,-0.0010465724626556039
18.5,55,0.034521907567977905,0.013272738084197044,9.809538841247559,29.089969635009766,-8.784818649291992,-48.37458038330078,0.0046294634230434895,-0.002588957780972123,0.005139153450727463,-0.0010465724626556039
18.510000228881836,55,0.0376366525888443,0.030224233865737915,9.796564102172852,29.279294967651367,-8.41220474243164,-48.90345764160156,-0.00038118951488286257,-0.002588957780972123,0.0007124778348952532,-0.0010465724626556039
18.520000457763672,55,0.02021394670009613,0.016508283093571663,9.805974960327148,29.307422637939453,-8.212590217590332,-49.423179626464844,0.001894396380521357,-0.002588957780972123,-0.0013474858133122325,-0.0010465724626556039
18.530000686645508,55,0.025602078065276146,0.013139668852090836,9.809891700744629,29.146224975585938,-8.687076568603516,-48.9664192199707,0.0030591420363634825,-0.002588957780972123,0.002146751619875431,-0.0010465724626556039
18.540000915527344,55,0.033097315579652786,0.02171521820127964,9.806120872497559,28.62152099609375,-8.776100158691406,-51.29829788208008,0.0019110814901068807,-0.006058167200535536,0.004484585486352444,-0.0010465724626556039
18.549999237060547,55,0.025247173383831978,0.020438743755221367,9.809746742248535,28.854122161865234,-8.6242094039917,-49.32301330566406,-0.004724439699202776,-0.00408162921667099,0.0024374565109610558,-0.0010465724626556039
18.559999465942383,55,0.03228078410029411,0.012858746573328972,9.806983947753906,29.450227737426758,-8.505817413330078,-49.037967681884766,-0.0034576584585011005,-0.0027840447146445513,0.00010796511196531355,-0.0010465724626556039
18.56999969482422,55,0.04947764053940773,0.019275622442364693,9.8128662109375,29.725021362304688,-8.533809661865234,-49.3287353515625,-0.00403714319691062,-0.006467593368142843,-0.0002822086098603904,-0.0010465724626556039
18.579999923706055,55,0.05093201622366905,0.029576139524579048,9.803290367126465,29.496747970581055,-8.638434410095215,-49.06429672241211,-0.0042944783344864845,-0.006589522585272789,0.0033474343363195658,-0.0010465724626556039
18.59000015258789,55,0.039986979216337204,0.024487487971782684,9.810558319091797,29.601688385009766,-8.46038818359375,-49.06429672241211,-0.0009138279128819704,-0.003734451485797763,0.00039995371480472386,-0.0010465724626556039
18.600000381469727,55,0.044876258820295334,0.032082270830869675,9.795037269592285,29.195449829101562,-8.369070053100586,-50.146095275878906,0.0013964114477857947,-0.0010231287451460958,0.0031882845796644688,-0.0015698587521910667
18.610000610351562,54,0.04869088903069496,0.020133178681135178,9.815800666809082,29.087263107299805,-8.676522254943848,-49.77290344238281,-0.0039248401299119,-0.0022969692945480347,0.006573427002876997,-0.0010465724626556039
18.6200008392334,54,0.04295777529478073,0.02900443598628044,9.828864097595215,29.2479190826416,-8.803632736206055,-50.1312141418457,-0.004024950787425041,-0.007108042947947979,0.005104499869048595,-0.0010465724626556039
18.6299991607666,54,0.027041561901569366,0.02171521820127964,9.807940483093262,29.329059600830078,-8.72470474243164,-51.00580978393555,-0.0018058371497318149,-0.00816241092979908,0.005187283270061016,-0.0010465724626556039
18.639999389648438,54,0.03682011738419533,0.025559430941939354,9.798099517822266,28.848173141479492,-8.894492149353027,-50.14838409423828,-0.0025335627142339945,-0.0046681733801960945,0.008681520819664001,-0.0010465724626556039
18.649999618530273,54,0.043873582035303116,0.027947278693318367,9.810198783874512,29.267934799194336,-8.894492149353027,-49.926300048828125,-0.00042546913027763367,-0.002588957780972123,0.006515671499073505,-0.0010465724626556039
18.65999984741211,54,0.041004542261362076,0.010214618407189846,9.834331512451172,29.43129539489746,-8.749484062194824,-50.06596374511719,-0.00020663799659814686,-0.0013606804423034191,0.0017649201909080148,-0.0010465724626556039
18.670000076293945,54,0.03423897549510002,0.016932131722569466,9.782522201538086,29.169485092163086,-8.675145149230957,-49.18850326538086,-0.0042944783344864845,-0.0002966868341900408,0.004116872325539589,-0.0010465724626556039
18.68000030517578,54,0.02950357273221016,0.018499387428164482,9.805380821228027,28.865482330322266,-8.70634937286377,-48.10670471191406,-0.004009549040347338,-0.0029611631762236357,0.0011424390831962228,-0.0010465724626556039
18.690000534057617,54,0.028039272874593735,0.02335393615067005,9.816632270812988,29.020187377929688,-8.816481590270996,-48.15936279296875,-0.003958210349082947,-0.0010256957029923797,0.006075442302972078,-0.0010465724626556039
18.700000762939453,54,0.04042875021696091,0.02478812448680401,9.804163932800293,29.544891357421875,-9.083551406860352,-48.60353088378906,-0.00749415997415781,-0.0048825121484696865,0.006438021082431078,-0.0010465724626556039
18.709999084472656,54,0.030650196596980095,0.01993357390165329,9.803170204162598,29.976552963256836,-8.798126220703125,-48.358551025390625,-0.003999922890216112,-0.003717766609042883,0.0018772234907373786,-0.0010465724626556039
18.719999313354492,54,0.030203459784388542,0.013225916773080826,9.802270889282227,29.778032302856445,-8.616867065429688,-48.38888931274414,-0.0005775598692707717,-0.0026608319021761417,-0.0013654542854055762,-0.0010465724626556039
18.729999542236328,54,0.040994614362716675,0.011215098202228546,9.804484367370605,29.25333023071289,-8.67835807800293,-48.845645904541016,0.0005871858447790146,-0.004990323446691036,0.003293528687208891,-0.0015698587521910667
18.739999771118164,55,0.04186327010393143,0.022920232266187668,9.795467376708984,28.808685302734375,-8.84355640411377,-49.474693298339844,0.0017519317334517837,-0.008458249270915985,0.004537208005785942,-0.0010465724626556039
18.75,54,0.03905627876520157,0.02921389602124691,9.815241813659668,28.703744888305664,-8.576485633850098,-49.474693298339844,0.001840490847826004,-0.0011906211730092764,0.003549580229446292,-0.0010465724626556039
18.760000228881836,54,0.04336480051279068,0.02435934543609619,9.810905456542969,28.90064239501953,-8.992234230041504,-48.09067916870117,-0.00018738603102974594,-0.00013497007603291422,-0.0026848576962947845,-0.0010465724626556039
18.770000457763672,55,0.0509171225130558,0.02171521820127964,9.801064491271973,29.491880416870117,-8.660920143127441,-48.1805419921875,0.0012898837449029088,-0.0020383507944643497,-0.00015642883954569697,-0.0010465724626556039
18.780000686645508,55,0.051209982484579086,0.019433334469795227,9.798162460327148,29.862958908081055,-8.654495239257812,-48.79184341430664,0.0009510485688224435,-0.005257284268736839,0.004502553958445787,-0.0010465724626556039
18.790000915527344,55,0.04158033803105354,0.023992175236344337,9.8102388381958,29.945720672607422,-9.113838195800781,-48.850799560546875,-0.0010408912785351276,-0.00957871600985527,0.0025439844466745853,-0.0010465724626556039
18.799999237060547,55,0.04156544804573059,0.03128139302134514,9.812716484069824,30.237825393676758,-9.100071907043457,-47.6007194519043,-0.0033703825902193785,-0.00582329323515296,0.00017983929137699306,-0.0010465724626556039
18.809999465942383,55,0.043662626296281815,0.0237925723195076,9.813136100769043,29.81806182861328,-8.65495491027832,-48.93321990966797,-0.0021863849833607674,-0.001886259880848229,-0.0009849065681919456,-0.0010465724626556039
18.81999969482422,55,0.041642382740974426,0.02720307745039463,9.80967903137207,29.48214340209961,-8.494345664978027,-49.37853240966797,-0.0012539466843008995,-0.0007215142250061035,-0.0002283030771650374,-0.0010465724626556039
18.829999923706055,55,0.043873582035303116,0.02550768107175827,9.798022270202637,29.524335861206055,-8.556753158569336,-48.71915054321289,-0.00010588597797323018,0.0010214331559836864,0.002101188525557518,-0.0010465724626556039
18.84000015258789,55,0.03841347619891167,0.022353455424308777,9.806839942932129,29.452392578125,-8.764627456665039,-48.24235916137695,0.00235644425265491,-0.0002607497153803706,0.0033987730275839567,-0.0010465724626556039
18.850000381469727,55,0.02303086593747139,0.01815192960202694,9.815241813659668,28.710235595703125,-9.004164695739746,-49.314998626708984,0.002160073956474662,-0.0024548356886953115,0.004759889096021652,-0.0010465724626556039
18.860000610351562,55,0.020717766135931015,0.015002633444964886,9.809456825256348,28.815176010131836,-9.004164695739746,-49.09291458129883,0.000613496929872781,-0.0017007990973070264,0.005122468341141939,-0.0010465724626556039
18.8700008392334,54,0.030496319755911827,0.016932131722569466,9.790721893310547,29.285785675048828,-8.849061965942383,-48.48390197753906,0.00028428781661204994,-0.0060305725783109665,0.0006155761075206101,-0.0010465724626556039
18.8799991607666,54,0.01914922520518303,0.016932131722569466,9.802565574645996,29.542186737060547,-8.727916717529297,-48.17252731323242,-0.0008804579847492278,-0.008190005086362362,-0.0013500526547431946,-0.0010465724626556039
18.889999389648438,54,0.028692003339529037,0.023068085312843323,9.796584129333496,29.476192474365234,-8.602642059326172,-48.15192413330078,-0.001840490847826004,-0.006679364945739508,-0.003757193684577942,-0.0010465724626556039
18.899999618530273,54,0.02957058511674404,0.023358864709734917,9.802063941955566,29.23493766784668,-8.533809661865234,-48.51595687866211,-0.0014130965573713183,-0.008723926730453968,0.0035412379074841738,-0.0010465724626556039
18.90999984741211,54,0.027838241308927536,0.02171521820127964,9.80713939666748,29.33987808227539,-8.978925704956055,-50.07054138183594,0.0015196242602542043,-0.008723926730453968,0.004786200355738401,-0.0010465724626556039
18.920000076293945,54,0.045950908213853836,0.015150487422943115,9.805545806884766,29.14784812927246,-8.668262481689453,-50.78716278076172,-0.0030495161190629005,-0.00867002084851265,0.007079754490405321,-0.0010465724626556039
18.93000030517578,54,0.05013037100434303,0.022210530936717987,9.819143295288086,29.012615203857422,-8.565472602844238,-50.9794807434082,-0.0018847704632207751,-0.005175784230232239,0.007079754490405321,-0.0010465724626556039
18.940000534057617,54,0.05559047684073448,0.023073013871908188,9.82493782043457,29.00828742980957,-8.437443733215332,-50.873016357421875,-0.001840490847826004,-0.001681546913459897,0.0037183561362326145,-0.0010465724626556039
18.950000762939453,54,0.04776018485426903,0.02171521820127964,9.803672790527344,29.087263107299805,-8.346585273742676,-50.81578063964844,0.00133416336029768,-0.0024201818741858006,-0.002950535388663411,-0.0010465724626556039
18.959999084472656,54,0.043873582035303116,0.03241987153887749,9.806699752807617,29.088886260986328,-8.788949012756348,-51.23075485229492,-0.0051312982104718685,-0.0035849278792738914,-0.003963190130889416,-0.0010465724626556039
18.969999313354492,54,0.036542147397994995,0.028785118833184242,9.817771911621094,29.193828582763672,-9.056018829345703,-49.78721237182617,-0.004881022498011589,-0.003815951757133007,-0.0011620247969403863,-0.0010465724626556039
18.979999542236328,54,0.030501283705234528,0.02278716117143631,9.816328048706055,29.2165470123291,-8.69533634185791,-49.0396842956543,-0.0016800573794171214,-0.003815951757133007,-0.0028966295067220926,-0.0010465724626556039
18.989999771118164,54,0.01799267716705799,0.01415000669658184,9.799905776977539,29.2165470123291,-8.553999900817871,-49.03567886352539,-0.0022319480776786804,-0.0005790495197288692,-0.003963190130889416,-0.0010465724626556039
19,54,0.018851401284337044,0.02756532095372677,9.815381050109863,29.115934371948242,-8.703596115112305,-49.586307525634766,-0.0008265523356385529,0.00034504637005738914,0.0012656516628339887,-0.0010465724626556039
19.010000228881836,54,0.023740679025650024,0.0273558609187603,9.80815315246582,28.874677658081055,-8.792619705200195,-50.19818115234375,-0.003494878998026252,-0.0015044286847114563,0.004625767003744841,-0.0010465724626556039
19.020000457763672,54,0.028629956766963005,0.018504315987229347,9.805545806884766,29.399381637573242,-8.881643295288086,-49.087764739990234,-0.00612598517909646,-0.002588957780972123,0.002135842340067029,-0.0010465724626556039
19.030000686645508,54,0.04581192508339882,0.012863674201071262,9.801422119140625,29.385316848754883,-8.66596794128418,-49.11752700805664,-0.0038407733663916588,-0.002588957780972123,-0.0025231409817934036,-0.0010465724626556039
19.040000915527344,54,0.03201274201273918,0.008009124547243118,9.821678161621094,29.214923858642578,-8.565472602844238,-49.408870697021484,-0.001840490847826004,-0.0030869427137076855,-0.0027002592105418444,-0.0010465724626556039
19.049999237060547,54,0.016697142273187637,0.03263425827026367,9.820669174194336,29.333927154541016,-8.635222434997559,-49.48099136352539,-0.002711964538320899,-0.003815951757133007,0.0009447852498851717,-0.0010465724626556039
19.059999465942383,54,0.036537185311317444,0.018933093175292015,9.815749168395996,29.77911376953125,-8.81326961517334,-49.28981399536133,-0.00317401229403913,-0.004562929272651672,0.0013182739494368434,-0.0010465724626556039
19.06999969482422,54,0.043441738933324814,0.016932131722569466,9.81082820892334,29.254411697387695,-8.991315841674805,-49.84502410888672,0.0003202248190063983,-0.0062699392437934875,0.002171779051423073,-0.0010465724626556039
19.079999923706055,54,0.048331018537282944,0.03020945005118847,9.828337669372559,29.2165470123291,-8.838966369628906,-49.57600402832031,0.004063454456627369,-0.004775984212756157,0.002171779051423073,-0.0010465724626556039
19.09000015258789,54,0.03963207080960274,0.026784155517816544,9.806994438171387,29.654701232910156,-8.846768379211426,-48.39289474487305,0.007228482514619827,0.001092023798264563,0.002732012188062072,-0.0010465724626556039
19.100000381469727,54,0.03445489704608917,0.017360908910632133,9.833330154418945,29.748821258544922,-8.646695137023926,-48.33222198486328,0.0029429884161800146,0.0009675275650806725,0.005230279639363289,-0.0010465724626556039
19.110000610351562,54,0.03423897549510002,0.0215722918510437,9.806414604187012,29.394512176513672,-8.298402786254883,-49.250892639160156,0.0016537464689463377,-0.0004462106735445559,-0.00021996049326844513,-0.0010465724626556039
